timestamp,lat,lon,alt,sats,fix,gsr_raw
2026-07-06T19:07:38Z,51.556026,-0.071281,50.0,4,1,9596.2
2026-07-06T19:07:38Z,,,,,,9592.4
2026-07-06T19:07:38Z,,,,,,9575.2
2026-07-06T19:07:38Z,,,,,,9559.5
2026-07-06T19:07:38Z,,,,,,9556.7
2026-07-06T19:07:38Z,,,,,,9559.1
2026-07-06T19:07:39Z,,,,,,9552.2
2026-07-06T19:07:39Z,,,,,,9534.9
2026-07-06T19:07:39Z,,,,,,9521.6
2026-07-06T19:07:39Z,,,,,,9515.8
2026-07-06T19:07:39Z,51.556023,-0.071262,49.5,4,1,9508.3
2026-07-06T19:07:39Z,,,,,,9473.9
2026-07-06T19:07:39Z,,,,,,9453.4
2026-07-06T19:07:39Z,,,,,,9467.6
2026-07-06T19:07:39Z,,,,,,9477.2
2026-07-06T19:07:39Z,,,,,,9485.9
2026-07-06T19:07:40Z,,,,,,9499.0
2026-07-06T19:07:40Z,,,,,,9513.7
2026-07-06T19:07:40Z,,,,,,9527.2
2026-07-06T19:07:40Z,,,,,,9541.2
2026-07-06T19:07:40Z,51.556023,-0.071239,48.9,4,1,9557.2
2026-07-06T19:07:40Z,,,,,,9572.0
2026-07-06T19:07:40Z,,,,,,9581.9
2026-07-06T19:07:40Z,,,,,,9590.5
2026-07-06T19:07:40Z,,,,,,9596.8
2026-07-06T19:07:40Z,,,,,,9600.1
2026-07-06T19:07:41Z,,,,,,9603.0
2026-07-06T19:07:41Z,,,,,,9603.3
2026-07-06T19:07:41Z,,,,,,9605.1
2026-07-06T19:07:41Z,,,,,,9605.6
2026-07-06T19:07:41Z,51.556019,-0.071225,48.4,4,1,9608.2
2026-07-06T19:07:41Z,,,,,,9613.6
2026-07-06T19:07:41Z,,,,,,9612.7
2026-07-06T19:07:41Z,,,,,,9618.5
2026-07-06T19:07:41Z,,,,,,9626.9
2026-07-06T19:07:41Z,,,,,,9626.4
2026-07-06T19:07:42Z,,,,,,9624.8
2026-07-06T19:07:42Z,,,,,,9626.6
2026-07-06T19:07:42Z,,,,,,9630.1
2026-07-06T19:07:42Z,,,,,,9638.4
2026-07-06T19:07:42Z,51.556023,-0.071215,47.6,6,1,9649.7
2026-07-06T19:07:42Z,,,,,,9663.7
2026-07-06T19:07:42Z,,,,,,9682.0
2026-07-06T19:07:42Z,,,,,,9695.6
2026-07-06T19:07:42Z,,,,,,9706.7
2026-07-06T19:07:42Z,,,,,,9725.9
2026-07-06T19:07:43Z,,,,,,9746.0
2026-07-06T19:07:43Z,,,,,,9760.4
2026-07-06T19:07:43Z,,,,,,9772.0
2026-07-06T19:07:43Z,,,,,,9780.6
2026-07-06T19:07:43Z,51.556023,-0.071203,46.9,6,1,9783.9
2026-07-06T19:07:43Z,,,,,,9784.4
2026-07-06T19:07:43Z,,,,,,9787.1
2026-07-06T19:07:43Z,,,,,,9790.1
2026-07-06T19:07:43Z,,,,,,9792.8
2026-07-06T19:07:43Z,,,,,,9794.6
2026-07-06T19:07:44Z,,,,,,9796.7
2026-07-06T19:07:44Z,,,,,,9803.5
2026-07-06T19:07:44Z,,,,,,9811.2
2026-07-06T19:07:44Z,,,,,,9819.3
2026-07-06T19:07:44Z,51.556026,-0.071188,46.0,6,1,9831.4
2026-07-06T19:07:44Z,,,,,,9843.3
2026-07-06T19:07:44Z,,,,,,9852.8
2026-07-06T19:07:44Z,,,,,,9861.4
2026-07-06T19:07:44Z,,,,,,9871.2
2026-07-06T19:07:44Z,,,,,,9880.5
2026-07-06T19:07:45Z,,,,,,9874.6
2026-07-06T19:07:45Z,,,,,,9866.2
2026-07-06T19:07:45Z,,,,,,9882.3
2026-07-06T19:07:45Z,,,,,,9899.5
2026-07-06T19:07:45Z,51.556026,-0.071176,45.3,6,1,9897.4
2026-07-06T19:07:45Z,,,,,,9886.9
2026-07-06T19:07:45Z,,,,,,9895.7
2026-07-06T19:07:45Z,,,,,,9909.1
2026-07-06T19:07:45Z,,,,,,9897.4
2026-07-06T19:07:45Z,,,,,,9881.1
2026-07-06T19:07:46Z,,,,,,9872.7
2026-07-06T19:07:46Z,,,,,,9871.2
2026-07-06T19:07:46Z,,,,,,9881.3
2026-07-06T19:07:46Z,,,,,,9882.6
2026-07-06T19:07:46Z,51.556034,-0.071162,44.5,6,1,9874.6
2026-07-06T19:07:46Z,,,,,,9870.0
2026-07-06T19:07:46Z,,,,,,9868.8
2026-07-06T19:07:46Z,,,,,,9870.3
2026-07-06T19:07:46Z,,,,,,9871.7
2026-07-06T19:07:46Z,,,,,,9873.6
2026-07-06T19:07:47Z,,,,,,9875.8
2026-07-06T19:07:47Z,,,,,,9876.5
2026-07-06T19:07:47Z,,,,,,9876.2
2026-07-06T19:07:47Z,,,,,,9878.8
2026-07-06T19:07:47Z,51.556034,-0.071151,43.8,6,1,9877.6
2026-07-06T19:07:47Z,,,,,,9868.9
2026-07-06T19:07:47Z,,,,,,9862.0
2026-07-06T19:07:47Z,,,,,,9868.3
2026-07-06T19:07:47Z,,,,,,9865.4
2026-07-06T19:07:47Z,,,,,,9860.4
2026-07-06T19:07:48Z,,,,,,9858.9
2026-07-06T19:07:48Z,,,,,,9854.4
2026-07-06T19:07:48Z,,,,,,9864.4
2026-07-06T19:07:48Z,,,,,,9876.3
2026-07-06T19:07:48Z,51.556042,-0.071135,42.8,6,1,9889.9
2026-07-06T19:07:48Z,,,,,,9907.0
2026-07-06T19:07:48Z,,,,,,9923.3
2026-07-06T19:07:48Z,,,,,,9940.8
2026-07-06T19:07:48Z,,,,,,9956.4
2026-07-06T19:07:48Z,,,,,,9968.0
2026-07-06T19:07:49Z,,,,,,9976.9
2026-07-06T19:07:49Z,,,,,,9985.2
2026-07-06T19:07:49Z,,,,,,9991.1
2026-07-06T19:07:49Z,,,,,,10012.7
2026-07-06T19:07:49Z,51.556046,-0.071119,41.8,6,1,10054.7
2026-07-06T19:07:49Z,,,,,,10070.5
2026-07-06T19:07:49Z,,,,,,10071.3
2026-07-06T19:07:49Z,,,,,,10076.9
2026-07-06T19:07:49Z,,,,,,10075.0
2026-07-06T19:07:49Z,,,,,,10068.7
2026-07-06T19:07:50Z,,,,,,10098.9
2026-07-06T19:07:50Z,,,,,,10152.6
2026-07-06T19:07:50Z,,,,,,10160.7
2026-07-06T19:07:50Z,,,,,,10129.4
2026-07-06T19:07:50Z,51.556057,-0.071099,40.1,6,1,10143.5
2026-07-06T19:07:50Z,,,,,,10174.3
2026-07-06T19:07:50Z,,,,,,10189.9
2026-07-06T19:07:50Z,,,,,,10210.1
2026-07-06T19:07:50Z,,,,,,10200.4
2026-07-06T19:07:50Z,,,,,,10192.2
2026-07-06T19:07:51Z,,,,,,10195.8
2026-07-06T19:07:51Z,,,,,,10203.2
2026-07-06T19:07:51Z,,,,,,10209.8
2026-07-06T19:07:51Z,,,,,,10222.7
2026-07-06T19:07:51Z,51.556065,-0.071084,39.0,6,1,10231.0
2026-07-06T19:07:51Z,,,,,,10231.9
2026-07-06T19:07:51Z,,,,,,10234.9
2026-07-06T19:07:51Z,,,,,,10238.4
2026-07-06T19:07:51Z,,,,,,10242.9
2026-07-06T19:07:51Z,,,,,,10242.9
2026-07-06T19:07:52Z,,,,,,10240.0
2026-07-06T19:07:52Z,,,,,,10236.3
2026-07-06T19:07:52Z,,,,,,10233.2
2026-07-06T19:07:52Z,,,,,,10233.6
2026-07-06T19:07:52Z,51.556068,-0.071065,37.8,6,1,10230.0
2026-07-06T19:07:52Z,,,,,,10221.6
2026-07-06T19:07:52Z,,,,,,10218.0
2026-07-06T19:07:52Z,,,,,,10215.6
2026-07-06T19:07:52Z,,,,,,10209.4
2026-07-06T19:07:52Z,,,,,,10207.2
2026-07-06T19:07:53Z,,,,,,10216.1
2026-07-06T19:07:53Z,,,,,,10212.9
2026-07-06T19:07:53Z,,,,,,10218.9
2026-07-06T19:07:53Z,,,,,,10231.6
2026-07-06T19:07:53Z,51.556076,-0.071052,36.8,6,1,10217.1
2026-07-06T19:07:53Z,,,,,,10186.9
2026-07-06T19:07:53Z,,,,,,10154.9
2026-07-06T19:07:53Z,,,,,,10137.0
2026-07-06T19:07:53Z,,,,,,10133.8
2026-07-06T19:07:53Z,,,,,,10128.6
2026-07-06T19:07:54Z,,,,,,10106.1
2026-07-06T19:07:54Z,,,,,,10081.2
2026-07-06T19:07:54Z,,,,,,10067.9
2026-07-06T19:07:54Z,,,,,,10074.2
2026-07-06T19:07:54Z,51.556080,-0.071030,35.7,6,1,10074.0
2026-07-06T19:07:54Z,,,,,,10066.7
2026-07-06T19:07:54Z,,,,,,10068.1
2026-07-06T19:07:54Z,,,,,,10073.2
2026-07-06T19:07:54Z,,,,,,10085.2
2026-07-06T19:07:54Z,,,,,,10100.9
2026-07-06T19:07:55Z,,,,,,10116.8
2026-07-06T19:07:55Z,,,,,,10128.6
2026-07-06T19:07:55Z,,,,,,10140.6
2026-07-06T19:07:55Z,,,,,,10150.2
2026-07-06T19:07:55Z,51.556087,-0.071012,34.7,6,1,10155.8
2026-07-06T19:07:55Z,,,,,,10160.6
2026-07-06T19:07:55Z,,,,,,10162.9
2026-07-06T19:07:55Z,,,,,,10160.2
2026-07-06T19:07:55Z,,,,,,10152.8
2026-07-06T19:07:55Z,,,,,,10142.7
2026-07-06T19:07:56Z,,,,,,10134.0
2026-07-06T19:07:56Z,,,,,,10124.5
2026-07-06T19:07:56Z,,,,,,10112.2
2026-07-06T19:07:56Z,,,,,,10099.1
2026-07-06T19:07:56Z,51.556091,-0.070990,33.7,6,1,10087.5
2026-07-06T19:07:56Z,,,,,,10072.7
2026-07-06T19:07:56Z,,,,,,10060.2
2026-07-06T19:07:56Z,,,,,,10054.1
2026-07-06T19:07:56Z,,,,,,10055.1
2026-07-06T19:07:56Z,,,,,,10055.3
2026-07-06T19:07:57Z,,,,,,10051.1
2026-07-06T19:07:57Z,,,,,,10048.8
2026-07-06T19:07:57Z,,,,,,10047.1
2026-07-06T19:07:57Z,,,,,,10054.6
2026-07-06T19:07:57Z,51.556095,-0.070974,32.7,6,1,10063.8
2026-07-06T19:07:57Z,,,,,,10064.7
2026-07-06T19:07:57Z,,,,,,10062.2
2026-07-06T19:07:57Z,,,,,,10060.2
2026-07-06T19:07:57Z,,,,,,10054.6
2026-07-06T19:07:57Z,,,,,,10041.2
2026-07-06T19:07:58Z,,,,,,10032.2
2026-07-06T19:07:58Z,,,,,,10021.8
2026-07-06T19:07:58Z,,,,,,10007.1
2026-07-06T19:07:58Z,,,,,,9993.5
2026-07-06T19:07:58Z,51.556095,-0.070950,32.0,6,1,9981.8
2026-07-06T19:07:58Z,,,,,,9965.7
2026-07-06T19:07:58Z,,,,,,9944.8
2026-07-06T19:07:58Z,,,,,,9929.4
2026-07-06T19:07:58Z,,,,,,9918.0
2026-07-06T19:07:58Z,,,,,,9907.8
2026-07-06T19:07:59Z,,,,,,9898.0
2026-07-06T19:07:59Z,,,,,,9888.2
2026-07-06T19:07:59Z,,,,,,9880.7
2026-07-06T19:07:59Z,,,,,,9876.3
2026-07-06T19:07:59Z,51.556099,-0.070933,31.2,6,1,9877.5
2026-07-06T19:07:59Z,,,,,,9877.4
2026-07-06T19:07:59Z,,,,,,9873.5
2026-07-06T19:07:59Z,,,,,,9873.3
2026-07-06T19:07:59Z,,,,,,9875.1
2026-07-06T19:07:59Z,,,,,,9877.0
2026-07-06T19:08:00Z,,,,,,9877.3
2026-07-06T19:08:00Z,,,,,,9876.3
2026-07-06T19:08:00Z,,,,,,9874.4
2026-07-06T19:08:00Z,,,,,,9869.1
2026-07-06T19:08:00Z,51.556095,-0.070914,31.1,6,1,9863.4
2026-07-06T19:08:00Z,,,,,,9857.1
2026-07-06T19:08:00Z,,,,,,9847.7
2026-07-06T19:08:00Z,,,,,,9836.3
2026-07-06T19:08:00Z,,,,,,9826.6
2026-07-06T19:08:00Z,,,,,,9815.8
2026-07-06T19:08:01Z,,,,,,9803.9
2026-07-06T19:08:01Z,,,,,,9792.6
2026-07-06T19:08:01Z,,,,,,9782.6
2026-07-06T19:08:01Z,,,,,,9775.4
2026-07-06T19:08:01Z,51.556091,-0.070900,30.7,6,1,9771.2
2026-07-06T19:08:01Z,,,,,,9766.3
2026-07-06T19:08:01Z,,,,,,9759.6
2026-07-06T19:08:01Z,,,,,,9756.3
2026-07-06T19:08:01Z,,,,,,9754.7
2026-07-06T19:08:01Z,,,,,,9755.2
2026-07-06T19:08:02Z,,,,,,9757.6
2026-07-06T19:08:02Z,,,,,,9755.6
2026-07-06T19:08:02Z,,,,,,9748.1
2026-07-06T19:08:02Z,,,,,,9740.1
2026-07-06T19:08:02Z,51.556091,-0.070882,29.8,6,1,9734.6
2026-07-06T19:08:02Z,,,,,,9730.6
2026-07-06T19:08:02Z,,,,,,9725.7
2026-07-06T19:08:02Z,,,,,,9721.7
2026-07-06T19:08:02Z,,,,,,9714.6
2026-07-06T19:08:02Z,,,,,,9707.7
2026-07-06T19:08:03Z,,,,,,9705.7
2026-07-06T19:08:03Z,,,,,,9704.2
2026-07-06T19:08:03Z,,,,,,9701.1
2026-07-06T19:08:03Z,,,,,,9698.8
2026-07-06T19:08:03Z,51.556095,-0.070866,28.9,6,1,9696.6
2026-07-06T19:08:03Z,,,,,,9692.7
2026-07-06T19:08:03Z,,,,,,9691.3
2026-07-06T19:08:03Z,,,,,,9689.7
2026-07-06T19:08:03Z,,,,,,9689.1
2026-07-06T19:08:03Z,,,,,,9688.6
2026-07-06T19:08:04Z,,,,,,9684.8
2026-07-06T19:08:04Z,,,,,,9681.3
2026-07-06T19:08:04Z,,,,,,9677.7
2026-07-06T19:08:04Z,,,,,,9676.4
2026-07-06T19:08:04Z,51.556103,-0.070848,27.5,6,1,9678.5
2026-07-06T19:08:04Z,,,,,,9682.4
2026-07-06T19:08:04Z,,,,,,9693.5
2026-07-06T19:08:04Z,,,,,,9709.2
2026-07-06T19:08:04Z,,,,,,9723.4
2026-07-06T19:08:04Z,,,,,,9740.6
2026-07-06T19:08:05Z,,,,,,9759.0
2026-07-06T19:08:05Z,,,,,,9774.7
2026-07-06T19:08:05Z,,,,,,9786.9
2026-07-06T19:08:05Z,,,,,,9790.9
2026-07-06T19:08:05Z,51.556110,-0.070833,26.3,6,1,9790.4
2026-07-06T19:08:05Z,,,,,,9790.8
2026-07-06T19:08:05Z,,,,,,9789.6
2026-07-06T19:08:05Z,,,,,,9785.6
2026-07-06T19:08:05Z,,,,,,9777.0
2026-07-06T19:08:05Z,,,,,,9768.1
2026-07-06T19:08:06Z,,,,,,9760.9
2026-07-06T19:08:06Z,,,,,,9755.2
2026-07-06T19:08:06Z,,,,,,9753.1
2026-07-06T19:08:06Z,,,,,,9754.3
2026-07-06T19:08:06Z,51.556114,-0.070819,25.0,6,1,9760.0
2026-07-06T19:08:06Z,,,,,,9767.2
2026-07-06T19:08:06Z,,,,,,9775.8
2026-07-06T19:08:06Z,,,,,,9786.4
2026-07-06T19:08:06Z,,,,,,9792.7
2026-07-06T19:08:06Z,,,,,,9796.5
2026-07-06T19:08:07Z,,,,,,9804.2
2026-07-06T19:08:07Z,,,,,,9808.6
2026-07-06T19:08:07Z,,,,,,9808.8
2026-07-06T19:08:07Z,,,,,,9812.3
2026-07-06T19:08:07Z,51.556126,-0.070807,23.6,6,1,9812.3
2026-07-06T19:08:07Z,,,,,,9807.4
2026-07-06T19:08:07Z,,,,,,9801.1
2026-07-06T19:08:07Z,,,,,,9792.8
2026-07-06T19:08:07Z,,,,,,9783.2
2026-07-06T19:08:07Z,,,,,,9775.2
2026-07-06T19:08:08Z,,,,,,9766.1
2026-07-06T19:08:08Z,,,,,,9755.6
2026-07-06T19:08:08Z,,,,,,9744.4
2026-07-06T19:08:08Z,,,,,,9733.3
2026-07-06T19:08:08Z,51.556129,-0.070793,22.3,6,1,9722.2
2026-07-06T19:08:08Z,,,,,,9710.3
2026-07-06T19:08:08Z,,,,,,9698.2
2026-07-06T19:08:08Z,,,,,,9687.1
2026-07-06T19:08:08Z,,,,,,9681.8
2026-07-06T19:08:08Z,,,,,,9677.6
2026-07-06T19:08:09Z,,,,,,9675.6
2026-07-06T19:08:09Z,,,,,,9677.0
2026-07-06T19:08:09Z,,,,,,9680.8
2026-07-06T19:08:09Z,,,,,,9688.6
2026-07-06T19:08:09Z,51.556137,-0.070777,20.8,6,1,9698.0
2026-07-06T19:08:09Z,,,,,,9704.3
2026-07-06T19:08:09Z,,,,,,9704.7
2026-07-06T19:08:09Z,,,,,,9702.5
2026-07-06T19:08:09Z,,,,,,9699.6
2026-07-06T19:08:09Z,,,,,,9696.0
2026-07-06T19:08:10Z,,,,,,9691.8
2026-07-06T19:08:10Z,,,,,,9685.8
2026-07-06T19:08:10Z,,,,,,9677.0
2026-07-06T19:08:10Z,,,,,,9666.4
2026-07-06T19:08:10Z,51.556141,-0.070762,19.3,6,1,9657.7
2026-07-06T19:08:10Z,,,,,,9652.0
2026-07-06T19:08:10Z,,,,,,9647.8
2026-07-06T19:08:10Z,,,,,,9641.9
2026-07-06T19:08:10Z,,,,,,9635.2
2026-07-06T19:08:10Z,,,,,,9630.0
2026-07-06T19:08:11Z,,,,,,9633.3
2026-07-06T19:08:11Z,,,,,,9643.4
2026-07-06T19:08:11Z,,,,,,9656.7
2026-07-06T19:08:11Z,,,,,,9679.8
2026-07-06T19:08:11Z,51.556145,-0.070743,17.1,7,1,9708.5
2026-07-06T19:08:11Z,,,,,,9735.7
2026-07-06T19:08:11Z,,,,,,9761.8
2026-07-06T19:08:11Z,,,,,,9788.4
2026-07-06T19:08:11Z,,,,,,9810.9
2026-07-06T19:08:11Z,,,,,,9831.1
2026-07-06T19:08:12Z,,,,,,9845.6
2026-07-06T19:08:12Z,,,,,,9852.8
2026-07-06T19:08:12Z,,,,,,9856.6
2026-07-06T19:08:12Z,,,,,,9858.5
2026-07-06T19:08:12Z,51.556152,-0.070723,15.1,7,1,9857.5
2026-07-06T19:08:12Z,,,,,,9854.5
2026-07-06T19:08:12Z,,,,,,9851.8
2026-07-06T19:08:12Z,,,,,,9843.7
2026-07-06T19:08:12Z,,,,,,9830.6
2026-07-06T19:08:12Z,,,,,,9819.4
2026-07-06T19:08:13Z,,,,,,9807.8
2026-07-06T19:08:13Z,,,,,,9793.1
2026-07-06T19:08:13Z,,,,,,9779.5
2026-07-06T19:08:13Z,,,,,,9767.8
2026-07-06T19:08:13Z,51.556152,-0.070701,13.1,7,1,9757.1
2026-07-06T19:08:13Z,,,,,,9747.0
2026-07-06T19:08:13Z,,,,,,9737.3
2026-07-06T19:08:13Z,,,,,,9732.0
2026-07-06T19:08:13Z,,,,,,9731.2
2026-07-06T19:08:13Z,,,,,,9733.9
2026-07-06T19:08:13Z,,,,,,9742.9
2026-07-06T19:08:14Z,,,,,,9756.3
2026-07-06T19:08:14Z,,,,,,9770.5
2026-07-06T19:08:14Z,,,,,,9783.7
2026-07-06T19:08:14Z,51.556156,-0.070677,11.5,7,1,9796.7
2026-07-06T19:08:14Z,,,,,,9807.1
2026-07-06T19:08:14Z,,,,,,9816.3
2026-07-06T19:08:14Z,,,,,,9825.4
2026-07-06T19:08:14Z,,,,,,9831.8
2026-07-06T19:08:14Z,,,,,,9836.3
2026-07-06T19:08:14Z,,,,,,9838.5
2026-07-06T19:08:15Z,,,,,,9839.1
2026-07-06T19:08:15Z,,,,,,9836.5
2026-07-06T19:08:15Z,,,,,,9830.9
2026-07-06T19:08:15Z,51.556160,-0.070654,9.7,7,1,9822.6
2026-07-06T19:08:15Z,,,,,,9814.1
2026-07-06T19:08:15Z,,,,,,9806.4
2026-07-06T19:08:15Z,,,,,,9799.1
2026-07-06T19:08:15Z,,,,,,9793.1
2026-07-06T19:08:15Z,,,,,,9787.9
2026-07-06T19:08:16Z,,,,,,9785.3
2026-07-06T19:08:16Z,,,,,,9789.6
2026-07-06T19:08:16Z,,,,,,9798.9
2026-07-06T19:08:16Z,,,,,,9805.8
2026-07-06T19:08:16Z,51.556160,-0.070647,8.6,8,1,9808.5
2026-07-06T19:08:16Z,,,,,,9811.0
2026-07-06T19:08:16Z,,,,,,9808.7
2026-07-06T19:08:16Z,,,,,,9800.5
2026-07-06T19:08:16Z,,,,,,9794.7
2026-07-06T19:08:16Z,,,,,,9787.6
2026-07-06T19:08:17Z,,,,,,9777.4
2026-07-06T19:08:17Z,,,,,,9766.3
2026-07-06T19:08:17Z,,,,,,9753.1
2026-07-06T19:08:17Z,,,,,,9740.0
2026-07-06T19:08:17Z,51.556156,-0.070638,7.8,8,1,9729.6
2026-07-06T19:08:17Z,,,,,,9718.7
2026-07-06T19:08:17Z,,,,,,9707.4
2026-07-06T19:08:17Z,,,,,,9697.0
2026-07-06T19:08:17Z,,,,,,9688.1
2026-07-06T19:08:17Z,,,,,,9682.2
2026-07-06T19:08:18Z,,,,,,9681.2
2026-07-06T19:08:18Z,,,,,,9684.6
2026-07-06T19:08:18Z,,,,,,9692.0
2026-07-06T19:08:18Z,,,,,,9702.3
2026-07-06T19:08:18Z,51.556149,-0.070629,6.9,8,1,9714.1
2026-07-06T19:08:18Z,,,,,,9730.0
2026-07-06T19:08:18Z,,,,,,9748.6
2026-07-06T19:08:18Z,,,,,,9766.2
2026-07-06T19:08:18Z,,,,,,9779.9
2026-07-06T19:08:18Z,,,,,,9790.5
2026-07-06T19:08:19Z,,,,,,9798.2
2026-07-06T19:08:19Z,,,,,,9802.0
2026-07-06T19:08:19Z,,,,,,9804.2
2026-07-06T19:08:19Z,,,,,,9808.2
2026-07-06T19:08:19Z,51.556145,-0.070606,5.7,8,1,9811.4
2026-07-06T19:08:19Z,,,,,,9810.0
2026-07-06T19:08:19Z,,,,,,9807.8
2026-07-06T19:08:19Z,,,,,,9806.5
2026-07-06T19:08:19Z,,,,,,9801.4
2026-07-06T19:08:19Z,,,,,,9795.0
2026-07-06T19:08:20Z,,,,,,9788.6
2026-07-06T19:08:20Z,,,,,,9780.4
2026-07-06T19:08:20Z,,,,,,9769.8
2026-07-06T19:08:20Z,,,,,,9757.6
2026-07-06T19:08:20Z,51.556141,-0.070587,4.4,8,1,9747.3
2026-07-06T19:08:20Z,,,,,,9737.2
2026-07-06T19:08:20Z,,,,,,9725.7
2026-07-06T19:08:20Z,,,,,,9712.7
2026-07-06T19:08:20Z,,,,,,9697.0
2026-07-06T19:08:20Z,,,,,,9680.0
2026-07-06T19:08:21Z,,,,,,9665.3
2026-07-06T19:08:21Z,,,,,,9654.7
2026-07-06T19:08:21Z,,,,,,9645.2
2026-07-06T19:08:21Z,,,,,,9635.1
2026-07-06T19:08:21Z,51.556141,-0.070563,2.9,8,1,9623.5
2026-07-06T19:08:21Z,,,,,,9611.5
2026-07-06T19:08:21Z,,,,,,9601.7
2026-07-06T19:08:21Z,,,,,,9594.8
2026-07-06T19:08:21Z,,,,,,9592.8
2026-07-06T19:08:21Z,,,,,,9594.0
2026-07-06T19:08:21Z,,,,,,9596.2
2026-07-06T19:08:22Z,,,,,,9601.0
2026-07-06T19:08:22Z,,,,,,9611.7
2026-07-06T19:08:22Z,,,,,,9628.7
2026-07-06T19:08:22Z,51.556141,-0.070542,1.4,8,1,9649.1
2026-07-06T19:08:22Z,,,,,,9669.2
2026-07-06T19:08:22Z,,,,,,9688.6
2026-07-06T19:08:22Z,,,,,,9707.5
2026-07-06T19:08:22Z,,,,,,9724.2
2026-07-06T19:08:22Z,,,,,,9739.1
2026-07-06T19:08:23Z,,,,,,9751.7
2026-07-06T19:08:23Z,,,,,,9761.0
2026-07-06T19:08:23Z,,,,,,9767.8
2026-07-06T19:08:23Z,,,,,,9769.2
2026-07-06T19:08:23Z,51.556141,-0.070524,0.5,8,1,9767.2
2026-07-06T19:08:23Z,,,,,,9763.4
2026-07-06T19:08:23Z,,,,,,9757.2
2026-07-06T19:08:23Z,,,,,,9750.1
2026-07-06T19:08:23Z,,,,,,9740.6
2026-07-06T19:08:23Z,,,,,,9728.9
2026-07-06T19:08:24Z,,,,,,9715.8
2026-07-06T19:08:24Z,,,,,,9703.2
2026-07-06T19:08:24Z,,,,,,9692.0
2026-07-06T19:08:24Z,,,,,,9682.2
2026-07-06T19:08:24Z,51.556137,-0.070498,-0.9,8,1,9672.4
2026-07-06T19:08:24Z,,,,,,9660.8
2026-07-06T19:08:24Z,,,,,,9650.7
2026-07-06T19:08:24Z,,,,,,9646.3
2026-07-06T19:08:24Z,,,,,,9648.0
2026-07-06T19:08:24Z,,,,,,9653.1
2026-07-06T19:08:25Z,,,,,,9659.7
2026-07-06T19:08:25Z,,,,,,9665.6
2026-07-06T19:08:25Z,,,,,,9670.0
2026-07-06T19:08:25Z,,,,,,9675.5
2026-07-06T19:08:25Z,51.556137,-0.070481,-1.9,8,1,9679.6
2026-07-06T19:08:25Z,,,,,,9680.3
2026-07-06T19:08:25Z,,,,,,9678.7
2026-07-06T19:08:25Z,,,,,,9673.9
2026-07-06T19:08:25Z,,,,,,9667.5
2026-07-06T19:08:25Z,,,,,,9661.9
2026-07-06T19:08:26Z,,,,,,9656.3
2026-07-06T19:08:26Z,,,,,,9650.6
2026-07-06T19:08:26Z,,,,,,9643.1
2026-07-06T19:08:26Z,,,,,,9633.8
2026-07-06T19:08:26Z,51.556133,-0.070462,-3.2,8,1,9625.3
2026-07-06T19:08:26Z,,,,,,9617.0
2026-07-06T19:08:26Z,,,,,,9606.8
2026-07-06T19:08:26Z,,,,,,9602.7
2026-07-06T19:08:26Z,,,,,,9601.2
2026-07-06T19:08:26Z,,,,,,9611.5
2026-07-06T19:08:27Z,,,,,,9612.6
2026-07-06T19:08:27Z,,,,,,9592.5
2026-07-06T19:08:27Z,,,,,,9601.2
2026-07-06T19:08:27Z,,,,,,9624.1
2026-07-06T19:08:27Z,51.556133,-0.070438,-4.3,8,1,9623.4
2026-07-06T19:08:27Z,,,,,,9619.9
2026-07-06T19:08:27Z,,,,,,9628.8
2026-07-06T19:08:27Z,,,,,,9644.9
2026-07-06T19:08:27Z,,,,,,9662.4
2026-07-06T19:08:27Z,,,,,,9678.4
2026-07-06T19:08:27Z,,,,,,9691.1
2026-07-06T19:08:28Z,,,,,,9699.5
2026-07-06T19:08:28Z,,,,,,9704.0
2026-07-06T19:08:28Z,,,,,,9704.9
2026-07-06T19:08:28Z,51.556126,-0.070413,-5.0,8,1,9702.5
2026-07-06T19:08:28Z,,,,,,9698.9
2026-07-06T19:08:28Z,,,,,,9694.4
2026-07-06T19:08:28Z,,,,,,9686.1
2026-07-06T19:08:28Z,,,,,,9674.8
2026-07-06T19:08:28Z,,,,,,9662.2
2026-07-06T19:08:29Z,,,,,,9648.7
2026-07-06T19:08:29Z,,,,,,9635.4
2026-07-06T19:08:29Z,,,,,,9623.1
2026-07-06T19:08:29Z,,,,,,9611.4
2026-07-06T19:08:29Z,51.556126,-0.070395,-5.7,8,1,9598.9
2026-07-06T19:08:29Z,,,,,,9587.0
2026-07-06T19:08:29Z,,,,,,9578.5
2026-07-06T19:08:29Z,,,,,,9572.5
2026-07-06T19:08:29Z,,,,,,9568.3
2026-07-06T19:08:29Z,,,,,,9563.0
2026-07-06T19:08:30Z,,,,,,9554.9
2026-07-06T19:08:30Z,,,,,,9547.3
2026-07-06T19:08:30Z,,,,,,9539.8
2026-07-06T19:08:30Z,,,,,,9532.4
2026-07-06T19:08:30Z,51.556122,-0.070378,-6.4,8,1,9526.6
2026-07-06T19:08:30Z,,,,,,9517.7
2026-07-06T19:08:30Z,,,,,,9506.6
2026-07-06T19:08:30Z,,,,,,9496.9
2026-07-06T19:08:30Z,,,,,,9488.9
2026-07-06T19:08:30Z,,,,,,9483.4
2026-07-06T19:08:30Z,,,,,,9480.9
2026-07-06T19:08:31Z,,,,,,9481.8
2026-07-06T19:08:31Z,,,,,,9485.9
2026-07-06T19:08:31Z,,,,,,9492.4
2026-07-06T19:08:31Z,51.556118,-0.070362,-7.3,9,1,9500.6
2026-07-06T19:08:31Z,,,,,,9509.7
2026-07-06T19:08:31Z,,,,,,9517.8
2026-07-06T19:08:31Z,,,,,,9524.8
2026-07-06T19:08:31Z,,,,,,9529.4
2026-07-06T19:08:31Z,,,,,,9531.3
2026-07-06T19:08:31Z,,,,,,9532.7
2026-07-06T19:08:32Z,,,,,,9535.4
2026-07-06T19:08:32Z,,,,,,9539.3
2026-07-06T19:08:32Z,,,,,,9543.4
2026-07-06T19:08:32Z,51.556110,-0.070344,-7.9,9,1,9548.6
2026-07-06T19:08:32Z,,,,,,9554.3
2026-07-06T19:08:32Z,,,,,,9563.1
2026-07-06T19:08:32Z,,,,,,9577.4
2026-07-06T19:08:32Z,,,,,,9591.1
2026-07-06T19:08:32Z,,,,,,9603.4
2026-07-06T19:08:32Z,,,,,,9612.6
2026-07-06T19:08:33Z,,,,,,9620.4
2026-07-06T19:08:33Z,,,,,,9631.7
2026-07-06T19:08:33Z,,,,,,9641.5
2026-07-06T19:08:33Z,51.556103,-0.070325,-8.3,9,1,9645.7
2026-07-06T19:08:33Z,,,,,,9642.7
2026-07-06T19:08:33Z,,,,,,9643.3
2026-07-06T19:08:33Z,,,,,,9653.0
2026-07-06T19:08:33Z,,,,,,9663.6
2026-07-06T19:08:33Z,,,,,,9672.0
2026-07-06T19:08:33Z,,,,,,9679.9
2026-07-06T19:08:34Z,,,,,,9686.8
2026-07-06T19:08:34Z,,,,,,9687.1
2026-07-06T19:08:34Z,,,,,,9687.8
2026-07-06T19:08:34Z,51.556091,-0.070306,-8.5,9,1,9688.2
2026-07-06T19:08:34Z,,,,,,9653.1
2026-07-06T19:08:34Z,,,,,,9611.6
2026-07-06T19:08:34Z,,,,,,9589.6
2026-07-06T19:08:34Z,,,,,,9564.6
2026-07-06T19:08:34Z,,,,,,9542.3
2026-07-06T19:08:34Z,,,,,,9526.4
2026-07-06T19:08:35Z,,,,,,9515.7
2026-07-06T19:08:35Z,,,,,,9506.6
2026-07-06T19:08:35Z,,,,,,9499.0
2026-07-06T19:08:35Z,51.556091,-0.070298,-9.8,9,1,9494.9
2026-07-06T19:08:35Z,,,,,,9511.1
2026-07-06T19:08:35Z,,,,,,9533.4
2026-07-06T19:08:35Z,,,,,,9539.9
2026-07-06T19:08:35Z,,,,,,9554.5
2026-07-06T19:08:35Z,,,,,,9573.2
2026-07-06T19:08:35Z,,,,,,9602.4
2026-07-06T19:08:36Z,,,,,,9646.5
2026-07-06T19:08:36Z,,,,,,9682.4
2026-07-06T19:08:36Z,,,,,,9715.0
2026-07-06T19:08:36Z,51.556084,-0.070286,-10.5,9,1,9746.4
2026-07-06T19:08:36Z,,,,,,9771.3
2026-07-06T19:08:36Z,,,,,,9787.6
2026-07-06T19:08:36Z,,,,,,9796.3
2026-07-06T19:08:36Z,,,,,,9856.8
2026-07-06T19:08:36Z,,,,,,9908.7
2026-07-06T19:08:36Z,,,,,,9899.1
2026-07-06T19:08:37Z,,,,,,9893.6
2026-07-06T19:08:37Z,,,,,,9882.9
2026-07-06T19:08:37Z,,,,,,9865.1
2026-07-06T19:08:37Z,51.556080,-0.070272,-11.1,9,1,9854.6
2026-07-06T19:08:37Z,,,,,,9850.3
2026-07-06T19:08:37Z,,,,,,9843.4
2026-07-06T19:08:37Z,,,,,,9832.5
2026-07-06T19:08:37Z,,,,,,9820.2
2026-07-06T19:08:37Z,,,,,,9808.8
2026-07-06T19:08:37Z,,,,,,9798.6
2026-07-06T19:08:38Z,,,,,,9788.5
2026-07-06T19:08:38Z,,,,,,9778.7
2026-07-06T19:08:38Z,,,,,,9768.1
2026-07-06T19:08:38Z,51.556072,-0.070255,-11.6,9,1,9756.1
2026-07-06T19:08:38Z,,,,,,9745.0
2026-07-06T19:08:38Z,,,,,,9735.6
2026-07-06T19:08:38Z,,,,,,9722.9
2026-07-06T19:08:38Z,,,,,,9701.7
2026-07-06T19:08:38Z,,,,,,9689.1
2026-07-06T19:08:38Z,,,,,,9687.4
2026-07-06T19:08:39Z,,,,,,9657.0
2026-07-06T19:08:39Z,,,,,,9630.1
2026-07-06T19:08:39Z,,,,,,9603.6
2026-07-06T19:08:39Z,51.556065,-0.070235,-11.9,9,1,9557.3
2026-07-06T19:08:39Z,,,,,,9532.6
2026-07-06T19:08:39Z,,,,,,9517.4
2026-07-06T19:08:39Z,,,,,,9503.0
2026-07-06T19:08:39Z,,,,,,9499.7
2026-07-06T19:08:39Z,,,,,,9503.4
2026-07-06T19:08:39Z,,,,,,9506.5
2026-07-06T19:08:40Z,,,,,,9508.3
2026-07-06T19:08:40Z,,,,,,9510.2
2026-07-06T19:08:40Z,,,,,,9514.3
2026-07-06T19:08:40Z,51.556053,-0.070215,-11.9,9,1,9530.0
2026-07-06T19:08:40Z,,,,,,9545.7
2026-07-06T19:08:40Z,,,,,,9549.6
2026-07-06T19:08:40Z,,,,,,9555.5
2026-07-06T19:08:40Z,,,,,,9567.8
2026-07-06T19:08:40Z,,,,,,9583.5
2026-07-06T19:08:40Z,,,,,,9600.0
2026-07-06T19:08:41Z,,,,,,9613.5
2026-07-06T19:08:41Z,,,,,,9624.4
2026-07-06T19:08:41Z,,,,,,9631.9
2026-07-06T19:08:41Z,51.556042,-0.070192,-11.4,9,1,9637.7
2026-07-06T19:08:41Z,,,,,,9642.3
2026-07-06T19:08:41Z,,,,,,9643.2
2026-07-06T19:08:41Z,,,,,,9641.6
2026-07-06T19:08:41Z,,,,,,9641.6
2026-07-06T19:08:41Z,,,,,,9636.9
2026-07-06T19:08:41Z,,,,,,9627.7
2026-07-06T19:08:42Z,,,,,,9620.7
2026-07-06T19:08:42Z,,,,,,9613.0
2026-07-06T19:08:42Z,,,,,,9606.8
2026-07-06T19:08:42Z,51.556034,-0.070172,-11.6,9,1,9601.8
2026-07-06T19:08:42Z,,,,,,9601.3
2026-07-06T19:08:42Z,,,,,,9599.8
2026-07-06T19:08:42Z,,,,,,9593.1
2026-07-06T19:08:42Z,,,,,,9589.8
2026-07-06T19:08:42Z,,,,,,9591.2
2026-07-06T19:08:42Z,,,,,,9601.5
2026-07-06T19:08:43Z,,,,,,9629.2
2026-07-06T19:08:43Z,,,,,,9662.8
2026-07-06T19:08:43Z,,,,,,9685.4
2026-07-06T19:08:43Z,51.556023,-0.070150,-11.5,9,1,9702.6
2026-07-06T19:08:43Z,,,,,,9713.3
2026-07-06T19:08:43Z,,,,,,9714.3
2026-07-06T19:08:43Z,,,,,,9718.2
2026-07-06T19:08:43Z,,,,,,9725.6
2026-07-06T19:08:43Z,,,,,,9728.2
2026-07-06T19:08:43Z,,,,,,9727.6
2026-07-06T19:08:44Z,,,,,,9724.5
2026-07-06T19:08:44Z,,,,,,9711.8
2026-07-06T19:08:44Z,,,,,,9678.7
2026-07-06T19:08:44Z,51.556015,-0.070129,-11.6,9,1,9645.3
2026-07-06T19:08:44Z,,,,,,9629.4
2026-07-06T19:08:44Z,,,,,,9621.2
2026-07-06T19:08:44Z,,,,,,9617.7
2026-07-06T19:08:44Z,,,,,,9617.5
2026-07-06T19:08:44Z,,,,,,9618.3
2026-07-06T19:08:44Z,,,,,,9619.6
2026-07-06T19:08:45Z,,,,,,9622.5
2026-07-06T19:08:45Z,,,,,,9625.9
2026-07-06T19:08:45Z,,,,,,9627.5
2026-07-06T19:08:45Z,51.556007,-0.070109,-11.5,9,1,9628.1
2026-07-06T19:08:45Z,,,,,,9626.5
2026-07-06T19:08:45Z,,,,,,9623.3
2026-07-06T19:08:45Z,,,,,,9621.3
2026-07-06T19:08:45Z,,,,,,9618.3
2026-07-06T19:08:45Z,,,,,,9614.8
2026-07-06T19:08:45Z,,,,,,9611.0
2026-07-06T19:08:46Z,,,,,,9604.1
2026-07-06T19:08:46Z,,,,,,9603.0
2026-07-06T19:08:46Z,,,,,,9613.0
2026-07-06T19:08:46Z,51.556000,-0.070089,-11.5,9,1,9620.7
2026-07-06T19:08:46Z,,,,,,9618.6
2026-07-06T19:08:46Z,,,,,,9612.2
2026-07-06T19:08:46Z,,,,,,9604.0
2026-07-06T19:08:46Z,,,,,,9594.6
2026-07-06T19:08:46Z,,,,,,9585.3
2026-07-06T19:08:46Z,,,,,,9576.3
2026-07-06T19:08:47Z,,,,,,9567.9
2026-07-06T19:08:47Z,,,,,,9561.3
2026-07-06T19:08:47Z,,,,,,9556.4
2026-07-06T19:08:47Z,51.555988,-0.070066,-11.4,9,1,9552.3
2026-07-06T19:08:47Z,,,,,,9548.8
2026-07-06T19:08:47Z,,,,,,9546.8
2026-07-06T19:08:47Z,,,,,,9545.9
2026-07-06T19:08:47Z,,,,,,9546.9
2026-07-06T19:08:47Z,,,,,,9548.2
2026-07-06T19:08:47Z,,,,,,9547.9
2026-07-06T19:08:48Z,,,,,,9547.5
2026-07-06T19:08:48Z,,,,,,9547.6
2026-07-06T19:08:48Z,,,,,,9548.2
2026-07-06T19:08:48Z,51.555981,-0.070046,-11.3,9,1,9550.6
2026-07-06T19:08:48Z,,,,,,9551.7
2026-07-06T19:08:48Z,,,,,,9550.6
2026-07-06T19:08:48Z,,,,,,9550.2
2026-07-06T19:08:48Z,,,,,,9550.8
2026-07-06T19:08:48Z,,,,,,9551.5
2026-07-06T19:08:48Z,,,,,,9551.9
2026-07-06T19:08:49Z,,,,,,9551.3
2026-07-06T19:08:49Z,,,,,,9549.0
2026-07-06T19:08:49Z,,,,,,9547.7
2026-07-06T19:08:49Z,51.555981,-0.070042,-11.3,9,1,9548.4
2026-07-06T19:08:49Z,,,,,,9548.9
2026-07-06T19:08:49Z,,,,,,9548.4
2026-07-06T19:08:49Z,,,,,,9548.0
2026-07-06T19:08:49Z,,,,,,9545.3
2026-07-06T19:08:49Z,,,,,,9542.5
2026-07-06T19:08:49Z,,,,,,9540.8
2026-07-06T19:08:50Z,,,,,,9538.0
2026-07-06T19:08:50Z,,,,,,9534.9
2026-07-06T19:08:50Z,,,,,,9530.7
2026-07-06T19:08:50Z,51.555977,-0.070037,-10.8,9,1,9525.2
2026-07-06T19:08:50Z,,,,,,9517.4
2026-07-06T19:08:50Z,,,,,,9509.4
2026-07-06T19:08:50Z,,,,,,9501.8
2026-07-06T19:08:50Z,,,,,,9493.1
2026-07-06T19:08:50Z,,,,,,9483.3
2026-07-06T19:08:51Z,,,,,,9474.3
2026-07-06T19:08:51Z,,,,,,9466.0
2026-07-06T19:08:51Z,,,,,,9455.1
2026-07-06T19:08:51Z,,,,,,9436.6
2026-07-06T19:08:51Z,51.555973,-0.070033,-10.7,9,1,9429.5
2026-07-06T19:08:51Z,,,,,,9434.3
2026-07-06T19:08:51Z,,,,,,9434.6
2026-07-06T19:08:51Z,,,,,,9434.9
2026-07-06T19:08:51Z,,,,,,9433.8
2026-07-06T19:08:51Z,,,,,,9432.4
2026-07-06T19:08:51Z,,,,,,9430.7
2026-07-06T19:08:52Z,,,,,,9427.7
2026-07-06T19:08:52Z,,,,,,9422.7
2026-07-06T19:08:52Z,,,,,,9417.6
2026-07-06T19:08:52Z,51.555965,-0.070015,-11.0,9,1,9414.9
2026-07-06T19:08:52Z,,,,,,9412.2
2026-07-06T19:08:52Z,,,,,,9409.3
2026-07-06T19:08:52Z,,,,,,9407.5
2026-07-06T19:08:52Z,,,,,,9406.2
2026-07-06T19:08:52Z,,,,,,9404.2
2026-07-06T19:08:52Z,,,,,,9400.7
2026-07-06T19:08:53Z,,,,,,9396.2
2026-07-06T19:08:53Z,,,,,,9392.2
2026-07-06T19:08:53Z,,,,,,9388.8
2026-07-06T19:08:53Z,51.555958,-0.069996,-11.5,9,1,9387.2
2026-07-06T19:08:53Z,,,,,,9379.3
2026-07-06T19:08:53Z,,,,,,9367.2
2026-07-06T19:08:53Z,,,,,,9358.5
2026-07-06T19:08:53Z,,,,,,9350.1
2026-07-06T19:08:53Z,,,,,,9340.7
2026-07-06T19:08:53Z,,,,,,9328.4
2026-07-06T19:08:54Z,,,,,,9316.2
2026-07-06T19:08:54Z,,,,,,9307.1
2026-07-06T19:08:54Z,,,,,,9301.2
2026-07-06T19:08:54Z,51.555794,-0.069807,3.5,9,1,9297.0
2026-07-06T19:08:54Z,,,,,,9287.0
2026-07-06T19:08:54Z,,,,,,9274.9
2026-07-06T19:08:54Z,,,,,,9270.9
2026-07-06T19:08:54Z,,,,,,9271.1
2026-07-06T19:08:54Z,,,,,,9271.6
2026-07-06T19:08:54Z,,,,,,9271.7
2026-07-06T19:08:55Z,,,,,,9269.0
2026-07-06T19:08:55Z,,,,,,9261.7
2026-07-06T19:08:55Z,,,,,,9257.6
2026-07-06T19:08:55Z,51.555786,-0.069798,3.1,9,1,9260.3
2026-07-06T19:08:55Z,,,,,,9260.4
2026-07-06T19:08:55Z,,,,,,9257.8
2026-07-06T19:08:55Z,,,,,,9254.7
2026-07-06T19:08:55Z,,,,,,9248.9
2026-07-06T19:08:55Z,,,,,,9242.9
2026-07-06T19:08:55Z,,,,,,9237.4
2026-07-06T19:08:56Z,,,,,,9231.2
2026-07-06T19:08:56Z,,,,,,9225.6
2026-07-06T19:08:56Z,,,,,,9219.0
2026-07-06T19:08:56Z,51.555775,-0.069779,2.9,9,1,9199.7
2026-07-06T19:08:56Z,,,,,,9178.0
2026-07-06T19:08:56Z,,,,,,9170.6
2026-07-06T19:08:56Z,,,,,,9178.7
2026-07-06T19:08:56Z,,,,,,9200.2
2026-07-06T19:08:56Z,,,,,,9221.8
2026-07-06T19:08:56Z,,,,,,9239.3
2026-07-06T19:08:57Z,,,,,,9253.6
2026-07-06T19:08:57Z,,,,,,9267.6
2026-07-06T19:08:57Z,,,,,,9280.3
2026-07-06T19:08:57Z,51.555763,-0.069758,3.2,9,1,9289.6
2026-07-06T19:08:57Z,,,,,,9295.6
2026-07-06T19:08:57Z,,,,,,9298.6
2026-07-06T19:08:57Z,,,,,,9298.0
2026-07-06T19:08:57Z,,,,,,9296.0
2026-07-06T19:08:57Z,,,,,,9293.6
2026-07-06T19:08:57Z,,,,,,9288.4
2026-07-06T19:08:58Z,,,,,,9281.7
2026-07-06T19:08:58Z,,,,,,9270.1
2026-07-06T19:08:58Z,,,,,,9253.8
2026-07-06T19:08:58Z,51.555752,-0.069738,3.8,9,1,9243.7
2026-07-06T19:08:58Z,,,,,,9236.2
2026-07-06T19:08:58Z,,,,,,9225.8
2026-07-06T19:08:58Z,,,,,,9216.3
2026-07-06T19:08:58Z,,,,,,9207.6
2026-07-06T19:08:58Z,,,,,,9196.5
2026-07-06T19:08:58Z,,,,,,9183.9
2026-07-06T19:08:59Z,,,,,,9171.5
2026-07-06T19:08:59Z,,,,,,9160.8
2026-07-06T19:08:59Z,,,,,,9153.2
2026-07-06T19:08:59Z,51.555744,-0.069721,3.7,9,1,9146.5
2026-07-06T19:08:59Z,,,,,,9136.5
2026-07-06T19:08:59Z,,,,,,9125.2
2026-07-06T19:08:59Z,,,,,,9107.6
2026-07-06T19:08:59Z,,,,,,9096.0
2026-07-06T19:08:59Z,,,,,,9096.9
2026-07-06T19:08:59Z,,,,,,9095.1
2026-07-06T19:09:00Z,,,,,,9090.3
2026-07-06T19:09:00Z,,,,,,9084.5
2026-07-06T19:09:00Z,,,,,,9079.4
2026-07-06T19:09:00Z,51.555737,-0.069706,3.7,9,1,9075.6
2026-07-06T19:09:00Z,,,,,,9070.6
2026-07-06T19:09:00Z,,,,,,9065.5
2026-07-06T19:09:00Z,,,,,,9059.4
2026-07-06T19:09:00Z,,,,,,9052.1
2026-07-06T19:09:00Z,,,,,,9046.6
2026-07-06T19:09:00Z,,,,,,9042.2
2026-07-06T19:09:01Z,,,,,,9038.4
2026-07-06T19:09:01Z,,,,,,9036.1
2026-07-06T19:09:01Z,,,,,,9033.9
2026-07-06T19:09:01Z,51.555725,-0.069686,3.8,9,1,9033.0
2026-07-06T19:09:01Z,,,,,,9032.7
2026-07-06T19:09:01Z,,,,,,9032.9
2026-07-06T19:09:01Z,,,,,,9034.6
2026-07-06T19:09:01Z,,,,,,9035.6
2026-07-06T19:09:01Z,,,,,,9036.0
2026-07-06T19:09:01Z,,,,,,9035.7
2026-07-06T19:09:02Z,,,,,,9035.9
2026-07-06T19:09:02Z,,,,,,9037.5
2026-07-06T19:09:02Z,,,,,,9038.6
2026-07-06T19:09:02Z,51.555717,-0.069666,4.0,9,1,9041.6
2026-07-06T19:09:02Z,,,,,,9044.7
2026-07-06T19:09:02Z,,,,,,9046.9
2026-07-06T19:09:02Z,,,,,,9049.8
2026-07-06T19:09:02Z,,,,,,9053.3
2026-07-06T19:09:02Z,,,,,,9056.2
2026-07-06T19:09:02Z,,,,,,9057.3
2026-07-06T19:09:03Z,,,,,,9055.3
2026-07-06T19:09:03Z,,,,,,9046.9
2026-07-06T19:09:03Z,,,,,,9041.0
2026-07-06T19:09:03Z,51.555710,-0.069648,4.3,9,1,9040.1
2026-07-06T19:09:03Z,,,,,,9036.1
2026-07-06T19:09:03Z,,,,,,9030.5
2026-07-06T19:09:03Z,,,,,,9023.3
2026-07-06T19:09:03Z,,,,,,9014.2
2026-07-06T19:09:03Z,,,,,,9006.7
2026-07-06T19:09:03Z,,,,,,9000.5
2026-07-06T19:09:04Z,,,,,,8996.8
2026-07-06T19:09:04Z,,,,,,8997.2
2026-07-06T19:09:04Z,,,,,,8999.5
2026-07-06T19:09:04Z,51.555702,-0.069632,4.3,9,1,9003.4
2026-07-06T19:09:04Z,,,,,,9009.5
2026-07-06T19:09:04Z,,,,,,9016.2
2026-07-06T19:09:04Z,,,,,,9023.5
2026-07-06T19:09:04Z,,,,,,9030.0
2026-07-06T19:09:04Z,,,,,,9032.9
2026-07-06T19:09:04Z,,,,,,9033.1
2026-07-06T19:09:05Z,,,,,,9032.0
2026-07-06T19:09:05Z,,,,,,9029.6
2026-07-06T19:09:05Z,,,,,,9026.9
2026-07-06T19:09:05Z,51.555691,-0.069616,4.5,9,1,9024.0
2026-07-06T19:09:05Z,,,,,,9017.6
2026-07-06T19:09:05Z,,,,,,9008.5
2026-07-06T19:09:05Z,,,,,,9000.1
2026-07-06T19:09:05Z,,,,,,8992.2
2026-07-06T19:09:05Z,,,,,,8984.9
2026-07-06T19:09:05Z,,,,,,8976.4
2026-07-06T19:09:06Z,,,,,,8966.2
2026-07-06T19:09:06Z,,,,,,8954.6
2026-07-06T19:09:06Z,,,,,,8943.8
2026-07-06T19:09:06Z,51.555687,-0.069601,4.4,9,1,8933.9
2026-07-06T19:09:06Z,,,,,,8923.1
2026-07-06T19:09:06Z,,,,,,8913.1
2026-07-06T19:09:06Z,,,,,,8902.8
2026-07-06T19:09:06Z,,,,,,8889.9
2026-07-06T19:09:06Z,,,,,,8878.2
2026-07-06T19:09:06Z,,,,,,8868.0
2026-07-06T19:09:07Z,,,,,,8857.4
2026-07-06T19:09:07Z,,,,,,8846.7
2026-07-06T19:09:07Z,,,,,,8835.7
2026-07-06T19:09:07Z,51.555679,-0.069582,4.7,9,1,8825.1
2026-07-06T19:09:07Z,,,,,,8816.0
2026-07-06T19:09:07Z,,,,,,8808.5
2026-07-06T19:09:07Z,,,,,,8802.3
2026-07-06T19:09:07Z,,,,,,8797.0
2026-07-06T19:09:07Z,,,,,,8794.0
2026-07-06T19:09:07Z,,,,,,8793.9
2026-07-06T19:09:08Z,,,,,,8808.0
2026-07-06T19:09:08Z,,,,,,8872.8
2026-07-06T19:09:08Z,,,,,,8891.1
2026-07-06T19:09:08Z,51.555676,-0.069565,4.8,9,1,8844.8
2026-07-06T19:09:08Z,,,,,,8825.4
2026-07-06T19:09:08Z,,,,,,8817.5
2026-07-06T19:09:08Z,,,,,,8813.7
2026-07-06T19:09:08Z,,,,,,8812.0
2026-07-06T19:09:08Z,,,,,,8812.0
2026-07-06T19:09:08Z,,,,,,8813.3
2026-07-06T19:09:09Z,,,,,,8814.2
2026-07-06T19:09:09Z,,,,,,8814.5
2026-07-06T19:09:09Z,,,,,,8816.5
2026-07-06T19:09:09Z,51.555672,-0.069548,5.0,9,1,8821.0
2026-07-06T19:09:09Z,,,,,,8826.1
2026-07-06T19:09:09Z,,,,,,8832.1
2026-07-06T19:09:09Z,,,,,,8839.6
2026-07-06T19:09:09Z,,,,,,8843.0
2026-07-06T19:09:09Z,,,,,,8851.6
2026-07-06T19:09:09Z,,,,,,8884.2
2026-07-06T19:09:10Z,,,,,,8928.3
2026-07-06T19:09:10Z,,,,,,8942.8
2026-07-06T19:09:10Z,,,,,,8919.5
2026-07-06T19:09:10Z,51.555672,-0.069535,4.4,9,1,8884.8
2026-07-06T19:09:10Z,,,,,,8858.3
2026-07-06T19:09:10Z,,,,,,8845.2
2026-07-06T19:09:10Z,,,,,,8839.5
2026-07-06T19:09:10Z,,,,,,8834.9
2026-07-06T19:09:10Z,,,,,,8827.5
2026-07-06T19:09:10Z,,,,,,8816.5
2026-07-06T19:09:11Z,,,,,,8802.4
2026-07-06T19:09:11Z,,,,,,8791.3
2026-07-06T19:09:11Z,,,,,,8779.1
2026-07-06T19:09:11Z,51.555672,-0.069535,4.4,9,1,8772.0
2026-07-06T19:09:11Z,,,,,,8758.5
2026-07-06T19:09:11Z,,,,,,8728.4
2026-07-06T19:09:11Z,,,,,,8706.5
2026-07-06T19:09:11Z,,,,,,8693.2
2026-07-06T19:09:11Z,,,,,,8685.0
2026-07-06T19:09:12Z,,,,,,8683.5
2026-07-06T19:09:12Z,,,,,,8699.0
2026-07-06T19:09:12Z,,,,,,8733.3
2026-07-06T19:09:12Z,,,,,,8764.3
2026-07-06T19:09:12Z,51.555672,-0.069534,4.6,9,1,8792.6
2026-07-06T19:09:12Z,,,,,,8822.3
2026-07-06T19:09:12Z,,,,,,8847.9
2026-07-06T19:09:12Z,,,,,,8869.9
2026-07-06T19:09:12Z,,,,,,8883.9
2026-07-06T19:09:12Z,,,,,,8893.6
2026-07-06T19:09:12Z,,,,,,8900.9
2026-07-06T19:09:13Z,,,,,,8906.0
2026-07-06T19:09:13Z,,,,,,8911.8
2026-07-06T19:09:13Z,,,,,,8918.6
2026-07-06T19:09:13Z,51.555672,-0.069533,4.7,9,1,8924.4
2026-07-06T19:09:13Z,,,,,,8930.4
2026-07-06T19:09:13Z,,,,,,8937.4
2026-07-06T19:09:13Z,,,,,,8944.3
2026-07-06T19:09:13Z,,,,,,8950.8
2026-07-06T19:09:13Z,,,,,,8956.8
2026-07-06T19:09:13Z,,,,,,8962.1
2026-07-06T19:09:14Z,,,,,,8966.0
2026-07-06T19:09:14Z,,,,,,8968.7
2026-07-06T19:09:14Z,,,,,,8971.1
2026-07-06T19:09:14Z,51.555668,-0.069521,4.0,9,1,8974.0
2026-07-06T19:09:14Z,,,,,,8974.9
2026-07-06T19:09:14Z,,,,,,8910.4
2026-07-06T19:09:14Z,,,,,,8780.3
2026-07-06T19:09:14Z,,,,,,8682.6
2026-07-06T19:09:14Z,,,,,,8635.0
2026-07-06T19:09:14Z,,,,,,8612.4
2026-07-06T19:09:15Z,,,,,,8603.2
2026-07-06T19:09:15Z,,,,,,8599.1
2026-07-06T19:09:15Z,,,,,,8598.1
2026-07-06T19:09:15Z,51.555664,-0.069505,3.7,9,1,8601.6
2026-07-06T19:09:15Z,,,,,,8606.7
2026-07-06T19:09:15Z,,,,,,8611.5
2026-07-06T19:09:15Z,,,,,,8616.7
2026-07-06T19:09:15Z,,,,,,8619.1
2026-07-06T19:09:15Z,,,,,,8620.0
2026-07-06T19:09:15Z,,,,,,8620.1
2026-07-06T19:09:16Z,,,,,,8618.0
2026-07-06T19:09:16Z,,,,,,8616.6
2026-07-06T19:09:16Z,,,,,,8615.1
2026-07-06T19:09:16Z,51.555656,-0.069487,3.6,9,1,8610.3
2026-07-06T19:09:16Z,,,,,,8604.4
2026-07-06T19:09:16Z,,,,,,8600.1
2026-07-06T19:09:16Z,,,,,,8596.9
2026-07-06T19:09:16Z,,,,,,8594.0
2026-07-06T19:09:16Z,,,,,,8591.2
2026-07-06T19:09:16Z,,,,,,8587.3
2026-07-06T19:09:17Z,,,,,,8583.3
2026-07-06T19:09:17Z,,,,,,8580.7
2026-07-06T19:09:17Z,,,,,,8579.0
2026-07-06T19:09:17Z,51.555649,-0.069470,3.3,9,1,8579.0
2026-07-06T19:09:17Z,,,,,,8578.5
2026-07-06T19:09:17Z,,,,,,8579.2
2026-07-06T19:09:17Z,,,,,,8583.4
2026-07-06T19:09:17Z,,,,,,8591.2
2026-07-06T19:09:17Z,,,,,,8603.8
2026-07-06T19:09:17Z,,,,,,8619.8
2026-07-06T19:09:18Z,,,,,,8636.7
2026-07-06T19:09:18Z,,,,,,8651.4
2026-07-06T19:09:18Z,,,,,,8664.5
2026-07-06T19:09:18Z,51.555653,-0.069461,1.9,9,1,8678.2
2026-07-06T19:09:18Z,,,,,,8689.4
2026-07-06T19:09:18Z,,,,,,8697.9
2026-07-06T19:09:18Z,,,,,,8705.6
2026-07-06T19:09:18Z,,,,,,8710.1
2026-07-06T19:09:18Z,,,,,,8711.3
2026-07-06T19:09:19Z,,,,,,8712.3
2026-07-06T19:09:19Z,,,,,,8713.9
2026-07-06T19:09:19Z,,,,,,8713.9
2026-07-06T19:09:19Z,,,,,,8711.4
2026-07-06T19:09:19Z,51.555649,-0.069449,1.3,9,1,8709.1
2026-07-06T19:09:19Z,,,,,,8704.6
2026-07-06T19:09:19Z,,,,,,8698.4
2026-07-06T19:09:19Z,,,,,,8693.7
2026-07-06T19:09:19Z,,,,,,8688.8
2026-07-06T19:09:19Z,,,,,,8683.9
2026-07-06T19:09:19Z,,,,,,8678.9
2026-07-06T19:09:20Z,,,,,,8672.9
2026-07-06T19:09:20Z,,,,,,8665.7
2026-07-06T19:09:20Z,,,,,,8658.5
2026-07-06T19:09:20Z,51.555641,-0.069434,1.1,9,1,8651.3
2026-07-06T19:09:20Z,,,,,,8645.0
2026-07-06T19:09:20Z,,,,,,8640.6
2026-07-06T19:09:20Z,,,,,,8634.4
2026-07-06T19:09:20Z,,,,,,8627.3
2026-07-06T19:09:20Z,,,,,,8622.4
2026-07-06T19:09:20Z,,,,,,8618.9
2026-07-06T19:09:21Z,,,,,,8615.7
2026-07-06T19:09:21Z,,,,,,8613.4
2026-07-06T19:09:21Z,,,,,,8611.0
2026-07-06T19:09:21Z,51.555630,-0.069419,1.0,9,1,8608.2
2026-07-06T19:09:21Z,,,,,,8605.0
2026-07-06T19:09:21Z,,,,,,8602.3
2026-07-06T19:09:21Z,,,,,,8600.3
2026-07-06T19:09:21Z,,,,,,8598.5
2026-07-06T19:09:21Z,,,,,,8597.3
2026-07-06T19:09:21Z,,,,,,8595.2
2026-07-06T19:09:22Z,,,,,,8593.8
2026-07-06T19:09:22Z,,,,,,8595.1
2026-07-06T19:09:22Z,,,,,,8599.9
2026-07-06T19:09:22Z,51.555626,-0.069403,0.8,9,1,8607.3
2026-07-06T19:09:22Z,,,,,,8615.1
2026-07-06T19:09:22Z,,,,,,8623.1
2026-07-06T19:09:22Z,,,,,,8633.8
2026-07-06T19:09:22Z,,,,,,8647.3
2026-07-06T19:09:22Z,,,,,,8661.2
2026-07-06T19:09:22Z,,,,,,8673.8
2026-07-06T19:09:23Z,,,,,,8685.6
2026-07-06T19:09:23Z,,,,,,8694.5
2026-07-06T19:09:23Z,,,,,,8702.4
2026-07-06T19:09:23Z,51.555618,-0.069389,0.3,9,1,8711.2
2026-07-06T19:09:23Z,,,,,,8719.8
2026-07-06T19:09:23Z,,,,,,8727.9
2026-07-06T19:09:23Z,,,,,,8734.7
2026-07-06T19:09:23Z,,,,,,8738.6
2026-07-06T19:09:23Z,,,,,,8742.5
2026-07-06T19:09:23Z,,,,,,8746.0
2026-07-06T19:09:24Z,,,,,,8746.8
2026-07-06T19:09:24Z,,,,,,8747.3
2026-07-06T19:09:24Z,,,,,,8746.7
2026-07-06T19:09:24Z,51.555614,-0.069377,-0.2,9,1,8744.1
2026-07-06T19:09:24Z,,,,,,8740.5
2026-07-06T19:09:24Z,,,,,,8736.3
2026-07-06T19:09:24Z,,,,,,8731.4
2026-07-06T19:09:24Z,,,,,,8725.6
2026-07-06T19:09:24Z,,,,,,8720.5
2026-07-06T19:09:24Z,,,,,,8714.1
2026-07-06T19:09:25Z,,,,,,8707.2
2026-07-06T19:09:25Z,,,,,,8701.9
2026-07-06T19:09:25Z,,,,,,8698.5
2026-07-06T19:09:25Z,51.555611,-0.069365,-1.1,9,1,8698.2
2026-07-06T19:09:25Z,,,,,,8699.4
2026-07-06T19:09:25Z,,,,,,8700.0
2026-07-06T19:09:25Z,,,,,,8701.2
2026-07-06T19:09:25Z,,,,,,8703.5
2026-07-06T19:09:25Z,,,,,,8706.6
2026-07-06T19:09:25Z,,,,,,8710.9
2026-07-06T19:09:26Z,,,,,,8717.0
2026-07-06T19:09:26Z,,,,,,8722.0
2026-07-06T19:09:26Z,,,,,,8725.8
2026-07-06T19:09:26Z,51.555607,-0.069353,-1.9,9,1,8730.8
2026-07-06T19:09:26Z,,,,,,8736.1
2026-07-06T19:09:26Z,,,,,,8740.8
2026-07-06T19:09:26Z,,,,,,8744.8
2026-07-06T19:09:26Z,,,,,,8745.6
2026-07-06T19:09:26Z,,,,,,8743.8
2026-07-06T19:09:26Z,,,,,,8741.0
2026-07-06T19:09:27Z,,,,,,8739.7
2026-07-06T19:09:27Z,,,,,,8740.8
2026-07-06T19:09:27Z,,,,,,8742.0
2026-07-06T19:09:27Z,51.555607,-0.069340,-2.5,9,1,8744.1
2026-07-06T19:09:27Z,,,,,,8745.0
2026-07-06T19:09:27Z,,,,,,8746.8
2026-07-06T19:09:27Z,,,,,,8752.2
2026-07-06T19:09:27Z,,,,,,8759.2
2026-07-06T19:09:27Z,,,,,,8766.0
2026-07-06T19:09:27Z,,,,,,8770.1
2026-07-06T19:09:28Z,,,,,,8770.8
2026-07-06T19:09:28Z,,,,,,8771.6
2026-07-06T19:09:28Z,,,,,,8771.6
2026-07-06T19:09:28Z,51.555603,-0.069330,-3.2,9,1,8770.3
2026-07-06T19:09:28Z,,,,,,8766.7
2026-07-06T19:09:28Z,,,,,,8759.6
2026-07-06T19:09:28Z,,,,,,8750.4
2026-07-06T19:09:28Z,,,,,,8740.4
2026-07-06T19:09:28Z,,,,,,8731.6
2026-07-06T19:09:28Z,,,,,,8723.1
2026-07-06T19:09:29Z,,,,,,8713.5
2026-07-06T19:09:29Z,,,,,,8702.3
2026-07-06T19:09:29Z,,,,,,8690.3
2026-07-06T19:09:29Z,51.555599,-0.069319,-3.7,9,1,8678.0
2026-07-06T19:09:29Z,,,,,,8666.3
2026-07-06T19:09:29Z,,,,,,8655.9
2026-07-06T19:09:29Z,,,,,,8645.7
2026-07-06T19:09:29Z,,,,,,8636.5
2026-07-06T19:09:29Z,,,,,,8628.6
2026-07-06T19:09:29Z,,,,,,8621.5
2026-07-06T19:09:30Z,,,,,,8615.8
2026-07-06T19:09:30Z,,,,,,8612.4
2026-07-06T19:09:30Z,,,,,,8609.9
2026-07-06T19:09:30Z,51.555595,-0.069310,-4.5,9,1,8608.6
2026-07-06T19:09:30Z,,,,,,8607.5
2026-07-06T19:09:30Z,,,,,,8606.0
2026-07-06T19:09:30Z,,,,,,8606.8
2026-07-06T19:09:30Z,,,,,,8608.4
2026-07-06T19:09:30Z,,,,,,8609.8
2026-07-06T19:09:30Z,,,,,,8611.0
2026-07-06T19:09:31Z,,,,,,8612.1
2026-07-06T19:09:31Z,,,,,,8612.2
2026-07-06T19:09:31Z,,,,,,8612.6
2026-07-06T19:09:31Z,51.555592,-0.069298,-5.3,9,1,8613.0
2026-07-06T19:09:31Z,,,,,,8612.1
2026-07-06T19:09:31Z,,,,,,8609.0
2026-07-06T19:09:31Z,,,,,,8604.4
2026-07-06T19:09:31Z,,,,,,8600.0
2026-07-06T19:09:31Z,,,,,,8595.1
2026-07-06T19:09:32Z,,,,,,8589.2
2026-07-06T19:09:32Z,,,,,,8583.1
2026-07-06T19:09:32Z,,,,,,8577.1
2026-07-06T19:09:32Z,,,,,,8570.4
2026-07-06T19:09:32Z,51.555592,-0.069282,-6.0,9,1,8564.4
2026-07-06T19:09:32Z,,,,,,8557.6
2026-07-06T19:09:32Z,,,,,,8551.7
2026-07-06T19:09:32Z,,,,,,8548.1
2026-07-06T19:09:32Z,,,,,,8543.4
2026-07-06T19:09:32Z,,,,,,8538.7
2026-07-06T19:09:32Z,,,,,,8534.6
2026-07-06T19:09:33Z,,,,,,8531.9
2026-07-06T19:09:33Z,,,,,,8531.4
2026-07-06T19:09:33Z,,,,,,8533.3
2026-07-06T19:09:33Z,51.555592,-0.069266,-6.8,9,1,8536.3
2026-07-06T19:09:33Z,,,,,,8538.7
2026-07-06T19:09:33Z,,,,,,8540.5
2026-07-06T19:09:33Z,,,,,,8544.2
2026-07-06T19:09:33Z,,,,,,8548.4
2026-07-06T19:09:33Z,,,,,,8552.8
2026-07-06T19:09:33Z,,,,,,8556.9
2026-07-06T19:09:34Z,,,,,,8558.8
2026-07-06T19:09:34Z,,,,,,8561.6
2026-07-06T19:09:34Z,,,,,,8565.0
2026-07-06T19:09:34Z,51.555592,-0.069251,-7.6,9,1,8569.9
2026-07-06T19:09:34Z,,,,,,8575.5
2026-07-06T19:09:34Z,,,,,,8579.0
2026-07-06T19:09:34Z,,,,,,8580.1
2026-07-06T19:09:34Z,,,,,,8579.8
2026-07-06T19:09:34Z,,,,,,8579.7
2026-07-06T19:09:34Z,,,,,,8578.7
2026-07-06T19:09:35Z,,,,,,8576.9
2026-07-06T19:09:35Z,,,,,,8572.2
2026-07-06T19:09:35Z,,,,,,8565.4
2026-07-06T19:09:35Z,51.555599,-0.069238,-8.5,9,1,8559.1
2026-07-06T19:09:35Z,,,,,,8552.3
2026-07-06T19:09:35Z,,,,,,8545.6
2026-07-06T19:09:35Z,,,,,,8538.9
2026-07-06T19:09:35Z,,,,,,8532.3
2026-07-06T19:09:35Z,,,,,,8524.2
2026-07-06T19:09:35Z,,,,,,8512.7
2026-07-06T19:09:36Z,,,,,,8505.3
2026-07-06T19:09:36Z,,,,,,8503.5
2026-07-06T19:09:36Z,,,,,,8499.8
2026-07-06T19:09:36Z,51.555607,-0.069230,-9.3,9,1,8495.2
2026-07-06T19:09:36Z,,,,,,8488.8
2026-07-06T19:09:36Z,,,,,,8481.3
2026-07-06T19:09:36Z,,,,,,8474.2
2026-07-06T19:09:36Z,,,,,,8466.6
2026-07-06T19:09:36Z,,,,,,8460.2
2026-07-06T19:09:36Z,,,,,,8453.2
2026-07-06T19:09:37Z,,,,,,8444.7
2026-07-06T19:09:37Z,,,,,,8437.1
2026-07-06T19:09:37Z,,,,,,8430.1
2026-07-06T19:09:37Z,51.555614,-0.069228,-10.1,9,1,8423.0
2026-07-06T19:09:37Z,,,,,,8417.0
2026-07-06T19:09:37Z,,,,,,8413.1
2026-07-06T19:09:37Z,,,,,,8410.5
2026-07-06T19:09:37Z,,,,,,8409.2
2026-07-06T19:09:37Z,,,,,,8409.7
2026-07-06T19:09:37Z,,,,,,8413.2
2026-07-06T19:09:38Z,,,,,,8418.2
2026-07-06T19:09:38Z,,,,,,8421.9
2026-07-06T19:09:38Z,,,,,,8423.6
2026-07-06T19:09:38Z,51.555611,-0.069227,-9.8,9,1,8425.4
2026-07-06T19:09:38Z,,,,,,8426.1
2026-07-06T19:09:38Z,,,,,,8425.0
2026-07-06T19:09:38Z,,,,,,8424.4
2026-07-06T19:09:38Z,,,,,,8422.4
2026-07-06T19:09:38Z,,,,,,8417.9
2026-07-06T19:09:39Z,,,,,,8410.8
2026-07-06T19:09:39Z,,,,,,8404.0
2026-07-06T19:09:39Z,,,,,,8398.1
2026-07-06T19:09:39Z,,,,,,8392.0
2026-07-06T19:09:39Z,51.555611,-0.069226,-9.4,9,1,8385.3
2026-07-06T19:09:39Z,,,,,,8377.9
2026-07-06T19:09:39Z,,,,,,8369.1
2026-07-06T19:09:39Z,,,,,,8360.9
2026-07-06T19:09:39Z,,,,,,8354.6
2026-07-06T19:09:39Z,,,,,,8348.8
2026-07-06T19:09:40Z,,,,,,8344.3
2026-07-06T19:09:40Z,,,,,,8339.1
2026-07-06T19:09:40Z,,,,,,8333.6
2026-07-06T19:09:40Z,,,,,,8329.1
2026-07-06T19:09:40Z,51.555607,-0.069224,-9.0,9,1,8325.6
2026-07-06T19:09:40Z,,,,,,8322.6
2026-07-06T19:09:40Z,,,,,,8318.6
2026-07-06T19:09:40Z,,,,,,8314.1
2026-07-06T19:09:40Z,,,,,,8309.4
2026-07-06T19:09:40Z,,,,,,8305.1
2026-07-06T19:09:40Z,,,,,,8301.0
2026-07-06T19:09:41Z,,,,,,8297.2
2026-07-06T19:09:41Z,,,,,,8292.8
2026-07-06T19:09:41Z,,,,,,8288.1
2026-07-06T19:09:41Z,51.555614,-0.069208,-10.1,9,1,8284.0
2026-07-06T19:09:41Z,,,,,,8278.7
2026-07-06T19:09:41Z,,,,,,8272.9
2026-07-06T19:09:41Z,,,,,,8267.8
2026-07-06T19:09:41Z,,,,,,8262.1
2026-07-06T19:09:41Z,,,,,,8256.5
2026-07-06T19:09:41Z,,,,,,8251.5
2026-07-06T19:09:42Z,,,,,,8246.7
2026-07-06T19:09:42Z,,,,,,8243.7
2026-07-06T19:09:42Z,,,,,,8243.7
2026-07-06T19:09:42Z,51.555626,-0.069191,-11.3,9,1,8248.6
2026-07-06T19:09:42Z,,,,,,8256.2
2026-07-06T19:09:42Z,,,,,,8263.6
2026-07-06T19:09:42Z,,,,,,8273.7
2026-07-06T19:09:42Z,,,,,,8284.3
2026-07-06T19:09:42Z,,,,,,8295.2
2026-07-06T19:09:42Z,,,,,,8306.6
2026-07-06T19:09:43Z,,,,,,8311.8
2026-07-06T19:09:43Z,,,,,,8310.4
2026-07-06T19:09:43Z,,,,,,8309.0
2026-07-06T19:09:43Z,51.555641,-0.069173,-12.7,9,1,8307.8
2026-07-06T19:09:43Z,,,,,,8303.9
2026-07-06T19:09:43Z,,,,,,8299.5
2026-07-06T19:09:43Z,,,,,,8294.4
2026-07-06T19:09:43Z,,,,,,8286.9
2026-07-06T19:09:43Z,,,,,,8278.8
2026-07-06T19:09:43Z,,,,,,8271.1
2026-07-06T19:09:44Z,,,,,,8264.2
2026-07-06T19:09:44Z,,,,,,8257.7
2026-07-06T19:09:44Z,,,,,,8251.8
2026-07-06T19:09:44Z,51.555641,-0.069164,-13.1,9,1,8245.8
2026-07-06T19:09:44Z,,,,,,8240.5
2026-07-06T19:09:44Z,,,,,,8236.8
2026-07-06T19:09:44Z,,,,,,8234.6
2026-07-06T19:09:44Z,,,,,,8233.8
2026-07-06T19:09:44Z,,,,,,8234.4
2026-07-06T19:09:44Z,,,,,,8235.2
2026-07-06T19:09:45Z,,,,,,8238.0
2026-07-06T19:09:45Z,,,,,,8242.9
2026-07-06T19:09:45Z,,,,,,8248.0
2026-07-06T19:09:45Z,51.555641,-0.069152,-14.0,9,1,8253.3
2026-07-06T19:09:45Z,,,,,,8256.9
2026-07-06T19:09:45Z,,,,,,8257.4
2026-07-06T19:09:45Z,,,,,,8256.7
2026-07-06T19:09:45Z,,,,,,8256.1
2026-07-06T19:09:45Z,,,,,,8255.5
2026-07-06T19:09:46Z,,,,,,8254.6
2026-07-06T19:09:46Z,,,,,,8253.6
2026-07-06T19:09:46Z,,,,,,8251.4
2026-07-06T19:09:46Z,,,,,,8248.6
2026-07-06T19:09:46Z,51.555637,-0.069145,-13.2,9,1,8247.1
2026-07-06T19:09:46Z,,,,,,8246.0
2026-07-06T19:09:46Z,,,,,,8244.3
2026-07-06T19:09:46Z,,,,,,8241.3
2026-07-06T19:09:46Z,,,,,,8236.7
2026-07-06T19:09:46Z,,,,,,8231.9
2026-07-06T19:09:47Z,,,,,,8228.7
2026-07-06T19:09:47Z,,,,,,8228.3
2026-07-06T19:09:47Z,,,,,,8229.9
2026-07-06T19:09:47Z,,,,,,8233.3
2026-07-06T19:09:47Z,51.555637,-0.069140,-12.8,9,1,8239.7
2026-07-06T19:09:47Z,,,,,,8247.6
2026-07-06T19:09:47Z,,,,,,8255.9
2026-07-06T19:09:47Z,,,,,,8265.1
2026-07-06T19:09:47Z,,,,,,8273.5
2026-07-06T19:09:47Z,,,,,,8281.1
2026-07-06T19:09:47Z,,,,,,8286.8
2026-07-06T19:09:48Z,,,,,,8289.9
2026-07-06T19:09:48Z,,,,,,8293.4
2026-07-06T19:09:48Z,,,,,,8295.3
2026-07-06T19:09:48Z,51.555641,-0.069124,-13.3,9,1,8296.9
2026-07-06T19:09:48Z,,,,,,8298.9
2026-07-06T19:09:48Z,,,,,,8298.0
2026-07-06T19:09:48Z,,,,,,8297.0
2026-07-06T19:09:48Z,,,,,,8298.2
2026-07-06T19:09:48Z,,,,,,8301.0
2026-07-06T19:09:48Z,,,,,,8305.7
2026-07-06T19:09:49Z,,,,,,8310.4
2026-07-06T19:09:49Z,,,,,,8312.8
2026-07-06T19:09:49Z,,,,,,8313.5
2026-07-06T19:09:49Z,51.555649,-0.069103,-14.4,9,1,8314.6
2026-07-06T19:09:49Z,,,,,,8315.8
2026-07-06T19:09:49Z,,,,,,8316.3
2026-07-06T19:09:49Z,,,,,,8316.3
2026-07-06T19:09:49Z,,,,,,8314.7
2026-07-06T19:09:49Z,,,,,,8312.0
2026-07-06T19:09:49Z,,,,,,8309.3
2026-07-06T19:09:50Z,,,,,,8307.2
2026-07-06T19:09:50Z,,,,,,8306.3
2026-07-06T19:09:50Z,,,,,,8305.9
2026-07-06T19:09:50Z,51.555656,-0.069087,-15.1,9,1,8305.8
2026-07-06T19:09:50Z,,,,,,8302.8
2026-07-06T19:09:50Z,,,,,,8297.6
2026-07-06T19:09:50Z,,,,,,8294.0
2026-07-06T19:09:50Z,,,,,,8290.0
2026-07-06T19:09:50Z,,,,,,8285.5
2026-07-06T19:09:50Z,,,,,,8280.2
2026-07-06T19:09:51Z,,,,,,8272.5
2026-07-06T19:09:51Z,,,,,,8263.7
2026-07-06T19:09:51Z,,,,,,8255.6
2026-07-06T19:09:51Z,51.555668,-0.069084,-15.6,9,1,8249.2
2026-07-06T19:09:51Z,,,,,,8244.2
2026-07-06T19:09:51Z,,,,,,8240.0
2026-07-06T19:09:51Z,,,,,,8237.6
2026-07-06T19:09:51Z,,,,,,8238.8
2026-07-06T19:09:51Z,,,,,,8245.1
2026-07-06T19:09:52Z,,,,,,8255.9
2026-07-06T19:09:52Z,,,,,,8269.9
2026-07-06T19:09:52Z,,,,,,8286.1
2026-07-06T19:09:52Z,,,,,,8301.0
2026-07-06T19:09:52Z,51.555668,-0.069081,-15.1,9,1,8313.9
2026-07-06T19:09:52Z,,,,,,8327.2
2026-07-06T19:09:52Z,,,,,,8337.6
2026-07-06T19:09:52Z,,,,,,8343.0
2026-07-06T19:09:52Z,,,,,,8346.1
2026-07-06T19:09:52Z,,,,,,8346.3
2026-07-06T19:09:52Z,,,,,,8342.6
2026-07-06T19:09:53Z,,,,,,8337.7
2026-07-06T19:09:53Z,,,,,,8331.4
2026-07-06T19:09:53Z,,,,,,8324.0
2026-07-06T19:09:53Z,51.555668,-0.069079,-14.7,9,1,8318.9
2026-07-06T19:09:53Z,,,,,,8313.3
2026-07-06T19:09:53Z,,,,,,8307.3
2026-07-06T19:09:53Z,,,,,,8304.3
2026-07-06T19:09:53Z,,,,,,8302.6
2026-07-06T19:09:53Z,,,,,,8302.0
2026-07-06T19:09:53Z,,,,,,8302.0
2026-07-06T19:09:54Z,,,,,,8301.0
2026-07-06T19:09:54Z,,,,,,8298.5
2026-07-06T19:09:54Z,,,,,,8296.9
2026-07-06T19:09:54Z,51.555668,-0.069076,-14.4,9,1,8296.5
2026-07-06T19:09:54Z,,,,,,8295.4
2026-07-06T19:09:54Z,,,,,,8294.6
2026-07-06T19:09:54Z,,,,,,8292.5
2026-07-06T19:09:54Z,,,,,,8288.7
2026-07-06T19:09:54Z,,,,,,8285.7
2026-07-06T19:09:55Z,,,,,,8280.9
2026-07-06T19:09:55Z,,,,,,8275.2
2026-07-06T19:09:55Z,,,,,,8269.9
2026-07-06T19:09:55Z,,,,,,8263.6
2026-07-06T19:09:55Z,51.555668,-0.069073,-14.1,9,1,8256.3
2026-07-06T19:09:55Z,,,,,,8249.7
2026-07-06T19:09:55Z,,,,,,8245.9
2026-07-06T19:09:55Z,,,,,,8243.6
2026-07-06T19:09:55Z,,,,,,8243.6
2026-07-06T19:09:55Z,,,,,,8244.7
2026-07-06T19:09:55Z,,,,,,8244.2
2026-07-06T19:09:56Z,,,,,,8243.2
2026-07-06T19:09:56Z,,,,,,8242.2
2026-07-06T19:09:56Z,,,,,,8240.7
2026-07-06T19:09:56Z,51.555668,-0.069070,-13.8,9,1,8239.8
2026-07-06T19:09:56Z,,,,,,8237.6
2026-07-06T19:09:56Z,,,,,,8232.3
2026-07-06T19:09:56Z,,,,,,8227.2
2026-07-06T19:09:56Z,,,,,,8222.0
2026-07-06T19:09:56Z,,,,,,8216.3
2026-07-06T19:09:56Z,,,,,,8210.2
2026-07-06T19:09:57Z,,,,,,8203.6
2026-07-06T19:09:57Z,,,,,,8196.0
2026-07-06T19:09:57Z,,,,,,8187.2
2026-07-06T19:09:57Z,51.555668,-0.069054,-13.9,9,1,8178.5
2026-07-06T19:09:57Z,,,,,,8170.0
2026-07-06T19:09:57Z,,,,,,8161.3
2026-07-06T19:09:57Z,,,,,,8153.4
2026-07-06T19:09:57Z,,,,,,8145.6
2026-07-06T19:09:57Z,,,,,,8138.3
2026-07-06T19:09:57Z,,,,,,8132.0
2026-07-06T19:09:58Z,,,,,,8127.0
2026-07-06T19:09:58Z,,,,,,8123.3
2026-07-06T19:09:58Z,,,,,,8122.3
2026-07-06T19:09:58Z,51.555664,-0.069025,-14.6,9,1,8122.7
2026-07-06T19:09:58Z,,,,,,8122.0
2026-07-06T19:09:58Z,,,,,,8121.7
2026-07-06T19:09:58Z,,,,,,8122.6
2026-07-06T19:09:58Z,,,,,,8124.2
2026-07-06T19:09:58Z,,,,,,8126.3
2026-07-06T19:09:58Z,,,,,,8128.7
2026-07-06T19:09:59Z,,,,,,8129.4
2026-07-06T19:09:59Z,,,,,,8128.6
2026-07-06T19:09:59Z,,,,,,8127.7
2026-07-06T19:09:59Z,51.555660,-0.068991,-15.6,9,1,8128.3
2026-07-06T19:09:59Z,,,,,,8130.9
2026-07-06T19:09:59Z,,,,,,8133.4
2026-07-06T19:09:59Z,,,,,,8134.3
2026-07-06T19:09:59Z,,,,,,8134.6
2026-07-06T19:09:59Z,,,,,,8135.4
2026-07-06T19:09:59Z,,,,,,8137.5
2026-07-06T19:10:00Z,,,,,,8140.0
2026-07-06T19:10:00Z,,,,,,8142.2
2026-07-06T19:10:00Z,,,,,,8144.4
2026-07-06T19:10:00Z,51.555656,-0.068964,-16.0,9,1,8147.6
2026-07-06T19:10:00Z,,,,,,8151.1
2026-07-06T19:10:00Z,,,,,,8154.6
2026-07-06T19:10:00Z,,,,,,8157.5
2026-07-06T19:10:00Z,,,,,,8158.6
2026-07-06T19:10:00Z,,,,,,8159.3
2026-07-06T19:10:00Z,,,,,,8161.0
2026-07-06T19:10:01Z,,,,,,8164.1
2026-07-06T19:10:01Z,,,,,,8169.2
2026-07-06T19:10:01Z,,,,,,8174.4
2026-07-06T19:10:01Z,51.555653,-0.068941,-16.0,10,1,8180.1
2026-07-06T19:10:01Z,,,,,,8185.8
2026-07-06T19:10:01Z,,,,,,8191.4
2026-07-06T19:10:01Z,,,,,,8198.1
2026-07-06T19:10:01Z,,,,,,8202.9
2026-07-06T19:10:01Z,,,,,,8205.4
2026-07-06T19:10:01Z,,,,,,8205.1
2026-07-06T19:10:02Z,,,,,,8204.0
2026-07-06T19:10:02Z,,,,,,8204.1
2026-07-06T19:10:02Z,,,,,,8204.6
2026-07-06T19:10:02Z,51.555649,-0.068921,-15.1,10,1,8204.6
2026-07-06T19:10:02Z,,,,,,8203.1
2026-07-06T19:10:02Z,,,,,,8200.1
2026-07-06T19:10:02Z,,,,,,8198.5
2026-07-06T19:10:02Z,,,,,,8197.4
2026-07-06T19:10:02Z,,,,,,8195.6
2026-07-06T19:10:02Z,,,,,,8193.5
2026-07-06T19:10:03Z,,,,,,8190.4
2026-07-06T19:10:03Z,,,,,,8187.3
2026-07-06T19:10:03Z,,,,,,8185.6
2026-07-06T19:10:03Z,51.555649,-0.068929,-14.8,10,1,8186.4
2026-07-06T19:10:03Z,,,,,,8186.7
2026-07-06T19:10:03Z,,,,,,8187.4
2026-07-06T19:10:03Z,,,,,,8189.9
2026-07-06T19:10:03Z,,,,,,8192.7
2026-07-06T19:10:03Z,,,,,,8196.5
2026-07-06T19:10:03Z,,,,,,8200.7
2026-07-06T19:10:04Z,,,,,,8203.4
2026-07-06T19:10:04Z,,,,,,8205.8
2026-07-06T19:10:04Z,,,,,,8208.7
2026-07-06T19:10:04Z,51.555668,-0.068986,-15.8,10,1,8211.9
2026-07-06T19:10:04Z,,,,,,8214.2
2026-07-06T19:10:04Z,,,,,,8216.2
2026-07-06T19:10:04Z,,,,,,8217.6
2026-07-06T19:10:04Z,,,,,,8217.5
2026-07-06T19:10:04Z,,,,,,8217.3
2026-07-06T19:10:04Z,,,,,,8216.3
2026-07-06T19:10:05Z,,,,,,8215.1
2026-07-06T19:10:05Z,,,,,,8215.8
2026-07-06T19:10:05Z,,,,,,8218.0
2026-07-06T19:10:05Z,51.555752,-0.069080,-22.0,10,1,8222.3
2026-07-06T19:10:05Z,,,,,,8227.9
2026-07-06T19:10:05Z,,,,,,8233.0
2026-07-06T19:10:05Z,,,,,,8238.5
2026-07-06T19:10:05Z,,,,,,8243.9
2026-07-06T19:10:05Z,,,,,,8247.2
2026-07-06T19:10:05Z,,,,,,8250.0
2026-07-06T19:10:06Z,,,,,,8251.7
2026-07-06T19:10:06Z,,,,,,8250.5
2026-07-06T19:10:06Z,,,,,,8248.4
2026-07-06T19:10:06Z,51.555790,-0.069140,-25.8,10,1,8247.4
2026-07-06T19:10:06Z,,,,,,8246.6
2026-07-06T19:10:06Z,,,,,,8246.7
2026-07-06T19:10:06Z,,,,,,8248.5
2026-07-06T19:10:06Z,,,,,,8250.2
2026-07-06T19:10:06Z,,,,,,8252.0
2026-07-06T19:10:06Z,,,,,,8254.9
2026-07-06T19:10:07Z,,,,,,8257.5
2026-07-06T19:10:07Z,,,,,,8259.7
2026-07-06T19:10:07Z,,,,,,8260.5
2026-07-06T19:10:07Z,51.555809,-0.069183,-28.9,10,1,8259.5
2026-07-06T19:10:07Z,,,,,,8257.0
2026-07-06T19:10:07Z,,,,,,8254.6
2026-07-06T19:10:07Z,,,,,,8254.5
2026-07-06T19:10:07Z,,,,,,8256.1
2026-07-06T19:10:07Z,,,,,,8258.4
2026-07-06T19:10:07Z,,,,,,8260.3
2026-07-06T19:10:08Z,,,,,,8262.7
2026-07-06T19:10:08Z,,,,,,8265.7
2026-07-06T19:10:08Z,,,,,,8268.6
2026-07-06T19:10:08Z,51.555820,-0.069212,-30.2,10,1,8271.0
2026-07-06T19:10:08Z,,,,,,8272.5
2026-07-06T19:10:08Z,,,,,,8270.8
2026-07-06T19:10:08Z,,,,,,8267.6
2026-07-06T19:10:08Z,,,,,,8264.0
2026-07-06T19:10:08Z,,,,,,8259.5
2026-07-06T19:10:08Z,,,,,,8254.8
2026-07-06T19:10:09Z,,,,,,8249.6
2026-07-06T19:10:09Z,,,,,,8245.1
2026-07-06T19:10:09Z,,,,,,8242.6
2026-07-06T19:10:09Z,51.555809,-0.069214,-28.6,10,1,8244.7
2026-07-06T19:10:09Z,,,,,,8251.0
2026-07-06T19:10:09Z,,,,,,8260.6
2026-07-06T19:10:09Z,,,,,,8274.1
2026-07-06T19:10:09Z,,,,,,8287.4
2026-07-06T19:10:09Z,,,,,,8297.4
2026-07-06T19:10:09Z,,,,,,8306.4
2026-07-06T19:10:10Z,,,,,,8315.3
2026-07-06T19:10:10Z,,,,,,8321.3
2026-07-06T19:10:10Z,,,,,,8323.7
2026-07-06T19:10:10Z,51.555756,-0.069121,-20.7,10,1,8324.3
2026-07-06T19:10:10Z,,,,,,8323.5
2026-07-06T19:10:10Z,,,,,,8320.6
2026-07-06T19:10:10Z,,,,,,8316.7
2026-07-06T19:10:10Z,,,,,,8311.7
2026-07-06T19:10:10Z,,,,,,8305.0
2026-07-06T19:10:10Z,,,,,,8296.4
2026-07-06T19:10:11Z,,,,,,8287.2
2026-07-06T19:10:11Z,,,,,,8278.3
2026-07-06T19:10:11Z,,,,,,8269.8
2026-07-06T19:10:11Z,51.555763,-0.069118,-20.4,10,1,8261.0
2026-07-06T19:10:11Z,,,,,,8252.8
2026-07-06T19:10:11Z,,,,,,8245.9
2026-07-06T19:10:11Z,,,,,,8240.0
2026-07-06T19:10:11Z,,,,,,8236.3
2026-07-06T19:10:11Z,,,,,,8235.4
2026-07-06T19:10:11Z,,,,,,8237.8
2026-07-06T19:10:12Z,,,,,,8238.7
2026-07-06T19:10:12Z,,,,,,8237.6
2026-07-06T19:10:12Z,,,,,,8236.5
2026-07-06T19:10:12Z,51.555771,-0.069108,-19.6,10,1,8235.0
2026-07-06T19:10:12Z,,,,,,8230.8
2026-07-06T19:10:12Z,,,,,,8224.9
2026-07-06T19:10:12Z,,,,,,8219.8
2026-07-06T19:10:12Z,,,,,,8214.4
2026-07-06T19:10:12Z,,,,,,8207.4
2026-07-06T19:10:12Z,,,,,,8199.7
2026-07-06T19:10:13Z,,,,,,8193.5
2026-07-06T19:10:13Z,,,,,,8187.4
2026-07-06T19:10:13Z,,,,,,8181.0
2026-07-06T19:10:13Z,51.555779,-0.069091,-18.6,10,1,8174.1
2026-07-06T19:10:13Z,,,,,,8165.7
2026-07-06T19:10:13Z,,,,,,8157.6
2026-07-06T19:10:13Z,,,,,,8151.6
2026-07-06T19:10:13Z,,,,,,8147.0
2026-07-06T19:10:13Z,,,,,,8142.3
2026-07-06T19:10:13Z,,,,,,8135.4
2026-07-06T19:10:14Z,,,,,,8128.1
2026-07-06T19:10:14Z,,,,,,8122.4
2026-07-06T19:10:14Z,,,,,,8116.2
2026-07-06T19:10:14Z,51.555786,-0.069075,-17.7,10,1,8111.2
2026-07-06T19:10:14Z,,,,,,8106.4
2026-07-06T19:10:14Z,,,,,,8102.4
2026-07-06T19:10:14Z,,,,,,8100.4
2026-07-06T19:10:14Z,,,,,,8101.2
2026-07-06T19:10:14Z,,,,,,8104.3
2026-07-06T19:10:14Z,,,,,,8107.9
2026-07-06T19:10:15Z,,,,,,8111.9
2026-07-06T19:10:15Z,,,,,,8114.4
2026-07-06T19:10:15Z,,,,,,8117.0
2026-07-06T19:10:15Z,51.555794,-0.069054,-17.2,10,1,8119.3
2026-07-06T19:10:15Z,,,,,,8120.3
2026-07-06T19:10:15Z,,,,,,8122.2
2026-07-06T19:10:15Z,,,,,,8125.0
2026-07-06T19:10:15Z,,,,,,8127.9
2026-07-06T19:10:15Z,,,,,,8132.9
2026-07-06T19:10:15Z,,,,,,8140.3
2026-07-06T19:10:16Z,,,,,,8147.5
2026-07-06T19:10:16Z,,,,,,8155.0
2026-07-06T19:10:16Z,,,,,,8163.3
2026-07-06T19:10:16Z,51.555801,-0.069026,-16.5,10,1,8171.9
2026-07-06T19:10:16Z,,,,,,8178.4
2026-07-06T19:10:16Z,,,,,,8182.3
2026-07-06T19:10:16Z,,,,,,8184.8
2026-07-06T19:10:16Z,,,,,,8185.7
2026-07-06T19:10:16Z,,,,,,8185.1
2026-07-06T19:10:16Z,,,,,,8183.3
2026-07-06T19:10:17Z,,,,,,8179.1
2026-07-06T19:10:17Z,,,,,,8173.2
2026-07-06T19:10:17Z,,,,,,8165.8
2026-07-06T19:10:17Z,51.555813,-0.069008,-16.5,10,1,8162.2
2026-07-06T19:10:17Z,,,,,,8154.4
2026-07-06T19:10:17Z,,,,,,8142.5
2026-07-06T19:10:17Z,,,,,,8134.7
2026-07-06T19:10:17Z,,,,,,8126.3
2026-07-06T19:10:17Z,,,,,,8119.2
2026-07-06T19:10:17Z,,,,,,8114.7
2026-07-06T19:10:18Z,,,,,,8111.6
2026-07-06T19:10:18Z,,,,,,8111.2
2026-07-06T19:10:18Z,,,,,,8112.4
2026-07-06T19:10:18Z,51.555817,-0.068973,-15.9,10,1,8110.6
2026-07-06T19:10:18Z,,,,,,8108.2
2026-07-06T19:10:18Z,,,,,,8106.5
2026-07-06T19:10:18Z,,,,,,8104.6
2026-07-06T19:10:18Z,,,,,,8102.2
2026-07-06T19:10:18Z,,,,,,8098.5
2026-07-06T19:10:18Z,,,,,,8093.4
2026-07-06T19:10:19Z,,,,,,8088.1
2026-07-06T19:10:19Z,,,,,,8083.8
2026-07-06T19:10:19Z,,,,,,8081.0
2026-07-06T19:10:19Z,51.555832,-0.068951,-15.5,10,1,8080.2
2026-07-06T19:10:19Z,,,,,,8078.1
2026-07-06T19:10:19Z,,,,,,8076.8
2026-07-06T19:10:19Z,,,,,,8078.1
2026-07-06T19:10:19Z,,,,,,8080.9
2026-07-06T19:10:19Z,,,,,,8084.6
2026-07-06T19:10:19Z,,,,,,8087.2
2026-07-06T19:10:20Z,,,,,,8088.7
2026-07-06T19:10:20Z,,,,,,8089.4
2026-07-06T19:10:20Z,,,,,,8090.6
2026-07-06T19:10:20Z,51.555843,-0.068926,-15.1,10,1,8092.4
2026-07-06T19:10:20Z,,,,,,8091.9
2026-07-06T19:10:20Z,,,,,,8089.7
2026-07-06T19:10:20Z,,,,,,8087.4
2026-07-06T19:10:20Z,,,,,,8084.7
2026-07-06T19:10:20Z,,,,,,8083.1
2026-07-06T19:10:20Z,,,,,,8080.5
2026-07-06T19:10:21Z,,,,,,8076.8
2026-07-06T19:10:21Z,,,,,,8073.0
2026-07-06T19:10:21Z,,,,,,8069.7
2026-07-06T19:10:21Z,51.555847,-0.068892,-14.5,10,1,8066.9
2026-07-06T19:10:21Z,,,,,,8065.2
2026-07-06T19:10:21Z,,,,,,8064.7
2026-07-06T19:10:21Z,,,,,,8064.3
2026-07-06T19:10:21Z,,,,,,8065.8
2026-07-06T19:10:21Z,,,,,,8068.7
2026-07-06T19:10:21Z,,,,,,8072.8
2026-07-06T19:10:22Z,,,,,,8077.2
2026-07-06T19:10:22Z,,,,,,8081.2
2026-07-06T19:10:22Z,,,,,,8085.8
2026-07-06T19:10:22Z,51.555851,-0.068852,-13.3,10,1,8092.4
2026-07-06T19:10:22Z,,,,,,8100.2
2026-07-06T19:10:22Z,,,,,,8109.3
2026-07-06T19:10:22Z,,,,,,8120.4
2026-07-06T19:10:22Z,,,,,,8132.2
2026-07-06T19:10:22Z,,,,,,8144.7
2026-07-06T19:10:22Z,,,,,,8157.6
2026-07-06T19:10:23Z,,,,,,8170.6
2026-07-06T19:10:23Z,,,,,,8182.2
2026-07-06T19:10:23Z,,,,,,8190.9
2026-07-06T19:10:23Z,51.555855,-0.068812,-11.8,10,1,8199.7
2026-07-06T19:10:23Z,,,,,,8207.5
2026-07-06T19:10:23Z,,,,,,8214.4
2026-07-06T19:10:23Z,,,,,,8223.2
2026-07-06T19:10:23Z,,,,,,8231.4
2026-07-06T19:10:23Z,,,,,,8238.7
2026-07-06T19:10:23Z,,,,,,8245.7
2026-07-06T19:10:24Z,,,,,,8252.9
2026-07-06T19:10:24Z,,,,,,8261.4
2026-07-06T19:10:24Z,,,,,,8270.5
2026-07-06T19:10:24Z,51.555855,-0.068774,-10.3,10,1,8279.2
2026-07-06T19:10:24Z,,,,,,8288.5
2026-07-06T19:10:24Z,,,,,,8296.1
2026-07-06T19:10:24Z,,,,,,8304.0
2026-07-06T19:10:24Z,,,,,,8314.3
2026-07-06T19:10:24Z,,,,,,8325.6
2026-07-06T19:10:24Z,,,,,,8334.7
2026-07-06T19:10:25Z,,,,,,8341.7
2026-07-06T19:10:25Z,,,,,,8349.6
2026-07-06T19:10:25Z,,,,,,8359.2
2026-07-06T19:10:25Z,51.555859,-0.068746,-9.8,10,1,8368.7
2026-07-06T19:10:25Z,,,,,,8377.1
2026-07-06T19:10:25Z,,,,,,8384.3
2026-07-06T19:10:25Z,,,,,,8391.0
2026-07-06T19:10:25Z,,,,,,8397.9
2026-07-06T19:10:25Z,,,,,,8404.7
2026-07-06T19:10:25Z,,,,,,8411.0
2026-07-06T19:10:26Z,,,,,,8414.8
2026-07-06T19:10:26Z,,,,,,8415.2
2026-07-06T19:10:26Z,,,,,,8414.5
2026-07-06T19:10:26Z,51.555866,-0.068703,-8.3,10,1,8416.1
2026-07-06T19:10:26Z,,,,,,8415.2
2026-07-06T19:10:26Z,,,,,,8410.7
2026-07-06T19:10:26Z,,,,,,8405.6
2026-07-06T19:10:26Z,,,,,,8398.7
2026-07-06T19:10:26Z,,,,,,8393.3
2026-07-06T19:10:26Z,,,,,,8388.2
2026-07-06T19:10:27Z,,,,,,8381.3
2026-07-06T19:10:27Z,,,,,,8374.3
2026-07-06T19:10:27Z,,,,,,8367.9
2026-07-06T19:10:27Z,51.555866,-0.068674,-7.8,10,1,8363.4
2026-07-06T19:10:27Z,,,,,,8358.1
2026-07-06T19:10:27Z,,,,,,8352.1
2026-07-06T19:10:27Z,,,,,,8347.4
2026-07-06T19:10:27Z,,,,,,8343.3
2026-07-06T19:10:27Z,,,,,,8340.2
2026-07-06T19:10:27Z,,,,,,8336.5
2026-07-06T19:10:28Z,,,,,,8330.8
2026-07-06T19:10:28Z,,,,,,8323.5
2026-07-06T19:10:28Z,,,,,,8315.2
2026-07-06T19:10:28Z,51.555862,-0.068641,-7.1,10,1,8307.7
2026-07-06T19:10:28Z,,,,,,8300.1
2026-07-06T19:10:28Z,,,,,,8290.3
2026-07-06T19:10:28Z,,,,,,8279.7
2026-07-06T19:10:28Z,,,,,,8269.8
2026-07-06T19:10:28Z,,,,,,8259.5
2026-07-06T19:10:28Z,,,,,,8250.9
2026-07-06T19:10:29Z,,,,,,8243.8
2026-07-06T19:10:29Z,,,,,,8234.3
2026-07-06T19:10:29Z,,,,,,8223.6
2026-07-06T19:10:29Z,51.555862,-0.068608,-6.0,10,1,8215.2
2026-07-06T19:10:29Z,,,,,,8208.4
2026-07-06T19:10:29Z,,,,,,8205.5
2026-07-06T19:10:29Z,,,,,,8204.4
2026-07-06T19:10:29Z,,,,,,8205.8
2026-07-06T19:10:29Z,,,,,,8214.7
2026-07-06T19:10:29Z,,,,,,8230.3
2026-07-06T19:10:30Z,,,,,,8250.2
2026-07-06T19:10:30Z,,,,,,8272.9
2026-07-06T19:10:30Z,,,,,,8293.4
2026-07-06T19:10:30Z,51.555859,-0.068576,-5.3,10,1,8310.5
2026-07-06T19:10:30Z,,,,,,8325.1
2026-07-06T19:10:30Z,,,,,,8336.8
2026-07-06T19:10:30Z,,,,,,8346.6
2026-07-06T19:10:30Z,,,,,,8350.0
2026-07-06T19:10:30Z,,,,,,8349.0
2026-07-06T19:10:30Z,,,,,,8347.0
2026-07-06T19:10:31Z,,,,,,8344.4
2026-07-06T19:10:31Z,,,,,,8342.4
2026-07-06T19:10:31Z,,,,,,8340.8
2026-07-06T19:10:31Z,51.555851,-0.068527,-3.4,10,1,8336.6
2026-07-06T19:10:31Z,,,,,,8330.9
2026-07-06T19:10:31Z,,,,,,8326.1
2026-07-06T19:10:31Z,,,,,,8322.6
2026-07-06T19:10:31Z,,,,,,8319.9
2026-07-06T19:10:31Z,,,,,,8315.8
2026-07-06T19:10:31Z,,,,,,8309.3
2026-07-06T19:10:32Z,,,,,,8301.7
2026-07-06T19:10:32Z,,,,,,8295.3
2026-07-06T19:10:32Z,,,,,,8289.8
2026-07-06T19:10:32Z,51.555836,-0.068483,-1.4,10,1,8283.2
2026-07-06T19:10:32Z,,,,,,8273.3
2026-07-06T19:10:32Z,,,,,,8261.4
2026-07-06T19:10:32Z,,,,,,8250.9
2026-07-06T19:10:32Z,,,,,,8241.7
2026-07-06T19:10:32Z,,,,,,8232.5
2026-07-06T19:10:32Z,,,,,,8222.6
2026-07-06T19:10:33Z,,,,,,8212.2
2026-07-06T19:10:33Z,,,,,,8200.2
2026-07-06T19:10:33Z,,,,,,8189.4
2026-07-06T19:10:33Z,51.555817,-0.068422,1.3,10,1,8181.1
2026-07-06T19:10:33Z,,,,,,8172.7
2026-07-06T19:10:33Z,,,,,,8164.8
2026-07-06T19:10:33Z,,,,,,8158.7
2026-07-06T19:10:33Z,,,,,,8154.0
2026-07-06T19:10:33Z,,,,,,8151.3
2026-07-06T19:10:33Z,,,,,,8148.8
2026-07-06T19:10:34Z,,,,,,8145.9
2026-07-06T19:10:34Z,,,,,,8144.5
2026-07-06T19:10:34Z,,,,,,8144.1
2026-07-06T19:10:34Z,51.555798,-0.068361,3.6,10,1,8143.1
2026-07-06T19:10:34Z,,,,,,8141.3
2026-07-06T19:10:34Z,,,,,,8138.8
2026-07-06T19:10:34Z,,,,,,8135.3
2026-07-06T19:10:34Z,,,,,,8132.2
2026-07-06T19:10:34Z,,,,,,8129.8
2026-07-06T19:10:34Z,,,,,,8125.9
2026-07-06T19:10:35Z,,,,,,8120.7
2026-07-06T19:10:35Z,,,,,,8115.6
2026-07-06T19:10:35Z,,,,,,8111.6
2026-07-06T19:10:35Z,51.555786,-0.068315,4.7,10,1,8108.9
2026-07-06T19:10:35Z,,,,,,8106.1
2026-07-06T19:10:35Z,,,,,,8102.7
2026-07-06T19:10:35Z,,,,,,8098.5
2026-07-06T19:10:35Z,,,,,,8093.3
2026-07-06T19:10:35Z,,,,,,8088.3
2026-07-06T19:10:35Z,,,,,,8084.8
2026-07-06T19:10:36Z,,,,,,8080.5
2026-07-06T19:10:36Z,,,,,,8074.4
2026-07-06T19:10:36Z,,,,,,8068.1
2026-07-06T19:10:36Z,51.555782,-0.068273,6.2,10,1,8063.2
2026-07-06T19:10:36Z,,,,,,8059.7
2026-07-06T19:10:36Z,,,,,,8057.1
2026-07-06T19:10:36Z,,,,,,8054.6
2026-07-06T19:10:36Z,,,,,,8049.8
2026-07-06T19:10:36Z,,,,,,8044.6
2026-07-06T19:10:36Z,,,,,,8040.9
2026-07-06T19:10:37Z,,,,,,8039.1
2026-07-06T19:10:37Z,,,,,,8037.0
2026-07-06T19:10:37Z,,,,,,8033.4
2026-07-06T19:10:37Z,51.555775,-0.068231,6.8,10,1,8029.9
2026-07-06T19:10:37Z,,,,,,8025.6
2026-07-06T19:10:37Z,,,,,,8022.5
2026-07-06T19:10:37Z,,,,,,8022.9
2026-07-06T19:10:37Z,,,,,,8022.9
2026-07-06T19:10:37Z,,,,,,8020.6
2026-07-06T19:10:37Z,,,,,,8017.9
2026-07-06T19:10:38Z,,,,,,8016.1
2026-07-06T19:10:38Z,,,,,,8016.4
2026-07-06T19:10:38Z,,,,,,8016.9
2026-07-06T19:10:38Z,51.555767,-0.068187,7.5,10,1,8015.3
2026-07-06T19:10:38Z,,,,,,8012.1
2026-07-06T19:10:38Z,,,,,,8008.9
2026-07-06T19:10:38Z,,,,,,8007.3
2026-07-06T19:10:38Z,,,,,,8006.6
2026-07-06T19:10:38Z,,,,,,8004.5
2026-07-06T19:10:38Z,,,,,,8000.1
2026-07-06T19:10:39Z,,,,,,7995.6
2026-07-06T19:10:39Z,,,,,,7993.4
2026-07-06T19:10:39Z,,,,,,7994.4
2026-07-06T19:10:39Z,51.555759,-0.068142,8.0,10,1,7997.5
2026-07-06T19:10:39Z,,,,,,8000.0
2026-07-06T19:10:39Z,,,,,,8002.9
2026-07-06T19:10:39Z,,,,,,8008.8
2026-07-06T19:10:39Z,,,,,,8017.3
2026-07-06T19:10:39Z,,,,,,8026.5
2026-07-06T19:10:39Z,,,,,,8034.2
2026-07-06T19:10:40Z,,,,,,8038.8
2026-07-06T19:10:40Z,,,,,,8042.8
2026-07-06T19:10:40Z,,,,,,8046.8
2026-07-06T19:10:40Z,51.555752,-0.068099,8.7,10,1,8050.2
2026-07-06T19:10:40Z,,,,,,8051.2
2026-07-06T19:10:40Z,,,,,,8048.5
2026-07-06T19:10:40Z,,,,,,8044.4
2026-07-06T19:10:40Z,,,,,,8040.5
2026-07-06T19:10:40Z,,,,,,8037.4
2026-07-06T19:10:40Z,,,,,,8033.8
2026-07-06T19:10:41Z,,,,,,8029.4
2026-07-06T19:10:41Z,,,,,,8024.8
2026-07-06T19:10:41Z,,,,,,8020.9
2026-07-06T19:10:41Z,51.555744,-0.068056,9.2,10,1,8019.0
2026-07-06T19:10:41Z,,,,,,8018.7
2026-07-06T19:10:41Z,,,,,,8018.6
2026-07-06T19:10:41Z,,,,,,8018.5
2026-07-06T19:10:41Z,,,,,,8018.6
2026-07-06T19:10:41Z,,,,,,8019.5
2026-07-06T19:10:41Z,,,,,,8021.0
2026-07-06T19:10:42Z,,,,,,8021.7
2026-07-06T19:10:42Z,,,,,,8020.9
2026-07-06T19:10:42Z,,,,,,8020.1
2026-07-06T19:10:42Z,51.555737,-0.068018,9.7,10,1,8019.7
2026-07-06T19:10:42Z,,,,,,8019.0
2026-07-06T19:10:42Z,,,,,,8016.5
2026-07-06T19:10:42Z,,,,,,8011.9
2026-07-06T19:10:42Z,,,,,,8007.2
2026-07-06T19:10:42Z,,,,,,8002.8
2026-07-06T19:10:42Z,,,,,,7997.9
2026-07-06T19:10:43Z,,,,,,7992.3
2026-07-06T19:10:43Z,,,,,,7985.6
2026-07-06T19:10:43Z,,,,,,7978.0
2026-07-06T19:10:43Z,51.555733,-0.067980,10.8,10,1,7971.9
2026-07-06T19:10:43Z,,,,,,7965.2
2026-07-06T19:10:43Z,,,,,,7959.3
2026-07-06T19:10:43Z,,,,,,7954.3
2026-07-06T19:10:43Z,,,,,,7947.5
2026-07-06T19:10:43Z,,,,,,7941.5
2026-07-06T19:10:43Z,,,,,,7936.2
2026-07-06T19:10:44Z,,,,,,7931.6
2026-07-06T19:10:44Z,,,,,,7927.8
2026-07-06T19:10:44Z,,,,,,7922.9
2026-07-06T19:10:44Z,51.555721,-0.067935,11.8,10,1,7916.1
2026-07-06T19:10:44Z,,,,,,7910.1
2026-07-06T19:10:44Z,,,,,,7905.4
2026-07-06T19:10:44Z,,,,,,7906.8
2026-07-06T19:10:44Z,,,,,,7910.1
2026-07-06T19:10:44Z,,,,,,7905.6
2026-07-06T19:10:44Z,,,,,,7900.9
2026-07-06T19:10:45Z,,,,,,7901.9
2026-07-06T19:10:45Z,,,,,,7906.5
2026-07-06T19:10:45Z,,,,,,7914.0
2026-07-06T19:10:45Z,51.555710,-0.067896,12.5,10,1,7921.5
2026-07-06T19:10:45Z,,,,,,7926.2
2026-07-06T19:10:45Z,,,,,,7929.9
2026-07-06T19:10:45Z,,,,,,7934.9
2026-07-06T19:10:45Z,,,,,,7940.5
2026-07-06T19:10:45Z,,,,,,7944.7
2026-07-06T19:10:45Z,,,,,,7945.5
2026-07-06T19:10:46Z,,,,,,7944.6
2026-07-06T19:10:46Z,,,,,,7943.1
2026-07-06T19:10:46Z,,,,,,7941.4
2026-07-06T19:10:46Z,51.555702,-0.067860,13.1,10,1,7939.8
2026-07-06T19:10:46Z,,,,,,7936.0
2026-07-06T19:10:46Z,,,,,,7929.3
2026-07-06T19:10:46Z,,,,,,7922.4
2026-07-06T19:10:46Z,,,,,,7915.7
2026-07-06T19:10:46Z,,,,,,7909.6
2026-07-06T19:10:46Z,,,,,,7903.3
2026-07-06T19:10:47Z,,,,,,7895.5
2026-07-06T19:10:47Z,,,,,,7887.8
2026-07-06T19:10:47Z,,,,,,7880.0
2026-07-06T19:10:47Z,51.555695,-0.067819,13.9,10,1,7874.3
2026-07-06T19:10:47Z,,,,,,7870.9
2026-07-06T19:10:47Z,,,,,,7868.5
2026-07-06T19:10:47Z,,,,,,7867.0
2026-07-06T19:10:47Z,,,,,,7867.3
2026-07-06T19:10:47Z,,,,,,7872.1
2026-07-06T19:10:47Z,,,,,,7881.8
2026-07-06T19:10:48Z,,,,,,7893.2
2026-07-06T19:10:48Z,,,,,,7905.4
2026-07-06T19:10:48Z,,,,,,7917.5
2026-07-06T19:10:48Z,51.555687,-0.067787,14.2,10,1,7927.7
2026-07-06T19:10:48Z,,,,,,7937.5
2026-07-06T19:10:48Z,,,,,,7945.0
2026-07-06T19:10:48Z,,,,,,7948.8
2026-07-06T19:10:48Z,,,,,,7950.0
2026-07-06T19:10:48Z,,,,,,7949.5
2026-07-06T19:10:48Z,,,,,,7948.7
2026-07-06T19:10:49Z,,,,,,7945.7
2026-07-06T19:10:49Z,,,,,,7940.8
2026-07-06T19:10:49Z,,,,,,7935.2
2026-07-06T19:10:49Z,51.555683,-0.067755,14.6,10,1,7930.0
2026-07-06T19:10:49Z,,,,,,7923.9
2026-07-06T19:10:49Z,,,,,,7917.6
2026-07-06T19:10:49Z,,,,,,7911.8
2026-07-06T19:10:49Z,,,,,,7904.0
2026-07-06T19:10:49Z,,,,,,7895.6
2026-07-06T19:10:49Z,,,,,,7888.9
2026-07-06T19:10:50Z,,,,,,7883.8
2026-07-06T19:10:50Z,,,,,,7877.4
2026-07-06T19:10:50Z,,,,,,7869.1
2026-07-06T19:10:50Z,51.555679,-0.067733,15.4,10,1,7863.4
2026-07-06T19:10:50Z,,,,,,7857.2
2026-07-06T19:10:50Z,,,,,,7849.3
2026-07-06T19:10:50Z,,,,,,7845.2
2026-07-06T19:10:50Z,,,,,,7841.1
2026-07-06T19:10:50Z,,,,,,7834.5
2026-07-06T19:10:50Z,,,,,,7828.3
2026-07-06T19:10:51Z,,,,,,7824.1
2026-07-06T19:10:51Z,,,,,,7822.0
2026-07-06T19:10:51Z,,,,,,7819.1
2026-07-06T19:10:51Z,51.555676,-0.067710,15.9,10,1,7814.8
2026-07-06T19:10:51Z,,,,,,7810.8
2026-07-06T19:10:51Z,,,,,,7808.0
2026-07-06T19:10:51Z,,,,,,7807.0
2026-07-06T19:10:51Z,,,,,,7807.5
2026-07-06T19:10:51Z,,,,,,7807.1
2026-07-06T19:10:51Z,,,,,,7803.9
2026-07-06T19:10:52Z,,,,,,7799.5
2026-07-06T19:10:52Z,,,,,,7796.0
2026-07-06T19:10:52Z,,,,,,7794.5
2026-07-06T19:10:52Z,51.555672,-0.067685,16.4,10,1,7793.3
2026-07-06T19:10:52Z,,,,,,7790.2
2026-07-06T19:10:52Z,,,,,,7785.3
2026-07-06T19:10:52Z,,,,,,7780.1
2026-07-06T19:10:52Z,,,,,,7776.5
2026-07-06T19:10:52Z,,,,,,7773.9
2026-07-06T19:10:52Z,,,,,,7771.9
2026-07-06T19:10:53Z,,,,,,7768.4
2026-07-06T19:10:53Z,,,,,,7764.4
2026-07-06T19:10:53Z,,,,,,7762.0
2026-07-06T19:10:53Z,51.555672,-0.067665,16.2,10,1,7762.2
2026-07-06T19:10:53Z,,,,,,7762.5
2026-07-06T19:10:53Z,,,,,,7761.2
2026-07-06T19:10:53Z,,,,,,7761.0
2026-07-06T19:10:53Z,,,,,,7759.7
2026-07-06T19:10:53Z,,,,,,7758.8
2026-07-06T19:10:53Z,,,,,,7758.5
2026-07-06T19:10:54Z,,,,,,7757.2
2026-07-06T19:10:54Z,,,,,,7755.2
2026-07-06T19:10:54Z,,,,,,7753.0
2026-07-06T19:10:54Z,51.555668,-0.067642,16.5,10,1,7750.8
2026-07-06T19:10:54Z,,,,,,7748.2
2026-07-06T19:10:54Z,,,,,,7745.2
2026-07-06T19:10:54Z,,,,,,7741.6
2026-07-06T19:10:54Z,,,,,,7739.7
2026-07-06T19:10:54Z,,,,,,7739.5
2026-07-06T19:10:54Z,,,,,,7739.8
2026-07-06T19:10:55Z,,,,,,7740.2
2026-07-06T19:10:55Z,,,,,,7740.8
2026-07-06T19:10:55Z,,,,,,7741.8
2026-07-06T19:10:55Z,51.555664,-0.067616,16.9,10,1,7744.7
2026-07-06T19:10:55Z,,,,,,7748.4
2026-07-06T19:10:55Z,,,,,,7750.2
2026-07-06T19:10:55Z,,,,,,7749.6
2026-07-06T19:10:55Z,,,,,,7747.8
2026-07-06T19:10:55Z,,,,,,7746.3
2026-07-06T19:10:55Z,,,,,,7745.5
2026-07-06T19:10:56Z,,,,,,7746.3
2026-07-06T19:10:56Z,,,,,,7745.7
2026-07-06T19:10:56Z,,,,,,7742.0
2026-07-06T19:10:56Z,51.555660,-0.067589,17.4,10,1,7739.0
2026-07-06T19:10:56Z,,,,,,7736.6
2026-07-06T19:10:56Z,,,,,,7734.8
2026-07-06T19:10:56Z,,,,,,7735.3
2026-07-06T19:10:56Z,,,,,,7735.0
2026-07-06T19:10:56Z,,,,,,7733.2
2026-07-06T19:10:56Z,,,,,,7732.0
2026-07-06T19:10:57Z,,,,,,7731.3
2026-07-06T19:10:57Z,,,,,,7731.6
2026-07-06T19:10:57Z,,,,,,7732.1
2026-07-06T19:10:57Z,51.555660,-0.067572,17.3,10,1,7730.2
2026-07-06T19:10:57Z,,,,,,7726.6
2026-07-06T19:10:57Z,,,,,,7724.0
2026-07-06T19:10:57Z,,,,,,7723.1
2026-07-06T19:10:57Z,,,,,,7722.9
2026-07-06T19:10:57Z,,,,,,7723.6
2026-07-06T19:10:57Z,,,,,,7725.8
2026-07-06T19:10:58Z,,,,,,7730.9
2026-07-06T19:10:58Z,,,,,,7740.1
2026-07-06T19:10:58Z,,,,,,7753.2
2026-07-06T19:10:58Z,51.555656,-0.067549,17.6,10,1,7769.0
2026-07-06T19:10:58Z,,,,,,7781.8
2026-07-06T19:10:58Z,,,,,,7791.4
2026-07-06T19:10:58Z,,,,,,7801.0
2026-07-06T19:10:58Z,,,,,,7810.5
2026-07-06T19:10:58Z,,,,,,7818.6
2026-07-06T19:10:58Z,,,,,,7823.5
2026-07-06T19:10:59Z,,,,,,7826.2
2026-07-06T19:10:59Z,,,,,,7827.7
2026-07-06T19:10:59Z,,,,,,7828.8
2026-07-06T19:10:59Z,51.555656,-0.067530,17.5,10,1,7830.2
2026-07-06T19:10:59Z,,,,,,7830.4
2026-07-06T19:10:59Z,,,,,,7828.2
2026-07-06T19:10:59Z,,,,,,7825.4
2026-07-06T19:10:59Z,,,,,,7822.1
2026-07-06T19:10:59Z,,,,,,7818.5
2026-07-06T19:10:59Z,,,,,,7814.5
2026-07-06T19:11:00Z,,,,,,7808.8
2026-07-06T19:11:00Z,,,,,,7803.1
2026-07-06T19:11:00Z,,,,,,7797.4
2026-07-06T19:11:00Z,51.555653,-0.067506,17.6,10,1,7793.2
2026-07-06T19:11:00Z,,,,,,7790.4
2026-07-06T19:11:00Z,,,,,,7787.2
2026-07-06T19:11:00Z,,,,,,7784.9
2026-07-06T19:11:00Z,,,,,,7785.5
2026-07-06T19:11:00Z,,,,,,7788.4
2026-07-06T19:11:00Z,,,,,,7791.9
2026-07-06T19:11:01Z,,,,,,7795.2
2026-07-06T19:11:01Z,,,,,,7799.0
2026-07-06T19:11:01Z,,,,,,7803.3
2026-07-06T19:11:01Z,51.555656,-0.067491,17.4,10,1,7807.5
2026-07-06T19:11:01Z,,,,,,7810.9
2026-07-06T19:11:01Z,,,,,,7811.2
2026-07-06T19:11:01Z,,,,,,7809.4
2026-07-06T19:11:01Z,,,,,,7806.5
2026-07-06T19:11:01Z,,,,,,7803.0
2026-07-06T19:11:01Z,,,,,,7799.4
2026-07-06T19:11:02Z,,,,,,7794.3
2026-07-06T19:11:02Z,,,,,,7787.9
2026-07-06T19:11:02Z,,,,,,7781.8
2026-07-06T19:11:02Z,51.555656,-0.067485,17.0,10,1,7775.1
2026-07-06T19:11:02Z,,,,,,7767.7
2026-07-06T19:11:02Z,,,,,,7763.3
2026-07-06T19:11:02Z,,,,,,7759.0
2026-07-06T19:11:02Z,,,,,,7750.6
2026-07-06T19:11:02Z,,,,,,7742.6
2026-07-06T19:11:02Z,,,,,,7735.7
2026-07-06T19:11:03Z,,,,,,7731.8
2026-07-06T19:11:03Z,,,,,,7730.7
2026-07-06T19:11:03Z,,,,,,7729.1
2026-07-06T19:11:03Z,51.555656,-0.067476,16.6,10,1,7728.3
2026-07-06T19:11:03Z,,,,,,7729.0
2026-07-06T19:11:03Z,,,,,,7731.5
2026-07-06T19:11:03Z,,,,,,7739.5
2026-07-06T19:11:03Z,,,,,,7748.8
2026-07-06T19:11:03Z,,,,,,7754.8
2026-07-06T19:11:03Z,,,,,,7758.9
2026-07-06T19:11:04Z,,,,,,7763.2
2026-07-06T19:11:04Z,,,,,,7769.0
2026-07-06T19:11:04Z,,,,,,7773.8
2026-07-06T19:11:04Z,51.555656,-0.067459,16.5,10,1,7775.8
2026-07-06T19:11:04Z,,,,,,7775.9
2026-07-06T19:11:04Z,,,,,,7775.5
2026-07-06T19:11:04Z,,,,,,7776.2
2026-07-06T19:11:04Z,,,,,,7777.3
2026-07-06T19:11:04Z,,,,,,7778.8
2026-07-06T19:11:04Z,,,,,,7780.2
2026-07-06T19:11:05Z,,,,,,7781.4
2026-07-06T19:11:05Z,,,,,,7785.5
2026-07-06T19:11:05Z,,,,,,7791.8
2026-07-06T19:11:05Z,51.555656,-0.067439,16.3,10,1,7797.5
2026-07-06T19:11:05Z,,,,,,7801.8
2026-07-06T19:11:05Z,,,,,,7805.1
2026-07-06T19:11:05Z,,,,,,7806.9
2026-07-06T19:11:05Z,,,,,,7808.6
2026-07-06T19:11:05Z,,,,,,7810.0
2026-07-06T19:11:05Z,,,,,,7809.7
2026-07-06T19:11:06Z,,,,,,7807.8
2026-07-06T19:11:06Z,,,,,,7805.8
2026-07-06T19:11:06Z,,,,,,7804.1
2026-07-06T19:11:06Z,51.555656,-0.067418,16.2,10,1,7801.4
2026-07-06T19:11:06Z,,,,,,7796.4
2026-07-06T19:11:06Z,,,,,,7789.4
2026-07-06T19:11:06Z,,,,,,7783.4
2026-07-06T19:11:06Z,,,,,,7779.4
2026-07-06T19:11:06Z,,,,,,7775.9
2026-07-06T19:11:06Z,,,,,,7771.0
2026-07-06T19:11:07Z,,,,,,7763.7
2026-07-06T19:11:07Z,,,,,,7755.6
2026-07-06T19:11:07Z,,,,,,7749.0
2026-07-06T19:11:07Z,51.555653,-0.067403,16.3,10,1,7745.7
2026-07-06T19:11:07Z,,,,,,7743.0
2026-07-06T19:11:07Z,,,,,,7737.8
2026-07-06T19:11:07Z,,,,,,7732.3
2026-07-06T19:11:07Z,,,,,,7729.0
2026-07-06T19:11:07Z,,,,,,7728.2
2026-07-06T19:11:07Z,,,,,,7730.7
2026-07-06T19:11:08Z,,,,,,7734.4
2026-07-06T19:11:08Z,,,,,,7736.0
2026-07-06T19:11:08Z,,,,,,7736.2
2026-07-06T19:11:08Z,51.555653,-0.067384,16.2,10,1,7737.5
2026-07-06T19:11:08Z,,,,,,7740.9
2026-07-06T19:11:08Z,,,,,,7743.5
2026-07-06T19:11:08Z,,,,,,7744.6
2026-07-06T19:11:08Z,,,,,,7743.3
2026-07-06T19:11:08Z,,,,,,7741.3
2026-07-06T19:11:08Z,,,,,,7739.0
2026-07-06T19:11:09Z,,,,,,7737.3
2026-07-06T19:11:09Z,,,,,,7737.4
2026-07-06T19:11:09Z,,,,,,7735.4
2026-07-06T19:11:09Z,51.555653,-0.067369,16.1,10,1,7730.6
2026-07-06T19:11:09Z,,,,,,7725.7
2026-07-06T19:11:09Z,,,,,,7722.2
2026-07-06T19:11:09Z,,,,,,7718.4
2026-07-06T19:11:09Z,,,,,,7715.1
2026-07-06T19:11:09Z,,,,,,7713.2
2026-07-06T19:11:09Z,,,,,,7710.5
2026-07-06T19:11:10Z,,,,,,7708.0
2026-07-06T19:11:10Z,,,,,,7709.1
2026-07-06T19:11:10Z,,,,,,7713.4
2026-07-06T19:11:10Z,51.555653,-0.067357,16.1,10,1,7716.6
2026-07-06T19:11:10Z,,,,,,7719.6
2026-07-06T19:11:10Z,,,,,,7723.0
2026-07-06T19:11:10Z,,,,,,7728.3
2026-07-06T19:11:10Z,,,,,,7734.2
2026-07-06T19:11:10Z,,,,,,7737.8
2026-07-06T19:11:10Z,,,,,,7739.9
2026-07-06T19:11:11Z,,,,,,7741.3
2026-07-06T19:11:11Z,,,,,,7741.4
2026-07-06T19:11:11Z,,,,,,7741.5
2026-07-06T19:11:11Z,51.555653,-0.067338,16.0,11,1,7742.0
2026-07-06T19:11:11Z,,,,,,7740.1
2026-07-06T19:11:11Z,,,,,,7736.7
2026-07-06T19:11:11Z,,,,,,7733.4
2026-07-06T19:11:11Z,,,,,,7729.8
2026-07-06T19:11:11Z,,,,,,7725.2
2026-07-06T19:11:11Z,,,,,,7719.8
2026-07-06T19:11:12Z,,,,,,7713.5
2026-07-06T19:11:12Z,,,,,,7709.1
2026-07-06T19:11:12Z,,,,,,7704.8
2026-07-06T19:11:12Z,51.555653,-0.067323,15.5,11,1,7700.7
2026-07-06T19:11:12Z,,,,,,7697.1
2026-07-06T19:11:12Z,,,,,,7691.3
2026-07-06T19:11:12Z,,,,,,7685.1
2026-07-06T19:11:12Z,,,,,,7682.1
2026-07-06T19:11:12Z,,,,,,7682.1
2026-07-06T19:11:12Z,,,,,,7679.8
2026-07-06T19:11:13Z,,,,,,7675.3
2026-07-06T19:11:13Z,,,,,,7672.0
2026-07-06T19:11:13Z,,,,,,7670.6
2026-07-06T19:11:13Z,51.555656,-0.067305,15.1,11,1,7672.8
2026-07-06T19:11:13Z,,,,,,7676.3
2026-07-06T19:11:13Z,,,,,,7677.7
2026-07-06T19:11:13Z,,,,,,7677.3
2026-07-06T19:11:13Z,,,,,,7676.2
2026-07-06T19:11:13Z,,,,,,7676.9
2026-07-06T19:11:13Z,,,,,,7681.5
2026-07-06T19:11:14Z,,,,,,7684.5
2026-07-06T19:11:14Z,,,,,,7682.8
2026-07-06T19:11:14Z,,,,,,7680.4
2026-07-06T19:11:14Z,51.555660,-0.067287,14.6,11,1,7679.6
2026-07-06T19:11:14Z,,,,,,7680.6
2026-07-06T19:11:14Z,,,,,,7685.0
2026-07-06T19:11:14Z,,,,,,7691.0
2026-07-06T19:11:14Z,,,,,,7693.5
2026-07-06T19:11:14Z,,,,,,7696.0
2026-07-06T19:11:14Z,,,,,,7700.7
2026-07-06T19:11:15Z,,,,,,7708.4
2026-07-06T19:11:15Z,,,,,,7717.2
2026-07-06T19:11:15Z,,,,,,7724.3
2026-07-06T19:11:15Z,51.555660,-0.067261,14.8,11,1,7730.6
2026-07-06T19:11:15Z,,,,,,7735.7
2026-07-06T19:11:15Z,,,,,,7739.5
2026-07-06T19:11:15Z,,,,,,7744.9
2026-07-06T19:11:15Z,,,,,,7749.7
2026-07-06T19:11:15Z,,,,,,7750.3
2026-07-06T19:11:15Z,,,,,,7747.9
2026-07-06T19:11:16Z,,,,,,7743.8
2026-07-06T19:11:16Z,,,,,,7741.4
2026-07-06T19:11:16Z,,,,,,7738.8
2026-07-06T19:11:16Z,51.555660,-0.067238,14.5,11,1,7735.6
2026-07-06T19:11:16Z,,,,,,7730.5
2026-07-06T19:11:16Z,,,,,,7723.1
2026-07-06T19:11:16Z,,,,,,7716.8
2026-07-06T19:11:16Z,,,,,,7711.4
2026-07-06T19:11:16Z,,,,,,7706.6
2026-07-06T19:11:16Z,,,,,,7700.4
2026-07-06T19:11:17Z,,,,,,7694.1
2026-07-06T19:11:17Z,,,,,,7689.4
2026-07-06T19:11:17Z,,,,,,7686.9
2026-07-06T19:11:17Z,51.555660,-0.067215,14.4,11,1,7686.0
2026-07-06T19:11:17Z,,,,,,7685.6
2026-07-06T19:11:17Z,,,,,,7686.5
2026-07-06T19:11:17Z,,,,,,7688.4
2026-07-06T19:11:17Z,,,,,,7691.2
2026-07-06T19:11:17Z,,,,,,7693.7
2026-07-06T19:11:17Z,,,,,,7694.9
2026-07-06T19:11:18Z,,,,,,7695.2
2026-07-06T19:11:18Z,,,,,,7696.1
2026-07-06T19:11:18Z,,,,,,7698.5
2026-07-06T19:11:18Z,51.555656,-0.067190,14.4,11,1,7701.9
2026-07-06T19:11:18Z,,,,,,7704.7
2026-07-06T19:11:18Z,,,,,,7707.6
2026-07-06T19:11:18Z,,,,,,7714.9
2026-07-06T19:11:18Z,,,,,,7725.6
2026-07-06T19:11:18Z,,,,,,7738.2
2026-07-06T19:11:18Z,,,,,,7751.5
2026-07-06T19:11:19Z,,,,,,7763.8
2026-07-06T19:11:19Z,,,,,,7775.5
2026-07-06T19:11:19Z,,,,,,7787.3
2026-07-06T19:11:19Z,51.555653,-0.067164,14.4,11,1,7801.1
2026-07-06T19:11:19Z,,,,,,7814.1
2026-07-06T19:11:19Z,,,,,,7822.4
2026-07-06T19:11:19Z,,,,,,7828.1
2026-07-06T19:11:19Z,,,,,,7833.2
2026-07-06T19:11:19Z,,,,,,7838.1
2026-07-06T19:11:19Z,,,,,,7844.1
2026-07-06T19:11:20Z,,,,,,7849.6
2026-07-06T19:11:20Z,,,,,,7851.2
2026-07-06T19:11:20Z,,,,,,7849.1
2026-07-06T19:11:20Z,51.555649,-0.067139,14.3,11,1,7846.1
2026-07-06T19:11:20Z,,,,,,7844.9
2026-07-06T19:11:20Z,,,,,,7843.4
2026-07-06T19:11:20Z,,,,,,7839.0
2026-07-06T19:11:20Z,,,,,,7832.7
2026-07-06T19:11:20Z,,,,,,7825.8
2026-07-06T19:11:20Z,,,,,,7819.2
2026-07-06T19:11:21Z,,,,,,7813.5
2026-07-06T19:11:21Z,,,,,,7808.7
2026-07-06T19:11:21Z,,,,,,7801.7
2026-07-06T19:11:21Z,51.555645,-0.067116,14.5,11,1,7792.4
2026-07-06T19:11:21Z,,,,,,7782.4
2026-07-06T19:11:21Z,,,,,,7772.9
2026-07-06T19:11:21Z,,,,,,7766.7
2026-07-06T19:11:21Z,,,,,,7760.9
2026-07-06T19:11:21Z,,,,,,7752.9
2026-07-06T19:11:21Z,,,,,,7744.7
2026-07-06T19:11:22Z,,,,,,7738.6
2026-07-06T19:11:22Z,,,,,,7736.5
2026-07-06T19:11:22Z,,,,,,7739.5
2026-07-06T19:11:22Z,51.555641,-0.067094,14.5,11,1,7750.8
2026-07-06T19:11:22Z,,,,,,7758.7
2026-07-06T19:11:22Z,,,,,,7764.4
2026-07-06T19:11:22Z,,,,,,7779.0
2026-07-06T19:11:22Z,,,,,,7795.5
2026-07-06T19:11:22Z,,,,,,7811.5
2026-07-06T19:11:22Z,,,,,,7824.5
2026-07-06T19:11:23Z,,,,,,7833.8
2026-07-06T19:11:23Z,,,,,,7840.4
2026-07-06T19:11:23Z,,,,,,7846.6
2026-07-06T19:11:23Z,51.555637,-0.067072,14.5,11,1,7853.4
2026-07-06T19:11:23Z,,,,,,7857.3
2026-07-06T19:11:23Z,,,,,,7857.4
2026-07-06T19:11:23Z,,,,,,7856.3
2026-07-06T19:11:23Z,,,,,,7854.6
2026-07-06T19:11:23Z,,,,,,7853.3
2026-07-06T19:11:23Z,,,,,,7851.2
2026-07-06T19:11:24Z,,,,,,7847.4
2026-07-06T19:11:24Z,,,,,,7843.3
2026-07-06T19:11:24Z,,,,,,7838.2
2026-07-06T19:11:24Z,51.555637,-0.067048,14.2,11,1,7833.7
2026-07-06T19:11:24Z,,,,,,7829.7
2026-07-06T19:11:24Z,,,,,,7824.9
2026-07-06T19:11:24Z,,,,,,7819.5
2026-07-06T19:11:24Z,,,,,,7814.4
2026-07-06T19:11:24Z,,,,,,7809.9
2026-07-06T19:11:24Z,,,,,,7804.9
2026-07-06T19:11:25Z,,,,,,7799.9
2026-07-06T19:11:25Z,,,,,,7794.5
2026-07-06T19:11:25Z,,,,,,7792.2
2026-07-06T19:11:25Z,51.555634,-0.067023,14.1,11,1,7793.1
2026-07-06T19:11:25Z,,,,,,7793.6
2026-07-06T19:11:25Z,,,,,,7792.9
2026-07-06T19:11:25Z,,,,,,7792.1
2026-07-06T19:11:25Z,,,,,,7791.0
2026-07-06T19:11:25Z,,,,,,7792.9
2026-07-06T19:11:25Z,,,,,,7799.9
2026-07-06T19:11:26Z,,,,,,7805.5
2026-07-06T19:11:26Z,,,,,,7807.8
2026-07-06T19:11:26Z,,,,,,7810.4
2026-07-06T19:11:26Z,51.555630,-0.066998,14.0,11,1,7815.6
2026-07-06T19:11:26Z,,,,,,7821.9
2026-07-06T19:11:26Z,,,,,,7830.0
2026-07-06T19:11:26Z,,,,,,7837.9
2026-07-06T19:11:26Z,,,,,,7841.7
2026-07-06T19:11:26Z,,,,,,7843.4
2026-07-06T19:11:26Z,,,,,,7844.6
2026-07-06T19:11:27Z,,,,,,7847.5
2026-07-06T19:11:27Z,,,,,,7851.9
2026-07-06T19:11:27Z,,,,,,7852.3
2026-07-06T19:11:27Z,51.555630,-0.066996,13.9,11,1,7848.3
2026-07-06T19:11:27Z,,,,,,7845.1
2026-07-06T19:11:27Z,,,,,,7842.5
2026-07-06T19:11:27Z,,,,,,7842.7
2026-07-06T19:11:27Z,,,,,,7844.6
2026-07-06T19:11:27Z,,,,,,7842.6
2026-07-06T19:11:27Z,,,,,,7837.5
2026-07-06T19:11:28Z,,,,,,7833.6
2026-07-06T19:11:28Z,,,,,,7833.0
2026-07-06T19:11:28Z,,,,,,7834.1
2026-07-06T19:11:28Z,51.555630,-0.066994,14.0,11,1,7834.9
2026-07-06T19:11:28Z,,,,,,7834.0
2026-07-06T19:11:28Z,,,,,,7832.2
2026-07-06T19:11:28Z,,,,,,7831.5
2026-07-06T19:11:28Z,,,,,,7832.8
2026-07-06T19:11:28Z,,,,,,7835.5
2026-07-06T19:11:28Z,,,,,,7835.5
2026-07-06T19:11:29Z,,,,,,7832.2
2026-07-06T19:11:29Z,,,,,,7829.0
2026-07-06T19:11:29Z,,,,,,7828.3
2026-07-06T19:11:29Z,51.555626,-0.066992,14.0,11,1,7829.1
2026-07-06T19:11:29Z,,,,,,7829.1
2026-07-06T19:11:29Z,,,,,,7828.4
2026-07-06T19:11:29Z,,,,,,7827.4
2026-07-06T19:11:29Z,,,,,,7827.4
2026-07-06T19:11:29Z,,,,,,7830.2
2026-07-06T19:11:29Z,,,,,,7832.5
2026-07-06T19:11:30Z,,,,,,7832.1
2026-07-06T19:11:30Z,,,,,,7831.1
2026-07-06T19:11:30Z,,,,,,7829.4
2026-07-06T19:11:30Z,51.555630,-0.066975,13.8,11,1,7827.8
2026-07-06T19:11:30Z,,,,,,7824.6
2026-07-06T19:11:30Z,,,,,,7819.7
2026-07-06T19:11:30Z,,,,,,7816.2
2026-07-06T19:11:30Z,,,,,,7813.8
2026-07-06T19:11:30Z,,,,,,7811.5
2026-07-06T19:11:30Z,,,,,,7807.1
2026-07-06T19:11:31Z,,,,,,7800.5
2026-07-06T19:11:31Z,,,,,,7792.4
2026-07-06T19:11:31Z,,,,,,7785.1
2026-07-06T19:11:31Z,51.555626,-0.066973,13.9,11,1,7782.3
2026-07-06T19:11:31Z,,,,,,7779.0
2026-07-06T19:11:31Z,,,,,,7771.1
2026-07-06T19:11:31Z,,,,,,7761.9
2026-07-06T19:11:31Z,,,,,,7753.7
2026-07-06T19:11:31Z,,,,,,7749.2
2026-07-06T19:11:31Z,,,,,,7750.6
2026-07-06T19:11:32Z,,,,,,7752.4
2026-07-06T19:11:32Z,,,,,,7752.4
2026-07-06T19:11:32Z,,,,,,7754.5
2026-07-06T19:11:32Z,51.555626,-0.066970,13.9,11,1,7762.1
2026-07-06T19:11:32Z,,,,,,7777.8
2026-07-06T19:11:32Z,,,,,,7798.9
2026-07-06T19:11:32Z,,,,,,7819.7
2026-07-06T19:11:32Z,,,,,,7837.0
2026-07-06T19:11:32Z,,,,,,7852.9
2026-07-06T19:11:32Z,,,,,,7868.3
2026-07-06T19:11:33Z,,,,,,7883.5
2026-07-06T19:11:33Z,,,,,,7899.2
2026-07-06T19:11:33Z,,,,,,7909.8
2026-07-06T19:11:33Z,51.555626,-0.066967,14.0,11,1,7915.2
2026-07-06T19:11:33Z,,,,,,7920.1
2026-07-06T19:11:33Z,,,,,,7925.5
2026-07-06T19:11:33Z,,,,,,7933.7
2026-07-06T19:11:33Z,,,,,,7943.3
2026-07-06T19:11:33Z,,,,,,7950.0
2026-07-06T19:11:33Z,,,,,,7953.7
2026-07-06T19:11:34Z,,,,,,7955.6
2026-07-06T19:11:34Z,,,,,,7958.1
2026-07-06T19:11:34Z,,,,,,7961.0
2026-07-06T19:11:34Z,51.555626,-0.066938,13.3,11,1,7963.1
2026-07-06T19:11:34Z,,,,,,7960.6
2026-07-06T19:11:34Z,,,,,,7954.6
2026-07-06T19:11:34Z,,,,,,7949.0
2026-07-06T19:11:34Z,,,,,,7944.7
2026-07-06T19:11:34Z,,,,,,7940.5
2026-07-06T19:11:34Z,,,,,,7935.0
2026-07-06T19:11:35Z,,,,,,7928.5
2026-07-06T19:11:35Z,,,,,,7920.9
2026-07-06T19:11:35Z,,,,,,7914.6
2026-07-06T19:11:35Z,51.555622,-0.066905,13.5,11,1,7911.4
2026-07-06T19:11:35Z,,,,,,7907.6
2026-07-06T19:11:35Z,,,,,,7902.1
2026-07-06T19:11:35Z,,,,,,7896.4
2026-07-06T19:11:35Z,,,,,,7889.6
2026-07-06T19:11:35Z,,,,,,7884.0
2026-07-06T19:11:35Z,,,,,,7878.7
2026-07-06T19:11:36Z,,,,,,7871.0
2026-07-06T19:11:36Z,,,,,,7865.3
2026-07-06T19:11:36Z,,,,,,7860.7
2026-07-06T19:11:36Z,51.555618,-0.066878,13.3,11,1,7855.8
2026-07-06T19:11:36Z,,,,,,7850.9
2026-07-06T19:11:36Z,,,,,,7845.5
2026-07-06T19:11:36Z,,,,,,7839.1
2026-07-06T19:11:36Z,,,,,,7835.1
2026-07-06T19:11:36Z,,,,,,7834.3
2026-07-06T19:11:36Z,,,,,,7831.2
2026-07-06T19:11:37Z,,,,,,7826.4
2026-07-06T19:11:37Z,,,,,,7820.3
2026-07-06T19:11:37Z,,,,,,7814.8
2026-07-06T19:11:37Z,51.555618,-0.066877,13.0,11,1,7812.5
2026-07-06T19:11:37Z,,,,,,7813.6
2026-07-06T19:11:37Z,,,,,,7813.8
2026-07-06T19:11:37Z,,,,,,7811.4
2026-07-06T19:11:37Z,,,,,,7808.2
2026-07-06T19:11:37Z,,,,,,7806.3
2026-07-06T19:11:37Z,,,,,,7808.5
2026-07-06T19:11:38Z,,,,,,7813.6
2026-07-06T19:11:38Z,,,,,,7816.7
2026-07-06T19:11:38Z,,,,,,7816.5
2026-07-06T19:11:38Z,51.555626,-0.066867,12.6,11,1,7817.5
2026-07-06T19:11:38Z,,,,,,7820.4
2026-07-06T19:11:38Z,,,,,,7826.3
2026-07-06T19:11:38Z,,,,,,7836.8
2026-07-06T19:11:38Z,,,,,,7845.2
2026-07-06T19:11:38Z,,,,,,7849.8
2026-07-06T19:11:38Z,,,,,,7854.3
2026-07-06T19:11:39Z,,,,,,7859.5
2026-07-06T19:11:39Z,,,,,,7866.9
2026-07-06T19:11:39Z,,,,,,7875.8
2026-07-06T19:11:39Z,51.555622,-0.066848,11.9,11,1,7881.8
2026-07-06T19:11:39Z,,,,,,7886.6
2026-07-06T19:11:39Z,,,,,,7892.6
2026-07-06T19:11:39Z,,,,,,7902.4
2026-07-06T19:11:39Z,,,,,,7914.7
2026-07-06T19:11:39Z,,,,,,7925.4
2026-07-06T19:11:39Z,,,,,,7932.5
2026-07-06T19:11:40Z,,,,,,7936.3
2026-07-06T19:11:40Z,,,,,,7939.5
2026-07-06T19:11:40Z,,,,,,7943.0
2026-07-06T19:11:40Z,51.555614,-0.066826,10.6,11,1,7946.3
2026-07-06T19:11:40Z,,,,,,7947.0
2026-07-06T19:11:40Z,,,,,,7944.5
2026-07-06T19:11:40Z,,,,,,7940.5
2026-07-06T19:11:40Z,,,,,,7937.3
2026-07-06T19:11:40Z,,,,,,7934.9
2026-07-06T19:11:40Z,,,,,,7932.1
2026-07-06T19:11:41Z,,,,,,7926.7
2026-07-06T19:11:41Z,,,,,,7919.5
2026-07-06T19:11:41Z,,,,,,7912.4
2026-07-06T19:11:41Z,51.555614,-0.066817,9.9,11,1,7907.0
2026-07-06T19:11:41Z,,,,,,7901.4
2026-07-06T19:11:41Z,,,,,,7893.8
2026-07-06T19:11:41Z,,,,,,7886.1
2026-07-06T19:11:41Z,,,,,,7877.6
2026-07-06T19:11:41Z,,,,,,7870.9
2026-07-06T19:11:41Z,,,,,,7866.1
2026-07-06T19:11:42Z,,,,,,7861.4
2026-07-06T19:11:42Z,,,,,,7856.5
2026-07-06T19:11:42Z,,,,,,7854.0
2026-07-06T19:11:42Z,51.555611,-0.066807,9.0,11,1,7852.8
2026-07-06T19:11:42Z,,,,,,7850.8
2026-07-06T19:11:42Z,,,,,,7850.2
2026-07-06T19:11:42Z,,,,,,7851.0
2026-07-06T19:11:42Z,,,,,,7854.5
2026-07-06T19:11:42Z,,,,,,7861.1
2026-07-06T19:11:42Z,,,,,,7868.7
2026-07-06T19:11:43Z,,,,,,7876.6
2026-07-06T19:11:43Z,,,,,,7885.3
2026-07-06T19:11:43Z,,,,,,7892.2
2026-07-06T19:11:43Z,51.555614,-0.066796,8.1,11,1,7899.0
2026-07-06T19:11:43Z,,,,,,7907.3
2026-07-06T19:11:43Z,,,,,,7912.7
2026-07-06T19:11:43Z,,,,,,7914.9
2026-07-06T19:11:43Z,,,,,,7915.7
2026-07-06T19:11:43Z,,,,,,7916.5
2026-07-06T19:11:43Z,,,,,,7918.5
2026-07-06T19:11:44Z,,,,,,7921.4
2026-07-06T19:11:44Z,,,,,,7923.8
2026-07-06T19:11:44Z,,,,,,7924.6
2026-07-06T19:11:44Z,51.555614,-0.066788,7.4,11,1,7924.1
2026-07-06T19:11:44Z,,,,,,7921.5
2026-07-06T19:11:44Z,,,,,,7919.8
2026-07-06T19:11:44Z,,,,,,7920.4
2026-07-06T19:11:44Z,,,,,,7917.1
2026-07-06T19:11:44Z,,,,,,7910.8
2026-07-06T19:11:44Z,,,,,,7905.0
2026-07-06T19:11:45Z,,,,,,7899.2
2026-07-06T19:11:45Z,,,,,,7896.1
2026-07-06T19:11:45Z,,,,,,7893.5
2026-07-06T19:11:45Z,51.555618,-0.066778,6.3,11,1,7887.9
2026-07-06T19:11:45Z,,,,,,7878.4
2026-07-06T19:11:45Z,,,,,,7868.9
2026-07-06T19:11:45Z,,,,,,7862.1
2026-07-06T19:11:45Z,,,,,,7859.2
2026-07-06T19:11:45Z,,,,,,7858.3
2026-07-06T19:11:45Z,,,,,,7855.4
2026-07-06T19:11:46Z,,,,,,7853.4
2026-07-06T19:11:46Z,,,,,,7856.3
2026-07-06T19:11:46Z,,,,,,7865.4
2026-07-06T19:11:46Z,51.555618,-0.066768,5.8,11,1,7880.4
2026-07-06T19:11:46Z,,,,,,7898.1
2026-07-06T19:11:46Z,,,,,,7911.1
2026-07-06T19:11:46Z,,,,,,7921.0
2026-07-06T19:11:46Z,,,,,,7931.1
2026-07-06T19:11:46Z,,,,,,7939.9
2026-07-06T19:11:46Z,,,,,,7947.4
2026-07-06T19:11:47Z,,,,,,7951.3
2026-07-06T19:11:47Z,,,,,,7950.6
2026-07-06T19:11:47Z,,,,,,7947.6
2026-07-06T19:11:47Z,51.555614,-0.066760,5.2,11,1,7944.9
2026-07-06T19:11:47Z,,,,,,7942.2
2026-07-06T19:11:47Z,,,,,,7940.8
2026-07-06T19:11:47Z,,,,,,7937.5
2026-07-06T19:11:47Z,,,,,,7930.2
2026-07-06T19:11:47Z,,,,,,7923.1
2026-07-06T19:11:47Z,,,,,,7918.0
2026-07-06T19:11:48Z,,,,,,7914.8
2026-07-06T19:11:48Z,,,,,,7912.7
2026-07-06T19:11:48Z,,,,,,7910.6
2026-07-06T19:11:48Z,51.555611,-0.066749,5.0,11,1,7909.6
2026-07-06T19:11:48Z,,,,,,7910.1
2026-07-06T19:11:48Z,,,,,,7913.9
2026-07-06T19:11:48Z,,,,,,7921.0
2026-07-06T19:11:48Z,,,,,,7927.4
2026-07-06T19:11:48Z,,,,,,7931.1
2026-07-06T19:11:48Z,,,,,,7932.4
2026-07-06T19:11:49Z,,,,,,7935.7
2026-07-06T19:11:49Z,,,,,,7939.1
2026-07-06T19:11:49Z,,,,,,7940.8
2026-07-06T19:11:49Z,51.555595,-0.066734,5.0,11,1,7943.3
2026-07-06T19:11:49Z,,,,,,7944.7
2026-07-06T19:11:49Z,,,,,,7945.7
2026-07-06T19:11:49Z,,,,,,7948.4
2026-07-06T19:11:49Z,,,,,,7950.9
2026-07-06T19:11:49Z,,,,,,7952.2
2026-07-06T19:11:49Z,,,,,,7953.0
2026-07-06T19:11:50Z,,,,,,7955.6
2026-07-06T19:11:50Z,,,,,,7960.3
2026-07-06T19:11:50Z,,,,,,7964.3
2026-07-06T19:11:50Z,51.555592,-0.066718,5.4,11,1,7967.8
2026-07-06T19:11:50Z,,,,,,7973.4
2026-07-06T19:11:50Z,,,,,,7981.1
2026-07-06T19:11:50Z,,,,,,7988.3
2026-07-06T19:11:50Z,,,,,,7993.7
2026-07-06T19:11:50Z,,,,,,7997.9
2026-07-06T19:11:50Z,,,,,,7999.2
2026-07-06T19:11:51Z,,,,,,7998.7
2026-07-06T19:11:51Z,,,,,,8000.0
2026-07-06T19:11:51Z,,,,,,8001.9
2026-07-06T19:11:51Z,51.555588,-0.066703,5.5,11,1,8000.7
2026-07-06T19:11:51Z,,,,,,7994.6
2026-07-06T19:11:51Z,,,,,,7987.3
2026-07-06T19:11:51Z,,,,,,7981.9
2026-07-06T19:11:51Z,,,,,,7979.7
2026-07-06T19:11:51Z,,,,,,7978.0
2026-07-06T19:11:51Z,,,,,,7972.7
2026-07-06T19:11:52Z,,,,,,7964.6
2026-07-06T19:11:52Z,,,,,,7956.4
2026-07-06T19:11:52Z,,,,,,7950.2
2026-07-06T19:11:52Z,51.555584,-0.066688,5.7,11,1,7948.0
2026-07-06T19:11:52Z,,,,,,7944.4
2026-07-06T19:11:52Z,,,,,,7936.6
2026-07-06T19:11:52Z,,,,,,7930.0
2026-07-06T19:11:52Z,,,,,,7925.6
2026-07-06T19:11:52Z,,,,,,7923.8
2026-07-06T19:11:52Z,,,,,,7926.2
2026-07-06T19:11:53Z,,,,,,7928.4
2026-07-06T19:11:53Z,,,,,,7925.3
2026-07-06T19:11:53Z,,,,,,7919.7
2026-07-06T19:11:53Z,51.555576,-0.066664,6.2,11,1,7915.8
2026-07-06T19:11:53Z,,,,,,7915.3
2026-07-06T19:11:53Z,,,,,,7915.9
2026-07-06T19:11:53Z,,,,,,7915.7
2026-07-06T19:11:53Z,,,,,,7914.9
2026-07-06T19:11:53Z,,,,,,7915.3
2026-07-06T19:11:53Z,,,,,,7918.6
2026-07-06T19:11:54Z,,,,,,7925.3
2026-07-06T19:11:54Z,,,,,,7934.9
2026-07-06T19:11:54Z,,,,,,7943.1
2026-07-06T19:11:54Z,51.555576,-0.066647,6.9,11,1,7947.6
2026-07-06T19:11:54Z,,,,,,7950.0
2026-07-06T19:11:54Z,,,,,,7954.2
2026-07-06T19:11:54Z,,,,,,7958.8
2026-07-06T19:11:54Z,,,,,,7962.0
2026-07-06T19:11:54Z,,,,,,7964.2
2026-07-06T19:11:54Z,,,,,,7964.1
2026-07-06T19:11:55Z,,,,,,7962.1
2026-07-06T19:11:55Z,,,,,,7961.0
2026-07-06T19:11:55Z,,,,,,7960.5
2026-07-06T19:11:55Z,51.555576,-0.066632,7.0,11,1,7958.5
2026-07-06T19:11:55Z,,,,,,7952.9
2026-07-06T19:11:55Z,,,,,,7944.5
2026-07-06T19:11:55Z,,,,,,7937.8
2026-07-06T19:11:55Z,,,,,,7932.8
2026-07-06T19:11:55Z,,,,,,7928.0
2026-07-06T19:11:55Z,,,,,,7923.9
2026-07-06T19:11:56Z,,,,,,7920.6
2026-07-06T19:11:56Z,,,,,,7918.1
2026-07-06T19:11:56Z,,,,,,7920.1
2026-07-06T19:11:56Z,51.555576,-0.066623,7.0,11,1,7925.8
2026-07-06T19:11:56Z,,,,,,7930.9
2026-07-06T19:11:56Z,,,,,,7936.1
2026-07-06T19:11:56Z,,,,,,7941.7
2026-07-06T19:11:56Z,,,,,,7946.6
2026-07-06T19:11:56Z,,,,,,7952.5
2026-07-06T19:11:56Z,,,,,,7957.6
2026-07-06T19:11:57Z,,,,,,7960.6
2026-07-06T19:11:57Z,,,,,,7964.2
2026-07-06T19:11:57Z,,,,,,7967.4
2026-07-06T19:11:57Z,51.555576,-0.066615,6.4,11,1,7970.5
2026-07-06T19:11:57Z,,,,,,7973.3
2026-07-06T19:11:57Z,,,,,,7974.1
2026-07-06T19:11:57Z,,,,,,7974.2
2026-07-06T19:11:57Z,,,,,,7976.0
2026-07-06T19:11:57Z,,,,,,7979.1
2026-07-06T19:11:57Z,,,,,,7980.8
2026-07-06T19:11:58Z,,,,,,7981.6
2026-07-06T19:11:58Z,,,,,,7981.5
2026-07-06T19:11:58Z,,,,,,7981.8
2026-07-06T19:11:58Z,51.555573,-0.066605,6.0,11,1,7984.9
2026-07-06T19:11:58Z,,,,,,7987.4
2026-07-06T19:11:58Z,,,,,,7987.1
2026-07-06T19:11:58Z,,,,,,7986.2
2026-07-06T19:11:58Z,,,,,,7984.2
2026-07-06T19:11:58Z,,,,,,7983.6
2026-07-06T19:11:58Z,,,,,,7987.0
2026-07-06T19:11:59Z,,,,,,7989.0
2026-07-06T19:11:59Z,,,,,,7989.3
2026-07-06T19:11:59Z,,,,,,7990.1
2026-07-06T19:11:59Z,51.555569,-0.066591,5.7,11,1,7990.9
2026-07-06T19:11:59Z,,,,,,7994.3
2026-07-06T19:11:59Z,,,,,,7999.7
2026-07-06T19:11:59Z,,,,,,8003.4
2026-07-06T19:11:59Z,,,,,,8004.0
2026-07-06T19:11:59Z,,,,,,8001.8
2026-07-06T19:11:59Z,,,,,,7998.2
2026-07-06T19:12:00Z,,,,,,7996.0
2026-07-06T19:12:00Z,,,,,,7994.5
2026-07-06T19:12:00Z,,,,,,7988.7
2026-07-06T19:12:00Z,51.555561,-0.066581,5.2,11,1,7981.1
2026-07-06T19:12:00Z,,,,,,7972.6
2026-07-06T19:12:00Z,,,,,,7964.6
2026-07-06T19:12:00Z,,,,,,7959.7
2026-07-06T19:12:00Z,,,,,,7956.1
2026-07-06T19:12:00Z,,,,,,7952.4
2026-07-06T19:12:00Z,,,,,,7947.0
2026-07-06T19:12:01Z,,,,,,7939.9
2026-07-06T19:12:01Z,,,,,,7933.8
2026-07-06T19:12:01Z,,,,,,7932.4
2026-07-06T19:12:01Z,51.555557,-0.066574,4.8,11,1,7932.5
2026-07-06T19:12:01Z,,,,,,7927.5
2026-07-06T19:12:01Z,,,,,,7920.6
2026-07-06T19:12:01Z,,,,,,7915.5
2026-07-06T19:12:01Z,,,,,,7911.4
2026-07-06T19:12:01Z,,,,,,7911.0
2026-07-06T19:12:01Z,,,,,,7910.9
2026-07-06T19:12:02Z,,,,,,7907.6
2026-07-06T19:12:02Z,,,,,,7903.1
2026-07-06T19:12:02Z,,,,,,7899.7
2026-07-06T19:12:02Z,51.555550,-0.066571,4.1,11,1,7902.1
2026-07-06T19:12:02Z,,,,,,7909.6
2026-07-06T19:12:02Z,,,,,,7915.4
2026-07-06T19:12:02Z,,,,,,7921.2
2026-07-06T19:12:02Z,,,,,,7927.8
2026-07-06T19:12:02Z,,,,,,7934.6
2026-07-06T19:12:02Z,,,,,,7943.2
2026-07-06T19:12:03Z,,,,,,7953.1
2026-07-06T19:12:03Z,,,,,,7961.3
2026-07-06T19:12:03Z,,,,,,7964.4
2026-07-06T19:12:03Z,51.555542,-0.066565,3.9,11,1,7965.0
2026-07-06T19:12:03Z,,,,,,7964.9
2026-07-06T19:12:03Z,,,,,,7966.5
2026-07-06T19:12:03Z,,,,,,7966.8
2026-07-06T19:12:03Z,,,,,,7961.8
2026-07-06T19:12:03Z,,,,,,7955.8
2026-07-06T19:12:03Z,,,,,,7950.6
2026-07-06T19:12:04Z,,,,,,7944.6
2026-07-06T19:12:04Z,,,,,,7940.5
2026-07-06T19:12:04Z,,,,,,7938.4
2026-07-06T19:12:04Z,51.555531,-0.066559,3.7,11,1,7934.7
2026-07-06T19:12:04Z,,,,,,7928.8
2026-07-06T19:12:04Z,,,,,,7923.5
2026-07-06T19:12:04Z,,,,,,7920.7
2026-07-06T19:12:04Z,,,,,,7920.2
2026-07-06T19:12:04Z,,,,,,7920.3
2026-07-06T19:12:04Z,,,,,,7921.1
2026-07-06T19:12:05Z,,,,,,7924.1
2026-07-06T19:12:05Z,,,,,,7930.9
2026-07-06T19:12:05Z,,,,,,7942.6
2026-07-06T19:12:05Z,51.555519,-0.066549,3.9,11,1,7959.9
2026-07-06T19:12:05Z,,,,,,7977.3
2026-07-06T19:12:05Z,,,,,,7988.7
2026-07-06T19:12:05Z,,,,,,7997.2
2026-07-06T19:12:05Z,,,,,,8004.6
2026-07-06T19:12:05Z,,,,,,8011.9
2026-07-06T19:12:05Z,,,,,,8019.3
2026-07-06T19:12:06Z,,,,,,8023.4
2026-07-06T19:12:06Z,,,,,,8023.2
2026-07-06T19:12:06Z,,,,,,8021.3
2026-07-06T19:12:06Z,51.555508,-0.066539,4.4,11,1,8018.9
2026-07-06T19:12:06Z,,,,,,8017.1
2026-07-06T19:12:06Z,,,,,,8015.8
2026-07-06T19:12:06Z,,,,,,8011.2
2026-07-06T19:12:06Z,,,,,,8003.2
2026-07-06T19:12:06Z,,,,,,7994.5
2026-07-06T19:12:06Z,,,,,,7988.3
2026-07-06T19:12:07Z,,,,,,7982.4
2026-07-06T19:12:07Z,,,,,,7976.3
2026-07-06T19:12:07Z,,,,,,7969.6
2026-07-06T19:12:07Z,51.555500,-0.066534,4.4,11,1,7962.4
2026-07-06T19:12:07Z,,,,,,7957.4
2026-07-06T19:12:07Z,,,,,,7955.5
2026-07-06T19:12:07Z,,,,,,7958.4
2026-07-06T19:12:07Z,,,,,,7962.3
2026-07-06T19:12:07Z,,,,,,7964.8
2026-07-06T19:12:07Z,,,,,,7967.6
2026-07-06T19:12:08Z,,,,,,7973.5
2026-07-06T19:12:08Z,,,,,,7981.7
2026-07-06T19:12:08Z,,,,,,7990.8
2026-07-06T19:12:08Z,51.555496,-0.066532,4.4,11,1,7998.4
2026-07-06T19:12:08Z,,,,,,8003.9
2026-07-06T19:12:08Z,,,,,,8008.6
2026-07-06T19:12:08Z,,,,,,8014.8
2026-07-06T19:12:08Z,,,,,,8022.1
2026-07-06T19:12:08Z,,,,,,8028.9
2026-07-06T19:12:08Z,,,,,,8033.1
2026-07-06T19:12:09Z,,,,,,8035.6
2026-07-06T19:12:09Z,,,,,,8038.4
2026-07-06T19:12:09Z,,,,,,8041.9
2026-07-06T19:12:09Z,51.555492,-0.066527,4.6,11,1,8045.6
2026-07-06T19:12:09Z,,,,,,8048.2
2026-07-06T19:12:09Z,,,,,,8050.0
2026-07-06T19:12:09Z,,,,,,8050.2
2026-07-06T19:12:09Z,,,,,,8050.8
2026-07-06T19:12:09Z,,,,,,8053.0
2026-07-06T19:12:09Z,,,,,,8053.6
2026-07-06T19:12:10Z,,,,,,8052.7
2026-07-06T19:12:10Z,,,,,,8051.1
2026-07-06T19:12:10Z,,,,,,8049.4
2026-07-06T19:12:10Z,51.555489,-0.066523,4.6,11,1,8049.6
2026-07-06T19:12:10Z,,,,,,8049.1
2026-07-06T19:12:10Z,,,,,,8047.9
2026-07-06T19:12:10Z,,,,,,8049.7
2026-07-06T19:12:10Z,,,,,,8052.2
2026-07-06T19:12:10Z,,,,,,8055.2
2026-07-06T19:12:10Z,,,,,,8059.2
2026-07-06T19:12:11Z,,,,,,8062.7
2026-07-06T19:12:11Z,,,,,,8065.5
2026-07-06T19:12:11Z,,,,,,8068.6
2026-07-06T19:12:11Z,51.555489,-0.066520,4.7,11,1,8072.3
2026-07-06T19:12:11Z,,,,,,8073.7
2026-07-06T19:12:11Z,,,,,,8073.2
2026-07-06T19:12:11Z,,,,,,8072.5
2026-07-06T19:12:11Z,,,,,,8071.5
2026-07-06T19:12:11Z,,,,,,8071.2
2026-07-06T19:12:11Z,,,,,,8071.7
2026-07-06T19:12:12Z,,,,,,8069.9
2026-07-06T19:12:12Z,,,,,,8067.0
2026-07-06T19:12:12Z,,,,,,8063.8
2026-07-06T19:12:12Z,51.555481,-0.066514,4.3,11,1,8059.5
2026-07-06T19:12:12Z,,,,,,8057.7
2026-07-06T19:12:12Z,,,,,,8055.6
2026-07-06T19:12:12Z,,,,,,8050.0
2026-07-06T19:12:12Z,,,,,,8044.4
2026-07-06T19:12:12Z,,,,,,8039.9
2026-07-06T19:12:12Z,,,,,,8035.8
2026-07-06T19:12:13Z,,,,,,8033.4
2026-07-06T19:12:13Z,,,,,,8031.0
2026-07-06T19:12:13Z,,,,,,8027.4
2026-07-06T19:12:13Z,51.555473,-0.066503,3.8,11,1,8023.2
2026-07-06T19:12:13Z,,,,,,8018.9
2026-07-06T19:12:13Z,,,,,,8014.7
2026-07-06T19:12:13Z,,,,,,8013.6
2026-07-06T19:12:13Z,,,,,,8012.3
2026-07-06T19:12:13Z,,,,,,8007.3
2026-07-06T19:12:13Z,,,,,,8001.8
2026-07-06T19:12:14Z,,,,,,7996.6
2026-07-06T19:12:14Z,,,,,,7992.4
2026-07-06T19:12:14Z,,,,,,7989.8
2026-07-06T19:12:14Z,51.555466,-0.066493,3.3,11,1,7988.1
2026-07-06T19:12:14Z,,,,,,7983.3
2026-07-06T19:12:14Z,,,,,,7976.8
2026-07-06T19:12:14Z,,,,,,7971.8
2026-07-06T19:12:14Z,,,,,,7969.0
2026-07-06T19:12:14Z,,,,,,7966.4
2026-07-06T19:12:14Z,,,,,,7962.7
2026-07-06T19:12:15Z,,,,,,7958.1
2026-07-06T19:12:15Z,,,,,,7952.4
2026-07-06T19:12:15Z,,,,,,7948.6
2026-07-06T19:12:15Z,51.555458,-0.066483,3.0,11,1,7947.7
2026-07-06T19:12:15Z,,,,,,7949.4
2026-07-06T19:12:15Z,,,,,,7950.7
2026-07-06T19:12:15Z,,,,,,7951.3
2026-07-06T19:12:15Z,,,,,,7953.2
2026-07-06T19:12:15Z,,,,,,7958.9
2026-07-06T19:12:15Z,,,,,,7965.6
2026-07-06T19:12:16Z,,,,,,7972.0
2026-07-06T19:12:16Z,,,,,,7978.3
2026-07-06T19:12:16Z,,,,,,7983.0
2026-07-06T19:12:16Z,51.555450,-0.066475,2.6,11,1,7987.4
2026-07-06T19:12:16Z,,,,,,7992.4
2026-07-06T19:12:16Z,,,,,,7996.5
2026-07-06T19:12:16Z,,,,,,7998.4
2026-07-06T19:12:16Z,,,,,,7998.4
2026-07-06T19:12:16Z,,,,,,7996.0
2026-07-06T19:12:16Z,,,,,,7994.9
2026-07-06T19:12:17Z,,,,,,7993.9
2026-07-06T19:12:17Z,,,,,,7991.8
2026-07-06T19:12:17Z,,,,,,7991.4
2026-07-06T19:12:17Z,51.555443,-0.066472,1.8,11,1,7992.1
2026-07-06T19:12:17Z,,,,,,7992.5
2026-07-06T19:12:17Z,,,,,,7994.6
2026-07-06T19:12:17Z,,,,,,7998.8
2026-07-06T19:12:17Z,,,,,,8001.5
2026-07-06T19:12:17Z,,,,,,8003.4
2026-07-06T19:12:17Z,,,,,,8005.4
2026-07-06T19:12:18Z,,,,,,8007.1
2026-07-06T19:12:18Z,,,,,,8006.4
2026-07-06T19:12:18Z,,,,,,8002.9
2026-07-06T19:12:18Z,51.555435,-0.066468,1.5,11,1,7999.2
2026-07-06T19:12:18Z,,,,,,7995.0
2026-07-06T19:12:18Z,,,,,,7990.2
2026-07-06T19:12:18Z,,,,,,7986.0
2026-07-06T19:12:18Z,,,,,,7981.5
2026-07-06T19:12:18Z,,,,,,7974.4
2026-07-06T19:12:18Z,,,,,,7965.6
2026-07-06T19:12:19Z,,,,,,7958.6
2026-07-06T19:12:19Z,,,,,,7954.8
2026-07-06T19:12:19Z,,,,,,7949.8
2026-07-06T19:12:19Z,51.555428,-0.066459,0.5,11,1,7941.5
2026-07-06T19:12:19Z,,,,,,7932.2
2026-07-06T19:12:19Z,,,,,,7924.9
2026-07-06T19:12:19Z,,,,,,7922.0
2026-07-06T19:12:19Z,,,,,,7923.6
2026-07-06T19:12:19Z,,,,,,7924.2
2026-07-06T19:12:19Z,,,,,,7921.9
2026-07-06T19:12:20Z,,,,,,7919.6
2026-07-06T19:12:20Z,,,,,,7918.6
2026-07-06T19:12:20Z,,,,,,7921.9
2026-07-06T19:12:20Z,51.555416,-0.066450,-0.2,11,1,7928.3
2026-07-06T19:12:20Z,,,,,,7930.1
2026-07-06T19:12:20Z,,,,,,7926.8
2026-07-06T19:12:20Z,,,,,,7924.7
2026-07-06T19:12:20Z,,,,,,7925.5
2026-07-06T19:12:20Z,,,,,,7930.6
2026-07-06T19:12:20Z,,,,,,7936.3
2026-07-06T19:12:21Z,,,,,,7938.1
2026-07-06T19:12:21Z,,,,,,7937.9
2026-07-06T19:12:21Z,,,,,,7939.2
2026-07-06T19:12:21Z,51.555405,-0.066442,-0.9,11,1,7945.3
2026-07-06T19:12:21Z,,,,,,7955.4
2026-07-06T19:12:21Z,,,,,,7965.1
2026-07-06T19:12:21Z,,,,,,7972.4
2026-07-06T19:12:21Z,,,,,,7979.8
2026-07-06T19:12:21Z,,,,,,7987.5
2026-07-06T19:12:21Z,,,,,,7996.5
2026-07-06T19:12:22Z,,,,,,8006.1
2026-07-06T19:12:22Z,,,,,,8011.1
2026-07-06T19:12:22Z,,,,,,8010.3
2026-07-06T19:12:22Z,51.555393,-0.066433,-1.6,11,1,8007.5
2026-07-06T19:12:22Z,,,,,,8005.7
2026-07-06T19:12:22Z,,,,,,8006.1
2026-07-06T19:12:22Z,,,,,,8006.6
2026-07-06T19:12:22Z,,,,,,8004.5
2026-07-06T19:12:22Z,,,,,,8000.3
2026-07-06T19:12:22Z,,,,,,7996.3
2026-07-06T19:12:23Z,,,,,,7993.9
2026-07-06T19:12:23Z,,,,,,7993.0
2026-07-06T19:12:23Z,,,,,,7992.1
2026-07-06T19:12:23Z,51.555378,-0.066421,-2.4,11,1,7988.3
2026-07-06T19:12:23Z,,,,,,7981.5
2026-07-06T19:12:23Z,,,,,,7974.8
2026-07-06T19:12:23Z,,,,,,7970.8
2026-07-06T19:12:23Z,,,,,,7967.0
2026-07-06T19:12:23Z,,,,,,7961.5
2026-07-06T19:12:23Z,,,,,,7954.6
2026-07-06T19:12:24Z,,,,,,7946.7
2026-07-06T19:12:24Z,,,,,,7941.6
2026-07-06T19:12:24Z,,,,,,7939.4
2026-07-06T19:12:24Z,51.555370,-0.066417,-3.2,11,1,7938.0
2026-07-06T19:12:24Z,,,,,,7934.4
2026-07-06T19:12:24Z,,,,,,7929.7
2026-07-06T19:12:24Z,,,,,,7926.0
2026-07-06T19:12:24Z,,,,,,7924.4
2026-07-06T19:12:24Z,,,,,,7924.4
2026-07-06T19:12:24Z,,,,,,7923.9
2026-07-06T19:12:25Z,,,,,,7922.1
2026-07-06T19:12:25Z,,,,,,7920.4
2026-07-06T19:12:25Z,,,,,,7919.4
2026-07-06T19:12:25Z,51.555359,-0.066415,-3.9,11,1,7919.2
2026-07-06T19:12:25Z,,,,,,7919.5
2026-07-06T19:12:25Z,,,,,,7917.3
2026-07-06T19:12:25Z,,,,,,7914.8
2026-07-06T19:12:25Z,,,,,,7915.5
2026-07-06T19:12:25Z,,,,,,7918.7
2026-07-06T19:12:25Z,,,,,,7920.3
2026-07-06T19:12:26Z,,,,,,7921.8
2026-07-06T19:12:26Z,,,,,,7926.8
2026-07-06T19:12:26Z,,,,,,7934.2
2026-07-06T19:12:26Z,51.555344,-0.066414,-4.5,11,1,7943.3
2026-07-06T19:12:26Z,,,,,,7953.0
2026-07-06T19:12:26Z,,,,,,7961.4
2026-07-06T19:12:26Z,,,,,,7966.3
2026-07-06T19:12:26Z,,,,,,7967.9
2026-07-06T19:12:26Z,,,,,,7969.9
2026-07-06T19:12:26Z,,,,,,7973.4
2026-07-06T19:12:27Z,,,,,,7975.1
2026-07-06T19:12:27Z,,,,,,7972.2
2026-07-06T19:12:27Z,,,,,,7967.0
2026-07-06T19:12:27Z,51.555332,-0.066413,-4.9,11,1,7966.3
2026-07-06T19:12:27Z,,,,,,7959.6
2026-07-06T19:12:27Z,,,,,,7951.0
2026-07-06T19:12:27Z,,,,,,7947.8
2026-07-06T19:12:27Z,,,,,,7940.8
2026-07-06T19:12:27Z,,,,,,7931.8
2026-07-06T19:12:27Z,,,,,,7923.5
2026-07-06T19:12:28Z,,,,,,7917.4
2026-07-06T19:12:28Z,,,,,,7912.6
2026-07-06T19:12:28Z,,,,,,7906.7
2026-07-06T19:12:28Z,51.555321,-0.066408,-5.3,11,1,7898.9
2026-07-06T19:12:28Z,,,,,,7891.3
2026-07-06T19:12:28Z,,,,,,7885.0
2026-07-06T19:12:28Z,,,,,,7880.6
2026-07-06T19:12:28Z,,,,,,7879.3
2026-07-06T19:12:28Z,,,,,,7877.9
2026-07-06T19:12:28Z,,,,,,7871.9
2026-07-06T19:12:29Z,,,,,,7865.2
2026-07-06T19:12:29Z,,,,,,7860.9
2026-07-06T19:12:29Z,,,,,,7861.3
2026-07-06T19:12:29Z,51.555309,-0.066405,-5.7,11,1,7865.0
2026-07-06T19:12:29Z,,,,,,7865.5
2026-07-06T19:12:29Z,,,,,,7864.4
2026-07-06T19:12:29Z,,,,,,7866.7
2026-07-06T19:12:29Z,,,,,,7871.9
2026-07-06T19:12:29Z,,,,,,7880.9
2026-07-06T19:12:29Z,,,,,,7891.9
2026-07-06T19:12:30Z,,,,,,7897.9
2026-07-06T19:12:30Z,,,,,,7899.6
2026-07-06T19:12:30Z,,,,,,7902.1
2026-07-06T19:12:30Z,51.555298,-0.066405,-6.0,11,1,7906.3
2026-07-06T19:12:30Z,,,,,,7910.3
2026-07-06T19:12:30Z,,,,,,7912.5
2026-07-06T19:12:30Z,,,,,,7909.4
2026-07-06T19:12:30Z,,,,,,7903.9
2026-07-06T19:12:30Z,,,,,,7899.8
2026-07-06T19:12:30Z,,,,,,7896.7
2026-07-06T19:12:31Z,,,,,,7896.8
2026-07-06T19:12:31Z,,,,,,7894.8
2026-07-06T19:12:31Z,,,,,,7886.8
2026-07-06T19:12:31Z,51.555294,-0.066402,-6.0,11,1,7879.9
2026-07-06T19:12:31Z,,,,,,7874.1
2026-07-06T19:12:31Z,,,,,,7870.4
2026-07-06T19:12:31Z,,,,,,7868.1
2026-07-06T19:12:31Z,,,,,,7862.1
2026-07-06T19:12:31Z,,,,,,7855.4
2026-07-06T19:12:31Z,,,,,,7850.3
2026-07-06T19:12:32Z,,,,,,7846.4
2026-07-06T19:12:32Z,,,,,,7845.5
2026-07-06T19:12:32Z,,,,,,7846.2
2026-07-06T19:12:32Z,51.555286,-0.066397,-5.9,11,1,7842.3
2026-07-06T19:12:32Z,,,,,,7835.5
2026-07-06T19:12:32Z,,,,,,7830.1
2026-07-06T19:12:32Z,,,,,,7827.0
2026-07-06T19:12:32Z,,,,,,7825.8
2026-07-06T19:12:32Z,,,,,,7823.0
2026-07-06T19:12:32Z,,,,,,7817.1
2026-07-06T19:12:33Z,,,,,,7811.9
2026-07-06T19:12:33Z,,,,,,7808.9
2026-07-06T19:12:33Z,,,,,,7809.9
2026-07-06T19:12:33Z,51.555283,-0.066394,-5.8,11,1,7818.1
2026-07-06T19:12:33Z,,,,,,7821.5
2026-07-06T19:12:33Z,,,,,,7820.0
2026-07-06T19:12:33Z,,,,,,7823.3
2026-07-06T19:12:33Z,,,,,,7830.7
2026-07-06T19:12:33Z,,,,,,7841.7
2026-07-06T19:12:33Z,,,,,,7853.3
2026-07-06T19:12:34Z,,,,,,7860.0
2026-07-06T19:12:34Z,,,,,,7863.9
2026-07-06T19:12:34Z,,,,,,7867.9
2026-07-06T19:12:34Z,51.555271,-0.066382,-5.8,11,1,7874.1
2026-07-06T19:12:34Z,,,,,,7880.8
2026-07-06T19:12:34Z,,,,,,7883.7
2026-07-06T19:12:34Z,,,,,,7882.3
2026-07-06T19:12:34Z,,,,,,7878.8
2026-07-06T19:12:34Z,,,,,,7875.7
2026-07-06T19:12:34Z,,,,,,7874.6
2026-07-06T19:12:35Z,,,,,,7875.0
2026-07-06T19:12:35Z,,,,,,7871.4
2026-07-06T19:12:35Z,,,,,,7864.1
2026-07-06T19:12:35Z,51.555260,-0.066375,-6.1,11,1,7857.7
2026-07-06T19:12:35Z,,,,,,7852.3
2026-07-06T19:12:35Z,,,,,,7849.2
2026-07-06T19:12:35Z,,,,,,7848.5
2026-07-06T19:12:35Z,,,,,,7843.5
2026-07-06T19:12:35Z,,,,,,7834.4
2026-07-06T19:12:35Z,,,,,,7826.1
2026-07-06T19:12:36Z,,,,,,7821.2
2026-07-06T19:12:36Z,,,,,,7818.7
2026-07-06T19:12:36Z,,,,,,7816.7
2026-07-06T19:12:36Z,51.555244,-0.066371,-6.8,11,1,7815.8
2026-07-06T19:12:36Z,,,,,,7816.7
2026-07-06T19:12:36Z,,,,,,7821.1
2026-07-06T19:12:36Z,,,,,,7832.5
2026-07-06T19:12:36Z,,,,,,7850.6
2026-07-06T19:12:36Z,,,,,,7867.5
2026-07-06T19:12:36Z,,,,,,7879.7
2026-07-06T19:12:37Z,,,,,,7889.6
2026-07-06T19:12:37Z,,,,,,7899.8
2026-07-06T19:12:37Z,,,,,,7909.2
2026-07-06T19:12:37Z,51.555237,-0.066372,-7.9,11,1,7919.2
2026-07-06T19:12:37Z,,,,,,7925.5
2026-07-06T19:12:37Z,,,,,,7927.2
2026-07-06T19:12:37Z,,,,,,7928.9
2026-07-06T19:12:37Z,,,,,,7931.4
2026-07-06T19:12:37Z,,,,,,7937.2
2026-07-06T19:12:37Z,,,,,,7944.0
2026-07-06T19:12:38Z,,,,,,7945.7
2026-07-06T19:12:38Z,,,,,,7943.6
2026-07-06T19:12:38Z,,,,,,7941.2
2026-07-06T19:12:38Z,51.555225,-0.066369,-8.2,11,1,7941.2
2026-07-06T19:12:38Z,,,,,,7942.4
2026-07-06T19:12:38Z,,,,,,7941.3
2026-07-06T19:12:38Z,,,,,,7936.9
2026-07-06T19:12:38Z,,,,,,7930.4
2026-07-06T19:12:38Z,,,,,,7925.1
2026-07-06T19:12:38Z,,,,,,7922.9
2026-07-06T19:12:39Z,,,,,,7923.8
2026-07-06T19:12:39Z,,,,,,7923.2
2026-07-06T19:12:39Z,,,,,,7919.6
2026-07-06T19:12:39Z,51.555214,-0.066365,-8.3,11,1,7917.3
2026-07-06T19:12:39Z,,,,,,7917.3
2026-07-06T19:12:39Z,,,,,,7917.1
2026-07-06T19:12:39Z,,,,,,7917.6
2026-07-06T19:12:39Z,,,,,,7918.1
2026-07-06T19:12:39Z,,,,,,7916.5
2026-07-06T19:12:39Z,,,,,,7913.6
2026-07-06T19:12:40Z,,,,,,7912.8
2026-07-06T19:12:40Z,,,,,,7913.5
2026-07-06T19:12:40Z,,,,,,7913.8
2026-07-06T19:12:40Z,51.555202,-0.066361,-8.8,11,1,7912.8
2026-07-06T19:12:40Z,,,,,,7909.3
2026-07-06T19:12:40Z,,,,,,7906.4
2026-07-06T19:12:40Z,,,,,,7906.1
2026-07-06T19:12:40Z,,,,,,7905.7
2026-07-06T19:12:40Z,,,,,,7905.7
2026-07-06T19:12:40Z,,,,,,7906.0
2026-07-06T19:12:41Z,,,,,,7904.9
2026-07-06T19:12:41Z,,,,,,7904.4
2026-07-06T19:12:41Z,,,,,,7906.8
2026-07-06T19:12:41Z,51.555191,-0.066355,-9.1,11,1,7911.1
2026-07-06T19:12:41Z,,,,,,7914.2
2026-07-06T19:12:41Z,,,,,,7915.1
2026-07-06T19:12:41Z,,,,,,7914.2
2026-07-06T19:12:41Z,,,,,,7915.1
2026-07-06T19:12:41Z,,,,,,7915.7
2026-07-06T19:12:41Z,,,,,,7913.3
2026-07-06T19:12:42Z,,,,,,7911.2
2026-07-06T19:12:42Z,,,,,,7909.0
2026-07-06T19:12:42Z,,,,,,7905.0
2026-07-06T19:12:42Z,51.555180,-0.066349,-9.2,11,1,7901.6
2026-07-06T19:12:42Z,,,,,,7899.0
2026-07-06T19:12:42Z,,,,,,7895.1
2026-07-06T19:12:42Z,,,,,,7890.9
2026-07-06T19:12:42Z,,,,,,7887.9
2026-07-06T19:12:42Z,,,,,,7884.6
2026-07-06T19:12:42Z,,,,,,7880.7
2026-07-06T19:12:43Z,,,,,,7877.1
2026-07-06T19:12:43Z,,,,,,7873.8
2026-07-06T19:12:43Z,,,,,,7873.6
2026-07-06T19:12:43Z,51.555168,-0.066341,-9.5,11,1,7877.3
2026-07-06T19:12:43Z,,,,,,7882.4
2026-07-06T19:12:43Z,,,,,,7888.1
2026-07-06T19:12:43Z,,,,,,7895.1
2026-07-06T19:12:43Z,,,,,,7901.5
2026-07-06T19:12:43Z,,,,,,7908.9
2026-07-06T19:12:43Z,,,,,,7918.6
2026-07-06T19:12:44Z,,,,,,7926.7
2026-07-06T19:12:44Z,,,,,,7930.8
2026-07-06T19:12:44Z,,,,,,7931.7
2026-07-06T19:12:44Z,51.555157,-0.066330,-10.1,11,1,7932.0
2026-07-06T19:12:44Z,,,,,,7933.7
2026-07-06T19:12:44Z,,,,,,7937.1
2026-07-06T19:12:44Z,,,,,,7940.6
2026-07-06T19:12:44Z,,,,,,7941.7
2026-07-06T19:12:44Z,,,,,,7939.5
2026-07-06T19:12:44Z,,,,,,7935.2
2026-07-06T19:12:45Z,,,,,,7933.3
2026-07-06T19:12:45Z,,,,,,7934.7
2026-07-06T19:12:45Z,,,,,,7932.9
2026-07-06T19:12:45Z,51.555145,-0.066325,-10.5,11,1,7926.5
2026-07-06T19:12:45Z,,,,,,7919.0
2026-07-06T19:12:45Z,,,,,,7912.9
2026-07-06T19:12:45Z,,,,,,7908.1
2026-07-06T19:12:45Z,,,,,,7907.3
2026-07-06T19:12:45Z,,,,,,7906.4
2026-07-06T19:12:45Z,,,,,,7898.8
2026-07-06T19:12:46Z,,,,,,7889.8
2026-07-06T19:12:46Z,,,,,,7883.1
2026-07-06T19:12:46Z,,,,,,7881.0
2026-07-06T19:12:46Z,51.555138,-0.066317,-10.1,11,1,7881.1
2026-07-06T19:12:46Z,,,,,,7876.8
2026-07-06T19:12:46Z,,,,,,7869.6
2026-07-06T19:12:46Z,,,,,,7862.9
2026-07-06T19:12:46Z,,,,,,7858.5
2026-07-06T19:12:46Z,,,,,,7860.3
2026-07-06T19:12:46Z,,,,,,7866.2
2026-07-06T19:12:47Z,,,,,,7868.1
2026-07-06T19:12:47Z,,,,,,7865.3
2026-07-06T19:12:47Z,,,,,,7863.7
2026-07-06T19:12:47Z,51.555134,-0.066312,-9.9,11,1,7866.0
2026-07-06T19:12:47Z,,,,,,7872.4
2026-07-06T19:12:47Z,,,,,,7879.3
2026-07-06T19:12:47Z,,,,,,7882.1
2026-07-06T19:12:47Z,,,,,,7882.3
2026-07-06T19:12:47Z,,,,,,7885.6
2026-07-06T19:12:47Z,,,,,,7890.9
2026-07-06T19:12:48Z,,,,,,7901.0
2026-07-06T19:12:48Z,,,,,,7913.6
2026-07-06T19:12:48Z,,,,,,7920.3
2026-07-06T19:12:48Z,51.555130,-0.066308,-9.7,11,1,7923.1
2026-07-06T19:12:48Z,,,,,,7926.6
2026-07-06T19:12:48Z,,,,,,7931.2
2026-07-06T19:12:48Z,,,,,,7937.6
2026-07-06T19:12:48Z,,,,,,7942.9
2026-07-06T19:12:48Z,,,,,,7945.4
2026-07-06T19:12:48Z,,,,,,7947.7
2026-07-06T19:12:49Z,,,,,,7950.1
2026-07-06T19:12:49Z,,,,,,7954.3
2026-07-06T19:12:49Z,,,,,,7960.4
2026-07-06T19:12:49Z,51.555122,-0.066302,-9.6,11,1,7965.0
2026-07-06T19:12:49Z,,,,,,7962.3
2026-07-06T19:12:49Z,,,,,,7957.3
2026-07-06T19:12:49Z,,,,,,7953.8
2026-07-06T19:12:49Z,,,,,,7951.5
2026-07-06T19:12:49Z,,,,,,7950.5
2026-07-06T19:12:49Z,,,,,,7947.3
2026-07-06T19:12:50Z,,,,,,7941.6
2026-07-06T19:12:50Z,,,,,,7936.7
2026-07-06T19:12:50Z,,,,,,7933.1
2026-07-06T19:12:50Z,51.555107,-0.066283,-9.7,11,1,7933.0
2026-07-06T19:12:50Z,,,,,,7936.0
2026-07-06T19:12:50Z,,,,,,7935.0
2026-07-06T19:12:50Z,,,,,,7929.6
2026-07-06T19:12:50Z,,,,,,7923.7
2026-07-06T19:12:50Z,,,,,,7920.7
2026-07-06T19:12:50Z,,,,,,7919.1
2026-07-06T19:12:51Z,,,,,,7918.0
2026-07-06T19:12:51Z,,,,,,7915.0
2026-07-06T19:12:51Z,,,,,,7909.2
2026-07-06T19:12:51Z,51.555096,-0.066272,-10.1,11,1,7904.7
2026-07-06T19:12:51Z,,,,,,7903.8
2026-07-06T19:12:51Z,,,,,,7906.1
2026-07-06T19:12:51Z,,,,,,7909.3
2026-07-06T19:12:51Z,,,,,,7908.2
2026-07-06T19:12:51Z,,,,,,7902.6
2026-07-06T19:12:51Z,,,,,,7899.0
2026-07-06T19:12:52Z,,,,,,7898.3
2026-07-06T19:12:52Z,,,,,,7897.3
2026-07-06T19:12:52Z,,,,,,7895.6
2026-07-06T19:12:52Z,51.555080,-0.066261,-10.2,11,1,7893.4
2026-07-06T19:12:52Z,,,,,,7888.6
2026-07-06T19:12:52Z,,,,,,7884.4
2026-07-06T19:12:52Z,,,,,,7884.1
2026-07-06T19:12:52Z,,,,,,7884.7
2026-07-06T19:12:52Z,,,,,,7884.4
2026-07-06T19:12:52Z,,,,,,7881.6
2026-07-06T19:12:53Z,,,,,,7877.2
2026-07-06T19:12:53Z,,,,,,7875.1
2026-07-06T19:12:53Z,,,,,,7873.7
2026-07-06T19:12:53Z,51.555061,-0.066253,-9.6,11,1,7872.4
2026-07-06T19:12:53Z,,,,,,7875.1
2026-07-06T19:12:53Z,,,,,,7874.9
2026-07-06T19:12:53Z,,,,,,7868.9
2026-07-06T19:12:53Z,,,,,,7867.3
2026-07-06T19:12:53Z,,,,,,7868.7
2026-07-06T19:12:53Z,,,,,,7868.0
2026-07-06T19:12:54Z,,,,,,7867.3
2026-07-06T19:12:54Z,,,,,,7867.4
2026-07-06T19:12:54Z,,,,,,7867.6
2026-07-06T19:12:54Z,51.555050,-0.066247,-9.3,11,1,7868.4
2026-07-06T19:12:54Z,,,,,,7868.0
2026-07-06T19:12:54Z,,,,,,7866.7
2026-07-06T19:12:54Z,,,,,,7867.6
2026-07-06T19:12:54Z,,,,,,7870.1
2026-07-06T19:12:54Z,,,,,,7872.8
2026-07-06T19:12:54Z,,,,,,7876.6
2026-07-06T19:12:55Z,,,,,,7879.2
2026-07-06T19:12:55Z,,,,,,7879.0
2026-07-06T19:12:55Z,,,,,,7881.0
2026-07-06T19:12:55Z,51.555038,-0.066234,-9.3,11,1,7886.6
2026-07-06T19:12:55Z,,,,,,7891.3
2026-07-06T19:12:55Z,,,,,,7891.4
2026-07-06T19:12:55Z,,,,,,7888.6
2026-07-06T19:12:55Z,,,,,,7885.8
2026-07-06T19:12:55Z,,,,,,7885.0
2026-07-06T19:12:55Z,,,,,,7887.7
2026-07-06T19:12:56Z,,,,,,7889.8
2026-07-06T19:12:56Z,,,,,,7888.5
2026-07-06T19:12:56Z,,,,,,7883.6
2026-07-06T19:12:56Z,51.555027,-0.066219,-9.2,11,1,7878.3
2026-07-06T19:12:56Z,,,,,,7874.0
2026-07-06T19:12:56Z,,,,,,7874.4
2026-07-06T19:12:56Z,,,,,,7874.8
2026-07-06T19:12:56Z,,,,,,7868.9
2026-07-06T19:12:56Z,,,,,,7861.4
2026-07-06T19:12:56Z,,,,,,7855.0
2026-07-06T19:12:57Z,,,,,,7851.4
2026-07-06T19:12:57Z,,,,,,7855.5
2026-07-06T19:12:57Z,,,,,,7862.5
2026-07-06T19:12:57Z,51.555016,-0.066205,-9.2,11,1,7864.0
2026-07-06T19:12:57Z,,,,,,7862.4
2026-07-06T19:12:57Z,,,,,,7862.7
2026-07-06T19:12:57Z,,,,,,7867.2
2026-07-06T19:12:57Z,,,,,,7875.9
2026-07-06T19:12:57Z,,,,,,7882.8
2026-07-06T19:12:57Z,,,,,,7881.9
2026-07-06T19:12:58Z,,,,,,7878.9
2026-07-06T19:12:58Z,,,,,,7877.3
2026-07-06T19:12:58Z,,,,,,7878.0
2026-07-06T19:12:58Z,51.555000,-0.066196,-9.3,11,1,7882.5
2026-07-06T19:12:58Z,,,,,,7886.4
2026-07-06T19:12:58Z,,,,,,7883.1
2026-07-06T19:12:58Z,,,,,,7876.5
2026-07-06T19:12:58Z,,,,,,7871.9
2026-07-06T19:12:58Z,,,,,,7870.8
2026-07-06T19:12:58Z,,,,,,7871.4
2026-07-06T19:12:59Z,,,,,,7868.5
2026-07-06T19:12:59Z,,,,,,7861.0
2026-07-06T19:12:59Z,,,,,,7853.7
2026-07-06T19:12:59Z,51.554993,-0.066193,-9.9,11,1,7849.8
2026-07-06T19:12:59Z,,,,,,7848.0
2026-07-06T19:12:59Z,,,,,,7849.1
2026-07-06T19:12:59Z,,,,,,7848.7
2026-07-06T19:12:59Z,,,,,,7844.9
2026-07-06T19:12:59Z,,,,,,7841.4
2026-07-06T19:12:59Z,,,,,,7842.7
2026-07-06T19:13:00Z,,,,,,7846.6
2026-07-06T19:13:00Z,,,,,,7850.6
2026-07-06T19:13:00Z,,,,,,7855.7
2026-07-06T19:13:00Z,51.554981,-0.066187,-10.1,11,1,7858.8
2026-07-06T19:13:00Z,,,,,,7861.0
2026-07-06T19:13:00Z,,,,,,7866.9
2026-07-06T19:13:00Z,,,,,,7875.3
2026-07-06T19:13:00Z,,,,,,7883.6
2026-07-06T19:13:00Z,,,,,,7889.6
2026-07-06T19:13:00Z,,,,,,7891.6
2026-07-06T19:13:01Z,,,,,,7893.6
2026-07-06T19:13:01Z,,,,,,7895.0
2026-07-06T19:13:01Z,,,,,,7894.4
2026-07-06T19:13:01Z,51.554970,-0.066182,-10.4,11,1,7893.6
2026-07-06T19:13:01Z,,,,,,7890.8
2026-07-06T19:13:01Z,,,,,,7885.1
2026-07-06T19:13:01Z,,,,,,7880.6
2026-07-06T19:13:01Z,,,,,,7877.3
2026-07-06T19:13:01Z,,,,,,7872.8
2026-07-06T19:13:01Z,,,,,,7867.7
2026-07-06T19:13:02Z,,,,,,7862.1
2026-07-06T19:13:02Z,,,,,,7855.4
2026-07-06T19:13:02Z,,,,,,7849.7
2026-07-06T19:13:02Z,51.554962,-0.066174,-11.0,11,1,7844.5
2026-07-06T19:13:02Z,,,,,,7837.0
2026-07-06T19:13:02Z,,,,,,7832.3
2026-07-06T19:13:02Z,,,,,,7830.0
2026-07-06T19:13:02Z,,,,,,7827.3
2026-07-06T19:13:02Z,,,,,,7826.6
2026-07-06T19:13:02Z,,,,,,7826.4
2026-07-06T19:13:03Z,,,,,,7825.0
2026-07-06T19:13:03Z,,,,,,7827.8
2026-07-06T19:13:03Z,,,,,,7834.6
2026-07-06T19:13:03Z,51.554947,-0.066166,-11.1,11,1,7840.6
2026-07-06T19:13:03Z,,,,,,7845.2
2026-07-06T19:13:03Z,,,,,,7850.2
2026-07-06T19:13:03Z,,,,,,7856.4
2026-07-06T19:13:03Z,,,,,,7865.4
2026-07-06T19:13:03Z,,,,,,7876.2
2026-07-06T19:13:03Z,,,,,,7885.0
2026-07-06T19:13:04Z,,,,,,7892.0
2026-07-06T19:13:04Z,,,,,,7895.9
2026-07-06T19:13:04Z,,,,,,7896.5
2026-07-06T19:13:04Z,51.554935,-0.066159,-11.3,11,1,7900.3
2026-07-06T19:13:04Z,,,,,,7905.8
2026-07-06T19:13:04Z,,,,,,7908.8
2026-07-06T19:13:04Z,,,,,,7908.1
2026-07-06T19:13:04Z,,,,,,7905.4
2026-07-06T19:13:04Z,,,,,,7904.7
2026-07-06T19:13:04Z,,,,,,7908.9
2026-07-06T19:13:05Z,,,,,,7917.0
2026-07-06T19:13:05Z,,,,,,7924.5
2026-07-06T19:13:05Z,,,,,,7931.8
2026-07-06T19:13:05Z,51.554924,-0.066150,-11.5,11,1,7936.9
2026-07-06T19:13:05Z,,,,,,7940.8
2026-07-06T19:13:05Z,,,,,,7948.6
2026-07-06T19:13:05Z,,,,,,7960.8
2026-07-06T19:13:05Z,,,,,,7968.1
2026-07-06T19:13:05Z,,,,,,7971.2
2026-07-06T19:13:05Z,,,,,,7973.6
2026-07-06T19:13:06Z,,,,,,7976.1
2026-07-06T19:13:06Z,,,,,,7983.7
2026-07-06T19:13:06Z,,,,,,7993.6
2026-07-06T19:13:06Z,51.554913,-0.066141,-11.6,11,1,7999.2
2026-07-06T19:13:06Z,,,,,,8000.3
2026-07-06T19:13:06Z,,,,,,7999.4
2026-07-06T19:13:06Z,,,,,,8001.5
2026-07-06T19:13:06Z,,,,,,8010.6
2026-07-06T19:13:06Z,,,,,,8021.0
2026-07-06T19:13:06Z,,,,,,8026.2
2026-07-06T19:13:07Z,,,,,,8029.0
2026-07-06T19:13:07Z,,,,,,8032.1
2026-07-06T19:13:07Z,,,,,,8039.0
2026-07-06T19:13:07Z,51.554901,-0.066134,-11.6,11,1,8053.5
2026-07-06T19:13:07Z,,,,,,8068.9
2026-07-06T19:13:07Z,,,,,,8076.8
2026-07-06T19:13:07Z,,,,,,8080.1
2026-07-06T19:13:07Z,,,,,,8082.1
2026-07-06T19:13:07Z,,,,,,8087.8
2026-07-06T19:13:07Z,,,,,,8096.6
2026-07-06T19:13:08Z,,,,,,8101.2
2026-07-06T19:13:08Z,,,,,,8100.3
2026-07-06T19:13:08Z,,,,,,8098.6
2026-07-06T19:13:08Z,51.554890,-0.066125,-11.6,11,1,8097.3
2026-07-06T19:13:08Z,,,,,,8099.4
2026-07-06T19:13:08Z,,,,,,8104.4
2026-07-06T19:13:08Z,,,,,,8105.7
2026-07-06T19:13:08Z,,,,,,8100.9
2026-07-06T19:13:08Z,,,,,,8094.3
2026-07-06T19:13:08Z,,,,,,8088.8
2026-07-06T19:13:09Z,,,,,,8086.1
2026-07-06T19:13:09Z,,,,,,8085.2
2026-07-06T19:13:09Z,,,,,,8080.2
2026-07-06T19:13:09Z,51.554886,-0.066116,-11.8,11,1,8072.0
2026-07-06T19:13:09Z,,,,,,8064.5
2026-07-06T19:13:09Z,,,,,,8059.9
2026-07-06T19:13:09Z,,,,,,8060.7
2026-07-06T19:13:09Z,,,,,,8065.2
2026-07-06T19:13:09Z,,,,,,8065.5
2026-07-06T19:13:09Z,,,,,,8060.4
2026-07-06T19:13:10Z,,,,,,8057.6
2026-07-06T19:13:10Z,,,,,,8061.4
2026-07-06T19:13:10Z,,,,,,8069.5
2026-07-06T19:13:10Z,51.554882,-0.066107,-11.8,11,1,8082.2
2026-07-06T19:13:10Z,,,,,,8095.6
2026-07-06T19:13:10Z,,,,,,8105.8
2026-07-06T19:13:10Z,,,,,,8118.1
2026-07-06T19:13:10Z,,,,,,8133.2
2026-07-06T19:13:10Z,,,,,,8149.3
2026-07-06T19:13:10Z,,,,,,8165.1
2026-07-06T19:13:11Z,,,,,,8175.1
2026-07-06T19:13:11Z,,,,,,8178.8
2026-07-06T19:13:11Z,,,,,,8182.8
2026-07-06T19:13:11Z,51.554878,-0.066098,-12.0,11,1,8187.5
2026-07-06T19:13:11Z,,,,,,8190.1
2026-07-06T19:13:11Z,,,,,,8190.9
2026-07-06T19:13:11Z,,,,,,8188.9
2026-07-06T19:13:11Z,,,,,,8184.1
2026-07-06T19:13:11Z,,,,,,8181.5
2026-07-06T19:13:11Z,,,,,,8180.3
2026-07-06T19:13:12Z,,,,,,8177.4
2026-07-06T19:13:12Z,,,,,,8172.0
2026-07-06T19:13:12Z,,,,,,8164.0
2026-07-06T19:13:12Z,51.554874,-0.066083,-11.9,11,1,8155.8
2026-07-06T19:13:12Z,,,,,,8148.8
2026-07-06T19:13:12Z,,,,,,8140.3
2026-07-06T19:13:12Z,,,,,,8131.1
2026-07-06T19:13:12Z,,,,,,8123.0
2026-07-06T19:13:12Z,,,,,,8114.7
2026-07-06T19:13:12Z,,,,,,8107.3
2026-07-06T19:13:13Z,,,,,,8105.3
2026-07-06T19:13:13Z,,,,,,8109.7
2026-07-06T19:13:13Z,,,,,,8119.7
2026-07-06T19:13:13Z,51.554871,-0.066066,-11.8,11,1,8133.6
2026-07-06T19:13:13Z,,,,,,8148.4
2026-07-06T19:13:13Z,,,,,,8164.9
2026-07-06T19:13:13Z,,,,,,8182.0
2026-07-06T19:13:13Z,,,,,,8194.3
2026-07-06T19:13:13Z,,,,,,8203.0
2026-07-06T19:13:13Z,,,,,,8208.9
2026-07-06T19:13:14Z,,,,,,8210.6
2026-07-06T19:13:14Z,,,,,,8210.2
2026-07-06T19:13:14Z,,,,,,8210.6
2026-07-06T19:13:14Z,51.554871,-0.066055,-12.1,11,1,8209.8
2026-07-06T19:13:14Z,,,,,,8206.8
2026-07-06T19:13:14Z,,,,,,8202.1
2026-07-06T19:13:14Z,,,,,,8196.5
2026-07-06T19:13:14Z,,,,,,8194.0
2026-07-06T19:13:14Z,,,,,,8190.7
2026-07-06T19:13:14Z,,,,,,8184.4
2026-07-06T19:13:15Z,,,,,,8179.2
2026-07-06T19:13:15Z,,,,,,8174.8
2026-07-06T19:13:15Z,,,,,,8170.2
2026-07-06T19:13:15Z,51.554871,-0.066043,-12.2,11,1,8167.6
2026-07-06T19:13:15Z,,,,,,8165.6
2026-07-06T19:13:15Z,,,,,,8163.6
2026-07-06T19:13:15Z,,,,,,8163.9
2026-07-06T19:13:15Z,,,,,,8165.4
2026-07-06T19:13:15Z,,,,,,8168.2
2026-07-06T19:13:15Z,,,,,,8172.0
2026-07-06T19:13:16Z,,,,,,8175.5
2026-07-06T19:13:16Z,,,,,,8179.1
2026-07-06T19:13:16Z,,,,,,8183.9
2026-07-06T19:13:16Z,51.554874,-0.066033,-12.2,11,1,8189.2
2026-07-06T19:13:16Z,,,,,,8192.8
2026-07-06T19:13:16Z,,,,,,8195.0
2026-07-06T19:13:16Z,,,,,,8196.1
2026-07-06T19:13:16Z,,,,,,8195.3
2026-07-06T19:13:16Z,,,,,,8193.1
2026-07-06T19:13:16Z,,,,,,8189.7
2026-07-06T19:13:17Z,,,,,,8185.9
2026-07-06T19:13:17Z,,,,,,8181.3
2026-07-06T19:13:17Z,,,,,,8175.7
2026-07-06T19:13:17Z,51.554878,-0.066021,-11.8,11,1,8171.0
2026-07-06T19:13:17Z,,,,,,8165.0
2026-07-06T19:13:17Z,,,,,,8157.4
2026-07-06T19:13:17Z,,,,,,8152.9
2026-07-06T19:13:17Z,,,,,,8151.1
2026-07-06T19:13:17Z,,,,,,8148.1
2026-07-06T19:13:17Z,,,,,,8143.5
2026-07-06T19:13:18Z,,,,,,8138.4
2026-07-06T19:13:18Z,,,,,,8134.8
2026-07-06T19:13:18Z,,,,,,8131.8
2026-07-06T19:13:18Z,51.554878,-0.066003,-11.3,11,1,8127.1
2026-07-06T19:13:18Z,,,,,,8123.2
2026-07-06T19:13:18Z,,,,,,8120.1
2026-07-06T19:13:18Z,,,,,,8114.5
2026-07-06T19:13:18Z,,,,,,8110.1
2026-07-06T19:13:18Z,,,,,,8111.3
2026-07-06T19:13:18Z,,,,,,8114.5
2026-07-06T19:13:19Z,,,,,,8122.5
2026-07-06T19:13:19Z,,,,,,8137.0
2026-07-06T19:13:19Z,,,,,,8159.6
2026-07-06T19:13:19Z,51.554878,-0.065986,-10.8,11,1,8192.4
2026-07-06T19:13:19Z,,,,,,8213.6
2026-07-06T19:13:19Z,,,,,,8223.9
2026-07-06T19:13:19Z,,,,,,8242.1
2026-07-06T19:13:19Z,,,,,,8257.8
2026-07-06T19:13:19Z,,,,,,8266.5
2026-07-06T19:13:19Z,,,,,,8275.9
2026-07-06T19:13:20Z,,,,,,8285.9
2026-07-06T19:13:20Z,,,,,,8295.7
2026-07-06T19:13:20Z,,,,,,8302.6
2026-07-06T19:13:20Z,51.554878,-0.065968,-10.4,10,1,8307.0
2026-07-06T19:13:20Z,,,,,,8310.3
2026-07-06T19:13:20Z,,,,,,8313.4
2026-07-06T19:13:20Z,,,,,,8317.6
2026-07-06T19:13:20Z,,,,,,8322.5
2026-07-06T19:13:20Z,,,,,,8322.6
2026-07-06T19:13:20Z,,,,,,8311.8
2026-07-06T19:13:21Z,,,,,,8292.2
2026-07-06T19:13:21Z,,,,,,8273.5
2026-07-06T19:13:21Z,,,,,,8262.6
2026-07-06T19:13:21Z,51.554882,-0.065945,-9.7,11,1,8254.8
2026-07-06T19:13:21Z,,,,,,8250.6
2026-07-06T19:13:21Z,,,,,,8251.1
2026-07-06T19:13:21Z,,,,,,8252.7
2026-07-06T19:13:21Z,,,,,,8254.8
2026-07-06T19:13:21Z,,,,,,8259.3
2026-07-06T19:13:21Z,,,,,,8263.8
2026-07-06T19:13:22Z,,,,,,8266.3
2026-07-06T19:13:22Z,,,,,,8268.7
2026-07-06T19:13:22Z,,,,,,8272.0
2026-07-06T19:13:22Z,51.554882,-0.065926,-9.1,11,1,8274.8
2026-07-06T19:13:22Z,,,,,,8275.6
2026-07-06T19:13:22Z,,,,,,8272.1
2026-07-06T19:13:22Z,,,,,,8266.2
2026-07-06T19:13:22Z,,,,,,8262.4
2026-07-06T19:13:22Z,,,,,,8260.1
2026-07-06T19:13:22Z,,,,,,8257.5
2026-07-06T19:13:23Z,,,,,,8252.9
2026-07-06T19:13:23Z,,,,,,8245.6
2026-07-06T19:13:23Z,,,,,,8237.4
2026-07-06T19:13:23Z,51.554882,-0.065902,-8.8,11,1,8232.4
2026-07-06T19:13:23Z,,,,,,8229.4
2026-07-06T19:13:23Z,,,,,,8227.5
2026-07-06T19:13:23Z,,,,,,8222.9
2026-07-06T19:13:23Z,,,,,,8213.3
2026-07-06T19:13:23Z,,,,,,8206.6
2026-07-06T19:13:23Z,,,,,,8204.2
2026-07-06T19:13:24Z,,,,,,8203.5
2026-07-06T19:13:24Z,,,,,,8205.4
2026-07-06T19:13:24Z,,,,,,8205.8
2026-07-06T19:13:24Z,51.554882,-0.065877,-8.2,11,1,8205.6
2026-07-06T19:13:24Z,,,,,,8209.7
2026-07-06T19:13:24Z,,,,,,8217.8
2026-07-06T19:13:24Z,,,,,,8229.2
2026-07-06T19:13:24Z,,,,,,8237.5
2026-07-06T19:13:24Z,,,,,,8238.6
2026-07-06T19:13:24Z,,,,,,8238.6
2026-07-06T19:13:25Z,,,,,,8240.2
2026-07-06T19:13:25Z,,,,,,8242.5
2026-07-06T19:13:25Z,,,,,,8244.8
2026-07-06T19:13:25Z,51.554882,-0.065854,-7.6,11,1,8242.9
2026-07-06T19:13:25Z,,,,,,8236.2
2026-07-06T19:13:25Z,,,,,,8229.7
2026-07-06T19:13:25Z,,,,,,8226.5
2026-07-06T19:13:25Z,,,,,,8227.4
2026-07-06T19:13:25Z,,,,,,8228.0
2026-07-06T19:13:25Z,,,,,,8220.8
2026-07-06T19:13:26Z,,,,,,8210.1
2026-07-06T19:13:26Z,,,,,,8203.8
2026-07-06T19:13:26Z,,,,,,8203.7
2026-07-06T19:13:26Z,51.554878,-0.065827,-6.7,10,1,8206.6
2026-07-06T19:13:26Z,,,,,,8204.5
2026-07-06T19:13:26Z,,,,,,8198.0
2026-07-06T19:13:26Z,,,,,,8193.6
2026-07-06T19:13:26Z,,,,,,8192.9
2026-07-06T19:13:26Z,,,,,,8199.0
2026-07-06T19:13:26Z,,,,,,8204.8
2026-07-06T19:13:27Z,,,,,,8202.1
2026-07-06T19:13:27Z,,,,,,8195.8
2026-07-06T19:13:27Z,,,,,,8191.2
2026-07-06T19:13:27Z,51.554878,-0.065821,-6.4,10,1,8191.4
2026-07-06T19:13:27Z,,,,,,8195.0
2026-07-06T19:13:27Z,,,,,,8193.3
2026-07-06T19:13:27Z,,,,,,8185.1
2026-07-06T19:13:27Z,,,,,,8177.8
2026-07-06T19:13:27Z,,,,,,8174.0
2026-07-06T19:13:27Z,,,,,,8177.2
2026-07-06T19:13:28Z,,,,,,8182.6
2026-07-06T19:13:28Z,,,,,,8183.3
2026-07-06T19:13:28Z,,,,,,8180.3
2026-07-06T19:13:28Z,51.554874,-0.065814,-6.0,10,1,8177.9
2026-07-06T19:13:28Z,,,,,,8183.2
2026-07-06T19:13:28Z,,,,,,8196.5
2026-07-06T19:13:28Z,,,,,,8205.8
2026-07-06T19:13:28Z,,,,,,8208.5
2026-07-06T19:13:28Z,,,,,,8211.8
2026-07-06T19:13:28Z,,,,,,8216.3
2026-07-06T19:13:29Z,,,,,,8225.8
2026-07-06T19:13:29Z,,,,,,8237.4
2026-07-06T19:13:29Z,,,,,,8241.8
2026-07-06T19:13:29Z,51.554871,-0.065806,-5.6,10,1,8241.4
2026-07-06T19:13:29Z,,,,,,8238.4
2026-07-06T19:13:29Z,,,,,,8238.6
2026-07-06T19:13:29Z,,,,,,8244.5
2026-07-06T19:13:29Z,,,,,,8247.4
2026-07-06T19:13:29Z,,,,,,8245.3
2026-07-06T19:13:29Z,,,,,,8241.6
2026-07-06T19:13:30Z,,,,,,8238.3
2026-07-06T19:13:30Z,,,,,,8239.2
2026-07-06T19:13:30Z,,,,,,8240.5
2026-07-06T19:13:30Z,51.554871,-0.065785,-5.1,10,1,8242.8
2026-07-06T19:13:30Z,,,,,,8238.9
2026-07-06T19:13:30Z,,,,,,8227.8
2026-07-06T19:13:30Z,,,,,,8223.4
2026-07-06T19:13:30Z,,,,,,8220.8
2026-07-06T19:13:30Z,,,,,,8215.9
2026-07-06T19:13:30Z,,,,,,8209.4
2026-07-06T19:13:31Z,,,,,,8202.6
2026-07-06T19:13:31Z,,,,,,8197.8
2026-07-06T19:13:31Z,,,,,,8194.4
2026-07-06T19:13:31Z,51.554871,-0.065756,-5.1,11,1,8189.8
2026-07-06T19:13:31Z,,,,,,8185.0
2026-07-06T19:13:31Z,,,,,,8182.4
2026-07-06T19:13:31Z,,,,,,8183.1
2026-07-06T19:13:31Z,,,,,,8185.8
2026-07-06T19:13:31Z,,,,,,8187.6
2026-07-06T19:13:31Z,,,,,,8190.7
2026-07-06T19:13:32Z,,,,,,8199.2
2026-07-06T19:13:32Z,,,,,,8209.6
2026-07-06T19:13:32Z,,,,,,8222.6
2026-07-06T19:13:32Z,51.554871,-0.065731,-4.9,11,1,8236.0
2026-07-06T19:13:32Z,,,,,,8243.6
2026-07-06T19:13:32Z,,,,,,8249.8
2026-07-06T19:13:32Z,,,,,,8258.4
2026-07-06T19:13:32Z,,,,,,8268.5
2026-07-06T19:13:32Z,,,,,,8275.3
2026-07-06T19:13:32Z,,,,,,8274.0
2026-07-06T19:13:33Z,,,,,,8267.1
2026-07-06T19:13:33Z,,,,,,8263.1
2026-07-06T19:13:33Z,,,,,,8262.4
2026-07-06T19:13:33Z,51.554871,-0.065708,-4.6,11,1,8262.9
2026-07-06T19:13:33Z,,,,,,8258.5
2026-07-06T19:13:33Z,,,,,,8249.1
2026-07-06T19:13:33Z,,,,,,8241.9
2026-07-06T19:13:33Z,,,,,,8238.8
2026-07-06T19:13:33Z,,,,,,8241.1
2026-07-06T19:13:33Z,,,,,,8243.3
2026-07-06T19:13:34Z,,,,,,8238.2
2026-07-06T19:13:34Z,,,,,,8230.2
2026-07-06T19:13:34Z,,,,,,8225.6
2026-07-06T19:13:34Z,51.554874,-0.065683,-4.4,12,1,8225.5
2026-07-06T19:13:34Z,,,,,,8228.3
2026-07-06T19:13:34Z,,,,,,8226.8
2026-07-06T19:13:34Z,,,,,,8219.0
2026-07-06T19:13:34Z,,,,,,8212.4
2026-07-06T19:13:34Z,,,,,,8210.7
2026-07-06T19:13:34Z,,,,,,8215.2
2026-07-06T19:13:35Z,,,,,,8219.9
2026-07-06T19:13:35Z,,,,,,8214.4
2026-07-06T19:13:35Z,,,,,,8205.2
2026-07-06T19:13:35Z,51.554878,-0.065662,-4.2,12,1,8202.1
2026-07-06T19:13:35Z,,,,,,8205.3
2026-07-06T19:13:35Z,,,,,,8211.5
2026-07-06T19:13:35Z,,,,,,8214.6
2026-07-06T19:13:35Z,,,,,,8216.2
2026-07-06T19:13:35Z,,,,,,8221.0
2026-07-06T19:13:35Z,,,,,,8229.6
2026-07-06T19:13:36Z,,,,,,8242.6
2026-07-06T19:13:36Z,,,,,,8252.3
2026-07-06T19:13:36Z,,,,,,8253.2
2026-07-06T19:13:36Z,51.554878,-0.065638,-4.3,12,1,8252.2
2026-07-06T19:13:36Z,,,,,,8252.0
2026-07-06T19:13:36Z,,,,,,8255.6
2026-07-06T19:13:36Z,,,,,,8260.4
2026-07-06T19:13:36Z,,,,,,8260.1
2026-07-06T19:13:36Z,,,,,,8256.8
2026-07-06T19:13:36Z,,,,,,8254.9
2026-07-06T19:13:37Z,,,,,,8256.6
2026-07-06T19:13:37Z,,,,,,8264.4
2026-07-06T19:13:37Z,,,,,,8270.2
2026-07-06T19:13:37Z,51.554878,-0.065618,-4.1,12,1,8266.8
2026-07-06T19:13:37Z,,,,,,8261.4
2026-07-06T19:13:37Z,,,,,,8258.4
2026-07-06T19:13:37Z,,,,,,8261.1
2026-07-06T19:13:37Z,,,,,,8263.8
2026-07-06T19:13:37Z,,,,,,8259.7
2026-07-06T19:13:37Z,,,,,,8253.2
2026-07-06T19:13:38Z,,,,,,8246.8
2026-07-06T19:13:38Z,,,,,,8245.5
2026-07-06T19:13:38Z,,,,,,8249.5
2026-07-06T19:13:38Z,51.554871,-0.065580,-3.3,12,1,8250.6
2026-07-06T19:13:38Z,,,,,,8245.3
2026-07-06T19:13:38Z,,,,,,8238.4
2026-07-06T19:13:38Z,,,,,,8235.3
2026-07-06T19:13:38Z,,,,,,8240.5
2026-07-06T19:13:38Z,,,,,,8244.9
2026-07-06T19:13:38Z,,,,,,8241.6
2026-07-06T19:13:39Z,,,,,,8237.7
2026-07-06T19:13:39Z,,,,,,8235.9
2026-07-06T19:13:39Z,,,,,,8238.6
2026-07-06T19:13:39Z,51.554859,-0.065545,-2.5,12,1,8245.5
2026-07-06T19:13:39Z,,,,,,8246.4
2026-07-06T19:13:39Z,,,,,,8241.2
2026-07-06T19:13:39Z,,,,,,8235.9
2026-07-06T19:13:39Z,,,,,,8236.0
2026-07-06T19:13:39Z,,,,,,8244.8
2026-07-06T19:13:39Z,,,,,,8250.7
2026-07-06T19:13:40Z,,,,,,8251.5
2026-07-06T19:13:40Z,,,,,,8255.5
2026-07-06T19:13:40Z,,,,,,8265.3
2026-07-06T19:13:40Z,51.554848,-0.065513,-1.9,12,1,8282.0
2026-07-06T19:13:40Z,,,,,,8299.3
2026-07-06T19:13:40Z,,,,,,8309.1
2026-07-06T19:13:40Z,,,,,,8313.4
2026-07-06T19:13:40Z,,,,,,8315.4
2026-07-06T19:13:40Z,,,,,,8319.9
2026-07-06T19:13:40Z,,,,,,8327.7
2026-07-06T19:13:41Z,,,,,,8328.1
2026-07-06T19:13:41Z,,,,,,8322.2
2026-07-06T19:13:41Z,,,,,,8316.2
2026-07-06T19:13:41Z,51.554844,-0.065488,-1.4,12,1,8314.4
2026-07-06T19:13:41Z,,,,,,8315.9
2026-07-06T19:13:41Z,,,,,,8316.4
2026-07-06T19:13:41Z,,,,,,8314.6
2026-07-06T19:13:41Z,,,,,,8311.0
2026-07-06T19:13:41Z,,,,,,8308.2
2026-07-06T19:13:41Z,,,,,,8310.2
2026-07-06T19:13:42Z,,,,,,8313.4
2026-07-06T19:13:42Z,,,,,,8309.1
2026-07-06T19:13:42Z,,,,,,8301.6
2026-07-06T19:13:42Z,51.554844,-0.065460,-0.9,12,1,8295.9
2026-07-06T19:13:42Z,,,,,,8292.9
2026-07-06T19:13:42Z,,,,,,8290.1
2026-07-06T19:13:42Z,,,,,,8284.9
2026-07-06T19:13:42Z,,,,,,8278.5
2026-07-06T19:13:42Z,,,,,,8272.2
2026-07-06T19:13:42Z,,,,,,8268.7
2026-07-06T19:13:43Z,,,,,,8269.0
2026-07-06T19:13:43Z,,,,,,8271.3
2026-07-06T19:13:43Z,,,,,,8272.4
2026-07-06T19:13:43Z,51.554844,-0.065426,0.1,12,1,8275.1
2026-07-06T19:13:43Z,,,,,,8281.8
2026-07-06T19:13:43Z,,,,,,8292.7
2026-07-06T19:13:43Z,,,,,,8304.4
2026-07-06T19:13:43Z,,,,,,8314.2
2026-07-06T19:13:43Z,,,,,,8324.2
2026-07-06T19:13:43Z,,,,,,8333.0
2026-07-06T19:13:44Z,,,,,,8341.1
2026-07-06T19:13:44Z,,,,,,8347.3
2026-07-06T19:13:44Z,,,,,,8351.8
2026-07-06T19:13:44Z,51.554844,-0.065400,0.5,12,1,8355.4
2026-07-06T19:13:44Z,,,,,,8358.1
2026-07-06T19:13:44Z,,,,,,8362.4
2026-07-06T19:13:44Z,,,,,,8365.6
2026-07-06T19:13:44Z,,,,,,8364.7
2026-07-06T19:13:44Z,,,,,,8363.8
2026-07-06T19:13:44Z,,,,,,8363.6
2026-07-06T19:13:45Z,,,,,,8363.0
2026-07-06T19:13:45Z,,,,,,8361.0
2026-07-06T19:13:45Z,,,,,,8355.8
2026-07-06T19:13:45Z,51.554844,-0.065374,0.9,12,1,8352.6
2026-07-06T19:13:45Z,,,,,,8349.6
2026-07-06T19:13:45Z,,,,,,8346.1
2026-07-06T19:13:45Z,,,,,,8345.1
2026-07-06T19:13:45Z,,,,,,8341.5
2026-07-06T19:13:45Z,,,,,,8337.1
2026-07-06T19:13:45Z,,,,,,8334.9
2026-07-06T19:13:46Z,,,,,,8334.1
2026-07-06T19:13:46Z,,,,,,8333.6
2026-07-06T19:13:46Z,,,,,,8329.8
2026-07-06T19:13:46Z,51.554840,-0.065343,1.4,12,1,8324.1
2026-07-06T19:13:46Z,,,,,,8320.5
2026-07-06T19:13:46Z,,,,,,8317.1
2026-07-06T19:13:46Z,,,,,,8315.0
2026-07-06T19:13:46Z,,,,,,8312.4
2026-07-06T19:13:46Z,,,,,,8307.5
2026-07-06T19:13:46Z,,,,,,8302.6
2026-07-06T19:13:47Z,,,,,,8299.7
2026-07-06T19:13:47Z,,,,,,8300.6
2026-07-06T19:13:47Z,,,,,,8301.4
2026-07-06T19:13:47Z,51.554840,-0.065314,2.0,12,1,8297.2
2026-07-06T19:13:47Z,,,,,,8291.1
2026-07-06T19:13:47Z,,,,,,8288.5
2026-07-06T19:13:47Z,,,,,,8287.2
2026-07-06T19:13:47Z,,,,,,8286.2
2026-07-06T19:13:47Z,,,,,,8283.4
2026-07-06T19:13:47Z,,,,,,8277.3
2026-07-06T19:13:48Z,,,,,,8272.8
2026-07-06T19:13:48Z,,,,,,8271.7
2026-07-06T19:13:48Z,,,,,,8274.8
2026-07-06T19:13:48Z,51.554840,-0.065288,2.6,12,1,8277.7
2026-07-06T19:13:48Z,,,,,,8274.2
2026-07-06T19:13:48Z,,,,,,8269.5
2026-07-06T19:13:48Z,,,,,,8269.5
2026-07-06T19:13:48Z,,,,,,8273.0
2026-07-06T19:13:48Z,,,,,,8277.1
2026-07-06T19:13:48Z,,,,,,8276.7
2026-07-06T19:13:49Z,,,,,,8273.7
2026-07-06T19:13:49Z,,,,,,8272.5
2026-07-06T19:13:49Z,,,,,,8274.8
2026-07-06T19:13:49Z,51.554840,-0.065264,3.2,12,1,8279.5
2026-07-06T19:13:49Z,,,,,,8278.0
2026-07-06T19:13:49Z,,,,,,8270.6
2026-07-06T19:13:49Z,,,,,,8264.5
2026-07-06T19:13:49Z,,,,,,8263.0
2026-07-06T19:13:49Z,,,,,,8265.6
2026-07-06T19:13:49Z,,,,,,8266.1
2026-07-06T19:13:50Z,,,,,,8260.8
2026-07-06T19:13:50Z,,,,,,8256.6
2026-07-06T19:13:50Z,,,,,,8255.4
2026-07-06T19:13:50Z,51.554840,-0.065242,3.5,12,1,8259.6
2026-07-06T19:13:50Z,,,,,,8265.7
2026-07-06T19:13:50Z,,,,,,8265.9
2026-07-06T19:13:50Z,,,,,,8264.6
2026-07-06T19:13:50Z,,,,,,8264.0
2026-07-06T19:13:50Z,,,,,,8269.5
2026-07-06T19:13:50Z,,,,,,8278.8
2026-07-06T19:13:51Z,,,,,,8281.6
2026-07-06T19:13:51Z,,,,,,8280.7
2026-07-06T19:13:51Z,,,,,,8281.3
2026-07-06T19:13:51Z,51.554840,-0.065226,3.8,12,1,8286.6
2026-07-06T19:13:51Z,,,,,,8295.5
2026-07-06T19:13:51Z,,,,,,8302.5
2026-07-06T19:13:51Z,,,,,,8306.1
2026-07-06T19:13:51Z,,,,,,8308.6
2026-07-06T19:13:51Z,,,,,,8313.3
2026-07-06T19:13:51Z,,,,,,8322.6
2026-07-06T19:13:52Z,,,,,,8330.9
2026-07-06T19:13:52Z,,,,,,8332.6
2026-07-06T19:13:52Z,,,,,,8331.7
2026-07-06T19:13:52Z,51.554844,-0.065206,4.2,12,1,8333.4
2026-07-06T19:13:52Z,,,,,,8339.8
2026-07-06T19:13:52Z,,,,,,8346.4
2026-07-06T19:13:52Z,,,,,,8348.2
2026-07-06T19:13:52Z,,,,,,8347.5
2026-07-06T19:13:52Z,,,,,,8346.0
2026-07-06T19:13:52Z,,,,,,8348.5
2026-07-06T19:13:53Z,,,,,,8354.7
2026-07-06T19:13:53Z,,,,,,8356.8
2026-07-06T19:13:53Z,,,,,,8356.6
2026-07-06T19:13:53Z,51.554848,-0.065183,4.3,12,1,8358.1
2026-07-06T19:13:53Z,,,,,,8363.2
2026-07-06T19:13:53Z,,,,,,8371.5
2026-07-06T19:13:53Z,,,,,,8377.5
2026-07-06T19:13:53Z,,,,,,8380.4
2026-07-06T19:13:53Z,,,,,,8382.5
2026-07-06T19:13:53Z,,,,,,8382.5
2026-07-06T19:13:54Z,,,,,,8380.7
2026-07-06T19:13:54Z,,,,,,8377.8
2026-07-06T19:13:54Z,,,,,,8373.9
2026-07-06T19:13:54Z,51.554848,-0.065159,4.6,12,1,8369.7
2026-07-06T19:13:54Z,,,,,,8364.8
2026-07-06T19:13:54Z,,,,,,8362.4
2026-07-06T19:13:54Z,,,,,,8362.0
2026-07-06T19:13:54Z,,,,,,8361.7
2026-07-06T19:13:54Z,,,,,,8365.6
2026-07-06T19:13:54Z,,,,,,8372.4
2026-07-06T19:13:55Z,,,,,,8379.7
2026-07-06T19:13:55Z,,,,,,8386.2
2026-07-06T19:13:55Z,,,,,,8392.0
2026-07-06T19:13:55Z,51.554848,-0.065135,4.9,12,1,8399.7
2026-07-06T19:13:55Z,,,,,,8405.2
2026-07-06T19:13:55Z,,,,,,8409.6
2026-07-06T19:13:55Z,,,,,,8413.4
2026-07-06T19:13:55Z,,,,,,8412.8
2026-07-06T19:13:55Z,,,,,,8411.3
2026-07-06T19:13:55Z,,,,,,8411.5
2026-07-06T19:13:56Z,,,,,,8411.4
2026-07-06T19:13:56Z,,,,,,8408.4
2026-07-06T19:13:56Z,,,,,,8401.3
2026-07-06T19:13:56Z,51.554852,-0.065111,4.9,12,1,8393.6
2026-07-06T19:13:56Z,,,,,,8387.8
2026-07-06T19:13:56Z,,,,,,8381.1
2026-07-06T19:13:56Z,,,,,,8375.5
2026-07-06T19:13:56Z,,,,,,8367.4
2026-07-06T19:13:56Z,,,,,,8356.6
2026-07-06T19:13:56Z,,,,,,8347.6
2026-07-06T19:13:57Z,,,,,,8342.3
2026-07-06T19:13:57Z,,,,,,8341.3
2026-07-06T19:13:57Z,,,,,,8337.9
2026-07-06T19:13:57Z,51.554848,-0.065080,6.0,12,1,8331.0
2026-07-06T19:13:57Z,,,,,,8327.1
2026-07-06T19:13:57Z,,,,,,8329.4
2026-07-06T19:13:57Z,,,,,,8334.5
2026-07-06T19:13:57Z,,,,,,8337.7
2026-07-06T19:13:57Z,,,,,,8337.2
2026-07-06T19:13:57Z,,,,,,8335.9
2026-07-06T19:13:58Z,,,,,,8336.4
2026-07-06T19:13:58Z,,,,,,8340.9
2026-07-06T19:13:58Z,,,,,,8347.8
2026-07-06T19:13:58Z,51.554848,-0.065057,6.5,12,1,8348.3
2026-07-06T19:13:58Z,,,,,,8344.0
2026-07-06T19:13:58Z,,,,,,8342.0
2026-07-06T19:13:58Z,,,,,,8344.4
2026-07-06T19:13:58Z,,,,,,8348.8
2026-07-06T19:13:58Z,,,,,,8351.2
2026-07-06T19:13:58Z,,,,,,8348.6
2026-07-06T19:13:59Z,,,,,,8345.2
2026-07-06T19:13:59Z,,,,,,8344.5
2026-07-06T19:13:59Z,,,,,,8349.9
2026-07-06T19:13:59Z,51.554848,-0.065032,6.9,12,1,8355.1
2026-07-06T19:13:59Z,,,,,,8350.5
2026-07-06T19:13:59Z,,,,,,8342.9
2026-07-06T19:13:59Z,,,,,,8339.3
2026-07-06T19:13:59Z,,,,,,8343.3
2026-07-06T19:13:59Z,,,,,,8346.5
2026-07-06T19:13:59Z,,,,,,8342.7
2026-07-06T19:14:00Z,,,,,,8338.8
2026-07-06T19:14:00Z,,,,,,8337.2
2026-07-06T19:14:00Z,,,,,,8342.1
2026-07-06T19:14:00Z,51.554848,-0.065012,7.3,12,1,8351.9
2026-07-06T19:14:00Z,,,,,,8357.5
2026-07-06T19:14:00Z,,,,,,8356.2
2026-07-06T19:14:00Z,,,,,,8354.5
2026-07-06T19:14:00Z,,,,,,8357.1
2026-07-06T19:14:00Z,,,,,,8365.2
2026-07-06T19:14:00Z,,,,,,8368.9
2026-07-06T19:14:01Z,,,,,,8363.9
2026-07-06T19:14:01Z,,,,,,8358.3
2026-07-06T19:14:01Z,,,,,,8354.2
2026-07-06T19:14:01Z,51.554848,-0.064995,7.3,12,1,8356.9
2026-07-06T19:14:01Z,,,,,,8359.6
2026-07-06T19:14:01Z,,,,,,8355.2
2026-07-06T19:14:01Z,,,,,,8349.3
2026-07-06T19:14:01Z,,,,,,8344.0
2026-07-06T19:14:01Z,,,,,,8343.9
2026-07-06T19:14:01Z,,,,,,8346.9
2026-07-06T19:14:02Z,,,,,,8343.1
2026-07-06T19:14:02Z,,,,,,8335.6
2026-07-06T19:14:02Z,,,,,,8330.2
2026-07-06T19:14:02Z,51.554852,-0.064975,7.4,12,1,8330.2
2026-07-06T19:14:02Z,,,,,,8335.0
2026-07-06T19:14:02Z,,,,,,8338.1
2026-07-06T19:14:02Z,,,,,,8339.0
2026-07-06T19:14:02Z,,,,,,8338.9
2026-07-06T19:14:02Z,,,,,,8341.5
2026-07-06T19:14:02Z,,,,,,8351.8
2026-07-06T19:14:03Z,,,,,,8363.8
2026-07-06T19:14:03Z,,,,,,8371.6
2026-07-06T19:14:03Z,,,,,,8377.3
2026-07-06T19:14:03Z,51.554855,-0.064958,7.4,12,1,8383.9
2026-07-06T19:14:03Z,,,,,,8395.2
2026-07-06T19:14:03Z,,,,,,8406.9
2026-07-06T19:14:03Z,,,,,,8414.9
2026-07-06T19:14:03Z,,,,,,8419.9
2026-07-06T19:14:03Z,,,,,,8420.8
2026-07-06T19:14:03Z,,,,,,8422.4
2026-07-06T19:14:04Z,,,,,,8425.5
2026-07-06T19:14:04Z,,,,,,8425.7
2026-07-06T19:14:04Z,,,,,,8421.4
2026-07-06T19:14:04Z,51.554859,-0.064942,7.1,12,1,8415.2
2026-07-06T19:14:04Z,,,,,,8410.0
2026-07-06T19:14:04Z,,,,,,8406.7
2026-07-06T19:14:04Z,,,,,,8401.6
2026-07-06T19:14:04Z,,,,,,8394.6
2026-07-06T19:14:04Z,,,,,,8387.9
2026-07-06T19:14:04Z,,,,,,8380.0
2026-07-06T19:14:05Z,,,,,,8373.3
2026-07-06T19:14:05Z,,,,,,8366.0
2026-07-06T19:14:05Z,,,,,,8358.9
2026-07-06T19:14:05Z,51.554867,-0.064920,6.7,12,1,8353.3
2026-07-06T19:14:05Z,,,,,,8346.3
2026-07-06T19:14:05Z,,,,,,8342.1
2026-07-06T19:14:05Z,,,,,,8338.3
2026-07-06T19:14:05Z,,,,,,8333.0
2026-07-06T19:14:05Z,,,,,,8330.3
2026-07-06T19:14:05Z,,,,,,8328.0
2026-07-06T19:14:05Z,,,,,,8327.6
2026-07-06T19:14:06Z,,,,,,8326.7
2026-07-06T19:14:06Z,,,,,,8322.5
2026-07-06T19:14:06Z,51.554871,-0.064896,6.3,12,1,8321.5
2026-07-06T19:14:06Z,,,,,,8321.5
2026-07-06T19:14:06Z,,,,,,8322.3
2026-07-06T19:14:06Z,,,,,,8326.3
2026-07-06T19:14:06Z,,,,,,8326.3
2026-07-06T19:14:06Z,,,,,,8324.2
2026-07-06T19:14:06Z,,,,,,8326.0
2026-07-06T19:14:07Z,,,,,,8329.7
2026-07-06T19:14:07Z,,,,,,8333.5
2026-07-06T19:14:07Z,,,,,,8332.2
2026-07-06T19:14:07Z,51.554878,-0.064877,5.8,12,1,8326.5
2026-07-06T19:14:07Z,,,,,,8324.4
2026-07-06T19:14:07Z,,,,,,8323.8
2026-07-06T19:14:07Z,,,,,,8324.4
2026-07-06T19:14:07Z,,,,,,8324.2
2026-07-06T19:14:07Z,,,,,,8319.2
2026-07-06T19:14:07Z,,,,,,8314.6
2026-07-06T19:14:08Z,,,,,,8313.5
2026-07-06T19:14:08Z,,,,,,8315.3
2026-07-06T19:14:08Z,,,,,,8318.3
2026-07-06T19:14:08Z,51.554890,-0.064859,4.9,12,1,8316.7
2026-07-06T19:14:08Z,,,,,,8312.1
2026-07-06T19:14:08Z,,,,,,8310.6
2026-07-06T19:14:08Z,,,,,,8311.2
2026-07-06T19:14:08Z,,,,,,8314.2
2026-07-06T19:14:08Z,,,,,,8315.8
2026-07-06T19:14:08Z,,,,,,8315.0
2026-07-06T19:14:09Z,,,,,,8316.7
2026-07-06T19:14:09Z,,,,,,8324.2
2026-07-06T19:14:09Z,,,,,,8341.0
2026-07-06T19:14:09Z,51.554890,-0.064842,4.8,12,1,8358.7
2026-07-06T19:14:09Z,,,,,,8368.6
2026-07-06T19:14:09Z,,,,,,8375.4
2026-07-06T19:14:09Z,,,,,,8383.8
2026-07-06T19:14:09Z,,,,,,8395.0
2026-07-06T19:14:09Z,,,,,,8407.0
2026-07-06T19:14:09Z,,,,,,8413.1
2026-07-06T19:14:10Z,,,,,,8413.9
2026-07-06T19:14:10Z,,,,,,8416.6
2026-07-06T19:14:10Z,,,,,,8423.1
2026-07-06T19:14:10Z,51.554893,-0.064826,4.3,12,1,8431.8
2026-07-06T19:14:10Z,,,,,,8436.4
2026-07-06T19:14:10Z,,,,,,8435.2
2026-07-06T19:14:10Z,,,,,,8433.4
2026-07-06T19:14:10Z,,,,,,8432.8
2026-07-06T19:14:10Z,,,,,,8434.5
2026-07-06T19:14:10Z,,,,,,8434.7
2026-07-06T19:14:11Z,,,,,,8429.9
2026-07-06T19:14:11Z,,,,,,8423.4
2026-07-06T19:14:11Z,,,,,,8418.9
2026-07-06T19:14:11Z,51.554897,-0.064814,3.9,12,1,8418.2
2026-07-06T19:14:11Z,,,,,,8419.3
2026-07-06T19:14:11Z,,,,,,8416.2
2026-07-06T19:14:11Z,,,,,,8409.3
2026-07-06T19:14:11Z,,,,,,8402.0
2026-07-06T19:14:11Z,,,,,,8398.2
2026-07-06T19:14:11Z,,,,,,8396.7
2026-07-06T19:14:12Z,,,,,,8392.3
2026-07-06T19:14:12Z,,,,,,8384.9
2026-07-06T19:14:12Z,,,,,,8378.1
2026-07-06T19:14:12Z,51.554897,-0.064803,3.7,12,1,8374.9
2026-07-06T19:14:12Z,,,,,,8375.9
2026-07-06T19:14:12Z,,,,,,8378.6
2026-07-06T19:14:12Z,,,,,,8378.9
2026-07-06T19:14:12Z,,,,,,8377.2
2026-07-06T19:14:12Z,,,,,,8376.4
2026-07-06T19:14:12Z,,,,,,8380.1
2026-07-06T19:14:13Z,,,,,,8387.5
2026-07-06T19:14:13Z,,,,,,8391.0
2026-07-06T19:14:13Z,,,,,,8391.0
2026-07-06T19:14:13Z,51.554901,-0.064793,3.8,12,1,8390.3
2026-07-06T19:14:13Z,,,,,,8390.6
2026-07-06T19:14:13Z,,,,,,8395.4
2026-07-06T19:14:13Z,,,,,,8402.1
2026-07-06T19:14:13Z,,,,,,8405.9
2026-07-06T19:14:13Z,,,,,,8408.6
2026-07-06T19:14:13Z,,,,,,8412.8
2026-07-06T19:14:14Z,,,,,,8421.2
2026-07-06T19:14:14Z,,,,,,8431.7
2026-07-06T19:14:14Z,,,,,,8439.5
2026-07-06T19:14:14Z,51.554905,-0.064777,4.0,12,1,8447.2
2026-07-06T19:14:14Z,,,,,,8453.7
2026-07-06T19:14:14Z,,,,,,8458.8
2026-07-06T19:14:14Z,,,,,,8466.6
2026-07-06T19:14:14Z,,,,,,8472.1
2026-07-06T19:14:14Z,,,,,,8473.4
2026-07-06T19:14:14Z,,,,,,8474.4
2026-07-06T19:14:15Z,,,,,,8474.9
2026-07-06T19:14:15Z,,,,,,8478.5
2026-07-06T19:14:15Z,,,,,,8483.4
2026-07-06T19:14:15Z,51.554909,-0.064758,4.2,12,1,8484.2
2026-07-06T19:14:15Z,,,,,,8484.1
2026-07-06T19:14:15Z,,,,,,8483.6
2026-07-06T19:14:15Z,,,,,,8487.9
2026-07-06T19:14:15Z,,,,,,8498.1
2026-07-06T19:14:15Z,,,,,,8505.6
2026-07-06T19:14:15Z,,,,,,8510.0
2026-07-06T19:14:16Z,,,,,,8514.4
2026-07-06T19:14:16Z,,,,,,8521.0
2026-07-06T19:14:16Z,,,,,,8530.5
2026-07-06T19:14:16Z,51.554909,-0.064742,3.9,12,1,8537.4
2026-07-06T19:14:16Z,,,,,,8538.8
2026-07-06T19:14:16Z,,,,,,8536.6
2026-07-06T19:14:16Z,,,,,,8535.3
2026-07-06T19:14:16Z,,,,,,8540.1
2026-07-06T19:14:16Z,,,,,,8549.5
2026-07-06T19:14:16Z,,,,,,8554.4
2026-07-06T19:14:17Z,,,,,,8554.7
2026-07-06T19:14:17Z,,,,,,8553.5
2026-07-06T19:14:17Z,,,,,,8551.9
2026-07-06T19:14:17Z,51.554913,-0.064728,3.3,12,1,8556.4
2026-07-06T19:14:17Z,,,,,,8557.9
2026-07-06T19:14:17Z,,,,,,8551.5
2026-07-06T19:14:17Z,,,,,,8545.7
2026-07-06T19:14:17Z,,,,,,8545.4
2026-07-06T19:14:17Z,,,,,,8550.8
2026-07-06T19:14:17Z,,,,,,8553.1
2026-07-06T19:14:18Z,,,,,,8550.2
2026-07-06T19:14:18Z,,,,,,8547.2
2026-07-06T19:14:18Z,,,,,,8544.9
2026-07-06T19:14:18Z,51.554916,-0.064722,3.2,12,1,8546.2
2026-07-06T19:14:18Z,,,,,,8551.9
2026-07-06T19:14:18Z,,,,,,8553.5
2026-07-06T19:14:18Z,,,,,,8550.0
2026-07-06T19:14:18Z,,,,,,8545.3
2026-07-06T19:14:18Z,,,,,,8546.8
2026-07-06T19:14:18Z,,,,,,8553.9
2026-07-06T19:14:19Z,,,,,,8560.1
2026-07-06T19:14:19Z,,,,,,8562.6
2026-07-06T19:14:19Z,,,,,,8562.3
2026-07-06T19:14:19Z,51.554920,-0.064717,3.0,12,1,8561.8
2026-07-06T19:14:19Z,,,,,,8564.8
2026-07-06T19:14:19Z,,,,,,8570.4
2026-07-06T19:14:19Z,,,,,,8573.3
2026-07-06T19:14:19Z,,,,,,8571.0
2026-07-06T19:14:19Z,,,,,,8567.2
2026-07-06T19:14:19Z,,,,,,8564.9
2026-07-06T19:14:20Z,,,,,,8566.2
2026-07-06T19:14:20Z,,,,,,8568.1
2026-07-06T19:14:20Z,,,,,,8566.5
2026-07-06T19:14:20Z,51.554924,-0.064704,2.7,12,1,8565.3
2026-07-06T19:14:20Z,,,,,,8563.7
2026-07-06T19:14:20Z,,,,,,8564.2
2026-07-06T19:14:20Z,,,,,,8567.6
2026-07-06T19:14:20Z,,,,,,8568.1
2026-07-06T19:14:20Z,,,,,,8564.7
2026-07-06T19:14:20Z,,,,,,8560.2
2026-07-06T19:14:21Z,,,,,,8557.0
2026-07-06T19:14:21Z,,,,,,8555.6
2026-07-06T19:14:21Z,,,,,,8553.7
2026-07-06T19:14:21Z,51.554932,-0.064694,2.4,12,1,8549.6
2026-07-06T19:14:21Z,,,,,,8544.0
2026-07-06T19:14:21Z,,,,,,8537.6
2026-07-06T19:14:21Z,,,,,,8535.7
2026-07-06T19:14:21Z,,,,,,8533.5
2026-07-06T19:14:21Z,,,,,,8528.2
2026-07-06T19:14:21Z,,,,,,8521.9
2026-07-06T19:14:22Z,,,,,,8513.7
2026-07-06T19:14:22Z,,,,,,8509.1
2026-07-06T19:14:22Z,,,,,,8507.3
2026-07-06T19:14:22Z,51.554935,-0.064682,2.4,12,1,8503.1
2026-07-06T19:14:22Z,,,,,,8496.7
2026-07-06T19:14:22Z,,,,,,8490.6
2026-07-06T19:14:22Z,,,,,,8485.8
2026-07-06T19:14:22Z,,,,,,8483.7
2026-07-06T19:14:22Z,,,,,,8481.1
2026-07-06T19:14:22Z,,,,,,8476.5
2026-07-06T19:14:23Z,,,,,,8472.7
2026-07-06T19:14:23Z,,,,,,8468.9
2026-07-06T19:14:23Z,,,,,,8467.7
2026-07-06T19:14:23Z,51.554943,-0.064668,1.8,12,1,8468.4
2026-07-06T19:14:23Z,,,,,,8468.4
2026-07-06T19:14:23Z,,,,,,8469.0
2026-07-06T19:14:23Z,,,,,,8471.3
2026-07-06T19:14:23Z,,,,,,8474.2
2026-07-06T19:14:23Z,,,,,,8478.6
2026-07-06T19:14:23Z,,,,,,8482.3
2026-07-06T19:14:24Z,,,,,,8483.7
2026-07-06T19:14:24Z,,,,,,8483.6
2026-07-06T19:14:24Z,,,,,,8481.2
2026-07-06T19:14:24Z,51.554947,-0.064653,1.3,12,1,8481.9
2026-07-06T19:14:24Z,,,,,,8482.9
2026-07-06T19:14:24Z,,,,,,8480.5
2026-07-06T19:14:24Z,,,,,,8478.5
2026-07-06T19:14:24Z,,,,,,8477.6
2026-07-06T19:14:24Z,,,,,,8478.3
2026-07-06T19:14:24Z,,,,,,8480.5
2026-07-06T19:14:25Z,,,,,,8480.5
2026-07-06T19:14:25Z,,,,,,8480.7
2026-07-06T19:14:25Z,,,,,,8480.4
2026-07-06T19:14:25Z,51.554955,-0.064638,0.7,12,1,8478.9
2026-07-06T19:14:25Z,,,,,,8479.4
2026-07-06T19:14:25Z,,,,,,8479.9
2026-07-06T19:14:25Z,,,,,,8478.3
2026-07-06T19:14:25Z,,,,,,8476.3
2026-07-06T19:14:25Z,,,,,,8476.0
2026-07-06T19:14:25Z,,,,,,8475.6
2026-07-06T19:14:26Z,,,,,,8475.7
2026-07-06T19:14:26Z,,,,,,8476.7
2026-07-06T19:14:26Z,,,,,,8477.6
2026-07-06T19:14:26Z,51.554966,-0.064632,-0.1,12,1,8477.9
2026-07-06T19:14:26Z,,,,,,8479.5
2026-07-06T19:14:26Z,,,,,,8483.7
2026-07-06T19:14:26Z,,,,,,8488.7
2026-07-06T19:14:26Z,,,,,,8492.8
2026-07-06T19:14:26Z,,,,,,8496.5
2026-07-06T19:14:26Z,,,,,,8500.1
2026-07-06T19:14:27Z,,,,,,8502.5
2026-07-06T19:14:27Z,,,,,,8504.4
2026-07-06T19:14:27Z,,,,,,8505.1
2026-07-06T19:14:27Z,51.554970,-0.064634,-0.5,12,1,8504.7
2026-07-06T19:14:27Z,,,,,,8503.5
2026-07-06T19:14:27Z,,,,,,8501.2
2026-07-06T19:14:27Z,,,,,,8501.9
2026-07-06T19:14:27Z,,,,,,8505.0
2026-07-06T19:14:27Z,,,,,,8506.8
2026-07-06T19:14:27Z,,,,,,8509.9
2026-07-06T19:14:28Z,,,,,,8515.3
2026-07-06T19:14:28Z,,,,,,8521.1
2026-07-06T19:14:28Z,,,,,,8527.1
2026-07-06T19:14:28Z,51.554974,-0.064636,-0.8,12,1,8531.7
2026-07-06T19:14:28Z,,,,,,8533.9
2026-07-06T19:14:28Z,,,,,,8535.4
2026-07-06T19:14:28Z,,,,,,8535.3
2026-07-06T19:14:28Z,,,,,,8534.6
2026-07-06T19:14:28Z,,,,,,8534.1
2026-07-06T19:14:28Z,,,,,,8530.9
2026-07-06T19:14:29Z,,,,,,8526.7
2026-07-06T19:14:29Z,,,,,,8522.9
2026-07-06T19:14:29Z,,,,,,8519.4
2026-07-06T19:14:29Z,51.554981,-0.064628,-1.6,12,1,8516.0
2026-07-06T19:14:29Z,,,,,,8510.3
2026-07-06T19:14:29Z,,,,,,8502.2
2026-07-06T19:14:29Z,,,,,,8495.6
2026-07-06T19:14:29Z,,,,,,8488.9
2026-07-06T19:14:29Z,,,,,,8481.8
2026-07-06T19:14:29Z,,,,,,8476.5
2026-07-06T19:14:30Z,,,,,,8469.2
2026-07-06T19:14:30Z,,,,,,8460.0
2026-07-06T19:14:30Z,,,,,,8452.6
2026-07-06T19:14:30Z,51.554989,-0.064619,-2.2,12,1,8448.1
2026-07-06T19:14:30Z,,,,,,8443.6
2026-07-06T19:14:30Z,,,,,,8437.8
2026-07-06T19:14:30Z,,,,,,8430.2
2026-07-06T19:14:30Z,,,,,,8425.0
2026-07-06T19:14:30Z,,,,,,8420.5
2026-07-06T19:14:30Z,,,,,,8415.8
2026-07-06T19:14:31Z,,,,,,8414.1
2026-07-06T19:14:31Z,,,,,,8410.8
2026-07-06T19:14:31Z,,,,,,8406.1
2026-07-06T19:14:31Z,51.554993,-0.064608,-1.6,12,1,8405.1
2026-07-06T19:14:31Z,,,,,,8405.6
2026-07-06T19:14:31Z,,,,,,8408.8
2026-07-06T19:14:31Z,,,,,,8411.0
2026-07-06T19:14:31Z,,,,,,8408.4
2026-07-06T19:14:31Z,,,,,,8408.0
2026-07-06T19:14:31Z,,,,,,8408.1
2026-07-06T19:14:32Z,,,,,,8407.9
2026-07-06T19:14:32Z,,,,,,8410.3
2026-07-06T19:14:32Z,,,,,,8409.6
2026-07-06T19:14:32Z,51.555000,-0.064598,-1.7,12,1,8406.7
2026-07-06T19:14:32Z,,,,,,8406.7
2026-07-06T19:14:32Z,,,,,,8407.6
2026-07-06T19:14:32Z,,,,,,8409.4
2026-07-06T19:14:32Z,,,,,,8409.1
2026-07-06T19:14:32Z,,,,,,8405.2
2026-07-06T19:14:32Z,,,,,,8402.7
2026-07-06T19:14:33Z,,,,,,8400.9
2026-07-06T19:14:33Z,,,,,,8399.1
2026-07-06T19:14:33Z,,,,,,8399.4
2026-07-06T19:14:33Z,51.555008,-0.064586,-1.6,12,1,8396.6
2026-07-06T19:14:33Z,,,,,,8391.3
2026-07-06T19:14:33Z,,,,,,8389.6
2026-07-06T19:14:33Z,,,,,,8389.4
2026-07-06T19:14:33Z,,,,,,8391.8
2026-07-06T19:14:33Z,,,,,,8394.4
2026-07-06T19:14:33Z,,,,,,8393.5
2026-07-06T19:14:34Z,,,,,,8395.4
2026-07-06T19:14:34Z,,,,,,8400.6
2026-07-06T19:14:34Z,,,,,,8406.7
2026-07-06T19:14:34Z,51.555004,-0.064584,-1.3,12,1,8418.6
2026-07-06T19:14:34Z,,,,,,8423.8
2026-07-06T19:14:34Z,,,,,,8422.5
2026-07-06T19:14:34Z,,,,,,8428.6
2026-07-06T19:14:34Z,,,,,,8433.6
2026-07-06T19:14:34Z,,,,,,8437.5
2026-07-06T19:14:34Z,,,,,,8439.4
2026-07-06T19:14:35Z,,,,,,8436.0
2026-07-06T19:14:35Z,,,,,,8433.8
2026-07-06T19:14:35Z,,,,,,8433.1
2026-07-06T19:14:35Z,51.555004,-0.064581,-1.1,12,1,8429.6
2026-07-06T19:14:35Z,,,,,,8425.7
2026-07-06T19:14:35Z,,,,,,8420.8
2026-07-06T19:14:35Z,,,,,,8413.6
2026-07-06T19:14:35Z,,,,,,8408.1
2026-07-06T19:14:35Z,,,,,,8404.2
2026-07-06T19:14:35Z,,,,,,8401.7
2026-07-06T19:14:36Z,,,,,,8398.3
2026-07-06T19:14:36Z,,,,,,8392.2
2026-07-06T19:14:36Z,,,,,,8388.6
2026-07-06T19:14:36Z,51.555000,-0.064578,-0.9,12,1,8390.6
2026-07-06T19:14:36Z,,,,,,8393.3
2026-07-06T19:14:36Z,,,,,,8397.1
2026-07-06T19:14:36Z,,,,,,8401.4
2026-07-06T19:14:36Z,,,,,,8403.0
2026-07-06T19:14:36Z,,,,,,8406.3
2026-07-06T19:14:36Z,,,,,,8410.6
2026-07-06T19:14:37Z,,,,,,8415.4
2026-07-06T19:14:37Z,,,,,,8418.0
2026-07-06T19:14:37Z,,,,,,8415.7
2026-07-06T19:14:37Z,51.555000,-0.064577,-0.7,12,1,8413.1
2026-07-06T19:14:37Z,,,,,,8412.8
2026-07-06T19:14:37Z,,,,,,8412.6
2026-07-06T19:14:37Z,,,,,,8413.7
2026-07-06T19:14:37Z,,,,,,8413.4
2026-07-06T19:14:37Z,,,,,,8410.5
2026-07-06T19:14:37Z,,,,,,8409.2
2026-07-06T19:14:37Z,,,,,,8409.3
2026-07-06T19:14:38Z,,,,,,8411.1
2026-07-06T19:14:38Z,,,,,,8412.8
2026-07-06T19:14:38Z,51.555008,-0.064578,-0.7,12,1,8411.3
2026-07-06T19:14:38Z,,,,,,8409.3
2026-07-06T19:14:38Z,,,,,,8411.9
2026-07-06T19:14:38Z,,,,,,8417.0
2026-07-06T19:14:38Z,,,,,,8423.8
2026-07-06T19:14:38Z,,,,,,8430.1
2026-07-06T19:14:38Z,,,,,,8432.3
2026-07-06T19:14:39Z,,,,,,8434.0
2026-07-06T19:14:39Z,,,,,,8436.4
2026-07-06T19:14:39Z,,,,,,8440.5
2026-07-06T19:14:39Z,51.555012,-0.064582,-0.4,12,1,8443.4
2026-07-06T19:14:39Z,,,,,,8440.7
2026-07-06T19:14:39Z,,,,,,8436.3
2026-07-06T19:14:39Z,,,,,,8434.2
2026-07-06T19:14:39Z,,,,,,8432.6
2026-07-06T19:14:39Z,,,,,,8432.3
2026-07-06T19:14:39Z,,,,,,8429.7
2026-07-06T19:14:40Z,,,,,,8423.6
2026-07-06T19:14:40Z,,,,,,8419.2
2026-07-06T19:14:40Z,,,,,,8416.6
2026-07-06T19:14:40Z,51.555019,-0.064586,0.0,12,1,8417.3
2026-07-06T19:14:40Z,,,,,,8417.1
2026-07-06T19:14:40Z,,,,,,8409.4
2026-07-06T19:14:40Z,,,,,,8399.9
2026-07-06T19:14:40Z,,,,,,8393.9
2026-07-06T19:14:40Z,,,,,,8389.1
2026-07-06T19:14:40Z,,,,,,8386.2
2026-07-06T19:14:41Z,,,,,,8381.3
2026-07-06T19:14:41Z,,,,,,8372.5
2026-07-06T19:14:41Z,,,,,,8364.7
2026-07-06T19:14:41Z,51.555023,-0.064590,0.4,12,1,8361.5
2026-07-06T19:14:41Z,,,,,,8361.6
2026-07-06T19:14:41Z,,,,,,8361.2
2026-07-06T19:14:41Z,,,,,,8355.6
2026-07-06T19:14:41Z,,,,,,8347.4
2026-07-06T19:14:41Z,,,,,,8343.7
2026-07-06T19:14:41Z,,,,,,8342.1
2026-07-06T19:14:42Z,,,,,,8343.0
2026-07-06T19:14:42Z,,,,,,8344.4
2026-07-06T19:14:42Z,,,,,,8341.7
2026-07-06T19:14:42Z,51.555027,-0.064591,1.2,12,1,8340.0
2026-07-06T19:14:42Z,,,,,,8341.6
2026-07-06T19:14:42Z,,,,,,8345.6
2026-07-06T19:14:42Z,,,,,,8350.7
2026-07-06T19:14:42Z,,,,,,8350.6
2026-07-06T19:14:42Z,,,,,,8347.0
2026-07-06T19:14:42Z,,,,,,8347.7
2026-07-06T19:14:43Z,,,,,,8348.9
2026-07-06T19:14:43Z,,,,,,8350.1
2026-07-06T19:14:43Z,,,,,,8351.4
2026-07-06T19:14:43Z,51.555031,-0.064596,2.1,12,1,8349.4
2026-07-06T19:14:43Z,,,,,,8346.1
2026-07-06T19:14:43Z,,,,,,8344.6
2026-07-06T19:14:43Z,,,,,,8345.9
2026-07-06T19:14:43Z,,,,,,8348.4
2026-07-06T19:14:43Z,,,,,,8346.9
2026-07-06T19:14:43Z,,,,,,8342.0
2026-07-06T19:14:44Z,,,,,,8341.3
2026-07-06T19:14:44Z,,,,,,8342.4
2026-07-06T19:14:44Z,,,,,,8345.6
2026-07-06T19:14:44Z,51.555031,-0.064603,3.1,12,1,8352.6
2026-07-06T19:14:44Z,,,,,,8356.6
2026-07-06T19:14:44Z,,,,,,8359.5
2026-07-06T19:14:44Z,,,,,,8365.7
2026-07-06T19:14:44Z,,,,,,8372.8
2026-07-06T19:14:44Z,,,,,,8380.5
2026-07-06T19:14:44Z,,,,,,8384.4
2026-07-06T19:14:45Z,,,,,,8383.6
2026-07-06T19:14:45Z,,,,,,8382.9
2026-07-06T19:14:45Z,,,,,,8383.2
2026-07-06T19:14:45Z,51.555031,-0.064606,3.2,12,1,8383.0
2026-07-06T19:14:45Z,,,,,,8382.7
2026-07-06T19:14:45Z,,,,,,8380.9
2026-07-06T19:14:45Z,,,,,,8377.0
2026-07-06T19:14:45Z,,,,,,8375.8
2026-07-06T19:14:45Z,,,,,,8377.1
2026-07-06T19:14:45Z,,,,,,8378.4
2026-07-06T19:14:46Z,,,,,,8378.3
2026-07-06T19:14:46Z,,,,,,8375.5
2026-07-06T19:14:46Z,,,,,,8374.2
2026-07-06T19:14:46Z,51.555031,-0.064610,2.9,12,1,8375.2
2026-07-06T19:14:46Z,,,,,,8374.0
2026-07-06T19:14:46Z,,,,,,8374.3
2026-07-06T19:14:46Z,,,,,,8377.7
2026-07-06T19:14:46Z,,,,,,8379.7
2026-07-06T19:14:46Z,,,,,,8383.7
2026-07-06T19:14:46Z,,,,,,8390.4
2026-07-06T19:14:47Z,,,,,,8396.4
2026-07-06T19:14:47Z,,,,,,8405.1
2026-07-06T19:14:47Z,,,,,,8414.2
2026-07-06T19:14:47Z,51.555031,-0.064611,3.0,12,1,8422.7
2026-07-06T19:14:47Z,,,,,,8428.6
2026-07-06T19:14:47Z,,,,,,8430.8
2026-07-06T19:14:47Z,,,,,,8435.0
2026-07-06T19:14:47Z,,,,,,8439.9
2026-07-06T19:14:47Z,,,,,,8442.1
2026-07-06T19:14:47Z,,,,,,8442.1
2026-07-06T19:14:48Z,,,,,,8441.8
2026-07-06T19:14:48Z,,,,,,8440.1
2026-07-06T19:14:48Z,,,,,,8440.0
2026-07-06T19:14:48Z,51.555031,-0.064621,3.9,12,1,8441.7
2026-07-06T19:14:48Z,,,,,,8440.7
2026-07-06T19:14:48Z,,,,,,8436.6
2026-07-06T19:14:48Z,,,,,,8432.0
2026-07-06T19:14:48Z,,,,,,8428.2
2026-07-06T19:14:48Z,,,,,,8428.0
2026-07-06T19:14:48Z,,,,,,8427.1
2026-07-06T19:14:49Z,,,,,,8422.3
2026-07-06T19:14:49Z,,,,,,8417.6
2026-07-06T19:14:49Z,,,,,,8410.8
2026-07-06T19:14:49Z,51.555031,-0.064628,4.8,12,1,8406.4
2026-07-06T19:14:49Z,,,,,,8405.8
2026-07-06T19:14:49Z,,,,,,8404.0
2026-07-06T19:14:49Z,,,,,,8396.6
2026-07-06T19:14:49Z,,,,,,8387.9
2026-07-06T19:14:49Z,,,,,,8382.7
2026-07-06T19:14:49Z,,,,,,8383.8
2026-07-06T19:14:50Z,,,,,,8386.8
2026-07-06T19:14:50Z,,,,,,8386.4
2026-07-06T19:14:50Z,,,,,,8385.5
2026-07-06T19:14:50Z,51.555027,-0.064634,5.6,12,1,8383.2
2026-07-06T19:14:50Z,,,,,,8381.0
2026-07-06T19:14:50Z,,,,,,8387.8
2026-07-06T19:14:50Z,,,,,,8393.6
2026-07-06T19:14:50Z,,,,,,8387.5
2026-07-06T19:14:50Z,,,,,,8379.8
2026-07-06T19:14:50Z,,,,,,8374.4
2026-07-06T19:14:51Z,,,,,,8373.2
2026-07-06T19:14:51Z,,,,,,8377.4
2026-07-06T19:14:51Z,,,,,,8378.3
2026-07-06T19:14:51Z,51.555027,-0.064639,6.4,12,1,8373.6
2026-07-06T19:14:51Z,,,,,,8367.3
2026-07-06T19:14:51Z,,,,,,8361.0
2026-07-06T19:14:51Z,,,,,,8364.4
2026-07-06T19:14:51Z,,,,,,8372.9
2026-07-06T19:14:51Z,,,,,,8374.4
2026-07-06T19:14:51Z,,,,,,8370.8
2026-07-06T19:14:52Z,,,,,,8367.7
2026-07-06T19:14:52Z,,,,,,8368.4
2026-07-06T19:14:52Z,,,,,,8375.9
2026-07-06T19:14:52Z,51.555027,-0.064643,6.9,12,1,8381.7
2026-07-06T19:14:52Z,,,,,,8379.9
2026-07-06T19:14:52Z,,,,,,8374.8
2026-07-06T19:14:52Z,,,,,,8370.2
2026-07-06T19:14:52Z,,,,,,8371.5
2026-07-06T19:14:52Z,,,,,,8378.2
2026-07-06T19:14:52Z,,,,,,8378.9
2026-07-06T19:14:53Z,,,,,,8374.1
2026-07-06T19:14:53Z,,,,,,8380.5
2026-07-06T19:14:53Z,,,,,,8396.1
2026-07-06T19:14:53Z,51.555031,-0.064644,6.8,12,1,8412.7
2026-07-06T19:14:53Z,,,,,,8429.1
2026-07-06T19:14:53Z,,,,,,8443.1
2026-07-06T19:14:53Z,,,,,,8458.0
2026-07-06T19:14:53Z,,,,,,8474.5
2026-07-06T19:14:53Z,,,,,,8493.6
2026-07-06T19:14:53Z,,,,,,8516.7
2026-07-06T19:14:53Z,,,,,,8533.4
2026-07-06T19:14:54Z,,,,,,8538.8
2026-07-06T19:14:54Z,,,,,,8543.0
2026-07-06T19:14:54Z,51.555031,-0.064642,6.9,12,1,8551.2
2026-07-06T19:14:54Z,,,,,,8560.1
2026-07-06T19:14:54Z,,,,,,8565.7
2026-07-06T19:14:54Z,,,,,,8566.2
2026-07-06T19:14:54Z,,,,,,8561.5
2026-07-06T19:14:54Z,,,,,,8556.3
2026-07-06T19:14:54Z,,,,,,8554.6
2026-07-06T19:14:55Z,,,,,,8558.6
2026-07-06T19:14:55Z,,,,,,8560.2
2026-07-06T19:14:55Z,,,,,,8556.7
2026-07-06T19:14:55Z,51.555035,-0.064641,6.9,12,1,8555.0
2026-07-06T19:14:55Z,,,,,,8555.0
2026-07-06T19:14:55Z,,,,,,8560.3
2026-07-06T19:14:55Z,,,,,,8571.1
2026-07-06T19:14:55Z,,,,,,8578.4
2026-07-06T19:14:55Z,,,,,,8580.1
2026-07-06T19:14:55Z,,,,,,8580.5
2026-07-06T19:14:56Z,,,,,,8582.4
2026-07-06T19:14:56Z,,,,,,8587.3
2026-07-06T19:14:56Z,,,,,,8590.8
2026-07-06T19:14:56Z,51.555038,-0.064650,6.4,12,1,8587.8
2026-07-06T19:14:56Z,,,,,,8581.8
2026-07-06T19:14:56Z,,,,,,8576.1
2026-07-06T19:14:56Z,,,,,,8572.4
2026-07-06T19:14:56Z,,,,,,8572.3
2026-07-06T19:14:56Z,,,,,,8571.4
2026-07-06T19:14:56Z,,,,,,8565.3
2026-07-06T19:14:57Z,,,,,,8558.9
2026-07-06T19:14:57Z,,,,,,8556.2
2026-07-06T19:14:57Z,,,,,,8558.8
2026-07-06T19:14:57Z,51.555050,-0.064654,5.9,12,1,8564.0
2026-07-06T19:14:57Z,,,,,,8566.2
2026-07-06T19:14:57Z,,,,,,8566.5
2026-07-06T19:14:57Z,,,,,,8567.6
2026-07-06T19:14:57Z,,,,,,8570.3
2026-07-06T19:14:57Z,,,,,,8577.1
2026-07-06T19:14:57Z,,,,,,8584.5
2026-07-06T19:14:58Z,,,,,,8586.3
2026-07-06T19:14:58Z,,,,,,8584.7
2026-07-06T19:14:58Z,,,,,,8582.6
2026-07-06T19:14:58Z,51.555061,-0.064661,5.4,12,1,8582.4
2026-07-06T19:14:58Z,,,,,,8585.3
2026-07-06T19:14:58Z,,,,,,8587.6
2026-07-06T19:14:58Z,,,,,,8585.8
2026-07-06T19:14:58Z,,,,,,8583.0
2026-07-06T19:14:58Z,,,,,,8582.3
2026-07-06T19:14:58Z,,,,,,8583.5
2026-07-06T19:14:59Z,,,,,,8586.9
2026-07-06T19:14:59Z,,,,,,8589.2
2026-07-06T19:14:59Z,,,,,,8589.3
2026-07-06T19:14:59Z,51.555069,-0.064669,4.7,12,1,8590.9
2026-07-06T19:14:59Z,,,,,,8593.1
2026-07-06T19:14:59Z,,,,,,8597.1
2026-07-06T19:14:59Z,,,,,,8604.1
2026-07-06T19:14:59Z,,,,,,8612.1
2026-07-06T19:14:59Z,,,,,,8620.0
2026-07-06T19:14:59Z,,,,,,8631.0
2026-07-06T19:14:59Z,,,,,,8646.4
2026-07-06T19:15:00Z,,,,,,8665.7
2026-07-06T19:15:00Z,,,,,,8687.2
2026-07-06T19:15:00Z,51.555080,-0.064674,4.5,12,1,8705.2
2026-07-06T19:15:00Z,,,,,,8721.4
2026-07-06T19:15:00Z,,,,,,8735.6
2026-07-06T19:15:00Z,,,,,,8749.9
2026-07-06T19:15:00Z,,,,,,8762.7
2026-07-06T19:15:00Z,,,,,,8770.8
2026-07-06T19:15:00Z,,,,,,8775.4
2026-07-06T19:15:01Z,,,,,,8778.5
2026-07-06T19:15:01Z,,,,,,8779.9
2026-07-06T19:15:01Z,,,,,,8780.3
2026-07-06T19:15:01Z,51.555084,-0.064671,4.7,12,1,8775.7
2026-07-06T19:15:01Z,,,,,,8764.8
2026-07-06T19:15:01Z,,,,,,8753.8
2026-07-06T19:15:01Z,,,,,,8744.4
2026-07-06T19:15:01Z,,,,,,8738.1
2026-07-06T19:15:01Z,,,,,,8733.5
2026-07-06T19:15:01Z,,,,,,8727.4
2026-07-06T19:15:02Z,,,,,,8721.7
2026-07-06T19:15:02Z,,,,,,8718.4
2026-07-06T19:15:02Z,,,,,,8716.7
2026-07-06T19:15:02Z,51.555088,-0.064665,4.7,12,1,8717.2
2026-07-06T19:15:02Z,,,,,,8717.1
2026-07-06T19:15:02Z,,,,,,8714.0
2026-07-06T19:15:02Z,,,,,,8710.1
2026-07-06T19:15:02Z,,,,,,8707.1
2026-07-06T19:15:02Z,,,,,,8704.3
2026-07-06T19:15:02Z,,,,,,8701.5
2026-07-06T19:15:03Z,,,,,,8695.6
2026-07-06T19:15:03Z,,,,,,8687.1
2026-07-06T19:15:03Z,,,,,,8679.2
2026-07-06T19:15:03Z,51.555092,-0.064659,4.8,12,1,8672.7
2026-07-06T19:15:03Z,,,,,,8667.7
2026-07-06T19:15:03Z,,,,,,8662.7
2026-07-06T19:15:03Z,,,,,,8655.6
2026-07-06T19:15:03Z,,,,,,8649.1
2026-07-06T19:15:03Z,,,,,,8646.3
2026-07-06T19:15:03Z,,,,,,8645.3
2026-07-06T19:15:04Z,,,,,,8646.4
2026-07-06T19:15:04Z,,,,,,8646.8
2026-07-06T19:15:04Z,,,,,,8644.3
2026-07-06T19:15:04Z,51.555088,-0.064643,5.5,12,1,8642.9
2026-07-06T19:15:04Z,,,,,,8641.4
2026-07-06T19:15:04Z,,,,,,8639.7
2026-07-06T19:15:04Z,,,,,,8639.2
2026-07-06T19:15:04Z,,,,,,8634.5
2026-07-06T19:15:04Z,,,,,,8626.4
2026-07-06T19:15:04Z,,,,,,8619.4
2026-07-06T19:15:05Z,,,,,,8614.1
2026-07-06T19:15:05Z,,,,,,8609.4
2026-07-06T19:15:05Z,,,,,,8605.1
2026-07-06T19:15:05Z,51.555092,-0.064635,6.0,12,1,8600.8
2026-07-06T19:15:05Z,,,,,,8597.9
2026-07-06T19:15:05Z,,,,,,8598.8
2026-07-06T19:15:05Z,,,,,,8603.5
2026-07-06T19:15:05Z,,,,,,8612.1
2026-07-06T19:15:05Z,,,,,,8619.5
2026-07-06T19:15:05Z,,,,,,8624.0
2026-07-06T19:15:06Z,,,,,,8628.7
2026-07-06T19:15:06Z,,,,,,8635.0
2026-07-06T19:15:06Z,,,,,,8641.6
2026-07-06T19:15:06Z,51.555099,-0.064636,5.9,12,1,8649.0
2026-07-06T19:15:06Z,,,,,,8653.4
2026-07-06T19:15:06Z,,,,,,8653.5
2026-07-06T19:15:06Z,,,,,,8654.2
2026-07-06T19:15:06Z,,,,,,8654.7
2026-07-06T19:15:06Z,,,,,,8655.6
2026-07-06T19:15:06Z,,,,,,8655.1
2026-07-06T19:15:07Z,,,,,,8650.5
2026-07-06T19:15:07Z,,,,,,8644.5
2026-07-06T19:15:07Z,,,,,,8641.3
2026-07-06T19:15:07Z,51.555103,-0.064635,5.8,12,1,8638.9
2026-07-06T19:15:07Z,,,,,,8636.3
2026-07-06T19:15:07Z,,,,,,8634.2
2026-07-06T19:15:07Z,,,,,,8631.2
2026-07-06T19:15:07Z,,,,,,8629.0
2026-07-06T19:15:07Z,,,,,,8630.5
2026-07-06T19:15:07Z,,,,,,8635.2
2026-07-06T19:15:08Z,,,,,,8642.3
2026-07-06T19:15:08Z,,,,,,8650.0
2026-07-06T19:15:08Z,,,,,,8657.9
2026-07-06T19:15:08Z,51.555107,-0.064630,6.0,12,1,8666.3
2026-07-06T19:15:08Z,,,,,,8674.8
2026-07-06T19:15:08Z,,,,,,8682.2
2026-07-06T19:15:08Z,,,,,,8688.2
2026-07-06T19:15:08Z,,,,,,8692.1
2026-07-06T19:15:08Z,,,,,,8691.5
2026-07-06T19:15:08Z,,,,,,8689.4
2026-07-06T19:15:09Z,,,,,,8687.8
2026-07-06T19:15:09Z,,,,,,8684.8
2026-07-06T19:15:09Z,,,,,,8680.1
2026-07-06T19:15:09Z,51.555119,-0.064624,7.0,12,1,8675.0
2026-07-06T19:15:09Z,,,,,,8667.0
2026-07-06T19:15:09Z,,,,,,8658.4
2026-07-06T19:15:09Z,,,,,,8651.6
2026-07-06T19:15:09Z,,,,,,8645.5
2026-07-06T19:15:09Z,,,,,,8643.5
2026-07-06T19:15:09Z,,,,,,8643.6
2026-07-06T19:15:09Z,,,,,,8643.4
2026-07-06T19:15:09Z,,,,,,8647.0
2026-07-06T19:15:10Z,,,,,,8653.3
2026-07-06T19:15:10Z,51.555130,-0.064619,7.8,12,1,8661.1
2026-07-06T19:15:10Z,,,,,,8671.0
2026-07-06T19:15:10Z,,,,,,8679.0
2026-07-06T19:15:10Z,,,,,,8684.6
2026-07-06T19:15:10Z,,,,,,8689.1
2026-07-06T19:15:10Z,,,,,,8691.5
2026-07-06T19:15:10Z,,,,,,8694.8
2026-07-06T19:15:10Z,,,,,,8700.5
2026-07-06T19:15:11Z,,,,,,8703.6
2026-07-06T19:15:11Z,,,,,,8704.8
2026-07-06T19:15:11Z,51.555134,-0.064613,8.0,12,1,8705.5
2026-07-06T19:15:11Z,,,,,,8702.0
2026-07-06T19:15:11Z,,,,,,8698.9
2026-07-06T19:15:11Z,,,,,,8698.8
2026-07-06T19:15:11Z,,,,,,8696.1
2026-07-06T19:15:11Z,,,,,,8688.9
2026-07-06T19:15:11Z,,,,,,8679.0
2026-07-06T19:15:12Z,,,,,,8668.3
2026-07-06T19:15:12Z,,,,,,8661.7
2026-07-06T19:15:12Z,,,,,,8657.0
2026-07-06T19:15:12Z,51.555134,-0.064599,8.5,13,1,8649.9
2026-07-06T19:15:12Z,,,,,,8639.9
2026-07-06T19:15:12Z,,,,,,8628.5
2026-07-06T19:15:12Z,,,,,,8620.2
2026-07-06T19:15:12Z,,,,,,8620.1
2026-07-06T19:15:12Z,,,,,,8623.4
2026-07-06T19:15:12Z,,,,,,8624.7
2026-07-06T19:15:13Z,,,,,,8626.2
2026-07-06T19:15:13Z,,,,,,8631.0
2026-07-06T19:15:13Z,,,,,,8639.4
2026-07-06T19:15:13Z,51.555134,-0.064588,8.8,13,1,8655.1
2026-07-06T19:15:13Z,,,,,,8683.8
2026-07-06T19:15:13Z,,,,,,8705.7
2026-07-06T19:15:13Z,,,,,,8695.5
2026-07-06T19:15:13Z,,,,,,8673.2
2026-07-06T19:15:13Z,,,,,,8667.1
2026-07-06T19:15:13Z,,,,,,8668.0
2026-07-06T19:15:14Z,,,,,,8685.9
2026-07-06T19:15:14Z,,,,,,8712.8
2026-07-06T19:15:14Z,,,,,,8733.8
2026-07-06T19:15:14Z,51.555138,-0.064584,9.6,13,1,8718.8
2026-07-06T19:15:14Z,,,,,,8681.2
2026-07-06T19:15:14Z,,,,,,8698.9
2026-07-06T19:15:14Z,,,,,,8750.8
2026-07-06T19:15:14Z,,,,,,8740.8
2026-07-06T19:15:14Z,,,,,,8686.2
2026-07-06T19:15:14Z,,,,,,8650.7
2026-07-06T19:15:15Z,,,,,,8639.3
2026-07-06T19:15:15Z,,,,,,8635.5
2026-07-06T19:15:15Z,,,,,,8629.6
2026-07-06T19:15:15Z,51.555145,-0.064579,9.7,13,1,8627.2
2026-07-06T19:15:15Z,,,,,,8627.3
2026-07-06T19:15:15Z,,,,,,8632.5
2026-07-06T19:15:15Z,,,,,,8642.2
2026-07-06T19:15:15Z,,,,,,8646.0
2026-07-06T19:15:15Z,,,,,,8643.1
2026-07-06T19:15:15Z,,,,,,8639.1
2026-07-06T19:15:16Z,,,,,,8637.6
2026-07-06T19:15:16Z,,,,,,8641.9
2026-07-06T19:15:16Z,,,,,,8645.6
2026-07-06T19:15:16Z,51.555149,-0.064577,9.9,13,1,8644.4
2026-07-06T19:15:16Z,,,,,,8644.1
2026-07-06T19:15:16Z,,,,,,8645.9
2026-07-06T19:15:16Z,,,,,,8651.6
2026-07-06T19:15:16Z,,,,,,8662.0
2026-07-06T19:15:16Z,,,,,,8668.9
2026-07-06T19:15:16Z,,,,,,8666.6
2026-07-06T19:15:17Z,,,,,,8662.8
2026-07-06T19:15:17Z,,,,,,8660.1
2026-07-06T19:15:17Z,,,,,,8660.7
2026-07-06T19:15:17Z,51.555161,-0.064577,9.7,13,1,8661.5
2026-07-06T19:15:17Z,,,,,,8654.9
2026-07-06T19:15:17Z,,,,,,8648.9
2026-07-06T19:15:17Z,,,,,,8648.2
2026-07-06T19:15:17Z,,,,,,8646.0
2026-07-06T19:15:17Z,,,,,,8646.5
2026-07-06T19:15:17Z,,,,,,8648.4
2026-07-06T19:15:18Z,,,,,,8643.8
2026-07-06T19:15:18Z,,,,,,8638.9
2026-07-06T19:15:18Z,,,,,,8638.3
2026-07-06T19:15:18Z,51.555172,-0.064576,9.7,13,1,8641.7
2026-07-06T19:15:18Z,,,,,,8647.6
2026-07-06T19:15:18Z,,,,,,8649.8
2026-07-06T19:15:18Z,,,,,,8647.8
2026-07-06T19:15:18Z,,,,,,8646.8
2026-07-06T19:15:18Z,,,,,,8648.7
2026-07-06T19:15:18Z,,,,,,8654.0
2026-07-06T19:15:19Z,,,,,,8657.9
2026-07-06T19:15:19Z,,,,,,8653.0
2026-07-06T19:15:19Z,,,,,,8644.0
2026-07-06T19:15:19Z,51.555176,-0.064580,9.6,13,1,8638.1
2026-07-06T19:15:19Z,,,,,,8632.7
2026-07-06T19:15:19Z,,,,,,8628.1
2026-07-06T19:15:19Z,,,,,,8622.9
2026-07-06T19:15:19Z,,,,,,8613.0
2026-07-06T19:15:19Z,,,,,,8602.9
2026-07-06T19:15:19Z,,,,,,8596.5
2026-07-06T19:15:20Z,,,,,,8593.7
2026-07-06T19:15:20Z,,,,,,8594.0
2026-07-06T19:15:20Z,,,,,,8591.2
2026-07-06T19:15:20Z,51.555183,-0.064586,9.3,13,1,8584.5
2026-07-06T19:15:20Z,,,,,,8580.5
2026-07-06T19:15:20Z,,,,,,8581.4
2026-07-06T19:15:20Z,,,,,,8584.9
2026-07-06T19:15:20Z,,,,,,8588.2
2026-07-06T19:15:20Z,,,,,,8590.1
2026-07-06T19:15:20Z,,,,,,8590.2
2026-07-06T19:15:21Z,,,,,,8593.0
2026-07-06T19:15:21Z,,,,,,8598.8
2026-07-06T19:15:21Z,,,,,,8606.9
2026-07-06T19:15:21Z,51.555187,-0.064579,9.4,13,1,8610.0
2026-07-06T19:15:21Z,,,,,,8606.5
2026-07-06T19:15:21Z,,,,,,8603.5
2026-07-06T19:15:21Z,,,,,,8603.2
2026-07-06T19:15:21Z,,,,,,8601.5
2026-07-06T19:15:21Z,,,,,,8601.7
2026-07-06T19:15:21Z,,,,,,8600.2
2026-07-06T19:15:22Z,,,,,,8596.3
2026-07-06T19:15:22Z,,,,,,8592.4
2026-07-06T19:15:22Z,,,,,,8588.2
2026-07-06T19:15:22Z,51.555191,-0.064576,9.4,13,1,8588.6
2026-07-06T19:15:22Z,,,,,,8587.3
2026-07-06T19:15:22Z,,,,,,8580.6
2026-07-06T19:15:22Z,,,,,,8574.7
2026-07-06T19:15:22Z,,,,,,8573.3
2026-07-06T19:15:22Z,,,,,,8572.3
2026-07-06T19:15:22Z,,,,,,8572.2
2026-07-06T19:15:23Z,,,,,,8571.4
2026-07-06T19:15:23Z,,,,,,8566.8
2026-07-06T19:15:23Z,,,,,,8563.2
2026-07-06T19:15:23Z,51.555195,-0.064572,9.4,13,1,8565.4
2026-07-06T19:15:23Z,,,,,,8570.4
2026-07-06T19:15:23Z,,,,,,8574.7
2026-07-06T19:15:23Z,,,,,,8575.3
2026-07-06T19:15:23Z,,,,,,8574.6
2026-07-06T19:15:23Z,,,,,,8579.0
2026-07-06T19:15:23Z,,,,,,8584.5
2026-07-06T19:15:24Z,,,,,,8592.4
2026-07-06T19:15:24Z,,,,,,8606.8
2026-07-06T19:15:24Z,,,,,,8618.9
2026-07-06T19:15:24Z,51.555202,-0.064574,9.5,13,1,8622.3
2026-07-06T19:15:24Z,,,,,,8626.9
2026-07-06T19:15:24Z,,,,,,8631.8
2026-07-06T19:15:24Z,,,,,,8624.2
2026-07-06T19:15:24Z,,,,,,8606.4
2026-07-06T19:15:24Z,,,,,,8593.7
2026-07-06T19:15:24Z,,,,,,8588.4
2026-07-06T19:15:25Z,,,,,,8585.6
2026-07-06T19:15:25Z,,,,,,8582.5
2026-07-06T19:15:25Z,,,,,,8579.6
2026-07-06T19:15:25Z,51.555214,-0.064577,9.4,13,1,8574.3
2026-07-06T19:15:25Z,,,,,,8567.3
2026-07-06T19:15:25Z,,,,,,8564.0
2026-07-06T19:15:25Z,,,,,,8563.2
2026-07-06T19:15:25Z,,,,,,8562.7
2026-07-06T19:15:25Z,,,,,,8560.3
2026-07-06T19:15:25Z,,,,,,8555.9
2026-07-06T19:15:25Z,,,,,,8555.9
2026-07-06T19:15:25Z,,,,,,8560.3
2026-07-06T19:15:26Z,,,,,,8566.7
2026-07-06T19:15:26Z,51.555225,-0.064580,9.3,13,1,8575.0
2026-07-06T19:15:26Z,,,,,,8580.7
2026-07-06T19:15:26Z,,,,,,8583.1
2026-07-06T19:15:26Z,,,,,,8588.6
2026-07-06T19:15:26Z,,,,,,8595.5
2026-07-06T19:15:26Z,,,,,,8601.4
2026-07-06T19:15:26Z,,,,,,8605.0
2026-07-06T19:15:26Z,,,,,,8604.4
2026-07-06T19:15:27Z,,,,,,8602.5
2026-07-06T19:15:27Z,,,,,,8602.3
2026-07-06T19:15:27Z,51.555237,-0.064584,9.5,13,1,8600.6
2026-07-06T19:15:27Z,,,,,,8598.5
2026-07-06T19:15:27Z,,,,,,8598.7
2026-07-06T19:15:27Z,,,,,,8598.8
2026-07-06T19:15:27Z,,,,,,8601.8
2026-07-06T19:15:27Z,,,,,,8609.3
2026-07-06T19:15:27Z,,,,,,8618.8
2026-07-06T19:15:27Z,,,,,,8629.6
2026-07-06T19:15:28Z,,,,,,8638.6
2026-07-06T19:15:28Z,,,,,,8645.8
2026-07-06T19:15:28Z,51.555252,-0.064593,9.6,13,1,8653.9
2026-07-06T19:15:28Z,,,,,,8659.4
2026-07-06T19:15:28Z,,,,,,8661.6
2026-07-06T19:15:28Z,,,,,,8665.7
2026-07-06T19:15:28Z,,,,,,8669.0
2026-07-06T19:15:28Z,,,,,,8680.3
2026-07-06T19:15:28Z,,,,,,8694.0
2026-07-06T19:15:29Z,,,,,,8692.5
2026-07-06T19:15:29Z,,,,,,8685.9
2026-07-06T19:15:29Z,,,,,,8682.6
2026-07-06T19:15:29Z,51.555264,-0.064598,9.7,13,1,8681.0
2026-07-06T19:15:29Z,,,,,,8679.1
2026-07-06T19:15:29Z,,,,,,8674.7
2026-07-06T19:15:29Z,,,,,,8668.1
2026-07-06T19:15:29Z,,,,,,8666.8
2026-07-06T19:15:29Z,,,,,,8672.1
2026-07-06T19:15:29Z,,,,,,8677.3
2026-07-06T19:15:30Z,,,,,,8683.1
2026-07-06T19:15:30Z,,,,,,8692.0
2026-07-06T19:15:30Z,,,,,,8694.8
2026-07-06T19:15:30Z,51.555279,-0.064609,10.1,13,1,8707.0
2026-07-06T19:15:30Z,,,,,,8736.6
2026-07-06T19:15:30Z,,,,,,8759.5
2026-07-06T19:15:30Z,,,,,,8765.2
2026-07-06T19:15:30Z,,,,,,8764.1
2026-07-06T19:15:30Z,,,,,,8764.2
2026-07-06T19:15:30Z,,,,,,8779.5
2026-07-06T19:15:31Z,,,,,,8804.4
2026-07-06T19:15:31Z,,,,,,8819.0
2026-07-06T19:15:31Z,,,,,,8823.9
2026-07-06T19:15:31Z,51.555283,-0.064625,11.0,12,1,8818.3
2026-07-06T19:15:31Z,,,,,,8804.3
2026-07-06T19:15:31Z,,,,,,8810.7
2026-07-06T19:15:31Z,,,,,,8834.8
2026-07-06T19:15:31Z,,,,,,8844.2
2026-07-06T19:15:31Z,,,,,,8838.3
2026-07-06T19:15:31Z,,,,,,8804.5
2026-07-06T19:15:32Z,,,,,,8749.8
2026-07-06T19:15:32Z,,,,,,8715.2
2026-07-06T19:15:32Z,,,,,,8702.8
2026-07-06T19:15:32Z,51.555294,-0.064636,11.6,12,1,8691.3
2026-07-06T19:15:32Z,,,,,,8677.3
2026-07-06T19:15:32Z,,,,,,8660.1
2026-07-06T19:15:32Z,,,,,,8646.4
2026-07-06T19:15:32Z,,,,,,8644.8
2026-07-06T19:15:32Z,,,,,,8642.0
2026-07-06T19:15:32Z,,,,,,8628.7
2026-07-06T19:15:33Z,,,,,,8614.1
2026-07-06T19:15:33Z,,,,,,8602.1
2026-07-06T19:15:33Z,,,,,,8594.9
2026-07-06T19:15:33Z,51.555302,-0.064649,12.3,12,1,8603.0
2026-07-06T19:15:33Z,,,,,,8623.6
2026-07-06T19:15:33Z,,,,,,8643.5
2026-07-06T19:15:33Z,,,,,,8653.7
2026-07-06T19:15:33Z,,,,,,8647.5
2026-07-06T19:15:33Z,,,,,,8647.1
2026-07-06T19:15:33Z,,,,,,8674.7
2026-07-06T19:15:34Z,,,,,,8707.9
2026-07-06T19:15:34Z,,,,,,8730.3
2026-07-06T19:15:34Z,,,,,,8748.5
2026-07-06T19:15:34Z,51.555313,-0.064665,13.0,12,1,8762.1
2026-07-06T19:15:34Z,,,,,,8778.8
2026-07-06T19:15:34Z,,,,,,8808.0
2026-07-06T19:15:34Z,,,,,,8834.5
2026-07-06T19:15:34Z,,,,,,8826.4
2026-07-06T19:15:34Z,,,,,,8792.7
2026-07-06T19:15:34Z,,,,,,8768.4
2026-07-06T19:15:35Z,,,,,,8754.4
2026-07-06T19:15:35Z,,,,,,8748.1
2026-07-06T19:15:35Z,,,,,,8748.0
2026-07-06T19:15:35Z,51.555317,-0.064685,13.8,12,1,8745.3
2026-07-06T19:15:35Z,,,,,,8742.6
2026-07-06T19:15:35Z,,,,,,8743.2
2026-07-06T19:15:35Z,,,,,,8746.9
2026-07-06T19:15:35Z,,,,,,8750.2
2026-07-06T19:15:35Z,,,,,,8747.3
2026-07-06T19:15:35Z,,,,,,8738.8
2026-07-06T19:15:36Z,,,,,,8731.9
2026-07-06T19:15:36Z,,,,,,8725.6
2026-07-06T19:15:36Z,,,,,,8719.5
2026-07-06T19:15:36Z,51.555325,-0.064706,14.7,13,1,8714.2
2026-07-06T19:15:36Z,,,,,,8704.5
2026-07-06T19:15:36Z,,,,,,8691.8
2026-07-06T19:15:36Z,,,,,,8684.0
2026-07-06T19:15:36Z,,,,,,8678.3
2026-07-06T19:15:36Z,,,,,,8672.5
2026-07-06T19:15:36Z,,,,,,8665.7
2026-07-06T19:15:37Z,,,,,,8655.7
2026-07-06T19:15:37Z,,,,,,8648.9
2026-07-06T19:15:37Z,,,,,,8646.2
2026-07-06T19:15:37Z,51.555332,-0.064719,15.3,13,1,8643.7
2026-07-06T19:15:37Z,,,,,,8645.2
2026-07-06T19:15:37Z,,,,,,8650.6
2026-07-06T19:15:37Z,,,,,,8655.6
2026-07-06T19:15:37Z,,,,,,8662.1
2026-07-06T19:15:37Z,,,,,,8670.4
2026-07-06T19:15:37Z,,,,,,8676.4
2026-07-06T19:15:38Z,,,,,,8681.2
2026-07-06T19:15:38Z,,,,,,8686.0
2026-07-06T19:15:38Z,,,,,,8689.8
2026-07-06T19:15:38Z,51.555347,-0.064736,15.4,13,1,8695.9
2026-07-06T19:15:38Z,,,,,,8691.7
2026-07-06T19:15:38Z,,,,,,8680.4
2026-07-06T19:15:38Z,,,,,,8678.1
2026-07-06T19:15:38Z,,,,,,8677.8
2026-07-06T19:15:38Z,,,,,,8674.9
2026-07-06T19:15:38Z,,,,,,8670.6
2026-07-06T19:15:39Z,,,,,,8664.1
2026-07-06T19:15:39Z,,,,,,8654.7
2026-07-06T19:15:39Z,,,,,,8658.0
2026-07-06T19:15:39Z,51.555351,-0.064745,15.4,13,1,8692.6
2026-07-06T19:15:39Z,,,,,,8718.0
2026-07-06T19:15:39Z,,,,,,8697.0
2026-07-06T19:15:39Z,,,,,,8664.2
2026-07-06T19:15:39Z,,,,,,8643.2
2026-07-06T19:15:39Z,,,,,,8636.0
2026-07-06T19:15:39Z,,,,,,8638.1
2026-07-06T19:15:40Z,,,,,,8642.2
2026-07-06T19:15:40Z,,,,,,8663.9
2026-07-06T19:15:40Z,,,,,,8680.8
2026-07-06T19:15:40Z,51.555355,-0.064755,15.4,13,1,8669.4
2026-07-06T19:15:40Z,,,,,,8727.6
2026-07-06T19:15:40Z,,,,,,8811.8
2026-07-06T19:15:40Z,,,,,,8772.4
2026-07-06T19:15:40Z,,,,,,8690.7
2026-07-06T19:15:40Z,,,,,,8653.8
2026-07-06T19:15:40Z,,,,,,8636.3
2026-07-06T19:15:41Z,,,,,,8635.6
2026-07-06T19:15:41Z,,,,,,8637.1
2026-07-06T19:15:41Z,,,,,,8627.9
2026-07-06T19:15:41Z,51.555359,-0.064760,15.3,13,1,8616.1
2026-07-06T19:15:41Z,,,,,,8607.5
2026-07-06T19:15:41Z,,,,,,8606.4
2026-07-06T19:15:41Z,,,,,,8613.7
2026-07-06T19:15:41Z,,,,,,8614.8
2026-07-06T19:15:41Z,,,,,,8606.5
2026-07-06T19:15:41Z,,,,,,8599.8
2026-07-06T19:15:41Z,,,,,,8597.2
2026-07-06T19:15:42Z,,,,,,8601.6
2026-07-06T19:15:42Z,,,,,,8613.0
2026-07-06T19:15:42Z,51.555367,-0.064783,16.2,13,1,8666.1
2026-07-06T19:15:42Z,,,,,,8757.9
2026-07-06T19:15:42Z,,,,,,8817.4
2026-07-06T19:15:42Z,,,,,,8839.4
2026-07-06T19:15:42Z,,,,,,8853.1
2026-07-06T19:15:42Z,,,,,,8863.3
2026-07-06T19:15:42Z,,,,,,8864.9
2026-07-06T19:15:43Z,,,,,,8861.1
2026-07-06T19:15:43Z,,,,,,8858.6
2026-07-06T19:15:43Z,,,,,,8858.7
2026-07-06T19:15:43Z,51.555374,-0.064803,17.4,13,1,8865.7
2026-07-06T19:15:43Z,,,,,,8870.6
2026-07-06T19:15:43Z,,,,,,8818.9
2026-07-06T19:15:43Z,,,,,,8726.6
2026-07-06T19:15:43Z,,,,,,8670.0
2026-07-06T19:15:43Z,,,,,,8646.6
2026-07-06T19:15:43Z,,,,,,8636.6
2026-07-06T19:15:44Z,,,,,,8631.6
2026-07-06T19:15:44Z,,,,,,8625.1
2026-07-06T19:15:44Z,,,,,,8621.2
2026-07-06T19:15:44Z,51.555382,-0.064833,19.1,13,1,8622.4
2026-07-06T19:15:44Z,,,,,,8626.2
2026-07-06T19:15:44Z,,,,,,8629.9
2026-07-06T19:15:44Z,,,,,,8630.1
2026-07-06T19:15:44Z,,,,,,8627.4
2026-07-06T19:15:44Z,,,,,,8628.4
2026-07-06T19:15:44Z,,,,,,8629.4
2026-07-06T19:15:45Z,,,,,,8627.6
2026-07-06T19:15:45Z,,,,,,8628.1
2026-07-06T19:15:45Z,,,,,,8628.2
2026-07-06T19:15:45Z,51.555389,-0.064860,20.7,13,1,8624.9
2026-07-06T19:15:45Z,,,,,,8622.8
2026-07-06T19:15:45Z,,,,,,8621.2
2026-07-06T19:15:45Z,,,,,,8618.9
2026-07-06T19:15:45Z,,,,,,8619.7
2026-07-06T19:15:45Z,,,,,,8621.6
2026-07-06T19:15:45Z,,,,,,8623.6
2026-07-06T19:15:46Z,,,,,,8625.9
2026-07-06T19:15:46Z,,,,,,8627.6
2026-07-06T19:15:46Z,,,,,,8631.7
2026-07-06T19:15:46Z,51.555393,-0.064881,21.8,13,1,8639.7
2026-07-06T19:15:46Z,,,,,,8644.7
2026-07-06T19:15:46Z,,,,,,8646.1
2026-07-06T19:15:46Z,,,,,,8647.4
2026-07-06T19:15:46Z,,,,,,8644.9
2026-07-06T19:15:46Z,,,,,,8642.7
2026-07-06T19:15:46Z,,,,,,8644.5
2026-07-06T19:15:47Z,,,,,,8645.2
2026-07-06T19:15:47Z,,,,,,8640.4
2026-07-06T19:15:47Z,,,,,,8633.1
2026-07-06T19:15:47Z,51.555401,-0.064902,23.1,13,1,8626.1
2026-07-06T19:15:47Z,,,,,,8622.6
2026-07-06T19:15:47Z,,,,,,8624.4
2026-07-06T19:15:47Z,,,,,,8625.0
2026-07-06T19:15:47Z,,,,,,8621.5
2026-07-06T19:15:47Z,,,,,,8616.0
2026-07-06T19:15:47Z,,,,,,8610.3
2026-07-06T19:15:48Z,,,,,,8610.4
2026-07-06T19:15:48Z,,,,,,8617.3
2026-07-06T19:15:48Z,,,,,,8618.2
2026-07-06T19:15:48Z,51.555405,-0.064921,23.5,13,1,8612.7
2026-07-06T19:15:48Z,,,,,,8608.3
2026-07-06T19:15:48Z,,,,,,8605.0
2026-07-06T19:15:48Z,,,,,,8608.8
2026-07-06T19:15:48Z,,,,,,8617.8
2026-07-06T19:15:48Z,,,,,,8620.2
2026-07-06T19:15:48Z,,,,,,8614.6
2026-07-06T19:15:49Z,,,,,,8608.5
2026-07-06T19:15:49Z,,,,,,8604.7
2026-07-06T19:15:49Z,,,,,,8608.5
2026-07-06T19:15:49Z,51.555405,-0.064948,24.1,13,1,8614.7
2026-07-06T19:15:49Z,,,,,,8612.5
2026-07-06T19:15:49Z,,,,,,8608.2
2026-07-06T19:15:49Z,,,,,,8608.4
2026-07-06T19:15:49Z,,,,,,8612.5
2026-07-06T19:15:49Z,,,,,,8623.1
2026-07-06T19:15:49Z,,,,,,8635.3
2026-07-06T19:15:50Z,,,,,,8638.0
2026-07-06T19:15:50Z,,,,,,8635.9
2026-07-06T19:15:50Z,,,,,,8636.7
2026-07-06T19:15:50Z,51.555408,-0.064973,24.9,13,1,8640.3
2026-07-06T19:15:50Z,,,,,,8644.4
2026-07-06T19:15:50Z,,,,,,8646.8
2026-07-06T19:15:50Z,,,,,,8645.7
2026-07-06T19:15:50Z,,,,,,8643.0
2026-07-06T19:15:50Z,,,,,,8643.6
2026-07-06T19:15:50Z,,,,,,8646.4
2026-07-06T19:15:51Z,,,,,,8649.7
2026-07-06T19:15:51Z,,,,,,8649.9
2026-07-06T19:15:51Z,,,,,,8644.9
2026-07-06T19:15:51Z,51.555420,-0.064992,24.6,13,1,8640.8
2026-07-06T19:15:51Z,,,,,,8638.8
2026-07-06T19:15:51Z,,,,,,8635.0
2026-07-06T19:15:51Z,,,,,,8632.4
2026-07-06T19:15:51Z,,,,,,8632.7
2026-07-06T19:15:51Z,,,,,,8632.1
2026-07-06T19:15:51Z,,,,,,8633.3
2026-07-06T19:15:52Z,,,,,,8638.5
2026-07-06T19:15:52Z,,,,,,8642.2
2026-07-06T19:15:52Z,,,,,,8646.2
2026-07-06T19:15:52Z,51.555424,-0.065009,24.7,13,1,8652.4
2026-07-06T19:15:52Z,,,,,,8656.1
2026-07-06T19:15:52Z,,,,,,8657.3
2026-07-06T19:15:52Z,,,,,,8658.9
2026-07-06T19:15:52Z,,,,,,8660.0
2026-07-06T19:15:52Z,,,,,,8666.0
2026-07-06T19:15:52Z,,,,,,8677.3
2026-07-06T19:15:53Z,,,,,,8687.1
2026-07-06T19:15:53Z,,,,,,8695.4
2026-07-06T19:15:53Z,,,,,,8701.8
2026-07-06T19:15:53Z,51.555431,-0.065023,24.7,13,1,8705.7
2026-07-06T19:15:53Z,,,,,,8712.4
2026-07-06T19:15:53Z,,,,,,8720.4
2026-07-06T19:15:53Z,,,,,,8723.2
2026-07-06T19:15:53Z,,,,,,8721.5
2026-07-06T19:15:53Z,,,,,,8718.6
2026-07-06T19:15:53Z,,,,,,8716.2
2026-07-06T19:15:54Z,,,,,,8718.1
2026-07-06T19:15:54Z,,,,,,8723.5
2026-07-06T19:15:54Z,,,,,,8726.8
2026-07-06T19:15:54Z,51.555435,-0.065050,24.4,13,1,8724.1
2026-07-06T19:15:54Z,,,,,,8718.5
2026-07-06T19:15:54Z,,,,,,8714.8
2026-07-06T19:15:54Z,,,,,,8718.8
2026-07-06T19:15:54Z,,,,,,8724.4
2026-07-06T19:15:54Z,,,,,,8722.1
2026-07-06T19:15:54Z,,,,,,8716.4
2026-07-06T19:15:54Z,,,,,,8712.2
2026-07-06T19:15:55Z,,,,,,8710.5
2026-07-06T19:15:55Z,,,,,,8714.3
2026-07-06T19:15:55Z,51.555443,-0.065069,24.0,13,1,8720.7
2026-07-06T19:15:55Z,,,,,,8718.4
2026-07-06T19:15:55Z,,,,,,8710.7
2026-07-06T19:15:55Z,,,,,,8706.4
2026-07-06T19:15:55Z,,,,,,8705.9
2026-07-06T19:15:55Z,,,,,,8708.7
2026-07-06T19:15:55Z,,,,,,8710.1
2026-07-06T19:15:56Z,,,,,,8705.6
2026-07-06T19:15:56Z,,,,,,8700.5
2026-07-06T19:15:56Z,,,,,,8699.8
2026-07-06T19:15:56Z,51.555447,-0.065103,23.9,13,1,8703.5
2026-07-06T19:15:56Z,,,,,,8710.3
2026-07-06T19:15:56Z,,,,,,8716.2
2026-07-06T19:15:56Z,,,,,,8717.9
2026-07-06T19:15:56Z,,,,,,8720.1
2026-07-06T19:15:56Z,,,,,,8727.1
2026-07-06T19:15:56Z,,,,,,8734.7
2026-07-06T19:15:57Z,,,,,,8741.1
2026-07-06T19:15:57Z,,,,,,8745.6
2026-07-06T19:15:57Z,,,,,,8746.9
2026-07-06T19:15:57Z,51.555447,-0.065120,24.5,13,1,8747.6
2026-07-06T19:15:57Z,,,,,,8750.5
2026-07-06T19:15:57Z,,,,,,8754.1
2026-07-06T19:15:57Z,,,,,,8756.8
2026-07-06T19:15:57Z,,,,,,8757.4
2026-07-06T19:15:57Z,,,,,,8755.2
2026-07-06T19:15:57Z,,,,,,8754.0
2026-07-06T19:15:58Z,,,,,,8751.9
2026-07-06T19:15:58Z,,,,,,8747.4
2026-07-06T19:15:58Z,,,,,,8745.9
2026-07-06T19:15:58Z,51.555447,-0.065152,25.3,13,1,8747.2
2026-07-06T19:15:58Z,,,,,,8747.8
2026-07-06T19:15:58Z,,,,,,8749.8
2026-07-06T19:15:58Z,,,,,,8753.9
2026-07-06T19:15:58Z,,,,,,8755.9
2026-07-06T19:15:58Z,,,,,,8759.7
2026-07-06T19:15:58Z,,,,,,8766.3
2026-07-06T19:15:59Z,,,,,,8771.4
2026-07-06T19:15:59Z,,,,,,8773.0
2026-07-06T19:15:59Z,,,,,,8772.4
2026-07-06T19:15:59Z,51.555447,-0.065167,25.7,13,1,8775.2
2026-07-06T19:15:59Z,,,,,,8780.8
2026-07-06T19:15:59Z,,,,,,8787.8
2026-07-06T19:15:59Z,,,,,,8792.8
2026-07-06T19:15:59Z,,,,,,8792.7
2026-07-06T19:15:59Z,,,,,,8790.8
2026-07-06T19:15:59Z,,,,,,8789.1
2026-07-06T19:16:00Z,,,,,,8792.7
2026-07-06T19:16:00Z,,,,,,8796.7
2026-07-06T19:16:00Z,,,,,,8795.0
2026-07-06T19:16:00Z,51.555450,-0.065190,27.0,13,1,8789.3
2026-07-06T19:16:00Z,,,,,,8784.2
2026-07-06T19:16:00Z,,,,,,8781.5
2026-07-06T19:16:00Z,,,,,,8791.8
2026-07-06T19:16:00Z,,,,,,8821.1
2026-07-06T19:16:00Z,,,,,,8840.9
2026-07-06T19:16:00Z,,,,,,8843.3
2026-07-06T19:16:00Z,,,,,,8844.5
2026-07-06T19:16:01Z,,,,,,8846.7
2026-07-06T19:16:01Z,,,,,,8857.1
2026-07-06T19:16:01Z,51.555458,-0.065218,27.9,13,1,8876.7
2026-07-06T19:16:01Z,,,,,,8880.0
2026-07-06T19:16:01Z,,,,,,8867.1
2026-07-06T19:16:01Z,,,,,,8851.3
2026-07-06T19:16:01Z,,,,,,8830.7
2026-07-06T19:16:01Z,,,,,,8812.3
2026-07-06T19:16:01Z,,,,,,8797.8
2026-07-06T19:16:02Z,,,,,,8783.5
2026-07-06T19:16:02Z,,,,,,8771.5
2026-07-06T19:16:02Z,,,,,,8764.6
2026-07-06T19:16:02Z,51.555466,-0.065239,28.6,13,1,8759.8
2026-07-06T19:16:02Z,,,,,,8754.7
2026-07-06T19:16:02Z,,,,,,8748.5
2026-07-06T19:16:02Z,,,,,,8740.4
2026-07-06T19:16:02Z,,,,,,8734.5
2026-07-06T19:16:02Z,,,,,,8734.0
2026-07-06T19:16:02Z,,,,,,8736.1
2026-07-06T19:16:03Z,,,,,,8738.1
2026-07-06T19:16:03Z,,,,,,8738.2
2026-07-06T19:16:03Z,,,,,,8735.5
2026-07-06T19:16:03Z,51.555470,-0.065267,29.6,13,1,8736.5
2026-07-06T19:16:03Z,,,,,,8737.3
2026-07-06T19:16:03Z,,,,,,8735.7
2026-07-06T19:16:03Z,,,,,,8738.0
2026-07-06T19:16:03Z,,,,,,8746.0
2026-07-06T19:16:03Z,,,,,,8756.0
2026-07-06T19:16:03Z,,,,,,8762.1
2026-07-06T19:16:04Z,,,,,,8758.0
2026-07-06T19:16:04Z,,,,,,8746.1
2026-07-06T19:16:04Z,,,,,,8754.4
2026-07-06T19:16:04Z,51.555473,-0.065293,30.1,13,1,8791.9
2026-07-06T19:16:04Z,,,,,,8815.2
2026-07-06T19:16:04Z,,,,,,8801.4
2026-07-06T19:16:04Z,,,,,,8771.6
2026-07-06T19:16:04Z,,,,,,8746.6
2026-07-06T19:16:04Z,,,,,,8738.5
2026-07-06T19:16:04Z,,,,,,8743.2
2026-07-06T19:16:05Z,,,,,,8747.7
2026-07-06T19:16:05Z,,,,,,8747.3
2026-07-06T19:16:05Z,,,,,,8742.0
2026-07-06T19:16:05Z,51.555477,-0.065312,30.4,13,1,8739.7
2026-07-06T19:16:05Z,,,,,,8751.6
2026-07-06T19:16:05Z,,,,,,8771.4
2026-07-06T19:16:05Z,,,,,,8785.2
2026-07-06T19:16:05Z,,,,,,8783.5
2026-07-06T19:16:05Z,,,,,,8773.2
2026-07-06T19:16:05Z,,,,,,8767.8
2026-07-06T19:16:06Z,,,,,,8777.0
2026-07-06T19:16:06Z,,,,,,8811.6
2026-07-06T19:16:06Z,,,,,,8852.0
2026-07-06T19:16:06Z,51.555481,-0.065331,30.3,13,1,8862.8
2026-07-06T19:16:06Z,,,,,,8858.8
2026-07-06T19:16:06Z,,,,,,8857.0
2026-07-06T19:16:06Z,,,,,,8864.4
2026-07-06T19:16:06Z,,,,,,8854.3
2026-07-06T19:16:06Z,,,,,,8810.3
2026-07-06T19:16:06Z,,,,,,8772.7
2026-07-06T19:16:07Z,,,,,,8756.6
2026-07-06T19:16:07Z,,,,,,8748.2
2026-07-06T19:16:07Z,,,,,,8745.5
2026-07-06T19:16:07Z,51.555485,-0.065353,30.0,13,1,8741.2
2026-07-06T19:16:07Z,,,,,,8729.5
2026-07-06T19:16:07Z,,,,,,8718.3
2026-07-06T19:16:07Z,,,,,,8712.7
2026-07-06T19:16:07Z,,,,,,8708.5
2026-07-06T19:16:07Z,,,,,,8704.2
2026-07-06T19:16:07Z,,,,,,8701.2
2026-07-06T19:16:08Z,,,,,,8695.6
2026-07-06T19:16:08Z,,,,,,8690.7
2026-07-06T19:16:08Z,,,,,,8690.9
2026-07-06T19:16:08Z,51.555492,-0.065376,29.8,13,1,8692.5
2026-07-06T19:16:08Z,,,,,,8691.2
2026-07-06T19:16:08Z,,,,,,8689.8
2026-07-06T19:16:08Z,,,,,,8689.1
2026-07-06T19:16:08Z,,,,,,8690.7
2026-07-06T19:16:08Z,,,,,,8692.5
2026-07-06T19:16:08Z,,,,,,8691.3
2026-07-06T19:16:08Z,,,,,,8691.5
2026-07-06T19:16:09Z,,,,,,8696.9
2026-07-06T19:16:09Z,,,,,,8705.3
2026-07-06T19:16:09Z,51.555496,-0.065406,30.0,13,1,8712.0
2026-07-06T19:16:09Z,,,,,,8716.2
2026-07-06T19:16:09Z,,,,,,8716.7
2026-07-06T19:16:09Z,,,,,,8718.4
2026-07-06T19:16:09Z,,,,,,8727.3
2026-07-06T19:16:09Z,,,,,,8737.3
2026-07-06T19:16:09Z,,,,,,8739.5
2026-07-06T19:16:10Z,,,,,,8737.6
2026-07-06T19:16:10Z,,,,,,8734.6
2026-07-06T19:16:10Z,,,,,,8732.7
2026-07-06T19:16:10Z,51.555496,-0.065430,30.3,13,1,8737.3
2026-07-06T19:16:10Z,,,,,,8742.9
2026-07-06T19:16:10Z,,,,,,8742.0
2026-07-06T19:16:10Z,,,,,,8735.4
2026-07-06T19:16:10Z,,,,,,8729.4
2026-07-06T19:16:10Z,,,,,,8728.7
2026-07-06T19:16:10Z,,,,,,8737.1
2026-07-06T19:16:11Z,,,,,,8743.4
2026-07-06T19:16:11Z,,,,,,8740.4
2026-07-06T19:16:11Z,,,,,,8738.2
2026-07-06T19:16:11Z,51.555496,-0.065456,30.3,13,1,8738.9
2026-07-06T19:16:11Z,,,,,,8742.4
2026-07-06T19:16:11Z,,,,,,8752.6
2026-07-06T19:16:11Z,,,,,,8761.0
2026-07-06T19:16:11Z,,,,,,8756.1
2026-07-06T19:16:11Z,,,,,,8748.9
2026-07-06T19:16:11Z,,,,,,8745.9
2026-07-06T19:16:12Z,,,,,,8743.9
2026-07-06T19:16:12Z,,,,,,8742.1
2026-07-06T19:16:12Z,,,,,,8738.1
2026-07-06T19:16:12Z,51.555496,-0.065477,30.6,13,1,8731.1
2026-07-06T19:16:12Z,,,,,,8723.2
2026-07-06T19:16:12Z,,,,,,8717.6
2026-07-06T19:16:12Z,,,,,,8714.9
2026-07-06T19:16:12Z,,,,,,8714.3
2026-07-06T19:16:12Z,,,,,,8709.2
2026-07-06T19:16:12Z,,,,,,8697.9
2026-07-06T19:16:13Z,,,,,,8688.0
2026-07-06T19:16:13Z,,,,,,8682.4
2026-07-06T19:16:13Z,,,,,,8676.1
2026-07-06T19:16:13Z,51.555500,-0.065505,30.4,13,1,8671.1
2026-07-06T19:16:13Z,,,,,,8668.5
2026-07-06T19:16:13Z,,,,,,8661.5
2026-07-06T19:16:13Z,,,,,,8655.4
2026-07-06T19:16:13Z,,,,,,8652.5
2026-07-06T19:16:13Z,,,,,,8648.1
2026-07-06T19:16:13Z,,,,,,8649.4
2026-07-06T19:16:14Z,,,,,,8683.5
2026-07-06T19:16:14Z,,,,,,8733.7
2026-07-06T19:16:14Z,,,,,,8772.7
2026-07-06T19:16:14Z,51.555504,-0.065525,30.4,13,1,8797.2
2026-07-06T19:16:14Z,,,,,,8804.2
2026-07-06T19:16:14Z,,,,,,8802.7
2026-07-06T19:16:14Z,,,,,,8809.2
2026-07-06T19:16:14Z,,,,,,8817.6
2026-07-06T19:16:14Z,,,,,,8828.0
2026-07-06T19:16:14Z,,,,,,8844.9
2026-07-06T19:16:15Z,,,,,,8863.1
2026-07-06T19:16:15Z,,,,,,8880.9
2026-07-06T19:16:15Z,,,,,,8892.6
2026-07-06T19:16:15Z,51.555508,-0.065544,30.0,13,1,8906.6
2026-07-06T19:16:15Z,,,,,,8918.7
2026-07-06T19:16:15Z,,,,,,8917.8
2026-07-06T19:16:15Z,,,,,,8914.3
2026-07-06T19:16:15Z,,,,,,8911.0
2026-07-06T19:16:15Z,,,,,,8913.0
2026-07-06T19:16:15Z,,,,,,8913.2
2026-07-06T19:16:16Z,,,,,,8905.8
2026-07-06T19:16:16Z,,,,,,8897.6
2026-07-06T19:16:16Z,,,,,,8890.4
2026-07-06T19:16:16Z,51.555511,-0.065560,29.9,13,1,8889.6
2026-07-06T19:16:16Z,,,,,,8891.2
2026-07-06T19:16:16Z,,,,,,8889.1
2026-07-06T19:16:16Z,,,,,,8879.0
2026-07-06T19:16:16Z,,,,,,8868.1
2026-07-06T19:16:16Z,,,,,,8865.4
2026-07-06T19:16:16Z,,,,,,8869.4
2026-07-06T19:16:17Z,,,,,,8873.4
2026-07-06T19:16:17Z,,,,,,8868.2
2026-07-06T19:16:17Z,,,,,,8857.2
2026-07-06T19:16:17Z,51.555519,-0.065585,29.3,13,1,8848.6
2026-07-06T19:16:17Z,,,,,,8846.4
2026-07-06T19:16:17Z,,,,,,8849.1
2026-07-06T19:16:17Z,,,,,,8857.1
2026-07-06T19:16:17Z,,,,,,8863.3
2026-07-06T19:16:17Z,,,,,,8858.6
2026-07-06T19:16:17Z,,,,,,8851.4
2026-07-06T19:16:18Z,,,,,,8847.0
2026-07-06T19:16:18Z,,,,,,8844.9
2026-07-06T19:16:18Z,,,,,,8833.7
2026-07-06T19:16:18Z,51.555523,-0.065604,28.3,13,1,8803.4
2026-07-06T19:16:18Z,,,,,,8765.1
2026-07-06T19:16:18Z,,,,,,8737.6
2026-07-06T19:16:18Z,,,,,,8720.2
2026-07-06T19:16:18Z,,,,,,8706.9
2026-07-06T19:16:18Z,,,,,,8699.7
2026-07-06T19:16:18Z,,,,,,8693.4
2026-07-06T19:16:19Z,,,,,,8684.6
2026-07-06T19:16:19Z,,,,,,8680.3
2026-07-06T19:16:19Z,,,,,,8679.3
2026-07-06T19:16:19Z,51.555531,-0.065616,27.6,13,1,8677.3
2026-07-06T19:16:19Z,,,,,,8679.8
2026-07-06T19:16:19Z,,,,,,8684.5
2026-07-06T19:16:19Z,,,,,,8687.3
2026-07-06T19:16:19Z,,,,,,8688.2
2026-07-06T19:16:19Z,,,,,,8687.2
2026-07-06T19:16:19Z,,,,,,8686.7
2026-07-06T19:16:19Z,,,,,,8690.7
2026-07-06T19:16:20Z,,,,,,8697.0
2026-07-06T19:16:20Z,,,,,,8699.1
2026-07-06T19:16:20Z,51.555534,-0.065640,26.2,13,1,8697.2
2026-07-06T19:16:20Z,,,,,,8691.4
2026-07-06T19:16:20Z,,,,,,8685.3
2026-07-06T19:16:20Z,,,,,,8685.6
2026-07-06T19:16:20Z,,,,,,8688.9
2026-07-06T19:16:20Z,,,,,,8685.2
2026-07-06T19:16:20Z,,,,,,8677.3
2026-07-06T19:16:20Z,,,,,,8672.4
2026-07-06T19:16:21Z,,,,,,8670.8
2026-07-06T19:16:21Z,,,,,,8676.6
2026-07-06T19:16:21Z,51.555538,-0.065656,25.3,13,1,8687.4
2026-07-06T19:16:21Z,,,,,,8691.7
2026-07-06T19:16:21Z,,,,,,8692.1
2026-07-06T19:16:21Z,,,,,,8695.9
2026-07-06T19:16:21Z,,,,,,8704.7
2026-07-06T19:16:21Z,,,,,,8717.2
2026-07-06T19:16:21Z,,,,,,8727.6
2026-07-06T19:16:22Z,,,,,,8730.9
2026-07-06T19:16:22Z,,,,,,8731.1
2026-07-06T19:16:22Z,,,,,,8732.0
2026-07-06T19:16:22Z,51.555546,-0.065672,24.8,13,1,8736.0
2026-07-06T19:16:22Z,,,,,,8742.9
2026-07-06T19:16:22Z,,,,,,8747.6
2026-07-06T19:16:22Z,,,,,,8746.3
2026-07-06T19:16:22Z,,,,,,8742.2
2026-07-06T19:16:22Z,,,,,,8741.8
2026-07-06T19:16:22Z,,,,,,8742.2
2026-07-06T19:16:23Z,,,,,,8741.7
2026-07-06T19:16:23Z,,,,,,8740.6
2026-07-06T19:16:23Z,,,,,,8737.8
2026-07-06T19:16:23Z,51.555546,-0.065702,24.6,13,1,8735.4
2026-07-06T19:16:23Z,,,,,,8737.4
2026-07-06T19:16:23Z,,,,,,8742.8
2026-07-06T19:16:23Z,,,,,,8748.7
2026-07-06T19:16:23Z,,,,,,8754.4
2026-07-06T19:16:23Z,,,,,,8760.3
2026-07-06T19:16:23Z,,,,,,8767.8
2026-07-06T19:16:24Z,,,,,,8774.7
2026-07-06T19:16:24Z,,,,,,8781.2
2026-07-06T19:16:24Z,,,,,,8789.5
2026-07-06T19:16:24Z,51.555546,-0.065718,24.2,13,1,8799.1
2026-07-06T19:16:24Z,,,,,,8805.5
2026-07-06T19:16:24Z,,,,,,8811.3
2026-07-06T19:16:24Z,,,,,,8818.1
2026-07-06T19:16:24Z,,,,,,8820.4
2026-07-06T19:16:24Z,,,,,,8822.1
2026-07-06T19:16:24Z,,,,,,8826.3
2026-07-06T19:16:25Z,,,,,,8829.2
2026-07-06T19:16:25Z,,,,,,8829.8
2026-07-06T19:16:25Z,,,,,,8826.7
2026-07-06T19:16:25Z,51.555546,-0.065734,23.3,13,1,8819.9
2026-07-06T19:16:25Z,,,,,,8813.9
2026-07-06T19:16:25Z,,,,,,8811.9
2026-07-06T19:16:25Z,,,,,,8811.0
2026-07-06T19:16:25Z,,,,,,8806.0
2026-07-06T19:16:25Z,,,,,,8798.7
2026-07-06T19:16:25Z,,,,,,8791.8
2026-07-06T19:16:26Z,,,,,,8788.4
2026-07-06T19:16:26Z,,,,,,8790.0
2026-07-06T19:16:26Z,,,,,,8789.4
2026-07-06T19:16:26Z,51.555550,-0.065757,22.2,13,1,8783.4
2026-07-06T19:16:26Z,,,,,,8778.5
2026-07-06T19:16:26Z,,,,,,8776.4
2026-07-06T19:16:26Z,,,,,,8780.3
2026-07-06T19:16:26Z,,,,,,8791.7
2026-07-06T19:16:26Z,,,,,,8801.2
2026-07-06T19:16:26Z,,,,,,8805.0
2026-07-06T19:16:27Z,,,,,,8809.7
2026-07-06T19:16:27Z,,,,,,8817.5
2026-07-06T19:16:27Z,,,,,,8828.6
2026-07-06T19:16:27Z,51.555553,-0.065776,20.9,13,1,8840.7
2026-07-06T19:16:27Z,,,,,,8846.7
2026-07-06T19:16:27Z,,,,,,8846.7
2026-07-06T19:16:27Z,,,,,,8848.6
2026-07-06T19:16:27Z,,,,,,8852.4
2026-07-06T19:16:27Z,,,,,,8858.5
2026-07-06T19:16:27Z,,,,,,8865.1
2026-07-06T19:16:28Z,,,,,,8865.8
2026-07-06T19:16:28Z,,,,,,8863.8
2026-07-06T19:16:28Z,,,,,,8864.9
2026-07-06T19:16:28Z,51.555553,-0.065795,20.5,13,1,8866.9
2026-07-06T19:16:28Z,,,,,,8868.7
2026-07-06T19:16:28Z,,,,,,8871.6
2026-07-06T19:16:28Z,,,,,,8873.3
2026-07-06T19:16:28Z,,,,,,8873.2
2026-07-06T19:16:28Z,,,,,,8876.1
2026-07-06T19:16:28Z,,,,,,8880.3
2026-07-06T19:16:28Z,,,,,,8881.3
2026-07-06T19:16:29Z,,,,,,8880.7
2026-07-06T19:16:29Z,,,,,,8880.2
2026-07-06T19:16:29Z,51.555557,-0.065818,19.6,13,1,8879.9
2026-07-06T19:16:29Z,,,,,,8879.2
2026-07-06T19:16:29Z,,,,,,8877.9
2026-07-06T19:16:29Z,,,,,,8878.2
2026-07-06T19:16:29Z,,,,,,8882.2
2026-07-06T19:16:29Z,,,,,,8888.1
2026-07-06T19:16:29Z,,,,,,8893.4
2026-07-06T19:16:29Z,,,,,,8896.8
2026-07-06T19:16:29Z,,,,,,8898.3
2026-07-06T19:16:30Z,,,,,,8899.5
2026-07-06T19:16:30Z,51.555557,-0.065839,19.3,13,1,8904.1
2026-07-06T19:16:30Z,,,,,,8910.8
2026-07-06T19:16:30Z,,,,,,8911.6
2026-07-06T19:16:30Z,,,,,,8908.5
2026-07-06T19:16:30Z,,,,,,8906.6
2026-07-06T19:16:30Z,,,,,,8906.7
2026-07-06T19:16:30Z,,,,,,8910.5
2026-07-06T19:16:30Z,,,,,,8918.5
2026-07-06T19:16:31Z,,,,,,8923.5
2026-07-06T19:16:31Z,,,,,,8923.0
2026-07-06T19:16:31Z,51.555557,-0.065858,18.5,13,1,8923.2
2026-07-06T19:16:31Z,,,,,,8923.8
2026-07-06T19:16:31Z,,,,,,8926.1
2026-07-06T19:16:31Z,,,,,,8930.6
2026-07-06T19:16:31Z,,,,,,8930.1
2026-07-06T19:16:31Z,,,,,,8925.9
2026-07-06T19:16:31Z,,,,,,8923.5
2026-07-06T19:16:31Z,,,,,,8923.4
2026-07-06T19:16:32Z,,,,,,8927.9
2026-07-06T19:16:32Z,,,,,,8935.9
2026-07-06T19:16:32Z,51.555550,-0.065884,18.0,13,1,8937.7
2026-07-06T19:16:32Z,,,,,,8933.3
2026-07-06T19:16:32Z,,,,,,8931.3
2026-07-06T19:16:32Z,,,,,,8934.3
2026-07-06T19:16:32Z,,,,,,8939.0
2026-07-06T19:16:32Z,,,,,,8944.0
2026-07-06T19:16:32Z,,,,,,8944.7
2026-07-06T19:16:33Z,,,,,,8942.1
2026-07-06T19:16:33Z,,,,,,8943.4
2026-07-06T19:16:33Z,,,,,,8949.0
2026-07-06T19:16:33Z,51.555542,-0.065908,17.7,13,1,8956.1
2026-07-06T19:16:33Z,,,,,,8961.6
2026-07-06T19:16:33Z,,,,,,8963.4
2026-07-06T19:16:33Z,,,,,,8965.3
2026-07-06T19:16:33Z,,,,,,8971.3
2026-07-06T19:16:33Z,,,,,,8977.2
2026-07-06T19:16:33Z,,,,,,8981.4
2026-07-06T19:16:34Z,,,,,,8985.4
2026-07-06T19:16:34Z,,,,,,8987.7
2026-07-06T19:16:34Z,,,,,,8987.6
2026-07-06T19:16:34Z,51.555538,-0.065940,16.5,13,1,8990.6
2026-07-06T19:16:34Z,,,,,,8993.9
2026-07-06T19:16:34Z,,,,,,8993.2
2026-07-06T19:16:34Z,,,,,,8990.2
2026-07-06T19:16:34Z,,,,,,8985.7
2026-07-06T19:16:34Z,,,,,,8981.7
2026-07-06T19:16:34Z,,,,,,8976.5
2026-07-06T19:16:35Z,,,,,,8969.5
2026-07-06T19:16:35Z,,,,,,8963.1
2026-07-06T19:16:35Z,,,,,,8957.8
2026-07-06T19:16:35Z,51.555534,-0.065963,16.7,13,1,8952.0
2026-07-06T19:16:35Z,,,,,,8944.7
2026-07-06T19:16:35Z,,,,,,8937.7
2026-07-06T19:16:35Z,,,,,,8929.0
2026-07-06T19:16:35Z,,,,,,8920.4
2026-07-06T19:16:35Z,,,,,,8915.7
2026-07-06T19:16:35Z,,,,,,8911.1
2026-07-06T19:16:36Z,,,,,,8901.8
2026-07-06T19:16:36Z,,,,,,8890.6
2026-07-06T19:16:36Z,,,,,,8879.6
2026-07-06T19:16:36Z,51.555531,-0.065989,16.7,13,1,8872.0
2026-07-06T19:16:36Z,,,,,,8868.2
2026-07-06T19:16:36Z,,,,,,8863.5
2026-07-06T19:16:36Z,,,,,,8856.4
2026-07-06T19:16:36Z,,,,,,8845.9
2026-07-06T19:16:36Z,,,,,,8833.5
2026-07-06T19:16:36Z,,,,,,8828.9
2026-07-06T19:16:37Z,,,,,,8831.4
2026-07-06T19:16:37Z,,,,,,8829.3
2026-07-06T19:16:37Z,,,,,,8821.8
2026-07-06T19:16:37Z,51.555531,-0.066009,16.5,13,1,8815.1
2026-07-06T19:16:37Z,,,,,,8811.3
2026-07-06T19:16:37Z,,,,,,8816.6
2026-07-06T19:16:37Z,,,,,,8830.4
2026-07-06T19:16:37Z,,,,,,8838.6
2026-07-06T19:16:37Z,,,,,,8838.7
2026-07-06T19:16:37Z,,,,,,8837.9
2026-07-06T19:16:37Z,,,,,,8839.7
2026-07-06T19:16:38Z,,,,,,8848.1
2026-07-06T19:16:38Z,,,,,,8855.9
2026-07-06T19:16:38Z,51.555531,-0.066029,16.2,12,1,8855.3
2026-07-06T19:16:38Z,,,,,,8850.1
2026-07-06T19:16:38Z,,,,,,8844.9
2026-07-06T19:16:38Z,,,,,,8841.7
2026-07-06T19:16:38Z,,,,,,8842.7
2026-07-06T19:16:38Z,,,,,,8847.7
2026-07-06T19:16:38Z,,,,,,8845.2
2026-07-06T19:16:39Z,,,,,,8834.8
2026-07-06T19:16:39Z,,,,,,8825.7
2026-07-06T19:16:39Z,,,,,,8820.5
2026-07-06T19:16:39Z,51.555531,-0.066045,16.5,12,1,8818.3
2026-07-06T19:16:39Z,,,,,,8816.0
2026-07-06T19:16:39Z,,,,,,8809.3
2026-07-06T19:16:39Z,,,,,,8801.0
2026-07-06T19:16:39Z,,,,,,8797.1
2026-07-06T19:16:39Z,,,,,,8798.6
2026-07-06T19:16:39Z,,,,,,8806.2
2026-07-06T19:16:40Z,,,,,,8812.8
2026-07-06T19:16:40Z,,,,,,8812.8
2026-07-06T19:16:40Z,,,,,,8813.3
2026-07-06T19:16:40Z,51.555527,-0.066058,16.3,12,1,8824.1
2026-07-06T19:16:40Z,,,,,,8831.1
2026-07-06T19:16:40Z,,,,,,8832.5
2026-07-06T19:16:40Z,,,,,,8838.2
2026-07-06T19:16:40Z,,,,,,8840.1
2026-07-06T19:16:40Z,,,,,,8840.3
2026-07-06T19:16:40Z,,,,,,8842.1
2026-07-06T19:16:41Z,,,,,,8844.5
2026-07-06T19:16:41Z,,,,,,8844.9
2026-07-06T19:16:41Z,,,,,,8843.5
2026-07-06T19:16:41Z,51.555523,-0.066070,16.6,12,1,8842.3
2026-07-06T19:16:41Z,,,,,,8844.0
2026-07-06T19:16:41Z,,,,,,8846.4
2026-07-06T19:16:41Z,,,,,,8848.9
2026-07-06T19:16:41Z,,,,,,8852.4
2026-07-06T19:16:41Z,,,,,,8858.7
2026-07-06T19:16:41Z,,,,,,8862.6
2026-07-06T19:16:42Z,,,,,,8864.6
2026-07-06T19:16:42Z,,,,,,8868.3
2026-07-06T19:16:42Z,,,,,,8867.9
2026-07-06T19:16:42Z,51.555523,-0.066082,16.9,12,1,8867.1
2026-07-06T19:16:42Z,,,,,,8870.4
2026-07-06T19:16:42Z,,,,,,8873.0
2026-07-06T19:16:42Z,,,,,,8872.1
2026-07-06T19:16:42Z,,,,,,8870.6
2026-07-06T19:16:42Z,,,,,,8870.6
2026-07-06T19:16:42Z,,,,,,8872.2
2026-07-06T19:16:43Z,,,,,,8878.4
2026-07-06T19:16:43Z,,,,,,8883.1
2026-07-06T19:16:43Z,,,,,,8882.2
2026-07-06T19:16:43Z,51.555523,-0.066096,17.2,12,1,8877.9
2026-07-06T19:16:43Z,,,,,,8872.0
2026-07-06T19:16:43Z,,,,,,8870.0
2026-07-06T19:16:43Z,,,,,,8872.7
2026-07-06T19:16:43Z,,,,,,8869.7
2026-07-06T19:16:43Z,,,,,,8860.4
2026-07-06T19:16:43Z,,,,,,8851.4
2026-07-06T19:16:44Z,,,,,,8843.7
2026-07-06T19:16:44Z,,,,,,8840.1
2026-07-06T19:16:44Z,,,,,,8841.2
2026-07-06T19:16:44Z,51.555523,-0.066102,15.9,12,1,8839.1
2026-07-06T19:16:44Z,,,,,,8829.2
2026-07-06T19:16:44Z,,,,,,8820.1
2026-07-06T19:16:44Z,,,,,,8817.8
2026-07-06T19:16:44Z,,,,,,8822.2
2026-07-06T19:16:44Z,,,,,,8830.8
2026-07-06T19:16:44Z,,,,,,8837.7
2026-07-06T19:16:45Z,,,,,,8842.6
2026-07-06T19:16:45Z,,,,,,8850.5
2026-07-06T19:16:45Z,,,,,,8862.6
2026-07-06T19:16:45Z,51.555531,-0.066104,14.5,12,1,8877.1
2026-07-06T19:16:45Z,,,,,,8888.4
2026-07-06T19:16:45Z,,,,,,8890.4
2026-07-06T19:16:45Z,,,,,,8888.4
2026-07-06T19:16:45Z,,,,,,8888.7
2026-07-06T19:16:45Z,,,,,,8891.0
2026-07-06T19:16:45Z,,,,,,8891.6
2026-07-06T19:16:46Z,,,,,,8888.7
2026-07-06T19:16:46Z,,,,,,8883.4
2026-07-06T19:16:46Z,,,,,,8878.4
2026-07-06T19:16:46Z,51.555523,-0.066128,15.1,12,1,8876.3
2026-07-06T19:16:46Z,,,,,,8875.4
2026-07-06T19:16:46Z,,,,,,8875.9
2026-07-06T19:16:46Z,,,,,,8876.0
2026-07-06T19:16:46Z,,,,,,8874.6
2026-07-06T19:16:46Z,,,,,,8877.1
2026-07-06T19:16:46Z,,,,,,8884.6
2026-07-06T19:16:47Z,,,,,,8895.1
2026-07-06T19:16:47Z,,,,,,8908.8
2026-07-06T19:16:47Z,,,,,,8923.6
2026-07-06T19:16:47Z,51.555523,-0.066165,15.6,12,1,8936.1
2026-07-06T19:16:47Z,,,,,,8947.3
2026-07-06T19:16:47Z,,,,,,8957.4
2026-07-06T19:16:47Z,,,,,,8965.3
2026-07-06T19:16:47Z,,,,,,8971.1
2026-07-06T19:16:47Z,,,,,,8973.1
2026-07-06T19:16:47Z,,,,,,8967.7
2026-07-06T19:16:48Z,,,,,,8960.1
2026-07-06T19:16:48Z,,,,,,8954.1
2026-07-06T19:16:48Z,,,,,,8948.1
2026-07-06T19:16:48Z,51.555531,-0.066202,15.6,12,1,8947.6
2026-07-06T19:16:48Z,,,,,,8949.1
2026-07-06T19:16:48Z,,,,,,8945.9
2026-07-06T19:16:48Z,,,,,,8939.7
2026-07-06T19:16:48Z,,,,,,8931.7
2026-07-06T19:16:48Z,,,,,,8924.0
2026-07-06T19:16:48Z,,,,,,8922.7
2026-07-06T19:16:49Z,,,,,,8924.7
2026-07-06T19:16:49Z,,,,,,8920.2
2026-07-06T19:16:49Z,,,,,,8912.0
2026-07-06T19:16:49Z,51.555534,-0.066224,15.9,12,1,8907.3
2026-07-06T19:16:49Z,,,,,,8906.8
2026-07-06T19:16:49Z,,,,,,8914.5
2026-07-06T19:16:49Z,,,,,,8922.1
2026-07-06T19:16:49Z,,,,,,8922.3
2026-07-06T19:16:49Z,,,,,,8919.7
2026-07-06T19:16:49Z,,,,,,8915.6
2026-07-06T19:16:50Z,,,,,,8916.6
2026-07-06T19:16:50Z,,,,,,8923.5
2026-07-06T19:16:50Z,,,,,,8924.7
2026-07-06T19:16:50Z,51.555538,-0.066244,16.7,12,1,8918.0
2026-07-06T19:16:50Z,,,,,,8912.0
2026-07-06T19:16:50Z,,,,,,8908.6
2026-07-06T19:16:50Z,,,,,,8911.6
2026-07-06T19:16:50Z,,,,,,8917.3
2026-07-06T19:16:50Z,,,,,,8915.0
2026-07-06T19:16:50Z,,,,,,8905.0
2026-07-06T19:16:51Z,,,,,,8895.2
2026-07-06T19:16:51Z,,,,,,8889.4
2026-07-06T19:16:51Z,,,,,,8888.5
2026-07-06T19:16:51Z,51.555538,-0.066254,17.0,12,1,8886.2
2026-07-06T19:16:51Z,,,,,,8874.9
2026-07-06T19:16:51Z,,,,,,8861.6
2026-07-06T19:16:51Z,,,,,,8852.6
2026-07-06T19:16:51Z,,,,,,8848.6
2026-07-06T19:16:51Z,,,,,,8850.9
2026-07-06T19:16:51Z,,,,,,8848.6
2026-07-06T19:16:52Z,,,,,,8839.4
2026-07-06T19:16:52Z,,,,,,8833.2
2026-07-06T19:16:52Z,,,,,,8830.8
2026-07-06T19:16:52Z,51.555546,-0.066276,15.8,13,1,8830.4
2026-07-06T19:16:52Z,,,,,,8832.5
2026-07-06T19:16:52Z,,,,,,8830.2
2026-07-06T19:16:52Z,,,,,,8825.3
2026-07-06T19:16:52Z,,,,,,8825.0
2026-07-06T19:16:52Z,,,,,,8827.5
2026-07-06T19:16:52Z,,,,,,8833.1
2026-07-06T19:16:53Z,,,,,,8837.2
2026-07-06T19:16:53Z,,,,,,8835.1
2026-07-06T19:16:53Z,,,,,,8830.9
2026-07-06T19:16:53Z,51.555550,-0.066293,14.2,13,1,8833.4
2026-07-06T19:16:53Z,,,,,,8835.3
2026-07-06T19:16:53Z,,,,,,8836.6
2026-07-06T19:16:53Z,,,,,,8841.6
2026-07-06T19:16:53Z,,,,,,8845.0
2026-07-06T19:16:53Z,,,,,,8850.6
2026-07-06T19:16:53Z,,,,,,8859.9
2026-07-06T19:16:54Z,,,,,,8870.3
2026-07-06T19:16:54Z,,,,,,8879.6
2026-07-06T19:16:54Z,,,,,,8883.9
2026-07-06T19:16:54Z,51.555557,-0.066305,12.8,13,1,8882.8
2026-07-06T19:16:54Z,,,,,,8882.8
2026-07-06T19:16:54Z,,,,,,8879.7
2026-07-06T19:16:54Z,,,,,,8874.3
2026-07-06T19:16:54Z,,,,,,8871.6
2026-07-06T19:16:54Z,,,,,,8866.5
2026-07-06T19:16:54Z,,,,,,8858.3
2026-07-06T19:16:55Z,,,,,,8851.5
2026-07-06T19:16:55Z,,,,,,8845.5
2026-07-06T19:16:55Z,,,,,,8837.9
2026-07-06T19:16:55Z,51.555561,-0.066325,11.6,13,1,8831.2
2026-07-06T19:16:55Z,,,,,,8824.8
2026-07-06T19:16:55Z,,,,,,8818.6
2026-07-06T19:16:55Z,,,,,,8812.1
2026-07-06T19:16:55Z,,,,,,8805.7
2026-07-06T19:16:55Z,,,,,,8802.5
2026-07-06T19:16:55Z,,,,,,8802.9
2026-07-06T19:16:56Z,,,,,,8801.9
2026-07-06T19:16:56Z,,,,,,8800.6
2026-07-06T19:16:56Z,,,,,,8800.7
2026-07-06T19:16:56Z,51.555569,-0.066338,10.7,13,1,8798.0
2026-07-06T19:16:56Z,,,,,,8795.9
2026-07-06T19:16:56Z,,,,,,8797.0
2026-07-06T19:16:56Z,,,,,,8797.9
2026-07-06T19:16:56Z,,,,,,8795.7
2026-07-06T19:16:56Z,,,,,,8794.5
2026-07-06T19:16:56Z,,,,,,8797.5
2026-07-06T19:16:57Z,,,,,,8807.6
2026-07-06T19:16:57Z,,,,,,8820.9
2026-07-06T19:16:57Z,,,,,,8833.0
2026-07-06T19:16:57Z,51.555573,-0.066349,9.8,13,1,8844.5
2026-07-06T19:16:57Z,,,,,,8853.4
2026-07-06T19:16:57Z,,,,,,8859.9
2026-07-06T19:16:57Z,,,,,,8870.3
2026-07-06T19:16:57Z,,,,,,8877.9
2026-07-06T19:16:57Z,,,,,,8877.0
2026-07-06T19:16:57Z,,,,,,8873.0
2026-07-06T19:16:58Z,,,,,,8868.8
2026-07-06T19:16:58Z,,,,,,8866.1
2026-07-06T19:16:58Z,,,,,,8867.1
2026-07-06T19:16:58Z,51.555576,-0.066364,9.3,13,1,8867.9
2026-07-06T19:16:58Z,,,,,,8864.3
2026-07-06T19:16:58Z,,,,,,8860.3
2026-07-06T19:16:58Z,,,,,,8856.8
2026-07-06T19:16:58Z,,,,,,8857.4
2026-07-06T19:16:58Z,,,,,,8861.6
2026-07-06T19:16:58Z,,,,,,8863.6
2026-07-06T19:16:59Z,,,,,,8864.6
2026-07-06T19:16:59Z,,,,,,8868.1
2026-07-06T19:16:59Z,,,,,,8869.0
2026-07-06T19:16:59Z,51.555584,-0.066377,8.7,13,1,8859.3
2026-07-06T19:16:59Z,,,,,,8854.9
2026-07-06T19:16:59Z,,,,,,8876.0
2026-07-06T19:16:59Z,,,,,,8879.8
2026-07-06T19:16:59Z,,,,,,8838.0
2026-07-06T19:16:59Z,,,,,,8792.9
2026-07-06T19:16:59Z,,,,,,8769.1
2026-07-06T19:17:00Z,,,,,,8753.9
2026-07-06T19:17:00Z,,,,,,8733.9
2026-07-06T19:17:00Z,,,,,,8716.1
2026-07-06T19:17:00Z,51.555580,-0.066388,8.9,13,1,8706.5
2026-07-06T19:17:00Z,,,,,,8700.3
2026-07-06T19:17:00Z,,,,,,8699.5
2026-07-06T19:17:00Z,,,,,,8699.5
2026-07-06T19:17:00Z,,,,,,8693.9
2026-07-06T19:17:00Z,,,,,,8687.3
2026-07-06T19:17:00Z,,,,,,8682.0
2026-07-06T19:17:01Z,,,,,,8679.5
2026-07-06T19:17:01Z,,,,,,8679.9
2026-07-06T19:17:01Z,,,,,,8680.1
2026-07-06T19:17:01Z,51.555580,-0.066397,8.9,13,1,8679.1
2026-07-06T19:17:01Z,,,,,,8674.2
2026-07-06T19:17:01Z,,,,,,8664.4
2026-07-06T19:17:01Z,,,,,,8659.0
2026-07-06T19:17:01Z,,,,,,8667.6
2026-07-06T19:17:01Z,,,,,,8672.2
2026-07-06T19:17:01Z,,,,,,8665.8
2026-07-06T19:17:02Z,,,,,,8661.7
2026-07-06T19:17:02Z,,,,,,8658.2
2026-07-06T19:17:02Z,,,,,,8659.6
2026-07-06T19:17:02Z,51.555576,-0.066403,9.0,13,1,8672.5
2026-07-06T19:17:02Z,,,,,,8678.5
2026-07-06T19:17:02Z,,,,,,8672.1
2026-07-06T19:17:02Z,,,,,,8665.6
2026-07-06T19:17:02Z,,,,,,8665.6
2026-07-06T19:17:02Z,,,,,,8666.9
2026-07-06T19:17:02Z,,,,,,8652.4
2026-07-06T19:17:03Z,,,,,,8632.2
2026-07-06T19:17:03Z,,,,,,8619.4
2026-07-06T19:17:03Z,,,,,,8612.0
2026-07-06T19:17:03Z,51.555576,-0.066409,7.7,13,1,8603.7
2026-07-06T19:17:03Z,,,,,,8588.7
2026-07-06T19:17:03Z,,,,,,8573.0
2026-07-06T19:17:03Z,,,,,,8557.7
2026-07-06T19:17:03Z,,,,,,8544.0
2026-07-06T19:17:03Z,,,,,,8534.3
2026-07-06T19:17:03Z,,,,,,8524.5
2026-07-06T19:17:04Z,,,,,,8512.2
2026-07-06T19:17:04Z,,,,,,8498.9
2026-07-06T19:17:04Z,,,,,,8489.3
2026-07-06T19:17:04Z,51.555573,-0.066414,5.7,13,1,8483.8
2026-07-06T19:17:04Z,,,,,,8480.0
2026-07-06T19:17:04Z,,,,,,8479.1
2026-07-06T19:17:04Z,,,,,,8479.8
2026-07-06T19:17:04Z,,,,,,8476.9
2026-07-06T19:17:04Z,,,,,,8473.4
2026-07-06T19:17:04Z,,,,,,8474.7
2026-07-06T19:17:05Z,,,,,,8479.1
2026-07-06T19:17:05Z,,,,,,8482.4
2026-07-06T19:17:05Z,,,,,,8481.3
2026-07-06T19:17:05Z,51.555573,-0.066419,3.9,12,1,8478.1
2026-07-06T19:17:05Z,,,,,,8475.7
2026-07-06T19:17:05Z,,,,,,8472.5
2026-07-06T19:17:05Z,,,,,,8467.9
2026-07-06T19:17:05Z,,,,,,8463.0
2026-07-06T19:17:05Z,,,,,,8456.3
2026-07-06T19:17:05Z,,,,,,8448.5
2026-07-06T19:17:06Z,,,,,,8441.8
2026-07-06T19:17:06Z,,,,,,8435.3
2026-07-06T19:17:06Z,,,,,,8427.1
2026-07-06T19:17:06Z,51.555576,-0.066425,2.8,12,1,8419.3
2026-07-06T19:17:06Z,,,,,,8411.4
2026-07-06T19:17:06Z,,,,,,8403.7
2026-07-06T19:17:06Z,,,,,,8395.7
2026-07-06T19:17:06Z,,,,,,8387.8
2026-07-06T19:17:06Z,,,,,,8381.5
2026-07-06T19:17:06Z,,,,,,8375.5
2026-07-06T19:17:07Z,,,,,,8368.4
2026-07-06T19:17:07Z,,,,,,8361.8
2026-07-06T19:17:07Z,,,,,,8356.4
2026-07-06T19:17:07Z,51.555584,-0.066425,1.7,12,1,8350.9
2026-07-06T19:17:07Z,,,,,,8344.9
2026-07-06T19:17:07Z,,,,,,8344.0
2026-07-06T19:17:07Z,,,,,,8346.3
2026-07-06T19:17:07Z,,,,,,8344.1
2026-07-06T19:17:07Z,,,,,,8342.4
2026-07-06T19:17:07Z,,,,,,8342.9
2026-07-06T19:17:08Z,,,,,,8346.7
2026-07-06T19:17:08Z,,,,,,8351.7
2026-07-06T19:17:08Z,,,,,,8354.3
2026-07-06T19:17:08Z,51.555592,-0.066426,1.1,12,1,8355.9
2026-07-06T19:17:08Z,,,,,,8355.3
2026-07-06T19:17:08Z,,,,,,8351.8
2026-07-06T19:17:08Z,,,,,,8354.7
2026-07-06T19:17:08Z,,,,,,8360.8
2026-07-06T19:17:08Z,,,,,,8358.3
2026-07-06T19:17:08Z,,,,,,8353.4
2026-07-06T19:17:09Z,,,,,,8350.3
2026-07-06T19:17:09Z,,,,,,8349.1
2026-07-06T19:17:09Z,,,,,,8353.5
2026-07-06T19:17:09Z,51.555595,-0.066433,1.0,12,1,8358.9
2026-07-06T19:17:09Z,,,,,,8357.9
2026-07-06T19:17:09Z,,,,,,8354.7
2026-07-06T19:17:09Z,,,,,,8353.1
2026-07-06T19:17:09Z,,,,,,8356.7
2026-07-06T19:17:09Z,,,,,,8366.2
2026-07-06T19:17:09Z,,,,,,8370.4
2026-07-06T19:17:10Z,,,,,,8368.4
2026-07-06T19:17:10Z,,,,,,8368.2
2026-07-06T19:17:10Z,,,,,,8369.2
2026-07-06T19:17:10Z,51.555599,-0.066435,0.0,11,1,8371.9
2026-07-06T19:17:10Z,,,,,,8372.3
2026-07-06T19:17:10Z,,,,,,8367.4
2026-07-06T19:17:10Z,,,,,,8359.0
2026-07-06T19:17:10Z,,,,,,8350.2
2026-07-06T19:17:10Z,,,,,,8343.5
2026-07-06T19:17:10Z,,,,,,8342.6
2026-07-06T19:17:11Z,,,,,,8338.2
2026-07-06T19:17:11Z,,,,,,8327.0
2026-07-06T19:17:11Z,,,,,,8318.2
2026-07-06T19:17:11Z,51.555607,-0.066446,0.0,10,1,8311.6
2026-07-06T19:17:11Z,,,,,,8307.2
2026-07-06T19:17:11Z,,,,,,8304.6
2026-07-06T19:17:11Z,,,,,,8298.6
2026-07-06T19:17:11Z,,,,,,8288.3
2026-07-06T19:17:11Z,,,,,,8278.2
2026-07-06T19:17:11Z,,,,,,8270.5
2026-07-06T19:17:12Z,,,,,,8271.0
2026-07-06T19:17:12Z,,,,,,8271.1
2026-07-06T19:17:12Z,,,,,,8264.0
2026-07-06T19:17:12Z,51.555611,-0.066467,0.3,10,1,8258.5
2026-07-06T19:17:12Z,,,,,,8256.8
2026-07-06T19:17:12Z,,,,,,8260.3
2026-07-06T19:17:12Z,,,,,,8270.2
2026-07-06T19:17:12Z,,,,,,8278.1
2026-07-06T19:17:12Z,,,,,,8280.2
2026-07-06T19:17:12Z,,,,,,8281.0
2026-07-06T19:17:13Z,,,,,,8282.2
2026-07-06T19:17:13Z,,,,,,8286.9
2026-07-06T19:17:13Z,,,,,,8290.5
2026-07-06T19:17:13Z,51.555618,-0.066481,-0.2,11,1,8288.7
2026-07-06T19:17:13Z,,,,,,8283.8
2026-07-06T19:17:13Z,,,,,,8279.1
2026-07-06T19:17:13Z,,,,,,8276.5
2026-07-06T19:17:13Z,,,,,,8279.8
2026-07-06T19:17:13Z,,,,,,8284.1
2026-07-06T19:17:13Z,,,,,,8279.2
2026-07-06T19:17:14Z,,,,,,8269.2
2026-07-06T19:17:14Z,,,,,,8260.7
2026-07-06T19:17:14Z,,,,,,8257.5
2026-07-06T19:17:14Z,51.555622,-0.066506,0.4,11,1,8258.1
2026-07-06T19:17:14Z,,,,,,8254.2
2026-07-06T19:17:14Z,,,,,,8246.6
2026-07-06T19:17:14Z,,,,,,8241.4
2026-07-06T19:17:14Z,,,,,,8238.7
2026-07-06T19:17:14Z,,,,,,8241.8
2026-07-06T19:17:14Z,,,,,,8246.5
2026-07-06T19:17:15Z,,,,,,8243.4
2026-07-06T19:17:15Z,,,,,,8236.1
2026-07-06T19:17:15Z,,,,,,8230.3
2026-07-06T19:17:15Z,51.555622,-0.066532,1.6,11,1,8228.8
2026-07-06T19:17:15Z,,,,,,8229.1
2026-07-06T19:17:15Z,,,,,,8227.0
2026-07-06T19:17:15Z,,,,,,8222.0
2026-07-06T19:17:15Z,,,,,,8216.9
2026-07-06T19:17:15Z,,,,,,8215.1
2026-07-06T19:17:15Z,,,,,,8217.9
2026-07-06T19:17:16Z,,,,,,8225.4
2026-07-06T19:17:16Z,,,,,,8231.5
2026-07-06T19:17:16Z,,,,,,8230.0
2026-07-06T19:17:16Z,51.555626,-0.066557,1.7,11,1,8226.0
2026-07-06T19:17:16Z,,,,,,8226.6
2026-07-06T19:17:16Z,,,,,,8230.7
2026-07-06T19:17:16Z,,,,,,8237.9
2026-07-06T19:17:16Z,,,,,,8240.0
2026-07-06T19:17:16Z,,,,,,8235.7
2026-07-06T19:17:16Z,,,,,,8233.7
2026-07-06T19:17:17Z,,,,,,8236.1
2026-07-06T19:17:17Z,,,,,,8243.5
2026-07-06T19:17:17Z,,,,,,8249.9
2026-07-06T19:17:17Z,51.555630,-0.066590,2.2,11,1,8250.5
2026-07-06T19:17:17Z,,,,,,8249.5
2026-07-06T19:17:17Z,,,,,,8252.0
2026-07-06T19:17:17Z,,,,,,8256.6
2026-07-06T19:17:17Z,,,,,,8260.2
2026-07-06T19:17:17Z,,,,,,8260.8
2026-07-06T19:17:17Z,,,,,,8257.4
2026-07-06T19:17:17Z,,,,,,8254.4
2026-07-06T19:17:18Z,,,,,,8253.0
2026-07-06T19:17:18Z,,,,,,8253.7
2026-07-06T19:17:18Z,51.555634,-0.066624,2.7,12,1,8252.4
2026-07-06T19:17:18Z,,,,,,8245.3
2026-07-06T19:17:18Z,,,,,,8236.2
2026-07-06T19:17:18Z,,,,,,8232.3
2026-07-06T19:17:18Z,,,,,,8227.8
2026-07-06T19:17:18Z,,,,,,8221.6
2026-07-06T19:17:18Z,,,,,,8215.8
2026-07-06T19:17:18Z,,,,,,8205.8
2026-07-06T19:17:19Z,,,,,,8197.5
2026-07-06T19:17:19Z,,,,,,8193.1
2026-07-06T19:17:19Z,51.555634,-0.066657,3.0,12,1,8191.6
2026-07-06T19:17:19Z,,,,,,8189.9
2026-07-06T19:17:19Z,,,,,,8184.0
2026-07-06T19:17:19Z,,,,,,8175.3
2026-07-06T19:17:19Z,,,,,,8169.6
2026-07-06T19:17:19Z,,,,,,8166.3
2026-07-06T19:17:19Z,,,,,,8165.0
2026-07-06T19:17:19Z,,,,,,8164.1
2026-07-06T19:17:20Z,,,,,,8159.0
2026-07-06T19:17:20Z,,,,,,8154.6
2026-07-06T19:17:20Z,51.555634,-0.066692,4.0,13,1,8156.5
2026-07-06T19:17:20Z,,,,,,8160.9
2026-07-06T19:17:20Z,,,,,,8166.5
2026-07-06T19:17:20Z,,,,,,8172.2
2026-07-06T19:17:20Z,,,,,,8175.1
2026-07-06T19:17:20Z,,,,,,8180.5
2026-07-06T19:17:20Z,,,,,,8187.6
2026-07-06T19:17:21Z,,,,,,8192.8
2026-07-06T19:17:21Z,,,,,,8197.6
2026-07-06T19:17:21Z,,,,,,8200.3
2026-07-06T19:17:21Z,51.555634,-0.066719,4.2,13,1,8201.1
2026-07-06T19:17:21Z,,,,,,8203.3
2026-07-06T19:17:21Z,,,,,,8204.2
2026-07-06T19:17:21Z,,,,,,8203.8
2026-07-06T19:17:21Z,,,,,,8201.5
2026-07-06T19:17:21Z,,,,,,8196.2
2026-07-06T19:17:21Z,,,,,,8189.4
2026-07-06T19:17:22Z,,,,,,8182.4
2026-07-06T19:17:22Z,,,,,,8176.1
2026-07-06T19:17:22Z,,,,,,8173.1
2026-07-06T19:17:22Z,51.555637,-0.066741,4.3,13,1,8171.5
2026-07-06T19:17:22Z,,,,,,8167.7
2026-07-06T19:17:22Z,,,,,,8165.6
2026-07-06T19:17:22Z,,,,,,8168.8
2026-07-06T19:17:22Z,,,,,,8173.2
2026-07-06T19:17:22Z,,,,,,8178.0
2026-07-06T19:17:22Z,,,,,,8181.2
2026-07-06T19:17:23Z,,,,,,8181.1
2026-07-06T19:17:23Z,,,,,,8181.5
2026-07-06T19:17:23Z,,,,,,8182.1
2026-07-06T19:17:23Z,51.555645,-0.066761,4.2,13,1,8182.0
2026-07-06T19:17:23Z,,,,,,8182.8
2026-07-06T19:17:23Z,,,,,,8182.8
2026-07-06T19:17:23Z,,,,,,8182.4
2026-07-06T19:17:23Z,,,,,,8180.3
2026-07-06T19:17:23Z,,,,,,8175.3
2026-07-06T19:17:23Z,,,,,,8170.7
2026-07-06T19:17:24Z,,,,,,8167.7
2026-07-06T19:17:24Z,,,,,,8164.2
2026-07-06T19:17:24Z,,,,,,8158.1
2026-07-06T19:17:24Z,51.555645,-0.066782,4.1,12,1,8154.2
2026-07-06T19:17:24Z,,,,,,8153.5
2026-07-06T19:17:24Z,,,,,,8160.2
2026-07-06T19:17:24Z,,,,,,8172.0
2026-07-06T19:17:24Z,,,,,,8181.9
2026-07-06T19:17:24Z,,,,,,8191.3
2026-07-06T19:17:24Z,,,,,,8199.3
2026-07-06T19:17:25Z,,,,,,8207.4
2026-07-06T19:17:25Z,,,,,,8220.9
2026-07-06T19:17:25Z,,,,,,8234.2
2026-07-06T19:17:25Z,51.555653,-0.066808,4.7,12,1,8238.0
2026-07-06T19:17:25Z,,,,,,8240.3
2026-07-06T19:17:25Z,,,,,,8243.5
2026-07-06T19:17:25Z,,,,,,8246.3
2026-07-06T19:17:25Z,,,,,,8249.4
2026-07-06T19:17:25Z,,,,,,8250.1
2026-07-06T19:17:25Z,,,,,,8248.0
2026-07-06T19:17:26Z,,,,,,8243.7
2026-07-06T19:17:26Z,,,,,,8237.9
2026-07-06T19:17:26Z,,,,,,8236.3
2026-07-06T19:17:26Z,51.555653,-0.066849,6.1,12,1,8238.4
2026-07-06T19:17:26Z,,,,,,8232.5
2026-07-06T19:17:26Z,,,,,,8223.3
2026-07-06T19:17:26Z,,,,,,8216.6
2026-07-06T19:17:26Z,,,,,,8209.7
2026-07-06T19:17:26Z,,,,,,8209.1
2026-07-06T19:17:26Z,,,,,,8210.7
2026-07-06T19:17:27Z,,,,,,8205.6
2026-07-06T19:17:27Z,,,,,,8197.9
2026-07-06T19:17:27Z,,,,,,8189.1
2026-07-06T19:17:27Z,51.555656,-0.066874,6.3,12,1,8183.8
2026-07-06T19:17:27Z,,,,,,8184.4
2026-07-06T19:17:27Z,,,,,,8179.6
2026-07-06T19:17:27Z,,,,,,8169.6
2026-07-06T19:17:27Z,,,,,,8162.6
2026-07-06T19:17:27Z,,,,,,8154.9
2026-07-06T19:17:27Z,,,,,,8144.6
2026-07-06T19:17:28Z,,,,,,8139.1
2026-07-06T19:17:28Z,,,,,,8135.9
2026-07-06T19:17:28Z,,,,,,8130.8
2026-07-06T19:17:28Z,51.555656,-0.066898,5.8,12,1,8126.2
2026-07-06T19:17:28Z,,,,,,8121.0
2026-07-06T19:17:28Z,,,,,,8119.5
2026-07-06T19:17:28Z,,,,,,8118.9
2026-07-06T19:17:28Z,,,,,,8118.7
2026-07-06T19:17:28Z,,,,,,8118.7
2026-07-06T19:17:28Z,,,,,,8117.0
2026-07-06T19:17:29Z,,,,,,8117.4
2026-07-06T19:17:29Z,,,,,,8125.2
2026-07-06T19:17:29Z,,,,,,8136.1
2026-07-06T19:17:29Z,51.555656,-0.066927,5.5,12,1,8140.1
2026-07-06T19:17:29Z,,,,,,8141.4
2026-07-06T19:17:29Z,,,,,,8139.8
2026-07-06T19:17:29Z,,,,,,8142.5
2026-07-06T19:17:29Z,,,,,,8146.9
2026-07-06T19:17:29Z,,,,,,8148.3
2026-07-06T19:17:29Z,,,,,,8151.7
2026-07-06T19:17:30Z,,,,,,8155.8
2026-07-06T19:17:30Z,,,,,,8158.2
2026-07-06T19:17:30Z,,,,,,8169.7
2026-07-06T19:17:30Z,51.555656,-0.066949,4.4,12,1,8187.1
2026-07-06T19:17:30Z,,,,,,8193.1
2026-07-06T19:17:30Z,,,,,,8192.6
2026-07-06T19:17:30Z,,,,,,8192.6
2026-07-06T19:17:30Z,,,,,,8195.4
2026-07-06T19:17:30Z,,,,,,8196.1
2026-07-06T19:17:30Z,,,,,,8193.6
2026-07-06T19:17:31Z,,,,,,8193.9
2026-07-06T19:17:31Z,,,,,,8194.0
2026-07-06T19:17:31Z,,,,,,8193.9
2026-07-06T19:17:31Z,51.555653,-0.066969,3.8,12,1,8200.0
2026-07-06T19:17:31Z,,,,,,8208.9
2026-07-06T19:17:31Z,,,,,,8213.8
2026-07-06T19:17:31Z,,,,,,8216.3
2026-07-06T19:17:31Z,,,,,,8214.3
2026-07-06T19:17:31Z,,,,,,8211.8
2026-07-06T19:17:31Z,,,,,,8210.7
2026-07-06T19:17:32Z,,,,,,8208.6
2026-07-06T19:17:32Z,,,,,,8205.9
2026-07-06T19:17:32Z,,,,,,8198.2
2026-07-06T19:17:32Z,51.555653,-0.066991,3.3,12,1,8191.0
2026-07-06T19:17:32Z,,,,,,8189.5
2026-07-06T19:17:32Z,,,,,,8194.0
2026-07-06T19:17:32Z,,,,,,8196.5
2026-07-06T19:17:32Z,,,,,,8190.0
2026-07-06T19:17:32Z,,,,,,8183.6
2026-07-06T19:17:32Z,,,,,,8181.3
2026-07-06T19:17:33Z,,,,,,8179.4
2026-07-06T19:17:33Z,,,,,,8176.4
2026-07-06T19:17:33Z,,,,,,8174.0
2026-07-06T19:17:33Z,51.555653,-0.067006,3.0,12,1,8174.0
2026-07-06T19:17:33Z,,,,,,8176.0
2026-07-06T19:17:33Z,,,,,,8181.5
2026-07-06T19:17:33Z,,,,,,8195.5
2026-07-06T19:17:33Z,,,,,,8206.9
2026-07-06T19:17:33Z,,,,,,8209.9
2026-07-06T19:17:33Z,,,,,,8211.7
2026-07-06T19:17:33Z,,,,,,8216.3
2026-07-06T19:17:34Z,,,,,,8220.6
2026-07-06T19:17:34Z,,,,,,8226.0
2026-07-06T19:17:34Z,51.555656,-0.067026,3.0,12,1,8228.9
2026-07-06T19:17:34Z,,,,,,8225.7
2026-07-06T19:17:34Z,,,,,,8223.6
2026-07-06T19:17:34Z,,,,,,8223.6
2026-07-06T19:17:34Z,,,,,,8228.4
2026-07-06T19:17:34Z,,,,,,8231.3
2026-07-06T19:17:34Z,,,,,,8226.3
2026-07-06T19:17:35Z,,,,,,8217.6
2026-07-06T19:17:35Z,,,,,,8211.2
2026-07-06T19:17:35Z,,,,,,8204.5
2026-07-06T19:17:35Z,51.555660,-0.067043,2.9,12,1,8203.7
2026-07-06T19:17:35Z,,,,,,8206.9
2026-07-06T19:17:35Z,,,,,,8205.9
2026-07-06T19:17:35Z,,,,,,8207.4
2026-07-06T19:17:35Z,,,,,,8215.1
2026-07-06T19:17:35Z,,,,,,8230.2
2026-07-06T19:17:35Z,,,,,,8244.4
2026-07-06T19:17:36Z,,,,,,8251.0
2026-07-06T19:17:36Z,,,,,,8254.2
2026-07-06T19:17:36Z,,,,,,8258.2
2026-07-06T19:17:36Z,51.555664,-0.067061,2.8,12,1,8265.1
2026-07-06T19:17:36Z,,,,,,8275.0
2026-07-06T19:17:36Z,,,,,,8279.9
2026-07-06T19:17:36Z,,,,,,8278.7
2026-07-06T19:17:36Z,,,,,,8277.1
2026-07-06T19:17:36Z,,,,,,8276.6
2026-07-06T19:17:36Z,,,,,,8282.4
2026-07-06T19:17:37Z,,,,,,8287.5
2026-07-06T19:17:37Z,,,,,,8284.6
2026-07-06T19:17:37Z,,,,,,8278.7
2026-07-06T19:17:37Z,51.555668,-0.067086,3.3,12,1,8275.7
2026-07-06T19:17:37Z,,,,,,8274.0
2026-07-06T19:17:37Z,,,,,,8273.6
2026-07-06T19:17:37Z,,,,,,8274.3
2026-07-06T19:17:37Z,,,,,,8271.7
2026-07-06T19:17:37Z,,,,,,8268.7
2026-07-06T19:17:37Z,,,,,,8269.3
2026-07-06T19:17:38Z,,,,,,8275.1
2026-07-06T19:17:38Z,,,,,,8279.6
2026-07-06T19:17:38Z,,,,,,8278.4
2026-07-06T19:17:38Z,51.555672,-0.067112,3.5,12,1,8274.1
2026-07-06T19:17:38Z,,,,,,8270.3
2026-07-06T19:17:38Z,,,,,,8267.1
2026-07-06T19:17:38Z,,,,,,8264.6
2026-07-06T19:17:38Z,,,,,,8260.3
2026-07-06T19:17:38Z,,,,,,8253.7
2026-07-06T19:17:38Z,,,,,,8247.9
2026-07-06T19:17:39Z,,,,,,8242.5
2026-07-06T19:17:39Z,,,,,,8240.7
2026-07-06T19:17:39Z,,,,,,8241.0
2026-07-06T19:17:39Z,51.555672,-0.067146,3.9,12,1,8238.2
2026-07-06T19:17:39Z,,,,,,8231.5
2026-07-06T19:17:39Z,,,,,,8226.0
2026-07-06T19:17:39Z,,,,,,8220.0
2026-07-06T19:17:39Z,,,,,,8211.9
2026-07-06T19:17:39Z,,,,,,8207.1
2026-07-06T19:17:39Z,,,,,,8203.9
2026-07-06T19:17:40Z,,,,,,8200.2
2026-07-06T19:17:40Z,,,,,,8199.3
2026-07-06T19:17:40Z,,,,,,8200.9
2026-07-06T19:17:40Z,51.555672,-0.067177,4.7,12,1,8204.2
2026-07-06T19:17:40Z,,,,,,8205.3
2026-07-06T19:17:40Z,,,,,,8202.9
2026-07-06T19:17:40Z,,,,,,8204.3
2026-07-06T19:17:40Z,,,,,,8209.2
2026-07-06T19:17:40Z,,,,,,8211.8
2026-07-06T19:17:40Z,,,,,,8213.5
2026-07-06T19:17:41Z,,,,,,8216.1
2026-07-06T19:17:41Z,,,,,,8218.5
2026-07-06T19:17:41Z,,,,,,8220.7
2026-07-06T19:17:41Z,51.555672,-0.067200,5.3,12,1,8224.3
2026-07-06T19:17:41Z,,,,,,8228.3
2026-07-06T19:17:41Z,,,,,,8230.4
2026-07-06T19:17:41Z,,,,,,8232.5
2026-07-06T19:17:41Z,,,,,,8234.3
2026-07-06T19:17:41Z,,,,,,8234.2
2026-07-06T19:17:41Z,,,,,,8231.3
2026-07-06T19:17:42Z,,,,,,8228.9
2026-07-06T19:17:42Z,,,,,,8229.7
2026-07-06T19:17:42Z,,,,,,8231.5
2026-07-06T19:17:42Z,51.555679,-0.067228,7.3,12,1,8238.9
2026-07-06T19:17:42Z,,,,,,8241.3
2026-07-06T19:17:42Z,,,,,,8239.8
2026-07-06T19:17:42Z,,,,,,8246.5
2026-07-06T19:17:42Z,,,,,,8254.3
2026-07-06T19:17:42Z,,,,,,8264.5
2026-07-06T19:17:42Z,,,,,,8276.7
2026-07-06T19:17:43Z,,,,,,8288.0
2026-07-06T19:17:43Z,,,,,,8298.9
2026-07-06T19:17:43Z,,,,,,8310.4
2026-07-06T19:17:43Z,51.555679,-0.067255,8.8,12,1,8320.4
2026-07-06T19:17:43Z,,,,,,8327.5
2026-07-06T19:17:43Z,,,,,,8334.2
2026-07-06T19:17:43Z,,,,,,8342.1
2026-07-06T19:17:43Z,,,,,,8348.1
2026-07-06T19:17:43Z,,,,,,8351.3
2026-07-06T19:17:43Z,,,,,,8351.8
2026-07-06T19:17:44Z,,,,,,8353.3
2026-07-06T19:17:44Z,,,,,,8354.7
2026-07-06T19:17:44Z,,,,,,8354.2
2026-07-06T19:17:44Z,51.555683,-0.067299,11.0,12,1,8355.0
2026-07-06T19:17:44Z,,,,,,8354.6
2026-07-06T19:17:44Z,,,,,,8350.4
2026-07-06T19:17:44Z,,,,,,8345.2
2026-07-06T19:17:44Z,,,,,,8340.3
2026-07-06T19:17:44Z,,,,,,8335.0
2026-07-06T19:17:44Z,,,,,,8328.3
2026-07-06T19:17:45Z,,,,,,8322.8
2026-07-06T19:17:45Z,,,,,,8316.0
2026-07-06T19:17:45Z,,,,,,8304.4
2026-07-06T19:17:45Z,51.555683,-0.067326,12.0,12,1,8295.7
2026-07-06T19:17:45Z,,,,,,8290.3
2026-07-06T19:17:45Z,,,,,,8285.6
2026-07-06T19:17:45Z,,,,,,8286.2
2026-07-06T19:17:45Z,,,,,,8292.0
2026-07-06T19:17:45Z,,,,,,8299.7
2026-07-06T19:17:45Z,,,,,,8307.1
2026-07-06T19:17:46Z,,,,,,8312.4
2026-07-06T19:17:46Z,,,,,,8314.4
2026-07-06T19:17:46Z,,,,,,8315.2
2026-07-06T19:17:46Z,51.555687,-0.067355,13.1,13,1,8313.2
2026-07-06T19:17:46Z,,,,,,8309.9
2026-07-06T19:17:46Z,,,,,,8305.9
2026-07-06T19:17:46Z,,,,,,8298.9
2026-07-06T19:17:46Z,,,,,,8293.4
2026-07-06T19:17:46Z,,,,,,8289.3
2026-07-06T19:17:46Z,,,,,,8285.2
2026-07-06T19:17:47Z,,,,,,8279.2
2026-07-06T19:17:47Z,,,,,,8271.8
2026-07-06T19:17:47Z,,,,,,8266.1
2026-07-06T19:17:47Z,51.555687,-0.067369,14.0,13,1,8259.0
2026-07-06T19:17:47Z,,,,,,8249.7
2026-07-06T19:17:47Z,,,,,,8243.9
2026-07-06T19:17:47Z,,,,,,8241.7
2026-07-06T19:17:47Z,,,,,,8240.1
2026-07-06T19:17:47Z,,,,,,8241.4
2026-07-06T19:17:47Z,,,,,,8243.3
2026-07-06T19:17:48Z,,,,,,8241.2
2026-07-06T19:17:48Z,,,,,,8237.6
2026-07-06T19:17:48Z,,,,,,8229.7
2026-07-06T19:17:48Z,51.555687,-0.067380,14.6,13,1,8223.0
2026-07-06T19:17:48Z,,,,,,8219.3
2026-07-06T19:17:48Z,,,,,,8212.2
2026-07-06T19:17:48Z,,,,,,8205.9
2026-07-06T19:17:48Z,,,,,,8201.9
2026-07-06T19:17:48Z,,,,,,8199.7
2026-07-06T19:17:48Z,,,,,,8200.0
2026-07-06T19:17:49Z,,,,,,8199.0
2026-07-06T19:17:49Z,,,,,,8193.8
2026-07-06T19:17:49Z,,,,,,8186.2
2026-07-06T19:17:49Z,51.555687,-0.067395,15.6,13,1,8176.2
2026-07-06T19:17:49Z,,,,,,8169.0
2026-07-06T19:17:49Z,,,,,,8167.2
2026-07-06T19:17:49Z,,,,,,8163.9
2026-07-06T19:17:49Z,,,,,,8157.8
2026-07-06T19:17:49Z,,,,,,8151.5
2026-07-06T19:17:49Z,,,,,,8145.5
2026-07-06T19:17:49Z,,,,,,8142.7
2026-07-06T19:17:50Z,,,,,,8141.1
2026-07-06T19:17:50Z,,,,,,8136.0
2026-07-06T19:17:50Z,51.555695,-0.067411,15.2,13,1,8127.8
2026-07-06T19:17:50Z,,,,,,8115.8
2026-07-06T19:17:50Z,,,,,,8106.9
2026-07-06T19:17:50Z,,,,,,8102.2
2026-07-06T19:17:50Z,,,,,,8095.7
2026-07-06T19:17:50Z,,,,,,8091.0
2026-07-06T19:17:50Z,,,,,,8085.6
2026-07-06T19:17:50Z,,,,,,8076.8
2026-07-06T19:17:51Z,,,,,,8066.8
2026-07-06T19:17:51Z,,,,,,8061.6
2026-07-06T19:17:51Z,51.555695,-0.067429,15.3,13,1,8065.3
2026-07-06T19:17:51Z,,,,,,8072.2
2026-07-06T19:17:51Z,,,,,,8077.0
2026-07-06T19:17:51Z,,,,,,8081.4
2026-07-06T19:17:51Z,,,,,,8083.5
2026-07-06T19:17:51Z,,,,,,8088.9
2026-07-06T19:17:51Z,,,,,,8100.9
2026-07-06T19:17:51Z,,,,,,8106.9
2026-07-06T19:17:52Z,,,,,,8112.2
2026-07-06T19:17:52Z,,,,,,8119.4
2026-07-06T19:17:52Z,51.555691,-0.067446,15.0,13,1,8122.5
2026-07-06T19:17:52Z,,,,,,8122.6
2026-07-06T19:17:52Z,,,,,,8122.3
2026-07-06T19:17:52Z,,,,,,8121.3
2026-07-06T19:17:52Z,,,,,,8125.2
2026-07-06T19:17:52Z,,,,,,8128.9
2026-07-06T19:17:52Z,,,,,,8125.9
2026-07-06T19:17:53Z,,,,,,8124.7
2026-07-06T19:17:53Z,,,,,,8124.2
2026-07-06T19:17:53Z,,,,,,8124.1
2026-07-06T19:17:53Z,51.555698,-0.067457,14.0,13,1,8124.2
2026-07-06T19:17:53Z,,,,,,8123.2
2026-07-06T19:17:53Z,,,,,,8125.2
2026-07-06T19:17:53Z,,,,,,8125.6
2026-07-06T19:17:53Z,,,,,,8117.3
2026-07-06T19:17:53Z,,,,,,8111.2
2026-07-06T19:17:53Z,,,,,,8107.1
2026-07-06T19:17:54Z,,,,,,8101.1
2026-07-06T19:17:54Z,,,,,,8099.2
2026-07-06T19:17:54Z,,,,,,8095.7
2026-07-06T19:17:54Z,51.555710,-0.067469,13.2,13,1,8092.0
2026-07-06T19:17:54Z,,,,,,8090.5
2026-07-06T19:17:54Z,,,,,,8088.7
2026-07-06T19:17:54Z,,,,,,8085.5
2026-07-06T19:17:54Z,,,,,,8081.3
2026-07-06T19:17:54Z,,,,,,8076.6
2026-07-06T19:17:54Z,,,,,,8075.1
2026-07-06T19:17:55Z,,,,,,8074.8
2026-07-06T19:17:55Z,,,,,,8073.9
2026-07-06T19:17:55Z,,,,,,8072.4
2026-07-06T19:17:55Z,51.555714,-0.067486,12.4,13,1,8068.4
2026-07-06T19:17:55Z,,,,,,8065.5
2026-07-06T19:17:55Z,,,,,,8065.3
2026-07-06T19:17:55Z,,,,,,8067.0
2026-07-06T19:17:55Z,,,,,,8070.2
2026-07-06T19:17:55Z,,,,,,8071.4
2026-07-06T19:17:55Z,,,,,,8064.3
2026-07-06T19:17:56Z,,,,,,8056.9
2026-07-06T19:17:56Z,,,,,,8047.7
2026-07-06T19:17:56Z,,,,,,8037.7
2026-07-06T19:17:56Z,51.555714,-0.067504,11.8,13,1,8037.8
2026-07-06T19:17:56Z,,,,,,8037.5
2026-07-06T19:17:56Z,,,,,,8033.2
2026-07-06T19:17:56Z,,,,,,8028.0
2026-07-06T19:17:56Z,,,,,,8021.8
2026-07-06T19:17:56Z,,,,,,8019.1
2026-07-06T19:17:56Z,,,,,,8017.0
2026-07-06T19:17:57Z,,,,,,8011.0
2026-07-06T19:17:57Z,,,,,,8001.9
2026-07-06T19:17:57Z,,,,,,7990.4
2026-07-06T19:17:57Z,51.555717,-0.067525,11.1,13,1,7981.3
2026-07-06T19:17:57Z,,,,,,7980.6
2026-07-06T19:17:57Z,,,,,,7985.3
2026-07-06T19:17:57Z,,,,,,7989.1
2026-07-06T19:17:57Z,,,,,,7991.7
2026-07-06T19:17:57Z,,,,,,7993.5
2026-07-06T19:17:57Z,,,,,,8000.5
2026-07-06T19:17:58Z,,,,,,8010.2
2026-07-06T19:17:58Z,,,,,,8013.4
2026-07-06T19:17:58Z,,,,,,8013.7
2026-07-06T19:17:58Z,51.555714,-0.067545,10.6,13,1,8014.6
2026-07-06T19:17:58Z,,,,,,8019.9
2026-07-06T19:17:58Z,,,,,,8031.0
2026-07-06T19:17:58Z,,,,,,8043.2
2026-07-06T19:17:58Z,,,,,,8053.4
2026-07-06T19:17:58Z,,,,,,8060.9
2026-07-06T19:17:58Z,,,,,,8065.4
2026-07-06T19:17:59Z,,,,,,8068.4
2026-07-06T19:17:59Z,,,,,,8072.0
2026-07-06T19:17:59Z,,,,,,8072.4
2026-07-06T19:17:59Z,51.555721,-0.067560,10.0,13,1,8067.7
2026-07-06T19:17:59Z,,,,,,8059.5
2026-07-06T19:17:59Z,,,,,,8053.3
2026-07-06T19:17:59Z,,,,,,8050.7
2026-07-06T19:17:59Z,,,,,,8047.5
2026-07-06T19:17:59Z,,,,,,8042.8
2026-07-06T19:17:59Z,,,,,,8039.3
2026-07-06T19:18:00Z,,,,,,8037.9
2026-07-06T19:18:00Z,,,,,,8035.6
2026-07-06T19:18:00Z,,,,,,8032.6
2026-07-06T19:18:00Z,51.555721,-0.067568,8.7,13,1,8029.1
2026-07-06T19:18:00Z,,,,,,8021.1
2026-07-06T19:18:00Z,,,,,,8008.6
2026-07-06T19:18:00Z,,,,,,7999.7
2026-07-06T19:18:00Z,,,,,,7996.7
2026-07-06T19:18:00Z,,,,,,7994.7
2026-07-06T19:18:00Z,,,,,,7991.5
2026-07-06T19:18:01Z,,,,,,7987.3
2026-07-06T19:18:01Z,,,,,,7986.8
2026-07-06T19:18:01Z,,,,,,7990.0
2026-07-06T19:18:01Z,51.555717,-0.067584,8.1,13,1,7993.6
2026-07-06T19:18:01Z,,,,,,7995.6
2026-07-06T19:18:01Z,,,,,,7989.7
2026-07-06T19:18:01Z,,,,,,7976.4
2026-07-06T19:18:01Z,,,,,,7965.9
2026-07-06T19:18:01Z,,,,,,7962.1
2026-07-06T19:18:01Z,,,,,,7963.7
2026-07-06T19:18:02Z,,,,,,7963.9
2026-07-06T19:18:02Z,,,,,,7960.4
2026-07-06T19:18:02Z,,,,,,7959.9
2026-07-06T19:18:02Z,51.555717,-0.067591,8.3,13,1,7962.6
2026-07-06T19:18:02Z,,,,,,7965.4
2026-07-06T19:18:02Z,,,,,,7966.4
2026-07-06T19:18:02Z,,,,,,7961.1
2026-07-06T19:18:02Z,,,,,,7951.1
2026-07-06T19:18:02Z,,,,,,7946.0
2026-07-06T19:18:02Z,,,,,,7946.1
2026-07-06T19:18:03Z,,,,,,7951.3
2026-07-06T19:18:03Z,,,,,,7959.4
2026-07-06T19:18:03Z,,,,,,7969.1
2026-07-06T19:18:03Z,51.555714,-0.067599,8.6,13,1,7979.1
2026-07-06T19:18:03Z,,,,,,7987.9
2026-07-06T19:18:03Z,,,,,,7997.3
2026-07-06T19:18:03Z,,,,,,8009.4
2026-07-06T19:18:03Z,,,,,,8021.7
2026-07-06T19:18:03Z,,,,,,8026.9
2026-07-06T19:18:03Z,,,,,,8028.0
2026-07-06T19:18:04Z,,,,,,8029.7
2026-07-06T19:18:04Z,,,,,,8034.1
2026-07-06T19:18:04Z,,,,,,8038.5
2026-07-06T19:18:04Z,51.555714,-0.067605,8.9,13,1,8038.9
2026-07-06T19:18:04Z,,,,,,8037.8
2026-07-06T19:18:04Z,,,,,,8034.3
2026-07-06T19:18:04Z,,,,,,8028.2
2026-07-06T19:18:04Z,,,,,,8025.6
2026-07-06T19:18:04Z,,,,,,8022.1
2026-07-06T19:18:04Z,,,,,,8011.7
2026-07-06T19:18:05Z,,,,,,8002.6
2026-07-06T19:18:05Z,,,,,,7994.6
2026-07-06T19:18:05Z,,,,,,7988.5
2026-07-06T19:18:05Z,51.555714,-0.067625,8.6,13,1,7989.8
2026-07-06T19:18:05Z,,,,,,7985.7
2026-07-06T19:18:05Z,,,,,,7977.9
2026-07-06T19:18:05Z,,,,,,7975.2
2026-07-06T19:18:05Z,,,,,,7969.4
2026-07-06T19:18:05Z,,,,,,7966.4
2026-07-06T19:18:05Z,,,,,,7964.7
2026-07-06T19:18:05Z,,,,,,7959.2
2026-07-06T19:18:06Z,,,,,,7956.9
2026-07-06T19:18:06Z,,,,,,7958.1
2026-07-06T19:18:06Z,51.555714,-0.067648,8.3,13,1,7963.4
2026-07-06T19:18:06Z,,,,,,7972.9
2026-07-06T19:18:06Z,,,,,,7979.9
2026-07-06T19:18:06Z,,,,,,7984.1
2026-07-06T19:18:06Z,,,,,,7988.9
2026-07-06T19:18:06Z,,,,,,7988.7
2026-07-06T19:18:06Z,,,,,,7987.2
2026-07-06T19:18:06Z,,,,,,7986.3
2026-07-06T19:18:07Z,,,,,,7984.0
2026-07-06T19:18:07Z,,,,,,7985.2
2026-07-06T19:18:07Z,51.555706,-0.067668,8.1,13,1,7987.0
2026-07-06T19:18:07Z,,,,,,7986.4
2026-07-06T19:18:07Z,,,,,,7989.5
2026-07-06T19:18:07Z,,,,,,7993.9
2026-07-06T19:18:07Z,,,,,,7997.7
2026-07-06T19:18:07Z,,,,,,8004.2
2026-07-06T19:18:07Z,,,,,,8005.6
2026-07-06T19:18:08Z,,,,,,8004.0
2026-07-06T19:18:08Z,,,,,,8003.3
2026-07-06T19:18:08Z,,,,,,7999.0
2026-07-06T19:18:08Z,51.555691,-0.067691,7.2,13,1,7999.1
2026-07-06T19:18:08Z,,,,,,8002.2
2026-07-06T19:18:08Z,,,,,,8000.3
2026-07-06T19:18:08Z,,,,,,8000.1
2026-07-06T19:18:08Z,,,,,,8004.2
2026-07-06T19:18:08Z,,,,,,8009.8
2026-07-06T19:18:08Z,,,,,,8016.3
2026-07-06T19:18:09Z,,,,,,8019.0
2026-07-06T19:18:09Z,,,,,,8019.1
2026-07-06T19:18:09Z,,,,,,8016.4
2026-07-06T19:18:09Z,51.555687,-0.067706,6.0,13,1,8010.4
2026-07-06T19:18:09Z,,,,,,8008.2
2026-07-06T19:18:09Z,,,,,,8013.5
2026-07-06T19:18:09Z,,,,,,8018.0
2026-07-06T19:18:09Z,,,,,,8016.8
2026-07-06T19:18:09Z,,,,,,8018.9
2026-07-06T19:18:09Z,,,,,,8022.6
2026-07-06T19:18:10Z,,,,,,8025.4
2026-07-06T19:18:10Z,,,,,,8026.7
2026-07-06T19:18:10Z,,,,,,8024.5
2026-07-06T19:18:10Z,51.555679,-0.067730,5.3,13,1,8019.2
2026-07-06T19:18:10Z,,,,,,8007.9
2026-07-06T19:18:10Z,,,,,,7999.1
2026-07-06T19:18:10Z,,,,,,8001.7
2026-07-06T19:18:10Z,,,,,,8008.0
2026-07-06T19:18:10Z,,,,,,8013.2
2026-07-06T19:18:10Z,,,,,,8021.2
2026-07-06T19:18:11Z,,,,,,8031.6
2026-07-06T19:18:11Z,,,,,,8044.5
2026-07-06T19:18:11Z,,,,,,8057.3
2026-07-06T19:18:11Z,51.555676,-0.067749,4.6,13,1,8065.8
2026-07-06T19:18:11Z,,,,,,8073.9
2026-07-06T19:18:11Z,,,,,,8080.1
2026-07-06T19:18:11Z,,,,,,8083.9
2026-07-06T19:18:11Z,,,,,,8092.0
2026-07-06T19:18:11Z,,,,,,8101.2
2026-07-06T19:18:11Z,,,,,,8107.5
2026-07-06T19:18:12Z,,,,,,8110.2
2026-07-06T19:18:12Z,,,,,,8113.0
2026-07-06T19:18:12Z,,,,,,8117.7
2026-07-06T19:18:12Z,51.555672,-0.067768,3.6,13,1,8123.0
2026-07-06T19:18:12Z,,,,,,8125.5
2026-07-06T19:18:12Z,,,,,,8123.8
2026-07-06T19:18:12Z,,,,,,8116.4
2026-07-06T19:18:12Z,,,,,,8100.0
2026-07-06T19:18:12Z,,,,,,8085.4
2026-07-06T19:18:12Z,,,,,,8077.8
2026-07-06T19:18:13Z,,,,,,8069.6
2026-07-06T19:18:13Z,,,,,,8060.2
2026-07-06T19:18:13Z,,,,,,8052.3
2026-07-06T19:18:13Z,51.555672,-0.067786,2.1,13,1,8046.4
2026-07-06T19:18:13Z,,,,,,8044.5
2026-07-06T19:18:13Z,,,,,,8044.2
2026-07-06T19:18:13Z,,,,,,8038.6
2026-07-06T19:18:13Z,,,,,,8032.4
2026-07-06T19:18:13Z,,,,,,8023.9
2026-07-06T19:18:13Z,,,,,,8015.6
2026-07-06T19:18:14Z,,,,,,8015.4
2026-07-06T19:18:14Z,,,,,,8013.6
2026-07-06T19:18:14Z,,,,,,8009.4
2026-07-06T19:18:14Z,51.555668,-0.067794,1.2,13,1,8010.7
2026-07-06T19:18:14Z,,,,,,8011.1
2026-07-06T19:18:14Z,,,,,,8010.5
2026-07-06T19:18:14Z,,,,,,8012.4
2026-07-06T19:18:14Z,,,,,,8005.4
2026-07-06T19:18:14Z,,,,,,7999.2
2026-07-06T19:18:14Z,,,,,,7990.4
2026-07-06T19:18:15Z,,,,,,7980.5
2026-07-06T19:18:15Z,,,,,,7978.7
2026-07-06T19:18:15Z,,,,,,7975.4
2026-07-06T19:18:15Z,51.555668,-0.067808,0.8,13,1,7971.2
2026-07-06T19:18:15Z,,,,,,7970.7
2026-07-06T19:18:15Z,,,,,,7970.4
2026-07-06T19:18:15Z,,,,,,7969.8
2026-07-06T19:18:15Z,,,,,,7967.1
2026-07-06T19:18:15Z,,,,,,7959.2
2026-07-06T19:18:15Z,,,,,,7952.7
2026-07-06T19:18:16Z,,,,,,7945.9
2026-07-06T19:18:16Z,,,,,,7940.4
2026-07-06T19:18:16Z,,,,,,7937.3
2026-07-06T19:18:16Z,51.555664,-0.067822,0.5,13,1,7933.4
2026-07-06T19:18:16Z,,,,,,7927.2
2026-07-06T19:18:16Z,,,,,,7926.3
2026-07-06T19:18:16Z,,,,,,7930.1
2026-07-06T19:18:16Z,,,,,,7933.4
2026-07-06T19:18:16Z,,,,,,7935.4
2026-07-06T19:18:16Z,,,,,,7929.9
2026-07-06T19:18:17Z,,,,,,7926.4
2026-07-06T19:18:17Z,,,,,,7922.3
2026-07-06T19:18:17Z,,,,,,7917.5
2026-07-06T19:18:17Z,51.555656,-0.067850,0.7,13,1,7919.6
2026-07-06T19:18:17Z,,,,,,7921.5
2026-07-06T19:18:17Z,,,,,,7925.3
2026-07-06T19:18:17Z,,,,,,7939.1
2026-07-06T19:18:17Z,,,,,,7954.8
2026-07-06T19:18:17Z,,,,,,7966.3
2026-07-06T19:18:17Z,,,,,,7974.2
2026-07-06T19:18:18Z,,,,,,7975.2
2026-07-06T19:18:18Z,,,,,,7975.0
2026-07-06T19:18:18Z,,,,,,7967.4
2026-07-06T19:18:18Z,51.555649,-0.067875,1.2,13,1,7958.2
2026-07-06T19:18:18Z,,,,,,7954.9
2026-07-06T19:18:18Z,,,,,,7950.2
2026-07-06T19:18:18Z,,,,,,7945.1
2026-07-06T19:18:18Z,,,,,,7943.8
2026-07-06T19:18:18Z,,,,,,7948.6
2026-07-06T19:18:18Z,,,,,,7959.1
2026-07-06T19:18:19Z,,,,,,7966.8
2026-07-06T19:18:19Z,,,,,,7966.0
2026-07-06T19:18:19Z,,,,,,7963.3
2026-07-06T19:18:19Z,51.555645,-0.067885,1.4,13,1,7960.2
2026-07-06T19:18:19Z,,,,,,7958.1
2026-07-06T19:18:19Z,,,,,,7958.6
2026-07-06T19:18:19Z,,,,,,7961.0
2026-07-06T19:18:19Z,,,,,,7967.0
2026-07-06T19:18:19Z,,,,,,7979.2
2026-07-06T19:18:19Z,,,,,,7991.8
2026-07-06T19:18:20Z,,,,,,8000.7
2026-07-06T19:18:20Z,,,,,,8005.8
2026-07-06T19:18:20Z,,,,,,8004.5
2026-07-06T19:18:20Z,51.555641,-0.067911,1.4,12,1,7998.3
2026-07-06T19:18:20Z,,,,,,7987.6
2026-07-06T19:18:20Z,,,,,,7983.3
2026-07-06T19:18:20Z,,,,,,7985.0
2026-07-06T19:18:20Z,,,,,,7982.0
2026-07-06T19:18:20Z,,,,,,7983.4
2026-07-06T19:18:20Z,,,,,,7989.5
2026-07-06T19:18:21Z,,,,,,7995.2
2026-07-06T19:18:21Z,,,,,,8004.8
2026-07-06T19:18:21Z,,,,,,8010.4
2026-07-06T19:18:21Z,51.555637,-0.067928,1.6,12,1,8007.1
2026-07-06T19:18:21Z,,,,,,7999.1
2026-07-06T19:18:21Z,,,,,,7987.9
2026-07-06T19:18:21Z,,,,,,7981.3
2026-07-06T19:18:21Z,,,,,,7977.9
2026-07-06T19:18:21Z,,,,,,7972.4
2026-07-06T19:18:21Z,,,,,,7969.5
2026-07-06T19:18:22Z,,,,,,7970.0
2026-07-06T19:18:22Z,,,,,,7973.6
2026-07-06T19:18:22Z,,,,,,7978.8
2026-07-06T19:18:22Z,51.555637,-0.067960,2.3,12,1,7976.7
2026-07-06T19:18:22Z,,,,,,7968.1
2026-07-06T19:18:22Z,,,,,,7961.3
2026-07-06T19:18:22Z,,,,,,7951.6
2026-07-06T19:18:22Z,,,,,,7944.5
2026-07-06T19:18:22Z,,,,,,7939.0
2026-07-06T19:18:22Z,,,,,,7929.9
2026-07-06T19:18:23Z,,,,,,7927.2
2026-07-06T19:18:23Z,,,,,,7927.9
2026-07-06T19:18:23Z,,,,,,7927.3
2026-07-06T19:18:23Z,51.555637,-0.067996,3.3,12,1,7925.0
2026-07-06T19:18:23Z,,,,,,7916.3
2026-07-06T19:18:23Z,,,,,,7905.1
2026-07-06T19:18:23Z,,,,,,7896.7
2026-07-06T19:18:23Z,,,,,,7887.6
2026-07-06T19:18:23Z,,,,,,7881.1
2026-07-06T19:18:23Z,,,,,,7874.3
2026-07-06T19:18:24Z,,,,,,7864.2
2026-07-06T19:18:24Z,,,,,,7862.0
2026-07-06T19:18:24Z,,,,,,7865.6
2026-07-06T19:18:24Z,51.555637,-0.068021,3.7,12,1,7867.6
2026-07-06T19:18:24Z,,,,,,7865.7
2026-07-06T19:18:24Z,,,,,,7860.0
2026-07-06T19:18:24Z,,,,,,7853.2
2026-07-06T19:18:24Z,,,,,,7849.5
2026-07-06T19:18:24Z,,,,,,7847.5
2026-07-06T19:18:24Z,,,,,,7845.0
2026-07-06T19:18:25Z,,,,,,7840.1
2026-07-06T19:18:25Z,,,,,,7834.1
2026-07-06T19:18:25Z,,,,,,7832.1
2026-07-06T19:18:25Z,51.555634,-0.068054,4.0,12,1,7832.5
2026-07-06T19:18:25Z,,,,,,7835.5
2026-07-06T19:18:25Z,,,,,,7841.7
2026-07-06T19:18:25Z,,,,,,7845.6
2026-07-06T19:18:25Z,,,,,,7852.5
2026-07-06T19:18:25Z,,,,,,7862.7
2026-07-06T19:18:25Z,,,,,,7867.6
2026-07-06T19:18:26Z,,,,,,7870.9
2026-07-06T19:18:26Z,,,,,,7870.6
2026-07-06T19:18:26Z,,,,,,7869.0
2026-07-06T19:18:26Z,51.555630,-0.068076,4.3,12,1,7873.2
2026-07-06T19:18:26Z,,,,,,7879.5
2026-07-06T19:18:26Z,,,,,,7884.6
2026-07-06T19:18:26Z,,,,,,7889.4
2026-07-06T19:18:26Z,,,,,,7892.4
2026-07-06T19:18:26Z,,,,,,7896.9
2026-07-06T19:18:26Z,,,,,,7895.6
2026-07-06T19:18:27Z,,,,,,7886.4
2026-07-06T19:18:27Z,,,,,,7885.9
2026-07-06T19:18:27Z,,,,,,7887.6
2026-07-06T19:18:27Z,51.555626,-0.068113,6.4,12,1,7888.7
2026-07-06T19:18:27Z,,,,,,7889.1
2026-07-06T19:18:27Z,,,,,,7894.4
2026-07-06T19:18:27Z,,,,,,7908.0
2026-07-06T19:18:27Z,,,,,,7920.5
2026-07-06T19:18:27Z,,,,,,7932.2
2026-07-06T19:18:27Z,,,,,,7944.4
2026-07-06T19:18:28Z,,,,,,7943.7
2026-07-06T19:18:28Z,,,,,,7934.3
2026-07-06T19:18:28Z,,,,,,7936.6
2026-07-06T19:18:28Z,51.555618,-0.068143,6.9,12,1,7940.4
2026-07-06T19:18:28Z,,,,,,7941.0
2026-07-06T19:18:28Z,,,,,,7937.9
2026-07-06T19:18:28Z,,,,,,7938.5
2026-07-06T19:18:28Z,,,,,,7945.6
2026-07-06T19:18:28Z,,,,,,7954.3
2026-07-06T19:18:28Z,,,,,,7965.2
2026-07-06T19:18:29Z,,,,,,7975.2
2026-07-06T19:18:29Z,,,,,,7972.0
2026-07-06T19:18:29Z,,,,,,7955.8
2026-07-06T19:18:29Z,51.555614,-0.068177,8.2,12,1,7950.8
2026-07-06T19:18:29Z,,,,,,7950.0
2026-07-06T19:18:29Z,,,,,,7946.3
2026-07-06T19:18:29Z,,,,,,7940.3
2026-07-06T19:18:29Z,,,,,,7931.2
2026-07-06T19:18:29Z,,,,,,7927.5
2026-07-06T19:18:29Z,,,,,,7929.3
2026-07-06T19:18:30Z,,,,,,7930.5
2026-07-06T19:18:30Z,,,,,,7931.3
2026-07-06T19:18:30Z,,,,,,7922.7
2026-07-06T19:18:30Z,51.555611,-0.068217,9.7,12,1,7902.7
2026-07-06T19:18:30Z,,,,,,7890.1
2026-07-06T19:18:30Z,,,,,,7887.2
2026-07-06T19:18:30Z,,,,,,7884.2
2026-07-06T19:18:30Z,,,,,,7877.7
2026-07-06T19:18:30Z,,,,,,7878.1
2026-07-06T19:18:30Z,,,,,,7882.2
2026-07-06T19:18:31Z,,,,,,7887.4
2026-07-06T19:18:31Z,,,,,,7900.2
2026-07-06T19:18:31Z,,,,,,7921.0
2026-07-06T19:18:31Z,51.555607,-0.068250,11.1,12,1,7929.1
2026-07-06T19:18:31Z,,,,,,7917.4
2026-07-06T19:18:31Z,,,,,,7911.7
2026-07-06T19:18:31Z,,,,,,7912.5
2026-07-06T19:18:31Z,,,,,,7911.1
2026-07-06T19:18:31Z,,,,,,7910.1
2026-07-06T19:18:31Z,,,,,,7908.9
2026-07-06T19:18:32Z,,,,,,7906.2
2026-07-06T19:18:32Z,,,,,,7903.2
2026-07-06T19:18:32Z,,,,,,7900.9
2026-07-06T19:18:32Z,51.555595,-0.068284,12.5,12,1,7898.9
2026-07-06T19:18:32Z,,,,,,7889.3
2026-07-06T19:18:32Z,,,,,,7872.1
2026-07-06T19:18:32Z,,,,,,7864.5
2026-07-06T19:18:32Z,,,,,,7864.7
2026-07-06T19:18:32Z,,,,,,7864.0
2026-07-06T19:18:32Z,,,,,,7863.0
2026-07-06T19:18:33Z,,,,,,7858.9
2026-07-06T19:18:33Z,,,,,,7854.9
2026-07-06T19:18:33Z,,,,,,7861.5
2026-07-06T19:18:33Z,51.555584,-0.068319,14.3,12,1,7887.8
2026-07-06T19:18:33Z,,,,,,7925.1
2026-07-06T19:18:33Z,,,,,,7958.3
2026-07-06T19:18:33Z,,,,,,8017.5
2026-07-06T19:18:33Z,,,,,,8110.4
2026-07-06T19:18:33Z,,,,,,8195.3
2026-07-06T19:18:33Z,,,,,,8261.1
2026-07-06T19:18:34Z,,,,,,8293.2
2026-07-06T19:18:34Z,,,,,,8277.4
2026-07-06T19:18:34Z,,,,,,8217.1
2026-07-06T19:18:34Z,51.555576,-0.068356,15.6,12,1,8129.3
2026-07-06T19:18:34Z,,,,,,8047.2
2026-07-06T19:18:34Z,,,,,,7996.9
2026-07-06T19:18:34Z,,,,,,7960.3
2026-07-06T19:18:34Z,,,,,,7927.4
2026-07-06T19:18:34Z,,,,,,7909.4
2026-07-06T19:18:34Z,,,,,,7898.2
2026-07-06T19:18:35Z,,,,,,7886.1
2026-07-06T19:18:35Z,,,,,,7877.4
2026-07-06T19:18:35Z,,,,,,7872.6
2026-07-06T19:18:35Z,51.555565,-0.068389,16.5,12,1,7870.5
2026-07-06T19:18:35Z,,,,,,7875.6
2026-07-06T19:18:35Z,,,,,,7884.8
2026-07-06T19:18:35Z,,,,,,7889.7
2026-07-06T19:18:35Z,,,,,,7883.5
2026-07-06T19:18:35Z,,,,,,7870.8
2026-07-06T19:18:35Z,,,,,,7865.1
2026-07-06T19:18:36Z,,,,,,7862.1
2026-07-06T19:18:36Z,,,,,,7854.2
2026-07-06T19:18:36Z,,,,,,7844.4
2026-07-06T19:18:36Z,51.555553,-0.068425,18.3,12,1,7840.5
2026-07-06T19:18:36Z,,,,,,7837.4
2026-07-06T19:18:36Z,,,,,,7832.9
2026-07-06T19:18:36Z,,,,,,7834.6
2026-07-06T19:18:36Z,,,,,,7840.7
2026-07-06T19:18:36Z,,,,,,7838.8
2026-07-06T19:18:36Z,,,,,,7823.3
2026-07-06T19:18:37Z,,,,,,7814.8
2026-07-06T19:18:37Z,,,,,,7814.6
2026-07-06T19:18:37Z,,,,,,7811.7
2026-07-06T19:18:37Z,51.555542,-0.068458,19.6,12,1,7806.8
2026-07-06T19:18:37Z,,,,,,7802.6
2026-07-06T19:18:37Z,,,,,,7800.9
2026-07-06T19:18:37Z,,,,,,7803.3
2026-07-06T19:18:37Z,,,,,,7809.9
2026-07-06T19:18:37Z,,,,,,7815.6
2026-07-06T19:18:37Z,,,,,,7815.7
2026-07-06T19:18:38Z,,,,,,7806.9
2026-07-06T19:18:38Z,,,,,,7799.7
2026-07-06T19:18:38Z,,,,,,7801.9
2026-07-06T19:18:38Z,51.555531,-0.068494,20.7,12,1,7803.6
2026-07-06T19:18:38Z,,,,,,7800.8
2026-07-06T19:18:38Z,,,,,,7802.9
2026-07-06T19:18:38Z,,,,,,7809.3
2026-07-06T19:18:38Z,,,,,,7820.5
2026-07-06T19:18:38Z,,,,,,7833.5
2026-07-06T19:18:38Z,,,,,,7844.4
2026-07-06T19:18:39Z,,,,,,7847.9
2026-07-06T19:18:39Z,,,,,,7839.8
2026-07-06T19:18:39Z,,,,,,7836.8
2026-07-06T19:18:39Z,51.555519,-0.068523,21.0,12,1,7839.0
2026-07-06T19:18:39Z,,,,,,7836.2
2026-07-06T19:18:39Z,,,,,,7831.2
2026-07-06T19:18:39Z,,,,,,7830.9
2026-07-06T19:18:39Z,,,,,,7834.2
2026-07-06T19:18:39Z,,,,,,7837.6
2026-07-06T19:18:39Z,,,,,,7842.1
2026-07-06T19:18:40Z,,,,,,7846.4
2026-07-06T19:18:40Z,,,,,,7845.4
2026-07-06T19:18:40Z,,,,,,7836.4
2026-07-06T19:18:40Z,51.555515,-0.068550,21.8,12,1,7829.3
2026-07-06T19:18:40Z,,,,,,7825.1
2026-07-06T19:18:40Z,,,,,,7819.0
2026-07-06T19:18:40Z,,,,,,7815.0
2026-07-06T19:18:40Z,,,,,,7815.6
2026-07-06T19:18:40Z,,,,,,7826.8
2026-07-06T19:18:40Z,,,,,,7841.9
2026-07-06T19:18:41Z,,,,,,7852.0
2026-07-06T19:18:41Z,,,,,,7861.6
2026-07-06T19:18:41Z,,,,,,7863.7
2026-07-06T19:18:41Z,51.555508,-0.068577,22.2,12,1,7854.5
2026-07-06T19:18:41Z,,,,,,7845.9
2026-07-06T19:18:41Z,,,,,,7839.1
2026-07-06T19:18:41Z,,,,,,7828.6
2026-07-06T19:18:41Z,,,,,,7819.4
2026-07-06T19:18:41Z,,,,,,7812.3
2026-07-06T19:18:41Z,,,,,,7806.7
2026-07-06T19:18:42Z,,,,,,7809.8
2026-07-06T19:18:42Z,,,,,,7815.4
2026-07-06T19:18:42Z,,,,,,7817.2
2026-07-06T19:18:42Z,51.555504,-0.068604,22.2,12,1,7815.1
2026-07-06T19:18:42Z,,,,,,7800.3
2026-07-06T19:18:42Z,,,,,,7791.4
2026-07-06T19:18:42Z,,,,,,7792.0
2026-07-06T19:18:42Z,,,,,,7782.3
2026-07-06T19:18:42Z,,,,,,7768.9
2026-07-06T19:18:42Z,,,,,,7757.6
2026-07-06T19:18:43Z,,,,,,7753.4
2026-07-06T19:18:43Z,,,,,,7759.4
2026-07-06T19:18:43Z,,,,,,7767.7
2026-07-06T19:18:43Z,51.555496,-0.068627,21.6,12,1,7772.2
2026-07-06T19:18:43Z,,,,,,7766.7
2026-07-06T19:18:43Z,,,,,,7750.4
2026-07-06T19:18:43Z,,,,,,7742.8
2026-07-06T19:18:43Z,,,,,,7743.3
2026-07-06T19:18:43Z,,,,,,7740.1
2026-07-06T19:18:43Z,,,,,,7737.0
2026-07-06T19:18:44Z,,,,,,7734.7
2026-07-06T19:18:44Z,,,,,,7736.7
2026-07-06T19:18:44Z,,,,,,7749.8
2026-07-06T19:18:44Z,51.555496,-0.068643,21.2,12,1,7765.0
2026-07-06T19:18:44Z,,,,,,7776.4
2026-07-06T19:18:44Z,,,,,,7779.1
2026-07-06T19:18:44Z,,,,,,7766.3
2026-07-06T19:18:44Z,,,,,,7757.9
2026-07-06T19:18:44Z,,,,,,7759.8
2026-07-06T19:18:44Z,,,,,,7756.2
2026-07-06T19:18:45Z,,,,,,7748.7
2026-07-06T19:18:45Z,,,,,,7737.6
2026-07-06T19:18:45Z,,,,,,7728.3
2026-07-06T19:18:45Z,51.555496,-0.068658,22.0,12,1,7731.6
2026-07-06T19:18:45Z,,,,,,7736.7
2026-07-06T19:18:45Z,,,,,,7738.4
2026-07-06T19:18:45Z,,,,,,7737.6
2026-07-06T19:18:45Z,,,,,,7730.0
2026-07-06T19:18:45Z,,,,,,7725.5
2026-07-06T19:18:45Z,,,,,,7729.0
2026-07-06T19:18:46Z,,,,,,7732.5
2026-07-06T19:18:46Z,,,,,,7733.3
2026-07-06T19:18:46Z,,,,,,7729.0
2026-07-06T19:18:46Z,51.555500,-0.068680,21.4,12,1,7723.3
2026-07-06T19:18:46Z,,,,,,7731.2
2026-07-06T19:18:46Z,,,,,,7747.3
2026-07-06T19:18:46Z,,,,,,7759.0
2026-07-06T19:18:46Z,,,,,,7761.1
2026-07-06T19:18:46Z,,,,,,7748.9
2026-07-06T19:18:46Z,,,,,,7735.9
2026-07-06T19:18:47Z,,,,,,7733.3
2026-07-06T19:18:47Z,,,,,,7728.6
2026-07-06T19:18:47Z,,,,,,7722.0
2026-07-06T19:18:47Z,51.555500,-0.068712,21.4,12,1,7718.4
2026-07-06T19:18:47Z,,,,,,7715.5
2026-07-06T19:18:47Z,,,,,,7726.0
2026-07-06T19:18:47Z,,,,,,7749.6
2026-07-06T19:18:47Z,,,,,,7768.9
2026-07-06T19:18:47Z,,,,,,7775.8
2026-07-06T19:18:47Z,,,,,,7769.2
2026-07-06T19:18:48Z,,,,,,7762.4
2026-07-06T19:18:48Z,,,,,,7763.3
2026-07-06T19:18:48Z,,,,,,7761.6
2026-07-06T19:18:48Z,51.555500,-0.068742,21.6,12,1,7756.6
2026-07-06T19:18:48Z,,,,,,7750.8
2026-07-06T19:18:48Z,,,,,,7747.5
2026-07-06T19:18:48Z,,,,,,7750.8
2026-07-06T19:18:48Z,,,,,,7756.9
2026-07-06T19:18:48Z,,,,,,7762.7
2026-07-06T19:18:48Z,,,,,,7761.4
2026-07-06T19:18:49Z,,,,,,7746.1
2026-07-06T19:18:49Z,,,,,,7730.4
2026-07-06T19:18:49Z,,,,,,7724.9
2026-07-06T19:18:49Z,51.555500,-0.068757,21.8,12,1,7718.1
2026-07-06T19:18:49Z,,,,,,7707.0
2026-07-06T19:18:49Z,,,,,,7696.8
2026-07-06T19:18:49Z,,,,,,7688.6
2026-07-06T19:18:49Z,,,,,,7687.3
2026-07-06T19:18:49Z,,,,,,7692.4
2026-07-06T19:18:49Z,,,,,,7698.9
2026-07-06T19:18:50Z,,,,,,7698.2
2026-07-06T19:18:50Z,,,,,,7684.3
2026-07-06T19:18:50Z,,,,,,7673.0
2026-07-06T19:18:50Z,51.555500,-0.068764,21.7,12,1,7673.4
2026-07-06T19:18:50Z,,,,,,7673.2
2026-07-06T19:18:50Z,,,,,,7670.2
2026-07-06T19:18:50Z,,,,,,7664.4
2026-07-06T19:18:50Z,,,,,,7665.5
2026-07-06T19:18:50Z,,,,,,7673.2
2026-07-06T19:18:50Z,,,,,,7683.9
2026-07-06T19:18:51Z,,,,,,7697.1
2026-07-06T19:18:51Z,,,,,,7700.2
2026-07-06T19:18:51Z,,,,,,7688.2
2026-07-06T19:18:51Z,51.555496,-0.068777,22.5,12,1,7679.9
2026-07-06T19:18:51Z,,,,,,7684.3
2026-07-06T19:18:51Z,,,,,,7691.3
2026-07-06T19:18:51Z,,,,,,7691.6
2026-07-06T19:18:51Z,,,,,,7683.9
2026-07-06T19:18:51Z,,,,,,7682.3
2026-07-06T19:18:51Z,,,,,,7688.4
2026-07-06T19:18:52Z,,,,,,7694.1
2026-07-06T19:18:52Z,,,,,,7699.1
2026-07-06T19:18:52Z,,,,,,7701.3
2026-07-06T19:18:52Z,51.555500,-0.068792,23.7,12,1,7697.2
2026-07-06T19:18:52Z,,,,,,7692.4
2026-07-06T19:18:52Z,,,,,,7691.4
2026-07-06T19:18:52Z,,,,,,7689.7
2026-07-06T19:18:52Z,,,,,,7684.9
2026-07-06T19:18:52Z,,,,,,7678.7
2026-07-06T19:18:52Z,,,,,,7674.3
2026-07-06T19:18:53Z,,,,,,7676.4
2026-07-06T19:18:53Z,,,,,,7684.6
2026-07-06T19:18:53Z,,,,,,7699.2
2026-07-06T19:18:53Z,51.555500,-0.068803,24.3,12,1,7715.6
2026-07-06T19:18:53Z,,,,,,7721.3
2026-07-06T19:18:53Z,,,,,,7721.7
2026-07-06T19:18:53Z,,,,,,7724.5
2026-07-06T19:18:53Z,,,,,,7727.2
2026-07-06T19:18:53Z,,,,,,7734.1
2026-07-06T19:18:53Z,,,,,,7738.9
2026-07-06T19:18:54Z,,,,,,7737.6
2026-07-06T19:18:54Z,,,,,,7741.3
2026-07-06T19:18:54Z,,,,,,7749.4
2026-07-06T19:18:54Z,51.555492,-0.068816,24.9,12,1,7763.7
2026-07-06T19:18:54Z,,,,,,7786.3
2026-07-06T19:18:54Z,,,,,,7787.8
2026-07-06T19:18:54Z,,,,,,7767.7
2026-07-06T19:18:54Z,,,,,,7757.2
2026-07-06T19:18:54Z,,,,,,7751.7
2026-07-06T19:18:54Z,,,,,,7749.0
2026-07-06T19:18:55Z,,,,,,7750.2
2026-07-06T19:18:55Z,,,,,,7751.1
2026-07-06T19:18:55Z,,,,,,7758.8
2026-07-06T19:18:55Z,51.555485,-0.068825,25.5,12,1,7773.3
2026-07-06T19:18:55Z,,,,,,7789.5
2026-07-06T19:18:55Z,,,,,,7806.0
2026-07-06T19:18:55Z,,,,,,7807.5
2026-07-06T19:18:55Z,,,,,,7795.2
2026-07-06T19:18:55Z,,,,,,7792.2
2026-07-06T19:18:55Z,,,,,,7793.7
2026-07-06T19:18:56Z,,,,,,7801.0
2026-07-06T19:18:56Z,,,,,,7815.0
2026-07-06T19:18:56Z,,,,,,7828.6
2026-07-06T19:18:56Z,51.555470,-0.068836,26.5,12,1,7844.3
2026-07-06T19:18:56Z,,,,,,7861.4
2026-07-06T19:18:56Z,,,,,,7877.4
2026-07-06T19:18:56Z,,,,,,7892.1
2026-07-06T19:18:56Z,,,,,,7890.8
2026-07-06T19:18:56Z,,,,,,7877.4
2026-07-06T19:18:56Z,,,,,,7870.3
2026-07-06T19:18:57Z,,,,,,7864.0
2026-07-06T19:18:57Z,,,,,,7858.0
2026-07-06T19:18:57Z,,,,,,7854.6
2026-07-06T19:18:57Z,51.555462,-0.068851,27.9,12,1,7852.3
2026-07-06T19:18:57Z,,,,,,7847.1
2026-07-06T19:18:57Z,,,,,,7838.8
2026-07-06T19:18:57Z,,,,,,7829.0
2026-07-06T19:18:57Z,,,,,,7820.3
2026-07-06T19:18:57Z,,,,,,7808.3
2026-07-06T19:18:57Z,,,,,,7787.8
2026-07-06T19:18:58Z,,,,,,7770.2
2026-07-06T19:18:58Z,,,,,,7758.6
2026-07-06T19:18:58Z,,,,,,7746.9
2026-07-06T19:18:58Z,51.555458,-0.068872,28.0,12,1,7735.9
2026-07-06T19:18:58Z,,,,,,7726.2
2026-07-06T19:18:58Z,,,,,,7725.5
2026-07-06T19:18:58Z,,,,,,7732.6
2026-07-06T19:18:58Z,,,,,,7737.7
2026-07-06T19:18:58Z,,,,,,7755.3
2026-07-06T19:18:58Z,,,,,,7782.8
2026-07-06T19:18:59Z,,,,,,7796.8
2026-07-06T19:18:59Z,,,,,,7798.7
2026-07-06T19:18:59Z,,,,,,7797.8
2026-07-06T19:18:59Z,51.555454,-0.068895,30.2,12,1,7801.0
2026-07-06T19:18:59Z,,,,,,7811.0
2026-07-06T19:18:59Z,,,,,,7818.9
2026-07-06T19:18:59Z,,,,,,7823.2
2026-07-06T19:18:59Z,,,,,,7828.2
2026-07-06T19:18:59Z,,,,,,7834.5
2026-07-06T19:18:59Z,,,,,,7844.8
2026-07-06T19:19:00Z,,,,,,7842.1
2026-07-06T19:19:00Z,,,,,,7829.2
2026-07-06T19:19:00Z,,,,,,7824.4
2026-07-06T19:19:00Z,51.555454,-0.068914,31.3,12,1,7819.1
2026-07-06T19:19:00Z,,,,,,7809.8
2026-07-06T19:19:00Z,,,,,,7799.2
2026-07-06T19:19:00Z,,,,,,7789.1
2026-07-06T19:19:00Z,,,,,,7783.6
2026-07-06T19:19:00Z,,,,,,7786.5
2026-07-06T19:19:00Z,,,,,,7791.3
2026-07-06T19:19:01Z,,,,,,7794.0
2026-07-06T19:19:01Z,,,,,,7786.3
2026-07-06T19:19:01Z,,,,,,7772.9
2026-07-06T19:19:01Z,51.555450,-0.068940,32.2,12,1,7768.2
2026-07-06T19:19:01Z,,,,,,7762.4
2026-07-06T19:19:01Z,,,,,,7756.2
2026-07-06T19:19:01Z,,,,,,7754.6
2026-07-06T19:19:01Z,,,,,,7754.1
2026-07-06T19:19:01Z,,,,,,7757.6
2026-07-06T19:19:01Z,,,,,,7770.5
2026-07-06T19:19:02Z,,,,,,7786.9
2026-07-06T19:19:02Z,,,,,,7800.1
2026-07-06T19:19:02Z,,,,,,7802.4
2026-07-06T19:19:02Z,51.555447,-0.068965,32.9,12,1,7798.4
2026-07-06T19:19:02Z,,,,,,7800.4
2026-07-06T19:19:02Z,,,,,,7801.1
2026-07-06T19:19:02Z,,,,,,7796.0
2026-07-06T19:19:02Z,,,,,,7787.6
2026-07-06T19:19:02Z,,,,,,7778.8
2026-07-06T19:19:02Z,,,,,,7771.5
2026-07-06T19:19:03Z,,,,,,7768.0
2026-07-06T19:19:03Z,,,,,,7765.8
2026-07-06T19:19:03Z,,,,,,7764.2
2026-07-06T19:19:03Z,51.555447,-0.068990,32.7,12,1,7759.1
2026-07-06T19:19:03Z,,,,,,7746.7
2026-07-06T19:19:03Z,,,,,,7740.9
2026-07-06T19:19:03Z,,,,,,7738.1
2026-07-06T19:19:03Z,,,,,,7732.6
2026-07-06T19:19:03Z,,,,,,7730.6
2026-07-06T19:19:03Z,,,,,,7724.2
2026-07-06T19:19:04Z,,,,,,7715.2
2026-07-06T19:19:04Z,,,,,,7714.4
2026-07-06T19:19:04Z,,,,,,7717.6
2026-07-06T19:19:04Z,51.555439,-0.069016,32.8,12,1,7722.3
2026-07-06T19:19:04Z,,,,,,7731.3
2026-07-06T19:19:04Z,,,,,,7734.1
2026-07-06T19:19:04Z,,,,,,7733.1
2026-07-06T19:19:04Z,,,,,,7740.0
2026-07-06T19:19:04Z,,,,,,7749.4
2026-07-06T19:19:04Z,,,,,,7758.6
2026-07-06T19:19:05Z,,,,,,7762.2
2026-07-06T19:19:05Z,,,,,,7758.6
2026-07-06T19:19:05Z,,,,,,7757.8
2026-07-06T19:19:05Z,51.555443,-0.069035,32.5,12,1,7768.4
2026-07-06T19:19:05Z,,,,,,7779.9
2026-07-06T19:19:05Z,,,,,,7785.8
2026-07-06T19:19:05Z,,,,,,7784.8
2026-07-06T19:19:05Z,,,,,,7777.4
2026-07-06T19:19:05Z,,,,,,7776.4
2026-07-06T19:19:05Z,,,,,,7778.9
2026-07-06T19:19:06Z,,,,,,7775.6
2026-07-06T19:19:06Z,,,,,,7771.6
2026-07-06T19:19:06Z,,,,,,7769.3
2026-07-06T19:19:06Z,51.555435,-0.069052,32.0,12,1,7765.8
2026-07-06T19:19:06Z,,,,,,7765.8
2026-07-06T19:19:06Z,,,,,,7768.4
2026-07-06T19:19:06Z,,,,,,7770.1
2026-07-06T19:19:06Z,,,,,,7773.1
2026-07-06T19:19:06Z,,,,,,7771.6
2026-07-06T19:19:06Z,,,,,,7768.4
2026-07-06T19:19:07Z,,,,,,7771.0
2026-07-06T19:19:07Z,,,,,,7772.2
2026-07-06T19:19:07Z,,,,,,7777.3
2026-07-06T19:19:07Z,51.555424,-0.069066,31.2,13,1,7785.1
2026-07-06T19:19:07Z,,,,,,7788.4
2026-07-06T19:19:07Z,,,,,,7796.8
2026-07-06T19:19:07Z,,,,,,7811.9
2026-07-06T19:19:07Z,,,,,,7825.2
2026-07-06T19:19:07Z,,,,,,7833.4
2026-07-06T19:19:07Z,,,,,,7831.0
2026-07-06T19:19:08Z,,,,,,7825.1
2026-07-06T19:19:08Z,,,,,,7824.8
2026-07-06T19:19:08Z,,,,,,7824.1
2026-07-06T19:19:08Z,51.555420,-0.069072,31.0,13,1,7823.3
2026-07-06T19:19:08Z,,,,,,7819.1
2026-07-06T19:19:08Z,,,,,,7812.5
2026-07-06T19:19:08Z,,,,,,7815.1
2026-07-06T19:19:08Z,,,,,,7824.9
2026-07-06T19:19:08Z,,,,,,7837.0
2026-07-06T19:19:08Z,,,,,,7847.9
2026-07-06T19:19:09Z,,,,,,7843.8
2026-07-06T19:19:09Z,,,,,,7833.3
2026-07-06T19:19:09Z,,,,,,7832.8
2026-07-06T19:19:09Z,51.555424,-0.069080,30.8,13,1,7834.3
2026-07-06T19:19:09Z,,,,,,7839.0
2026-07-06T19:19:09Z,,,,,,7839.7
2026-07-06T19:19:09Z,,,,,,7837.9
2026-07-06T19:19:09Z,,,,,,7846.7
2026-07-06T19:19:09Z,,,,,,7864.5
2026-07-06T19:19:09Z,,,,,,7881.1
2026-07-06T19:19:09Z,,,,,,7885.8
2026-07-06T19:19:10Z,,,,,,7878.6
2026-07-06T19:19:10Z,,,,,,7873.8
2026-07-06T19:19:10Z,51.555412,-0.069066,31.7,13,1,7879.3
2026-07-06T19:19:10Z,,,,,,7880.2
2026-07-06T19:19:10Z,,,,,,7877.1
2026-07-06T19:19:10Z,,,,,,7869.3
2026-07-06T19:19:10Z,,,,,,7857.2
2026-07-06T19:19:10Z,,,,,,7855.6
2026-07-06T19:19:10Z,,,,,,7863.3
2026-07-06T19:19:11Z,,,,,,7872.7
2026-07-06T19:19:11Z,,,,,,7872.8
2026-07-06T19:19:11Z,,,,,,7854.2
2026-07-06T19:19:11Z,51.555397,-0.069068,31.8,13,1,7837.3
2026-07-06T19:19:11Z,,,,,,7831.6
2026-07-06T19:19:11Z,,,,,,7822.8
2026-07-06T19:19:11Z,,,,,,7810.4
2026-07-06T19:19:11Z,,,,,,7794.9
2026-07-06T19:19:11Z,,,,,,7783.5
2026-07-06T19:19:11Z,,,,,,7782.1
2026-07-06T19:19:12Z,,,,,,7783.6
2026-07-06T19:19:12Z,,,,,,7785.1
2026-07-06T19:19:12Z,,,,,,7781.9
2026-07-06T19:19:12Z,51.555389,-0.069080,32.2,13,1,7766.9
2026-07-06T19:19:12Z,,,,,,7752.1
2026-07-06T19:19:12Z,,,,,,7744.6
2026-07-06T19:19:12Z,,,,,,7736.3
2026-07-06T19:19:12Z,,,,,,7731.5
2026-07-06T19:19:12Z,,,,,,7725.0
2026-07-06T19:19:12Z,,,,,,7714.8
2026-07-06T19:19:13Z,,,,,,7716.8
2026-07-06T19:19:13Z,,,,,,7729.4
2026-07-06T19:19:13Z,,,,,,7746.5
2026-07-06T19:19:13Z,51.555389,-0.069088,32.2,13,1,7758.3
2026-07-06T19:19:13Z,,,,,,7756.0
2026-07-06T19:19:13Z,,,,,,7755.7
2026-07-06T19:19:13Z,,,,,,7762.8
2026-07-06T19:19:13Z,,,,,,7766.3
2026-07-06T19:19:13Z,,,,,,7769.3
2026-07-06T19:19:13Z,,,,,,7768.3
2026-07-06T19:19:14Z,,,,,,7765.5
2026-07-06T19:19:14Z,,,,,,7774.3
2026-07-06T19:19:14Z,,,,,,7786.5
2026-07-06T19:19:14Z,51.555393,-0.069093,32.9,13,1,7797.1
2026-07-06T19:19:14Z,,,,,,7803.7
2026-07-06T19:19:14Z,,,,,,7796.7
2026-07-06T19:19:14Z,,,,,,7788.5
2026-07-06T19:19:14Z,,,,,,7787.3
2026-07-06T19:19:14Z,,,,,,7783.0
2026-07-06T19:19:14Z,,,,,,7774.7
2026-07-06T19:19:15Z,,,,,,7763.8
2026-07-06T19:19:15Z,,,,,,7756.1
2026-07-06T19:19:15Z,,,,,,7757.3
2026-07-06T19:19:15Z,51.555389,-0.069095,31.6,13,1,7760.1
2026-07-06T19:19:15Z,,,,,,7764.5
2026-07-06T19:19:15Z,,,,,,7765.7
2026-07-06T19:19:15Z,,,,,,7756.4
2026-07-06T19:19:15Z,,,,,,7749.7
2026-07-06T19:19:15Z,,,,,,7748.6
2026-07-06T19:19:15Z,,,,,,7745.7
2026-07-06T19:19:16Z,,,,,,7741.8
2026-07-06T19:19:16Z,,,,,,7735.1
2026-07-06T19:19:16Z,,,,,,7728.4
2026-07-06T19:19:16Z,51.555393,-0.069104,30.2,13,1,7731.9
2026-07-06T19:19:16Z,,,,,,7742.1
2026-07-06T19:19:16Z,,,,,,7750.0
2026-07-06T19:19:16Z,,,,,,7751.7
2026-07-06T19:19:16Z,,,,,,7746.0
2026-07-06T19:19:16Z,,,,,,7744.9
2026-07-06T19:19:16Z,,,,,,7748.4
2026-07-06T19:19:17Z,,,,,,7744.2
2026-07-06T19:19:17Z,,,,,,7733.5
2026-07-06T19:19:17Z,,,,,,7724.1
2026-07-06T19:19:17Z,51.555405,-0.069107,28.7,13,1,7718.9
2026-07-06T19:19:17Z,,,,,,7720.5
2026-07-06T19:19:17Z,,,,,,7724.9
2026-07-06T19:19:17Z,,,,,,7723.0
2026-07-06T19:19:17Z,,,,,,7717.1
2026-07-06T19:19:17Z,,,,,,7708.6
2026-07-06T19:19:17Z,,,,,,7701.3
2026-07-06T19:19:18Z,,,,,,7695.8
2026-07-06T19:19:18Z,,,,,,7686.2
2026-07-06T19:19:18Z,,,,,,7673.5
2026-07-06T19:19:18Z,51.555416,-0.069113,28.1,13,1,7664.8
2026-07-06T19:19:18Z,,,,,,7660.5
2026-07-06T19:19:18Z,,,,,,7662.7
2026-07-06T19:19:18Z,,,,,,7671.4
2026-07-06T19:19:18Z,,,,,,7680.1
2026-07-06T19:19:18Z,,,,,,7684.9
2026-07-06T19:19:18Z,,,,,,7683.3
2026-07-06T19:19:19Z,,,,,,7683.9
2026-07-06T19:19:19Z,,,,,,7688.0
2026-07-06T19:19:19Z,,,,,,7688.5
2026-07-06T19:19:19Z,51.555428,-0.069117,27.2,13,1,7690.2
2026-07-06T19:19:19Z,,,,,,7692.2
2026-07-06T19:19:19Z,,,,,,7694.1
2026-07-06T19:19:19Z,,,,,,7705.9
2026-07-06T19:19:19Z,,,,,,7722.7
2026-07-06T19:19:19Z,,,,,,7735.0
2026-07-06T19:19:19Z,,,,,,7738.3
2026-07-06T19:19:19Z,,,,,,7731.8
2026-07-06T19:19:20Z,,,,,,7727.5
2026-07-06T19:19:20Z,,,,,,7727.7
2026-07-06T19:19:20Z,51.555447,-0.069121,26.8,13,1,7724.1
2026-07-06T19:19:20Z,,,,,,7716.9
2026-07-06T19:19:20Z,,,,,,7716.3
2026-07-06T19:19:20Z,,,,,,7717.7
2026-07-06T19:19:20Z,,,,,,7725.5
2026-07-06T19:19:20Z,,,,,,7741.4
2026-07-06T19:19:20Z,,,,,,7758.4
2026-07-06T19:19:21Z,,,,,,7774.5
2026-07-06T19:19:21Z,,,,,,7779.8
2026-07-06T19:19:21Z,,,,,,7782.2
2026-07-06T19:19:21Z,51.555466,-0.069122,26.2,13,1,7785.4
2026-07-06T19:19:21Z,,,,,,7783.0
2026-07-06T19:19:21Z,,,,,,7778.3
2026-07-06T19:19:21Z,,,,,,7773.0
2026-07-06T19:19:21Z,,,,,,7770.7
2026-07-06T19:19:21Z,,,,,,7777.8
2026-07-06T19:19:21Z,,,,,,7786.8
2026-07-06T19:19:22Z,,,,,,7791.3
2026-07-06T19:19:22Z,,,,,,7789.9
2026-07-06T19:19:22Z,,,,,,7782.0
2026-07-06T19:19:22Z,51.555477,-0.069131,26.9,13,1,7782.0
2026-07-06T19:19:22Z,,,,,,7785.8
2026-07-06T19:19:22Z,,,,,,7781.8
2026-07-06T19:19:22Z,,,,,,7774.7
2026-07-06T19:19:22Z,,,,,,7769.6
2026-07-06T19:19:22Z,,,,,,7768.3
2026-07-06T19:19:22Z,,,,,,7777.6
2026-07-06T19:19:23Z,,,,,,7791.2
2026-07-06T19:19:23Z,,,,,,7798.7
2026-07-06T19:19:23Z,,,,,,7798.9
2026-07-06T19:19:23Z,51.555489,-0.069142,27.5,13,1,7788.6
2026-07-06T19:19:23Z,,,,,,7783.1
2026-07-06T19:19:23Z,,,,,,7781.2
2026-07-06T19:19:23Z,,,,,,7774.6
2026-07-06T19:19:23Z,,,,,,7765.6
2026-07-06T19:19:23Z,,,,,,7759.2
2026-07-06T19:19:23Z,,,,,,7754.0
2026-07-06T19:19:24Z,,,,,,7754.3
2026-07-06T19:19:24Z,,,,,,7759.6
2026-07-06T19:19:24Z,,,,,,7765.2
2026-07-06T19:19:24Z,51.555500,-0.069159,28.0,13,1,7765.5
2026-07-06T19:19:24Z,,,,,,7753.9
2026-07-06T19:19:24Z,,,,,,7745.9
2026-07-06T19:19:24Z,,,,,,7745.1
2026-07-06T19:19:24Z,,,,,,7741.4
2026-07-06T19:19:24Z,,,,,,7738.9
2026-07-06T19:19:24Z,,,,,,7732.7
2026-07-06T19:19:25Z,,,,,,7724.0
2026-07-06T19:19:25Z,,,,,,7730.4
2026-07-06T19:19:25Z,,,,,,7746.2
2026-07-06T19:19:25Z,51.555508,-0.069178,28.4,13,1,7760.4
2026-07-06T19:19:25Z,,,,,,7763.5
2026-07-06T19:19:25Z,,,,,,7754.2
2026-07-06T19:19:25Z,,,,,,7753.3
2026-07-06T19:19:25Z,,,,,,7757.6
2026-07-06T19:19:25Z,,,,,,7754.7
2026-07-06T19:19:25Z,,,,,,7748.9
2026-07-06T19:19:26Z,,,,,,7740.0
2026-07-06T19:19:26Z,,,,,,7730.6
2026-07-06T19:19:26Z,,,,,,7731.3
2026-07-06T19:19:26Z,51.555515,-0.069196,28.4,13,1,7741.1
2026-07-06T19:19:26Z,,,,,,7751.4
2026-07-06T19:19:26Z,,,,,,7754.7
2026-07-06T19:19:26Z,,,,,,7744.9
2026-07-06T19:19:26Z,,,,,,7736.7
2026-07-06T19:19:26Z,,,,,,7735.7
2026-07-06T19:19:26Z,,,,,,7730.6
2026-07-06T19:19:27Z,,,,,,7726.5
2026-07-06T19:19:27Z,,,,,,7724.3
2026-07-06T19:19:27Z,,,,,,7722.6
2026-07-06T19:19:27Z,51.555519,-0.069215,29.0,13,1,7730.2
2026-07-06T19:19:27Z,,,,,,7742.0
2026-07-06T19:19:27Z,,,,,,7754.0
2026-07-06T19:19:27Z,,,,,,7760.9
2026-07-06T19:19:27Z,,,,,,7755.0
2026-07-06T19:19:27Z,,,,,,7753.4
2026-07-06T19:19:27Z,,,,,,7758.9
2026-07-06T19:19:28Z,,,,,,7760.7
2026-07-06T19:19:28Z,,,,,,7762.0
2026-07-06T19:19:28Z,,,,,,7760.1
2026-07-06T19:19:28Z,51.555515,-0.069234,29.4,13,1,7759.8
2026-07-06T19:19:28Z,,,,,,7772.0
2026-07-06T19:19:28Z,,,,,,7782.7
2026-07-06T19:19:28Z,,,,,,7788.5
2026-07-06T19:19:28Z,,,,,,7787.2
2026-07-06T19:19:28Z,,,,,,7774.1
2026-07-06T19:19:28Z,,,,,,7765.6
2026-07-06T19:19:29Z,,,,,,7763.9
2026-07-06T19:19:29Z,,,,,,7758.8
2026-07-06T19:19:29Z,,,,,,7748.7
2026-07-06T19:19:29Z,51.555519,-0.069239,29.3,13,1,7736.4
2026-07-06T19:19:29Z,,,,,,7726.1
2026-07-06T19:19:29Z,,,,,,7725.1
2026-07-06T19:19:29Z,,,,,,7731.1
2026-07-06T19:19:29Z,,,,,,7742.5
2026-07-06T19:19:29Z,,,,,,7746.6
2026-07-06T19:19:29Z,,,,,,7734.4
2026-07-06T19:19:30Z,,,,,,7728.0
2026-07-06T19:19:30Z,,,,,,7727.6
2026-07-06T19:19:30Z,,,,,,7722.8
2026-07-06T19:19:30Z,51.555527,-0.069245,29.1,13,1,7718.1
2026-07-06T19:19:30Z,,,,,,7707.4
2026-07-06T19:19:30Z,,,,,,7695.1
2026-07-06T19:19:30Z,,,,,,7696.0
2026-07-06T19:19:30Z,,,,,,7704.8
2026-07-06T19:19:30Z,,,,,,7718.5
2026-07-06T19:19:30Z,,,,,,7728.2
2026-07-06T19:19:31Z,,,,,,7719.8
2026-07-06T19:19:31Z,,,,,,7712.7
2026-07-06T19:19:31Z,,,,,,7713.4
2026-07-06T19:19:31Z,51.555531,-0.069255,28.7,13,1,7710.8
2026-07-06T19:19:31Z,,,,,,7705.9
2026-07-06T19:19:31Z,,,,,,7697.8
2026-07-06T19:19:31Z,,,,,,7690.0
2026-07-06T19:19:31Z,,,,,,7691.0
2026-07-06T19:19:31Z,,,,,,7696.6
2026-07-06T19:19:31Z,,,,,,7701.9
2026-07-06T19:19:32Z,,,,,,7695.2
2026-07-06T19:19:32Z,,,,,,7680.9
2026-07-06T19:19:32Z,,,,,,7676.7
2026-07-06T19:19:32Z,51.555534,-0.069270,28.8,13,1,7676.5
2026-07-06T19:19:32Z,,,,,,7672.6
2026-07-06T19:19:32Z,,,,,,7665.9
2026-07-06T19:19:32Z,,,,,,7657.0
2026-07-06T19:19:32Z,,,,,,7651.4
2026-07-06T19:19:32Z,,,,,,7658.3
2026-07-06T19:19:32Z,,,,,,7674.1
2026-07-06T19:19:33Z,,,,,,7690.6
2026-07-06T19:19:33Z,,,,,,7692.8
2026-07-06T19:19:33Z,,,,,,7679.3
2026-07-06T19:19:33Z,51.555542,-0.069279,28.9,13,1,7675.2
2026-07-06T19:19:33Z,,,,,,7679.3
2026-07-06T19:19:33Z,,,,,,7682.7
2026-07-06T19:19:33Z,,,,,,7682.2
2026-07-06T19:19:33Z,,,,,,7677.8
2026-07-06T19:19:33Z,,,,,,7679.4
2026-07-06T19:19:33Z,,,,,,7694.4
2026-07-06T19:19:34Z,,,,,,7713.9
2026-07-06T19:19:34Z,,,,,,7725.7
2026-07-06T19:19:34Z,,,,,,7720.1
2026-07-06T19:19:34Z,51.555542,-0.069281,29.5,13,1,7707.5
2026-07-06T19:19:34Z,,,,,,7706.6
2026-07-06T19:19:34Z,,,,,,7705.0
2026-07-06T19:19:34Z,,,,,,7695.3
2026-07-06T19:19:34Z,,,,,,7684.6
2026-07-06T19:19:34Z,,,,,,7675.2
2026-07-06T19:19:34Z,,,,,,7668.1
2026-07-06T19:19:35Z,,,,,,7670.8
2026-07-06T19:19:35Z,,,,,,7678.3
2026-07-06T19:19:35Z,,,,,,7681.4
2026-07-06T19:19:35Z,51.555542,-0.069288,29.6,13,1,7671.2
2026-07-06T19:19:35Z,,,,,,7653.3
2026-07-06T19:19:35Z,,,,,,7645.6
2026-07-06T19:19:35Z,,,,,,7640.7
2026-07-06T19:19:35Z,,,,,,7631.1
2026-07-06T19:19:35Z,,,,,,7615.5
2026-07-06T19:19:35Z,,,,,,7598.7
2026-07-06T19:19:36Z,,,,,,7594.5
2026-07-06T19:19:36Z,,,,,,7602.7
2026-07-06T19:19:36Z,,,,,,7610.8
2026-07-06T19:19:36Z,51.555542,-0.069294,29.5,13,1,7610.0
2026-07-06T19:19:36Z,,,,,,7597.0
2026-07-06T19:19:36Z,,,,,,7584.4
2026-07-06T19:19:36Z,,,,,,7587.2
2026-07-06T19:19:36Z,,,,,,7592.1
2026-07-06T19:19:36Z,,,,,,7587.1
2026-07-06T19:19:36Z,,,,,,7572.1
2026-07-06T19:19:37Z,,,,,,7558.2
2026-07-06T19:19:37Z,,,,,,7556.6
2026-07-06T19:19:37Z,,,,,,7569.9
2026-07-06T19:19:37Z,51.555542,-0.069298,29.4,13,1,7586.9
2026-07-06T19:19:37Z,,,,,,7606.5
2026-07-06T19:19:37Z,,,,,,7617.7
2026-07-06T19:19:37Z,,,,,,7617.3
2026-07-06T19:19:37Z,,,,,,7627.1
2026-07-06T19:19:37Z,,,,,,7637.1
2026-07-06T19:19:37Z,,,,,,7644.3
2026-07-06T19:19:38Z,,,,,,7645.1
2026-07-06T19:19:38Z,,,,,,7644.8
2026-07-06T19:19:38Z,,,,,,7651.8
2026-07-06T19:19:38Z,51.555542,-0.069305,29.6,13,1,7665.9
2026-07-06T19:19:38Z,,,,,,7681.8
2026-07-06T19:19:38Z,,,,,,7690.1
2026-07-06T19:19:38Z,,,,,,7681.5
2026-07-06T19:19:38Z,,,,,,7666.6
2026-07-06T19:19:38Z,,,,,,7662.4
2026-07-06T19:19:38Z,,,,,,7653.6
2026-07-06T19:19:39Z,,,,,,7641.0
2026-07-06T19:19:39Z,,,,,,7628.0
2026-07-06T19:19:39Z,,,,,,7616.4
2026-07-06T19:19:39Z,51.555546,-0.069323,30.1,13,1,7619.9
2026-07-06T19:19:39Z,,,,,,7635.3
2026-07-06T19:19:39Z,,,,,,7646.7
2026-07-06T19:19:39Z,,,,,,7648.3
2026-07-06T19:19:39Z,,,,,,7636.9
2026-07-06T19:19:39Z,,,,,,7623.5
2026-07-06T19:19:39Z,,,,,,7621.4
2026-07-06T19:19:40Z,,,,,,7618.1
2026-07-06T19:19:40Z,,,,,,7608.8
2026-07-06T19:19:40Z,,,,,,7598.0
2026-07-06T19:19:40Z,51.555546,-0.069345,30.5,13,1,7590.3
2026-07-06T19:19:40Z,,,,,,7591.6
2026-07-06T19:19:40Z,,,,,,7602.7
2026-07-06T19:19:40Z,,,,,,7616.6
2026-07-06T19:19:40Z,,,,,,7624.8
2026-07-06T19:19:40Z,,,,,,7618.4
2026-07-06T19:19:40Z,,,,,,7608.7
2026-07-06T19:19:41Z,,,,,,7603.6
2026-07-06T19:19:41Z,,,,,,7589.6
2026-07-06T19:19:41Z,,,,,,7572.4
2026-07-06T19:19:41Z,51.555546,-0.069369,31.0,13,1,7559.2
2026-07-06T19:19:41Z,,,,,,7549.2
2026-07-06T19:19:41Z,,,,,,7548.4
2026-07-06T19:19:41Z,,,,,,7555.2
2026-07-06T19:19:41Z,,,,,,7563.1
2026-07-06T19:19:41Z,,,,,,7567.1
2026-07-06T19:19:41Z,,,,,,7557.4
2026-07-06T19:19:42Z,,,,,,7542.7
2026-07-06T19:19:42Z,,,,,,7538.8
2026-07-06T19:19:42Z,,,,,,7535.3
2026-07-06T19:19:42Z,51.555550,-0.069393,32.2,13,1,7531.2
2026-07-06T19:19:42Z,,,,,,7524.7
2026-07-06T19:19:42Z,,,,,,7514.5
2026-07-06T19:19:42Z,,,,,,7511.6
2026-07-06T19:19:42Z,,,,,,7517.1
2026-07-06T19:19:42Z,,,,,,7522.0
2026-07-06T19:19:42Z,,,,,,7526.5
2026-07-06T19:19:43Z,,,,,,7522.7
2026-07-06T19:19:43Z,,,,,,7512.1
2026-07-06T19:19:43Z,,,,,,7509.5
2026-07-06T19:19:43Z,51.555553,-0.069417,33.1,13,1,7506.6
2026-07-06T19:19:43Z,,,,,,7503.6
2026-07-06T19:19:43Z,,,,,,7499.0
2026-07-06T19:19:43Z,,,,,,7493.3
2026-07-06T19:19:43Z,,,,,,7496.5
2026-07-06T19:19:43Z,,,,,,7507.1
2026-07-06T19:19:43Z,,,,,,7517.9
2026-07-06T19:19:44Z,,,,,,7526.8
2026-07-06T19:19:44Z,,,,,,7530.3
2026-07-06T19:19:44Z,,,,,,7535.5
2026-07-06T19:19:44Z,51.555561,-0.069437,33.7,13,1,7550.9
2026-07-06T19:19:44Z,,,,,,7563.1
2026-07-06T19:19:44Z,,,,,,7574.5
2026-07-06T19:19:44Z,,,,,,7585.9
2026-07-06T19:19:44Z,,,,,,7589.6
2026-07-06T19:19:44Z,,,,,,7596.8
2026-07-06T19:19:44Z,,,,,,7613.5
2026-07-06T19:19:45Z,,,,,,7625.6
2026-07-06T19:19:45Z,,,,,,7629.1
2026-07-06T19:19:45Z,,,,,,7624.0
2026-07-06T19:19:45Z,51.555561,-0.069444,33.9,13,1,7616.8
2026-07-06T19:19:45Z,,,,,,7618.2
2026-07-06T19:19:45Z,,,,,,7616.4
2026-07-06T19:19:45Z,,,,,,7610.0
2026-07-06T19:19:45Z,,,,,,7602.8
2026-07-06T19:19:45Z,,,,,,7598.3
2026-07-06T19:19:45Z,,,,,,7607.5
2026-07-06T19:19:46Z,,,,,,7621.9
2026-07-06T19:19:46Z,,,,,,7632.1
2026-07-06T19:19:46Z,,,,,,7636.8
2026-07-06T19:19:46Z,51.555561,-0.069468,34.2,13,1,7635.4
2026-07-06T19:19:46Z,,,,,,7639.0
2026-07-06T19:19:46Z,,,,,,7646.3
2026-07-06T19:19:46Z,,,,,,7646.2
2026-07-06T19:19:46Z,,,,,,7643.9
2026-07-06T19:19:46Z,,,,,,7639.5
2026-07-06T19:19:46Z,,,,,,7638.5
2026-07-06T19:19:47Z,,,,,,7652.4
2026-07-06T19:19:47Z,,,,,,7667.0
2026-07-06T19:19:47Z,,,,,,7675.8
2026-07-06T19:19:47Z,51.555557,-0.069493,35.4,13,1,7680.9
2026-07-06T19:19:47Z,,,,,,7677.0
2026-07-06T19:19:47Z,,,,,,7676.0
2026-07-06T19:19:47Z,,,,,,7683.6
2026-07-06T19:19:47Z,,,,,,7688.7
2026-07-06T19:19:47Z,,,,,,7693.3
2026-07-06T19:19:47Z,,,,,,7698.5
2026-07-06T19:19:48Z,,,,,,7699.8
2026-07-06T19:19:48Z,,,,,,7710.8
2026-07-06T19:19:48Z,,,,,,7730.2
2026-07-06T19:19:48Z,51.555561,-0.069515,36.1,13,1,7740.8
2026-07-06T19:19:48Z,,,,,,7746.3
2026-07-06T19:19:48Z,,,,,,7745.8
2026-07-06T19:19:48Z,,,,,,7744.7
2026-07-06T19:19:48Z,,,,,,7747.0
2026-07-06T19:19:48Z,,,,,,7743.1
2026-07-06T19:19:48Z,,,,,,7738.6
2026-07-06T19:19:49Z,,,,,,7732.9
2026-07-06T19:19:49Z,,,,,,7727.0
2026-07-06T19:19:49Z,,,,,,7732.2
2026-07-06T19:19:49Z,51.555565,-0.069541,37.1,13,1,7742.9
2026-07-06T19:19:49Z,,,,,,7750.4
2026-07-06T19:19:49Z,,,,,,7753.2
2026-07-06T19:19:49Z,,,,,,7749.0
2026-07-06T19:19:49Z,,,,,,7743.1
2026-07-06T19:19:49Z,,,,,,7742.7
2026-07-06T19:19:49Z,,,,,,7738.7
2026-07-06T19:19:50Z,,,,,,7731.8
2026-07-06T19:19:50Z,,,,,,7725.1
2026-07-06T19:19:50Z,,,,,,7721.0
2026-07-06T19:19:50Z,51.555569,-0.069566,38.0,13,1,7726.1
2026-07-06T19:19:50Z,,,,,,7734.8
2026-07-06T19:19:50Z,,,,,,7741.3
2026-07-06T19:19:50Z,,,,,,7746.4
2026-07-06T19:19:50Z,,,,,,7742.5
2026-07-06T19:19:50Z,,,,,,7736.5
2026-07-06T19:19:50Z,,,,,,7735.6
2026-07-06T19:19:51Z,,,,,,7733.1
2026-07-06T19:19:51Z,,,,,,7733.2
2026-07-06T19:19:51Z,,,,,,7733.8
2026-07-06T19:19:51Z,51.555580,-0.069588,38.2,13,1,7738.2
2026-07-06T19:19:51Z,,,,,,7752.7
2026-07-06T19:19:51Z,,,,,,7768.7
2026-07-06T19:19:51Z,,,,,,7783.3
2026-07-06T19:19:51Z,,,,,,7795.8
2026-07-06T19:19:51Z,,,,,,7796.9
2026-07-06T19:19:51Z,,,,,,7795.3
2026-07-06T19:19:52Z,,,,,,7801.7
2026-07-06T19:19:52Z,,,,,,7802.3
2026-07-06T19:19:52Z,,,,,,7795.2
2026-07-06T19:19:52Z,51.555588,-0.069605,38.2,13,1,7784.6
2026-07-06T19:19:52Z,,,,,,7774.7
2026-07-06T19:19:52Z,,,,,,7773.7
2026-07-06T19:19:52Z,,,,,,7779.6
2026-07-06T19:19:52Z,,,,,,7783.0
2026-07-06T19:19:52Z,,,,,,7779.5
2026-07-06T19:19:52Z,,,,,,7762.6
2026-07-06T19:19:53Z,,,,,,7743.1
2026-07-06T19:19:53Z,,,,,,7734.6
2026-07-06T19:19:53Z,,,,,,7724.6
2026-07-06T19:19:53Z,51.555592,-0.069621,38.2,13,1,7711.8
2026-07-06T19:19:53Z,,,,,,7697.1
2026-07-06T19:19:53Z,,,,,,7682.6
2026-07-06T19:19:53Z,,,,,,7676.9
2026-07-06T19:19:53Z,,,,,,7680.5
2026-07-06T19:19:53Z,,,,,,7689.3
2026-07-06T19:19:53Z,,,,,,7699.3
2026-07-06T19:19:54Z,,,,,,7691.3
2026-07-06T19:19:54Z,,,,,,7677.9
2026-07-06T19:19:54Z,,,,,,7676.6
2026-07-06T19:19:54Z,51.555592,-0.069637,38.3,13,1,7673.2
2026-07-06T19:19:54Z,,,,,,7667.7
2026-07-06T19:19:54Z,,,,,,7661.1
2026-07-06T19:19:54Z,,,,,,7659.3
2026-07-06T19:19:54Z,,,,,,7669.0
2026-07-06T19:19:54Z,,,,,,7687.8
2026-07-06T19:19:54Z,,,,,,7711.6
2026-07-06T19:19:55Z,,,,,,7730.3
2026-07-06T19:19:55Z,,,,,,7732.9
2026-07-06T19:19:55Z,,,,,,7733.3
2026-07-06T19:19:55Z,51.555595,-0.069657,37.7,13,1,7742.2
2026-07-06T19:19:55Z,,,,,,7744.6
2026-07-06T19:19:55Z,,,,,,7742.3
2026-07-06T19:19:55Z,,,,,,7735.3
2026-07-06T19:19:55Z,,,,,,7725.9
2026-07-06T19:19:55Z,,,,,,7729.3
2026-07-06T19:19:55Z,,,,,,7746.6
2026-07-06T19:19:56Z,,,,,,7762.1
2026-07-06T19:19:56Z,,,,,,7766.4
2026-07-06T19:19:56Z,,,,,,7756.5
2026-07-06T19:19:56Z,51.555599,-0.069677,36.7,13,1,7741.6
2026-07-06T19:19:56Z,,,,,,7739.6
2026-07-06T19:19:56Z,,,,,,7739.7
2026-07-06T19:19:56Z,,,,,,7733.3
2026-07-06T19:19:56Z,,,,,,7725.6
2026-07-06T19:19:56Z,,,,,,7725.5
2026-07-06T19:19:56Z,,,,,,7733.1
2026-07-06T19:19:57Z,,,,,,7754.0
2026-07-06T19:19:57Z,,,,,,7778.3
2026-07-06T19:19:57Z,,,,,,7784.8
2026-07-06T19:19:57Z,51.555603,-0.069698,35.6,13,1,7772.4
2026-07-06T19:19:57Z,,,,,,7758.7
2026-07-06T19:19:57Z,,,,,,7757.7
2026-07-06T19:19:57Z,,,,,,7755.5
2026-07-06T19:19:57Z,,,,,,7745.1
2026-07-06T19:19:57Z,,,,,,7733.9
2026-07-06T19:19:57Z,,,,,,7731.4
2026-07-06T19:19:58Z,,,,,,7735.3
2026-07-06T19:19:58Z,,,,,,7743.9
2026-07-06T19:19:58Z,,,,,,7748.6
2026-07-06T19:19:58Z,51.555607,-0.069720,34.9,13,1,7743.7
2026-07-06T19:19:58Z,,,,,,7736.0
2026-07-06T19:19:58Z,,,,,,7727.6
2026-07-06T19:19:58Z,,,,,,7730.2
2026-07-06T19:19:58Z,,,,,,7730.2
2026-07-06T19:19:58Z,,,,,,7719.0
2026-07-06T19:19:58Z,,,,,,7705.4
2026-07-06T19:19:59Z,,,,,,7698.0
2026-07-06T19:19:59Z,,,,,,7701.3
2026-07-06T19:19:59Z,,,,,,7705.4
2026-07-06T19:19:59Z,51.555611,-0.069742,34.6,13,1,7701.7
2026-07-06T19:19:59Z,,,,,,7693.9
2026-07-06T19:19:59Z,,,,,,7687.6
2026-07-06T19:19:59Z,,,,,,7691.2
2026-07-06T19:19:59Z,,,,,,7698.8
2026-07-06T19:19:59Z,,,,,,7697.6
2026-07-06T19:19:59Z,,,,,,7689.9
2026-07-06T19:20:00Z,,,,,,7681.0
2026-07-06T19:20:00Z,,,,,,7677.0
2026-07-06T19:20:00Z,,,,,,7680.6
2026-07-06T19:20:00Z,51.555618,-0.069758,34.5,13,1,7687.9
2026-07-06T19:20:00Z,,,,,,7693.6
2026-07-06T19:20:00Z,,,,,,7693.1
2026-07-06T19:20:00Z,,,,,,7685.5
2026-07-06T19:20:00Z,,,,,,7678.7
2026-07-06T19:20:00Z,,,,,,7675.3
2026-07-06T19:20:00Z,,,,,,7668.4
2026-07-06T19:20:01Z,,,,,,7657.8
2026-07-06T19:20:01Z,,,,,,7646.7
2026-07-06T19:20:01Z,,,,,,7638.8
2026-07-06T19:20:01Z,51.555626,-0.069773,34.4,13,1,7636.3
2026-07-06T19:20:01Z,,,,,,7633.2
2026-07-06T19:20:01Z,,,,,,7626.9
2026-07-06T19:20:01Z,,,,,,7618.6
2026-07-06T19:20:01Z,,,,,,7611.1
2026-07-06T19:20:01Z,,,,,,7609.2
2026-07-06T19:20:01Z,,,,,,7612.1
2026-07-06T19:20:02Z,,,,,,7611.5
2026-07-06T19:20:02Z,,,,,,7610.9
2026-07-06T19:20:02Z,,,,,,7616.4
2026-07-06T19:20:02Z,51.555634,-0.069793,34.3,13,1,7629.9
2026-07-06T19:20:02Z,,,,,,7647.3
2026-07-06T19:20:02Z,,,,,,7663.5
2026-07-06T19:20:02Z,,,,,,7678.5
2026-07-06T19:20:02Z,,,,,,7691.0
2026-07-06T19:20:02Z,,,,,,7700.0
2026-07-06T19:20:02Z,,,,,,7706.1
2026-07-06T19:20:03Z,,,,,,7711.1
2026-07-06T19:20:03Z,,,,,,7715.3
2026-07-06T19:20:03Z,,,,,,7717.1
2026-07-06T19:20:03Z,51.555645,-0.069818,33.7,13,1,7717.1
2026-07-06T19:20:03Z,,,,,,7715.2
2026-07-06T19:20:03Z,,,,,,7715.3
2026-07-06T19:20:03Z,,,,,,7719.4
2026-07-06T19:20:03Z,,,,,,7720.0
2026-07-06T19:20:03Z,,,,,,7716.4
2026-07-06T19:20:03Z,,,,,,7710.4
2026-07-06T19:20:03Z,,,,,,7704.9
2026-07-06T19:20:04Z,,,,,,7700.6
2026-07-06T19:20:04Z,,,,,,7692.5
2026-07-06T19:20:04Z,51.555649,-0.069838,32.9,13,1,7682.5
2026-07-06T19:20:04Z,,,,,,7671.7
2026-07-06T19:20:04Z,,,,,,7663.7
2026-07-06T19:20:04Z,,,,,,7661.0
2026-07-06T19:20:04Z,,,,,,7658.3
2026-07-06T19:20:04Z,,,,,,7652.7
2026-07-06T19:20:04Z,,,,,,7645.7
2026-07-06T19:20:05Z,,,,,,7636.3
2026-07-06T19:20:05Z,,,,,,7626.8
2026-07-06T19:20:05Z,,,,,,7619.3
2026-07-06T19:20:05Z,51.555653,-0.069857,33.3,13,1,7612.2
2026-07-06T19:20:05Z,,,,,,7603.4
2026-07-06T19:20:05Z,,,,,,7596.2
2026-07-06T19:20:05Z,,,,,,7593.7
2026-07-06T19:20:05Z,,,,,,7596.6
2026-07-06T19:20:05Z,,,,,,7599.8
2026-07-06T19:20:05Z,,,,,,7598.4
2026-07-06T19:20:06Z,,,,,,7592.5
2026-07-06T19:20:06Z,,,,,,7584.2
2026-07-06T19:20:06Z,,,,,,7578.8
2026-07-06T19:20:06Z,51.555660,-0.069880,33.6,13,1,7575.9
2026-07-06T19:20:06Z,,,,,,7566.8
2026-07-06T19:20:06Z,,,,,,7554.1
2026-07-06T19:20:06Z,,,,,,7545.6
2026-07-06T19:20:06Z,,,,,,7542.5
2026-07-06T19:20:06Z,,,,,,7543.1
2026-07-06T19:20:06Z,,,,,,7544.0
2026-07-06T19:20:07Z,,,,,,7544.7
2026-07-06T19:20:07Z,,,,,,7544.7
2026-07-06T19:20:07Z,,,,,,7541.5
2026-07-06T19:20:07Z,51.555664,-0.069898,32.7,13,1,7538.6
2026-07-06T19:20:07Z,,,,,,7537.1
2026-07-06T19:20:07Z,,,,,,7534.2
2026-07-06T19:20:07Z,,,,,,7530.2
2026-07-06T19:20:07Z,,,,,,7528.3
2026-07-06T19:20:07Z,,,,,,7529.1
2026-07-06T19:20:07Z,,,,,,7532.2
2026-07-06T19:20:08Z,,,,,,7538.5
2026-07-06T19:20:08Z,,,,,,7542.7
2026-07-06T19:20:08Z,,,,,,7543.8
2026-07-06T19:20:08Z,51.555664,-0.069915,32.6,13,1,7538.9
2026-07-06T19:20:08Z,,,,,,7530.7
2026-07-06T19:20:08Z,,,,,,7528.1
2026-07-06T19:20:08Z,,,,,,7525.2
2026-07-06T19:20:08Z,,,,,,7520.5
2026-07-06T19:20:08Z,,,,,,7517.4
2026-07-06T19:20:08Z,,,,,,7515.3
2026-07-06T19:20:09Z,,,,,,7515.9
2026-07-06T19:20:09Z,,,,,,7524.6
2026-07-06T19:20:09Z,,,,,,7534.4
2026-07-06T19:20:09Z,51.555672,-0.069940,32.0,13,1,7537.4
2026-07-06T19:20:09Z,,,,,,7530.4
2026-07-06T19:20:09Z,,,,,,7519.9
2026-07-06T19:20:09Z,,,,,,7517.5
2026-07-06T19:20:09Z,,,,,,7515.2
2026-07-06T19:20:09Z,,,,,,7508.2
2026-07-06T19:20:09Z,,,,,,7500.9
2026-07-06T19:20:10Z,,,,,,7497.3
2026-07-06T19:20:10Z,,,,,,7496.6
2026-07-06T19:20:10Z,,,,,,7504.3
2026-07-06T19:20:10Z,51.555683,-0.069971,31.9,13,1,7513.3
2026-07-06T19:20:10Z,,,,,,7517.2
2026-07-06T19:20:10Z,,,,,,7513.5
2026-07-06T19:20:10Z,,,,,,7503.0
2026-07-06T19:20:10Z,,,,,,7497.4
2026-07-06T19:20:10Z,,,,,,7492.5
2026-07-06T19:20:10Z,,,,,,7485.6
2026-07-06T19:20:11Z,,,,,,7478.4
2026-07-06T19:20:11Z,,,,,,7473.6
2026-07-06T19:20:11Z,,,,,,7471.4
2026-07-06T19:20:11Z,51.555691,-0.070001,31.8,13,1,7474.0
2026-07-06T19:20:11Z,,,,,,7474.6
2026-07-06T19:20:11Z,,,,,,7466.5
2026-07-06T19:20:11Z,,,,,,7453.1
2026-07-06T19:20:11Z,,,,,,7440.7
2026-07-06T19:20:11Z,,,,,,7439.2
2026-07-06T19:20:11Z,,,,,,7442.3
2026-07-06T19:20:12Z,,,,,,7440.6
2026-07-06T19:20:12Z,,,,,,7437.4
2026-07-06T19:20:12Z,,,,,,7435.7
2026-07-06T19:20:12Z,51.555702,-0.070030,31.8,13,1,7436.2
2026-07-06T19:20:12Z,,,,,,7444.8
2026-07-06T19:20:12Z,,,,,,7456.1
2026-07-06T19:20:12Z,,,,,,7462.7
2026-07-06T19:20:12Z,,,,,,7463.0
2026-07-06T19:20:12Z,,,,,,7455.9
2026-07-06T19:20:12Z,,,,,,7450.5
2026-07-06T19:20:13Z,,,,,,7448.0
2026-07-06T19:20:13Z,,,,,,7441.3
2026-07-06T19:20:13Z,,,,,,7433.1
2026-07-06T19:20:13Z,51.555710,-0.070055,31.7,13,1,7425.2
2026-07-06T19:20:13Z,,,,,,7417.6
2026-07-06T19:20:13Z,,,,,,7416.1
2026-07-06T19:20:13Z,,,,,,7420.3
2026-07-06T19:20:13Z,,,,,,7425.0
2026-07-06T19:20:13Z,,,,,,7424.1
2026-07-06T19:20:13Z,,,,,,7413.3
2026-07-06T19:20:14Z,,,,,,7403.2
2026-07-06T19:20:14Z,,,,,,7397.7
2026-07-06T19:20:14Z,,,,,,7389.1
2026-07-06T19:20:14Z,51.555721,-0.070082,31.4,13,1,7379.6
2026-07-06T19:20:14Z,,,,,,7370.3
2026-07-06T19:20:14Z,,,,,,7364.9
2026-07-06T19:20:14Z,,,,,,7368.7
2026-07-06T19:20:14Z,,,,,,7373.8
2026-07-06T19:20:14Z,,,,,,7374.6
2026-07-06T19:20:14Z,,,,,,7367.5
2026-07-06T19:20:15Z,,,,,,7356.6
2026-07-06T19:20:15Z,,,,,,7352.7
2026-07-06T19:20:15Z,,,,,,7353.7
2026-07-06T19:20:15Z,51.555737,-0.070111,32.0,13,1,7350.6
2026-07-06T19:20:15Z,,,,,,7344.2
2026-07-06T19:20:15Z,,,,,,7341.1
2026-07-06T19:20:15Z,,,,,,7342.9
2026-07-06T19:20:15Z,,,,,,7349.3
2026-07-06T19:20:15Z,,,,,,7356.8
2026-07-06T19:20:15Z,,,,,,7363.8
2026-07-06T19:20:16Z,,,,,,7366.3
2026-07-06T19:20:16Z,,,,,,7361.7
2026-07-06T19:20:16Z,,,,,,7358.5
2026-07-06T19:20:16Z,51.555752,-0.070134,32.1,13,1,7360.3
2026-07-06T19:20:16Z,,,,,,7357.7
2026-07-06T19:20:16Z,,,,,,7354.0
2026-07-06T19:20:16Z,,,,,,7349.7
2026-07-06T19:20:16Z,,,,,,7343.9
2026-07-06T19:20:16Z,,,,,,7343.9
2026-07-06T19:20:16Z,,,,,,7348.4
2026-07-06T19:20:17Z,,,,,,7349.9
2026-07-06T19:20:17Z,,,,,,7345.3
2026-07-06T19:20:17Z,,,,,,7336.5
2026-07-06T19:20:17Z,51.555763,-0.070158,31.8,13,1,7333.3
2026-07-06T19:20:17Z,,,,,,7335.4
2026-07-06T19:20:17Z,,,,,,7333.7
2026-07-06T19:20:17Z,,,,,,7329.5
2026-07-06T19:20:17Z,,,,,,7323.8
2026-07-06T19:20:17Z,,,,,,7320.2
2026-07-06T19:20:17Z,,,,,,7323.9
2026-07-06T19:20:18Z,,,,,,7329.3
2026-07-06T19:20:18Z,,,,,,7332.5
2026-07-06T19:20:18Z,,,,,,7334.8
2026-07-06T19:20:18Z,51.555767,-0.070182,31.5,13,1,7329.3
2026-07-06T19:20:18Z,,,,,,7321.6
2026-07-06T19:20:18Z,,,,,,7319.5
2026-07-06T19:20:18Z,,,,,,7313.1
2026-07-06T19:20:18Z,,,,,,7302.7
2026-07-06T19:20:18Z,,,,,,7292.0
2026-07-06T19:20:18Z,,,,,,7284.9
2026-07-06T19:20:19Z,,,,,,7283.8
2026-07-06T19:20:19Z,,,,,,7286.0
2026-07-06T19:20:19Z,,,,,,7288.1
2026-07-06T19:20:19Z,51.555775,-0.070205,31.1,13,1,7286.6
2026-07-06T19:20:19Z,,,,,,7278.1
2026-07-06T19:20:19Z,,,,,,7272.4
2026-07-06T19:20:19Z,,,,,,7276.4
2026-07-06T19:20:19Z,,,,,,7275.4
2026-07-06T19:20:19Z,,,,,,7271.2
2026-07-06T19:20:19Z,,,,,,7267.8
2026-07-06T19:20:20Z,,,,,,7265.9
2026-07-06T19:20:20Z,,,,,,7269.5
2026-07-06T19:20:20Z,,,,,,7278.1
2026-07-06T19:20:20Z,51.555782,-0.070227,31.2,13,1,7284.9
2026-07-06T19:20:20Z,,,,,,7285.4
2026-07-06T19:20:20Z,,,,,,7278.9
2026-07-06T19:20:20Z,,,,,,7272.6
2026-07-06T19:20:20Z,,,,,,7274.9
2026-07-06T19:20:20Z,,,,,,7273.2
2026-07-06T19:20:20Z,,,,,,7265.2
2026-07-06T19:20:21Z,,,,,,7256.7
2026-07-06T19:20:21Z,,,,,,7250.6
2026-07-06T19:20:21Z,,,,,,7249.6
2026-07-06T19:20:21Z,51.555782,-0.070244,31.1,13,1,7256.0
2026-07-06T19:20:21Z,,,,,,7259.1
2026-07-06T19:20:21Z,,,,,,7254.4
2026-07-06T19:20:21Z,,,,,,7244.7
2026-07-06T19:20:21Z,,,,,,7233.9
2026-07-06T19:20:21Z,,,,,,7231.1
2026-07-06T19:20:21Z,,,,,,7228.5
2026-07-06T19:20:22Z,,,,,,7223.3
2026-07-06T19:20:22Z,,,,,,7217.6
2026-07-06T19:20:22Z,,,,,,7214.0
2026-07-06T19:20:22Z,51.555786,-0.070264,30.9,13,1,7218.4
2026-07-06T19:20:22Z,,,,,,7232.7
2026-07-06T19:20:22Z,,,,,,7247.5
2026-07-06T19:20:22Z,,,,,,7255.8
2026-07-06T19:20:22Z,,,,,,7256.6
2026-07-06T19:20:22Z,,,,,,7256.1
2026-07-06T19:20:22Z,,,,,,7261.9
2026-07-06T19:20:23Z,,,,,,7265.7
2026-07-06T19:20:23Z,,,,,,7263.8
2026-07-06T19:20:23Z,,,,,,7258.9
2026-07-06T19:20:23Z,51.555794,-0.070283,30.9,13,1,7253.9
2026-07-06T19:20:23Z,,,,,,7253.3
2026-07-06T19:20:23Z,,,,,,7256.4
2026-07-06T19:20:23Z,,,,,,7256.4
2026-07-06T19:20:23Z,,,,,,7254.0
2026-07-06T19:20:23Z,,,,,,7247.1
2026-07-06T19:20:23Z,,,,,,7239.2
2026-07-06T19:20:24Z,,,,,,7236.8
2026-07-06T19:20:24Z,,,,,,7233.6
2026-07-06T19:20:24Z,,,,,,7225.6
2026-07-06T19:20:24Z,51.555798,-0.070297,30.8,13,1,7214.7
2026-07-06T19:20:24Z,,,,,,7208.1
2026-07-06T19:20:24Z,,,,,,7209.1
2026-07-06T19:20:24Z,,,,,,7212.4
2026-07-06T19:20:24Z,,,,,,7209.7
2026-07-06T19:20:24Z,,,,,,7205.2
2026-07-06T19:20:24Z,,,,,,7201.1
2026-07-06T19:20:25Z,,,,,,7198.7
2026-07-06T19:20:25Z,,,,,,7204.2
2026-07-06T19:20:25Z,,,,,,7211.2
2026-07-06T19:20:25Z,51.555801,-0.070314,30.6,13,1,7217.6
2026-07-06T19:20:25Z,,,,,,7222.1
2026-07-06T19:20:25Z,,,,,,7227.2
2026-07-06T19:20:25Z,,,,,,7237.5
2026-07-06T19:20:25Z,,,,,,7250.3
2026-07-06T19:20:25Z,,,,,,7259.1
2026-07-06T19:20:25Z,,,,,,7261.6
2026-07-06T19:20:25Z,,,,,,7260.1
2026-07-06T19:20:26Z,,,,,,7257.1
2026-07-06T19:20:26Z,,,,,,7258.3
2026-07-06T19:20:26Z,51.555809,-0.070335,30.5,13,1,7260.8
2026-07-06T19:20:26Z,,,,,,7255.7
2026-07-06T19:20:26Z,,,,,,7244.5
2026-07-06T19:20:26Z,,,,,,7235.8
2026-07-06T19:20:26Z,,,,,,7232.4
2026-07-06T19:20:26Z,,,,,,7237.0
2026-07-06T19:20:26Z,,,,,,7242.4
2026-07-06T19:20:27Z,,,,,,7237.7
2026-07-06T19:20:27Z,,,,,,7225.8
2026-07-06T19:20:27Z,,,,,,7212.4
2026-07-06T19:20:27Z,51.555817,-0.070356,30.7,13,1,7205.8
2026-07-06T19:20:27Z,,,,,,7202.0
2026-07-06T19:20:27Z,,,,,,7194.2
2026-07-06T19:20:27Z,,,,,,7184.2
2026-07-06T19:20:27Z,,,,,,7177.3
2026-07-06T19:20:27Z,,,,,,7175.5
2026-07-06T19:20:27Z,,,,,,7178.8
2026-07-06T19:20:28Z,,,,,,7181.0
2026-07-06T19:20:28Z,,,,,,7179.4
2026-07-06T19:20:28Z,,,,,,7174.3
2026-07-06T19:20:28Z,51.555828,-0.070376,30.6,13,1,7169.2
2026-07-06T19:20:28Z,,,,,,7171.9
2026-07-06T19:20:28Z,,,,,,7177.6
2026-07-06T19:20:28Z,,,,,,7178.7
2026-07-06T19:20:28Z,,,,,,7177.7
2026-07-06T19:20:28Z,,,,,,7179.5
2026-07-06T19:20:28Z,,,,,,7186.8
2026-07-06T19:20:29Z,,,,,,7201.5
2026-07-06T19:20:29Z,,,,,,7215.3
2026-07-06T19:20:29Z,,,,,,7221.8
2026-07-06T19:20:29Z,51.555840,-0.070399,30.6,13,1,7220.2
2026-07-06T19:20:29Z,,,,,,7214.7
2026-07-06T19:20:29Z,,,,,,7214.9
2026-07-06T19:20:29Z,,,,,,7218.0
2026-07-06T19:20:29Z,,,,,,7213.3
2026-07-06T19:20:29Z,,,,,,7203.6
2026-07-06T19:20:29Z,,,,,,7195.1
2026-07-06T19:20:30Z,,,,,,7191.0
2026-07-06T19:20:30Z,,,,,,7194.3
2026-07-06T19:20:30Z,,,,,,7198.5
2026-07-06T19:20:30Z,51.555843,-0.070426,30.5,13,1,7197.3
2026-07-06T19:20:30Z,,,,,,7188.7
2026-07-06T19:20:30Z,,,,,,7176.2
2026-07-06T19:20:30Z,,,,,,7172.4
2026-07-06T19:20:30Z,,,,,,7173.0
2026-07-06T19:20:30Z,,,,,,7167.7
2026-07-06T19:20:30Z,,,,,,7159.5
2026-07-06T19:20:31Z,,,,,,7151.5
2026-07-06T19:20:31Z,,,,,,7149.1
2026-07-06T19:20:31Z,,,,,,7159.7
2026-07-06T19:20:31Z,51.555847,-0.070449,30.6,13,1,7173.3
2026-07-06T19:20:31Z,,,,,,7179.0
2026-07-06T19:20:31Z,,,,,,7177.0
2026-07-06T19:20:31Z,,,,,,7174.8
2026-07-06T19:20:31Z,,,,,,7183.8
2026-07-06T19:20:31Z,,,,,,7198.6
2026-07-06T19:20:31Z,,,,,,7207.4
2026-07-06T19:20:32Z,,,,,,7211.0
2026-07-06T19:20:32Z,,,,,,7216.0
2026-07-06T19:20:32Z,,,,,,7223.8
2026-07-06T19:20:32Z,51.555859,-0.070468,30.2,13,1,7241.3
2026-07-06T19:20:32Z,,,,,,7259.2
2026-07-06T19:20:32Z,,,,,,7264.7
2026-07-06T19:20:32Z,,,,,,7261.1
2026-07-06T19:20:32Z,,,,,,7251.2
2026-07-06T19:20:32Z,,,,,,7248.2
2026-07-06T19:20:32Z,,,,,,7249.9
2026-07-06T19:20:33Z,,,,,,7243.1
2026-07-06T19:20:33Z,,,,,,7231.6
2026-07-06T19:20:33Z,,,,,,7221.5
2026-07-06T19:20:33Z,51.555866,-0.070490,30.0,13,1,7215.1
2026-07-06T19:20:33Z,,,,,,7215.1
2026-07-06T19:20:33Z,,,,,,7217.7
2026-07-06T19:20:33Z,,,,,,7217.6
2026-07-06T19:20:33Z,,,,,,7209.6
2026-07-06T19:20:33Z,,,,,,7195.7
2026-07-06T19:20:33Z,,,,,,7191.9
2026-07-06T19:20:34Z,,,,,,7193.5
2026-07-06T19:20:34Z,,,,,,7185.8
2026-07-06T19:20:34Z,,,,,,7173.2
2026-07-06T19:20:34Z,51.555870,-0.070515,30.3,13,1,7166.2
2026-07-06T19:20:34Z,,,,,,7165.0
2026-07-06T19:20:34Z,,,,,,7170.6
2026-07-06T19:20:34Z,,,,,,7177.5
2026-07-06T19:20:34Z,,,,,,7177.9
2026-07-06T19:20:34Z,,,,,,7171.1
2026-07-06T19:20:34Z,,,,,,7161.6
2026-07-06T19:20:35Z,,,,,,7161.2
2026-07-06T19:20:35Z,,,,,,7164.8
2026-07-06T19:20:35Z,,,,,,7162.6
2026-07-06T19:20:35Z,51.555878,-0.070538,30.7,13,1,7158.0
2026-07-06T19:20:35Z,,,,,,7158.5
2026-07-06T19:20:35Z,,,,,,7164.3
2026-07-06T19:20:35Z,,,,,,7176.8
2026-07-06T19:20:35Z,,,,,,7189.6
2026-07-06T19:20:35Z,,,,,,7196.8
2026-07-06T19:20:35Z,,,,,,7199.0
2026-07-06T19:20:36Z,,,,,,7194.7
2026-07-06T19:20:36Z,,,,,,7194.2
2026-07-06T19:20:36Z,,,,,,7195.6
2026-07-06T19:20:36Z,51.555885,-0.070561,30.9,13,1,7190.0
2026-07-06T19:20:36Z,,,,,,7181.0
2026-07-06T19:20:36Z,,,,,,7174.0
2026-07-06T19:20:36Z,,,,,,7171.8
2026-07-06T19:20:36Z,,,,,,7176.4
2026-07-06T19:20:36Z,,,,,,7181.1
2026-07-06T19:20:36Z,,,,,,7179.2
2026-07-06T19:20:37Z,,,,,,7172.3
2026-07-06T19:20:37Z,,,,,,7163.1
2026-07-06T19:20:37Z,,,,,,7159.7
2026-07-06T19:20:37Z,51.555885,-0.070587,30.9,13,1,7157.1
2026-07-06T19:20:37Z,,,,,,7147.9
2026-07-06T19:20:37Z,,,,,,7137.6
2026-07-06T19:20:37Z,,,,,,7131.9
2026-07-06T19:20:37Z,,,,,,7130.3
2026-07-06T19:20:37Z,,,,,,7134.8
2026-07-06T19:20:37Z,,,,,,7139.5
2026-07-06T19:20:38Z,,,,,,7136.4
2026-07-06T19:20:38Z,,,,,,7130.0
2026-07-06T19:20:38Z,,,,,,7123.0
2026-07-06T19:20:38Z,51.555893,-0.070606,30.4,13,1,7121.4
2026-07-06T19:20:38Z,,,,,,7120.0
2026-07-06T19:20:38Z,,,,,,7113.5
2026-07-06T19:20:38Z,,,,,,7106.9
2026-07-06T19:20:38Z,,,,,,7103.3
2026-07-06T19:20:38Z,,,,,,7102.7
2026-07-06T19:20:38Z,,,,,,7106.1
2026-07-06T19:20:39Z,,,,,,7108.3
2026-07-06T19:20:39Z,,,,,,7105.2
2026-07-06T19:20:39Z,,,,,,7101.3
2026-07-06T19:20:39Z,51.555901,-0.070623,29.6,13,1,7104.0
2026-07-06T19:20:39Z,,,,,,7103.5
2026-07-06T19:20:39Z,,,,,,7097.7
2026-07-06T19:20:39Z,,,,,,7092.6
2026-07-06T19:20:39Z,,,,,,7085.3
2026-07-06T19:20:39Z,,,,,,7085.6
2026-07-06T19:20:39Z,,,,,,7093.7
2026-07-06T19:20:40Z,,,,,,7098.8
2026-07-06T19:20:40Z,,,,,,7098.6
2026-07-06T19:20:40Z,,,,,,7096.0
2026-07-06T19:20:40Z,51.555908,-0.070643,29.0,13,1,7091.6
2026-07-06T19:20:40Z,,,,,,7090.4
2026-07-06T19:20:40Z,,,,,,7094.6
2026-07-06T19:20:40Z,,,,,,7098.5
2026-07-06T19:20:40Z,,,,,,7099.8
2026-07-06T19:20:40Z,,,,,,7103.9
2026-07-06T19:20:40Z,,,,,,7114.4
2026-07-06T19:20:41Z,,,,,,7130.6
2026-07-06T19:20:41Z,,,,,,7152.8
2026-07-06T19:20:41Z,,,,,,7175.0
2026-07-06T19:20:41Z,51.555912,-0.070668,28.6,13,1,7187.2
2026-07-06T19:20:41Z,,,,,,7191.9
2026-07-06T19:20:41Z,,,,,,7197.1
2026-07-06T19:20:41Z,,,,,,7208.7
2026-07-06T19:20:41Z,,,,,,7215.1
2026-07-06T19:20:41Z,,,,,,7211.0
2026-07-06T19:20:41Z,,,,,,7203.2
2026-07-06T19:20:42Z,,,,,,7196.3
2026-07-06T19:20:42Z,,,,,,7193.6
2026-07-06T19:20:42Z,,,,,,7198.4
2026-07-06T19:20:42Z,51.555916,-0.070690,28.4,13,1,7202.5
2026-07-06T19:20:42Z,,,,,,7195.9
2026-07-06T19:20:42Z,,,,,,7184.1
2026-07-06T19:20:42Z,,,,,,7172.7
2026-07-06T19:20:42Z,,,,,,7167.0
2026-07-06T19:20:42Z,,,,,,7163.0
2026-07-06T19:20:42Z,,,,,,7154.6
2026-07-06T19:20:43Z,,,,,,7143.8
2026-07-06T19:20:43Z,,,,,,7136.4
2026-07-06T19:20:43Z,,,,,,7131.7
2026-07-06T19:20:43Z,51.555920,-0.070709,28.4,13,1,7131.7
2026-07-06T19:20:43Z,,,,,,7130.6
2026-07-06T19:20:43Z,,,,,,7123.9
2026-07-06T19:20:43Z,,,,,,7118.0
2026-07-06T19:20:43Z,,,,,,7115.3
2026-07-06T19:20:43Z,,,,,,7120.5
2026-07-06T19:20:43Z,,,,,,7129.8
2026-07-06T19:20:44Z,,,,,,7135.7
2026-07-06T19:20:44Z,,,,,,7141.0
2026-07-06T19:20:44Z,,,,,,7150.1
2026-07-06T19:20:44Z,51.555923,-0.070729,28.3,13,1,7162.4
2026-07-06T19:20:44Z,,,,,,7178.7
2026-07-06T19:20:44Z,,,,,,7192.4
2026-07-06T19:20:44Z,,,,,,7200.3
2026-07-06T19:20:44Z,,,,,,7205.3
2026-07-06T19:20:44Z,,,,,,7210.5
2026-07-06T19:20:44Z,,,,,,7219.0
2026-07-06T19:20:45Z,,,,,,7227.0
2026-07-06T19:20:45Z,,,,,,7228.0
2026-07-06T19:20:45Z,,,,,,7222.5
2026-07-06T19:20:45Z,51.555927,-0.070749,28.7,13,1,7218.5
2026-07-06T19:20:45Z,,,,,,7217.9
2026-07-06T19:20:45Z,,,,,,7222.7
2026-07-06T19:20:45Z,,,,,,7224.4
2026-07-06T19:20:45Z,,,,,,7218.7
2026-07-06T19:20:45Z,,,,,,7212.1
2026-07-06T19:20:45Z,,,,,,7206.9
2026-07-06T19:20:46Z,,,,,,7208.7
2026-07-06T19:20:46Z,,,,,,7209.1
2026-07-06T19:20:46Z,,,,,,7200.3
2026-07-06T19:20:46Z,51.555935,-0.070766,29.1,13,1,7189.5
2026-07-06T19:20:46Z,,,,,,7179.6
2026-07-06T19:20:46Z,,,,,,7172.2
2026-07-06T19:20:46Z,,,,,,7172.6
2026-07-06T19:20:46Z,,,,,,7171.8
2026-07-06T19:20:46Z,,,,,,7165.3
2026-07-06T19:20:46Z,,,,,,7157.6
2026-07-06T19:20:47Z,,,,,,7149.3
2026-07-06T19:20:47Z,,,,,,7144.9
2026-07-06T19:20:47Z,,,,,,7140.5
2026-07-06T19:20:47Z,51.555946,-0.070784,29.3,13,1,7131.9
2026-07-06T19:20:47Z,,,,,,7123.2
2026-07-06T19:20:47Z,,,,,,7120.8
2026-07-06T19:20:47Z,,,,,,7124.1
2026-07-06T19:20:47Z,,,,,,7134.6
2026-07-06T19:20:47Z,,,,,,7146.0
2026-07-06T19:20:47Z,,,,,,7151.1
2026-07-06T19:20:48Z,,,,,,7151.6
2026-07-06T19:20:48Z,,,,,,7151.9
2026-07-06T19:20:48Z,,,,,,7158.4
2026-07-06T19:20:48Z,51.555954,-0.070808,29.3,13,1,7166.3
2026-07-06T19:20:48Z,,,,,,7165.1
2026-07-06T19:20:48Z,,,,,,7158.1
2026-07-06T19:20:48Z,,,,,,7154.1
2026-07-06T19:20:48Z,,,,,,7153.6
2026-07-06T19:20:48Z,,,,,,7158.5
2026-07-06T19:20:48Z,,,,,,7162.3
2026-07-06T19:20:49Z,,,,,,7158.4
2026-07-06T19:20:49Z,,,,,,7149.8
2026-07-06T19:20:49Z,,,,,,7142.0
2026-07-06T19:20:49Z,51.555958,-0.070831,29.2,13,1,7142.6
2026-07-06T19:20:49Z,,,,,,7141.4
2026-07-06T19:20:49Z,,,,,,7131.7
2026-07-06T19:20:49Z,,,,,,7119.0
2026-07-06T19:20:49Z,,,,,,7110.8
2026-07-06T19:20:49Z,,,,,,7108.0
2026-07-06T19:20:49Z,,,,,,7110.4
2026-07-06T19:20:50Z,,,,,,7110.6
2026-07-06T19:20:50Z,,,,,,7105.2
2026-07-06T19:20:50Z,,,,,,7098.7
2026-07-06T19:20:50Z,51.555969,-0.070853,28.9,13,1,7096.0
2026-07-06T19:20:50Z,,,,,,7100.3
2026-07-06T19:20:50Z,,,,,,7106.6
2026-07-06T19:20:50Z,,,,,,7110.7
2026-07-06T19:20:50Z,,,,,,7115.2
2026-07-06T19:20:50Z,,,,,,7125.5
2026-07-06T19:20:50Z,,,,,,7140.7
2026-07-06T19:20:51Z,,,,,,7161.4
2026-07-06T19:20:51Z,,,,,,7177.9
2026-07-06T19:20:51Z,,,,,,7184.3
2026-07-06T19:20:51Z,51.555973,-0.070874,28.9,13,1,7187.4
2026-07-06T19:20:51Z,,,,,,7188.8
2026-07-06T19:20:51Z,,,,,,7192.8
2026-07-06T19:20:51Z,,,,,,7196.7
2026-07-06T19:20:51Z,,,,,,7195.5
2026-07-06T19:20:51Z,,,,,,7191.3
2026-07-06T19:20:51Z,,,,,,7184.5
2026-07-06T19:20:52Z,,,,,,7176.8
2026-07-06T19:20:52Z,,,,,,7175.2
2026-07-06T19:20:52Z,,,,,,7176.2
2026-07-06T19:20:52Z,51.555981,-0.070895,29.5,13,1,7174.5
2026-07-06T19:20:52Z,,,,,,7177.0
2026-07-06T19:20:52Z,,,,,,7192.6
2026-07-06T19:20:52Z,,,,,,7211.2
2026-07-06T19:20:52Z,,,,,,7226.9
2026-07-06T19:20:52Z,,,,,,7241.0
2026-07-06T19:20:52Z,,,,,,7251.2
2026-07-06T19:20:53Z,,,,,,7259.8
2026-07-06T19:20:53Z,,,,,,7269.6
2026-07-06T19:20:53Z,,,,,,7289.0
2026-07-06T19:20:53Z,51.555992,-0.070918,30.1,13,1,7317.3
2026-07-06T19:20:53Z,,,,,,7346.0
2026-07-06T19:20:53Z,,,,,,7373.8
2026-07-06T19:20:53Z,,,,,,7408.4
2026-07-06T19:20:53Z,,,,,,7461.8
2026-07-06T19:20:53Z,,,,,,7523.9
2026-07-06T19:20:53Z,,,,,,7563.3
2026-07-06T19:20:54Z,,,,,,7588.4
2026-07-06T19:20:54Z,,,,,,7619.5
2026-07-06T19:20:54Z,,,,,,7651.9
2026-07-06T19:20:54Z,51.556000,-0.070935,31.1,13,1,7682.7
2026-07-06T19:20:54Z,,,,,,7712.7
2026-07-06T19:20:54Z,,,,,,7742.5
2026-07-06T19:20:54Z,,,,,,7770.5
2026-07-06T19:20:54Z,,,,,,7795.6
2026-07-06T19:20:54Z,,,,,,7813.1
2026-07-06T19:20:54Z,,,,,,7821.1
2026-07-06T19:20:55Z,,,,,,7829.4
2026-07-06T19:20:55Z,,,,,,7841.5
2026-07-06T19:20:55Z,,,,,,7859.1
2026-07-06T19:20:55Z,51.556004,-0.070941,32.2,13,1,7878.0
2026-07-06T19:20:55Z,,,,,,7894.5
2026-07-06T19:20:55Z,,,,,,7908.1
2026-07-06T19:20:55Z,,,,,,7922.9
2026-07-06T19:20:55Z,,,,,,7940.0
2026-07-06T19:20:55Z,,,,,,7953.1
2026-07-06T19:20:55Z,,,,,,7959.0
2026-07-06T19:20:56Z,,,,,,7967.1
2026-07-06T19:20:56Z,,,,,,7978.9
2026-07-06T19:20:56Z,,,,,,7986.3
2026-07-06T19:20:56Z,51.556007,-0.070942,33.6,13,1,7991.9
2026-07-06T19:20:56Z,,,,,,7996.4
2026-07-06T19:20:56Z,,,,,,7999.8
2026-07-06T19:20:56Z,,,,,,8007.9
2026-07-06T19:20:56Z,,,,,,8014.3
2026-07-06T19:20:56Z,,,,,,8021.2
2026-07-06T19:20:56Z,,,,,,8029.9
2026-07-06T19:20:57Z,,,,,,8040.9
2026-07-06T19:20:57Z,,,,,,8060.1
2026-07-06T19:20:57Z,,,,,,8077.1
2026-07-06T19:20:57Z,51.556011,-0.070945,34.6,13,1,8084.1
2026-07-06T19:20:57Z,,,,,,8087.1
2026-07-06T19:20:57Z,,,,,,8083.1
2026-07-06T19:20:57Z,,,,,,8084.9
2026-07-06T19:20:57Z,,,,,,8089.5
2026-07-06T19:20:57Z,,,,,,8087.7
2026-07-06T19:20:57Z,,,,,,8089.0
2026-07-06T19:20:58Z,,,,,,8091.0
2026-07-06T19:20:58Z,,,,,,8095.0
2026-07-06T19:20:58Z,,,,,,8101.8
2026-07-06T19:20:58Z,51.556011,-0.070949,35.4,12,1,8106.7
2026-07-06T19:20:58Z,,,,,,8114.6
2026-07-06T19:20:58Z,,,,,,8113.4
2026-07-06T19:20:58Z,,,,,,8104.3
2026-07-06T19:20:58Z,,,,,,8101.3
2026-07-06T19:20:58Z,,,,,,8101.8
2026-07-06T19:20:58Z,,,,,,8105.9
2026-07-06T19:20:59Z,,,,,,8090.5
2026-07-06T19:20:59Z,,,,,,8073.6
2026-07-06T19:20:59Z,,,,,,8103.3
2026-07-06T19:20:59Z,51.556011,-0.070953,35.8,12,1,8131.5
