timestamp,lat,lon,alt,hdop,vdop,wdop,sats,fix,fix_type,speed_kts,course_deg,gsr_raw
2026-07-07T15:40:14Z,51.556290,-0.071245,43.9,2.5,2.0,99.9,6,1,3,0.00,139.6,2823.5
2026-07-07T15:40:15Z,,,,,,,,,,,,2823.3
2026-07-07T15:40:15Z,,,,,,,,,,,,2820.6
2026-07-07T15:40:15Z,,,,,,,,,,,,2826.5
2026-07-07T15:40:15Z,,,,,,,,,,,,2824.7
2026-07-07T15:40:15Z,51.556290,-0.071245,44.0,2.5,2.0,99.9,6,1,3,0.00,139.6,2820.6
2026-07-07T15:40:15Z,,,,,,,,,,,,2815.1
2026-07-07T15:40:15Z,,,,,,,,,,,,2809.4
2026-07-07T15:40:15Z,,,,,,,,,,,,2803.5
2026-07-07T15:40:15Z,,,,,,,,,,,,2796.8
2026-07-07T15:40:15Z,51.556290,-0.071244,44.1,2.5,2.0,99.9,6,1,3,0.00,139.6,2791.1
2026-07-07T15:40:16Z,,,,,,,,,,,,2784.2
2026-07-07T15:40:16Z,,,,,,,,,,,,2776.8
2026-07-07T15:40:16Z,,,,,,,,,,,,2771.2
2026-07-07T15:40:16Z,,,,,,,,,,,,2768.7
2026-07-07T15:40:16Z,51.556286,-0.071243,44.2,2.5,2.0,99.9,6,1,3,0.00,139.6,2767.6
2026-07-07T15:40:16Z,,,,,,,,,,,,2768.8
2026-07-07T15:40:16Z,,,,,,,,,,,,2774.1
2026-07-07T15:40:16Z,,,,,,,,,,,,2782.3
2026-07-07T15:40:16Z,,,,,,,,,,,,2793.0
2026-07-07T15:40:16Z,51.556286,-0.071243,44.4,2.5,2.0,99.9,6,1,3,0.00,139.6,2805.9
2026-07-07T15:40:17Z,,,,,,,,,,,,2819.9
2026-07-07T15:40:17Z,,,,,,,,,,,,2831.4
2026-07-07T15:40:17Z,,,,,,,,,,,,2842.4
2026-07-07T15:40:17Z,,,,,,,,,,,,2853.8
2026-07-07T15:40:17Z,51.556286,-0.071242,44.6,2.5,2.0,99.9,6,1,3,0.00,139.6,2865.5
2026-07-07T15:40:17Z,,,,,,,,,,,,2874.5
2026-07-07T15:40:17Z,,,,,,,,,,,,2880.6
2026-07-07T15:40:17Z,,,,,,,,,,,,2885.2
2026-07-07T15:40:17Z,,,,,,,,,,,,2890.0
2026-07-07T15:40:17Z,51.556286,-0.071241,44.7,2.5,2.0,99.9,6,1,3,0.00,139.6,2892.4
2026-07-07T15:40:18Z,,,,,,,,,,,,2891.5
2026-07-07T15:40:18Z,,,,,,,,,,,,2889.4
2026-07-07T15:40:18Z,,,,,,,,,,,,2885.7
2026-07-07T15:40:18Z,,,,,,,,,,,,2877.4
2026-07-07T15:40:18Z,51.556286,-0.071241,44.9,2.5,2.0,99.9,6,1,3,0.00,139.6,2869.6
2026-07-07T15:40:18Z,,,,,,,,,,,,2868.8
2026-07-07T15:40:18Z,,,,,,,,,,,,2869.9
2026-07-07T15:40:18Z,,,,,,,,,,,,2869.5
2026-07-07T15:40:18Z,,,,,,,,,,,,2870.0
2026-07-07T15:40:18Z,51.556286,-0.071241,45.0,2.5,2.0,99.9,6,1,3,0.00,139.6,2871.3
2026-07-07T15:40:19Z,,,,,,,,,,,,2873.8
2026-07-07T15:40:19Z,,,,,,,,,,,,2879.5
2026-07-07T15:40:19Z,,,,,,,,,,,,2888.4
2026-07-07T15:40:19Z,,,,,,,,,,,,2901.8
2026-07-07T15:40:19Z,51.556282,-0.071240,45.2,2.5,2.0,99.9,6,1,3,0.00,139.6,2920.1
2026-07-07T15:40:19Z,,,,,,,,,,,,2940.1
2026-07-07T15:40:19Z,,,,,,,,,,,,2966.0
2026-07-07T15:40:19Z,,,,,,,,,,,,2997.1
2026-07-07T15:40:19Z,,,,,,,,,,,,3025.3
2026-07-07T15:40:19Z,51.556282,-0.071239,45.3,2.5,2.0,99.9,6,1,3,0.00,139.6,3048.9
2026-07-07T15:40:20Z,,,,,,,,,,,,3073.2
2026-07-07T15:40:20Z,,,,,,,,,,,,3093.0
2026-07-07T15:40:20Z,,,,,,,,,,,,3114.2
2026-07-07T15:40:20Z,,,,,,,,,,,,3133.4
2026-07-07T15:40:20Z,51.556282,-0.071239,45.5,2.5,2.0,99.9,6,1,3,0.00,139.6,3145.5
2026-07-07T15:40:20Z,,,,,,,,,,,,3149.2
2026-07-07T15:40:20Z,,,,,,,,,,,,3146.0
2026-07-07T15:40:20Z,,,,,,,,,,,,3136.2
2026-07-07T15:40:20Z,,,,,,,,,,,,3124.7
2026-07-07T15:40:20Z,51.556282,-0.071237,45.6,2.5,2.0,99.9,6,1,3,1.22,139.6,3113.9
2026-07-07T15:40:20Z,,,,,,,,,,,,3105.2
2026-07-07T15:40:21Z,,,,,,,,,,,,3103.1
2026-07-07T15:40:21Z,,,,,,,,,,,,3104.0
2026-07-07T15:40:21Z,,,,,,,,,,,,3102.9
2026-07-07T15:40:21Z,51.556282,-0.071235,45.7,2.5,2.0,99.9,6,1,3,0.96,139.6,3104.4
2026-07-07T15:40:21Z,,,,,,,,,,,,3111.3
2026-07-07T15:40:21Z,,,,,,,,,,,,3121.9
2026-07-07T15:40:21Z,,,,,,,,,,,,3135.1
2026-07-07T15:40:21Z,,,,,,,,,,,,3156.1
2026-07-07T15:40:21Z,51.556282,-0.071231,45.8,2.5,2.0,99.9,6,1,3,0.69,139.6,3183.4
2026-07-07T15:40:22Z,,,,,,,,,,,,3209.3
2026-07-07T15:40:22Z,,,,,,,,,,,,3234.0
2026-07-07T15:40:22Z,,,,,,,,,,,,3258.3
2026-07-07T15:40:22Z,,,,,,,,,,,,3279.7
2026-07-07T15:40:22Z,51.556278,-0.071230,46.1,2.5,2.0,99.9,6,1,3,0.00,139.6,3300.2
2026-07-07T15:40:22Z,,,,,,,,,,,,3316.3
2026-07-07T15:40:22Z,,,,,,,,,,,,3332.1
2026-07-07T15:40:22Z,,,,,,,,,,,,3346.6
2026-07-07T15:40:22Z,,,,,,,,,,,,3358.7
2026-07-07T15:40:22Z,51.556274,-0.071229,46.3,2.5,2.0,99.9,6,1,3,0.00,139.6,3373.1
2026-07-07T15:40:23Z,,,,,,,,,,,,3389.9
2026-07-07T15:40:23Z,,,,,,,,,,,,3405.6
2026-07-07T15:40:23Z,,,,,,,,,,,,3424.0
2026-07-07T15:40:23Z,,,,,,,,,,,,3439.2
2026-07-07T15:40:23Z,51.556271,-0.071228,46.5,2.5,2.0,99.9,6,1,3,0.00,139.6,3449.9
2026-07-07T15:40:23Z,,,,,,,,,,,,3461.9
2026-07-07T15:40:23Z,,,,,,,,,,,,3475.6
2026-07-07T15:40:23Z,,,,,,,,,,,,3487.3
2026-07-07T15:40:23Z,,,,,,,,,,,,3495.9
2026-07-07T15:40:23Z,51.556267,-0.071221,47.0,2.5,2.0,99.9,6,1,3,1.55,139.6,3504.8
2026-07-07T15:40:23Z,,,,,,,,,,,,3512.8
2026-07-07T15:40:24Z,,,,,,,,,,,,3514.2
2026-07-07T15:40:24Z,,,,,,,,,,,,3513.0
2026-07-07T15:40:24Z,,,,,,,,,,,,3511.8
2026-07-07T15:40:24Z,51.556259,-0.071206,47.5,2.5,2.0,99.9,6,1,3,2.73,105.1,3514.2
2026-07-07T15:40:24Z,,,,,,,,,,,,3521.7
2026-07-07T15:40:24Z,,,,,,,,,,,,3529.2
2026-07-07T15:40:24Z,,,,,,,,,,,,3533.8
2026-07-07T15:40:24Z,,,,,,,,,,,,3537.9
2026-07-07T15:40:24Z,51.556255,-0.071194,47.8,2.5,2.0,99.9,6,1,3,2.65,103.4,3544.3
2026-07-07T15:40:25Z,,,,,,,,,,,,3551.6
2026-07-07T15:40:25Z,,,,,,,,,,,,3557.4
2026-07-07T15:40:25Z,,,,,,,,,,,,3562.5
2026-07-07T15:40:25Z,,,,,,,,,,,,3566.8
2026-07-07T15:40:25Z,51.556252,-0.071185,48.8,2.5,2.0,99.9,6,1,3,2.41,106.5,3571.6
2026-07-07T15:40:25Z,,,,,,,,,,,,3576.4
2026-07-07T15:40:25Z,,,,,,,,,,,,3578.2
2026-07-07T15:40:25Z,,,,,,,,,,,,3574.8
2026-07-07T15:40:25Z,,,,,,,,,,,,3568.6
2026-07-07T15:40:25Z,51.556244,-0.071175,49.4,2.5,2.0,99.9,6,1,3,2.52,109.4,3565.1
2026-07-07T15:40:25Z,,,,,,,,,,,,3568.1
2026-07-07T15:40:26Z,,,,,,,,,,,,3573.5
2026-07-07T15:40:26Z,,,,,,,,,,,,3580.3
2026-07-07T15:40:26Z,,,,,,,,,,,,3587.1
2026-07-07T15:40:26Z,51.556240,-0.071165,50.1,2.5,2.0,99.9,6,1,3,2.55,109.4,3594.2
2026-07-07T15:40:26Z,,,,,,,,,,,,3602.8
2026-07-07T15:40:26Z,,,,,,,,,,,,3609.5
2026-07-07T15:40:26Z,,,,,,,,,,,,3613.8
2026-07-07T15:40:26Z,,,,,,,,,,,,3617.2
2026-07-07T15:40:26Z,51.556232,-0.071148,50.8,2.5,2.0,99.9,6,1,3,2.58,109.3,3619.0
2026-07-07T15:40:26Z,,,,,,,,,,,,3617.4
2026-07-07T15:40:27Z,,,,,,,,,,,,3613.6
2026-07-07T15:40:27Z,,,,,,,,,,,,3608.6
2026-07-07T15:40:27Z,,,,,,,,,,,,3603.0
2026-07-07T15:40:27Z,51.556225,-0.071132,51.5,2.5,2.0,99.9,6,1,3,2.72,108.0,3597.0
2026-07-07T15:40:27Z,,,,,,,,,,,,3592.1
2026-07-07T15:40:27Z,,,,,,,,,,,,3587.0
2026-07-07T15:40:27Z,,,,,,,,,,,,3581.9
2026-07-07T15:40:27Z,,,,,,,,,,,,3578.1
2026-07-07T15:40:27Z,51.556217,-0.071116,51.8,2.5,2.0,99.9,6,1,3,2.81,108.3,3576.4
2026-07-07T15:40:27Z,,,,,,,,,,,,3575.5
2026-07-07T15:40:28Z,,,,,,,,,,,,3573.3
2026-07-07T15:40:28Z,,,,,,,,,,,,3569.5
2026-07-07T15:40:28Z,,,,,,,,,,,,3564.6
2026-07-07T15:40:28Z,51.556210,-0.071100,52.4,2.5,2.0,99.9,6,1,3,3.01,100.1,3559.6
2026-07-07T15:40:28Z,,,,,,,,,,,,3554.4
2026-07-07T15:40:28Z,,,,,,,,,,,,3547.8
2026-07-07T15:40:28Z,,,,,,,,,,,,3541.0
2026-07-07T15:40:28Z,,,,,,,,,,,,3533.5
2026-07-07T15:40:28Z,51.556202,-0.071079,53.1,2.5,2.0,99.9,6,1,3,3.12,103.3,3524.2
2026-07-07T15:40:28Z,,,,,,,,,,,,3516.4
2026-07-07T15:40:29Z,,,,,,,,,,,,3511.8
2026-07-07T15:40:29Z,,,,,,,,,,,,3510.1
2026-07-07T15:40:29Z,,,,,,,,,,,,3513.4
2026-07-07T15:40:29Z,51.556194,-0.071058,53.5,2.5,2.0,99.9,6,1,3,3.06,96.2,3520.7
2026-07-07T15:40:29Z,,,,,,,,,,,,3528.9
2026-07-07T15:40:29Z,,,,,,,,,,,,3536.0
2026-07-07T15:40:29Z,,,,,,,,,,,,3542.9
2026-07-07T15:40:29Z,,,,,,,,,,,,3547.8
2026-07-07T15:40:29Z,51.556187,-0.071038,53.9,2.5,2.0,99.9,6,1,3,2.71,92.0,3550.7
2026-07-07T15:40:29Z,,,,,,,,,,,,3551.9
2026-07-07T15:40:30Z,,,,,,,,,,,,3549.5
2026-07-07T15:40:30Z,,,,,,,,,,,,3544.5
2026-07-07T15:40:30Z,,,,,,,,,,,,3538.8
2026-07-07T15:40:30Z,51.556183,-0.071028,54.4,2.5,2.0,99.9,6,1,3,2.69,92.4,3532.5
2026-07-07T15:40:30Z,,,,,,,,,,,,3524.4
2026-07-07T15:40:30Z,,,,,,,,,,,,3515.1
2026-07-07T15:40:30Z,,,,,,,,,,,,3503.8
2026-07-07T15:40:30Z,,,,,,,,,,,,3490.3
2026-07-07T15:40:30Z,51.556183,-0.071017,54.8,2.5,2.0,99.9,6,1,3,2.67,93.6,3478.2
2026-07-07T15:40:30Z,,,,,,,,,,,,3468.1
2026-07-07T15:40:31Z,,,,,,,,,,,,3458.5
2026-07-07T15:40:31Z,,,,,,,,,,,,3449.5
2026-07-07T15:40:31Z,,,,,,,,,,,,3440.2
2026-07-07T15:40:31Z,51.556179,-0.071007,55.2,2.5,2.0,99.9,6,1,3,2.63,91.7,3428.4
2026-07-07T15:40:31Z,,,,,,,,,,,,3417.9
2026-07-07T15:40:31Z,,,,,,,,,,,,3409.7
2026-07-07T15:40:31Z,,,,,,,,,,,,3400.9
2026-07-07T15:40:31Z,,,,,,,,,,,,3390.7
2026-07-07T15:40:31Z,51.556175,-0.071000,55.7,2.5,2.0,99.9,6,1,3,2.24,102.0,3380.6
2026-07-07T15:40:31Z,,,,,,,,,,,,3370.9
2026-07-07T15:40:32Z,,,,,,,,,,,,3362.5
2026-07-07T15:40:32Z,,,,,,,,,,,,3352.3
2026-07-07T15:40:32Z,,,,,,,,,,,,3343.0
2026-07-07T15:40:32Z,51.556171,-0.070990,56.1,2.5,2.0,99.9,6,1,3,2.25,98.6,3334.8
2026-07-07T15:40:32Z,,,,,,,,,,,,3327.1
2026-07-07T15:40:32Z,,,,,,,,,,,,3320.7
2026-07-07T15:40:32Z,,,,,,,,,,,,3318.5
2026-07-07T15:40:32Z,,,,,,,,,,,,3323.5
2026-07-07T15:40:32Z,51.556171,-0.070981,57.0,2.5,2.0,99.9,6,1,3,2.31,99.7,3336.8
2026-07-07T15:40:32Z,,,,,,,,,,,,3359.4
2026-07-07T15:40:33Z,,,,,,,,,,,,3385.6
2026-07-07T15:40:33Z,,,,,,,,,,,,3416.4
2026-07-07T15:40:33Z,,,,,,,,,,,,3445.2
2026-07-07T15:40:33Z,51.556168,-0.070970,57.6,2.5,2.0,99.9,6,1,3,2.55,106.2,3474.3
2026-07-07T15:40:33Z,,,,,,,,,,,,3499.6
2026-07-07T15:40:33Z,,,,,,,,,,,,3518.9
2026-07-07T15:40:33Z,,,,,,,,,,,,3533.5
2026-07-07T15:40:33Z,,,,,,,,,,,,3543.1
2026-07-07T15:40:33Z,51.556164,-0.070962,58.0,2.5,2.0,99.9,6,1,3,2.00,98.5,3549.5
2026-07-07T15:40:33Z,,,,,,,,,,,,3555.1
2026-07-07T15:40:34Z,,,,,,,,,,,,3557.3
2026-07-07T15:40:34Z,,,,,,,,,,,,3557.2
2026-07-07T15:40:34Z,,,,,,,,,,,,3553.3
2026-07-07T15:40:34Z,51.556156,-0.070945,58.4,2.5,2.0,99.9,6,1,3,2.17,99.7,3544.1
2026-07-07T15:40:34Z,,,,,,,,,,,,3536.9
2026-07-07T15:40:34Z,,,,,,,,,,,,3529.5
2026-07-07T15:40:34Z,,,,,,,,,,,,3517.5
2026-07-07T15:40:34Z,,,,,,,,,,,,3504.9
2026-07-07T15:40:34Z,51.556152,-0.070937,58.8,2.5,2.0,99.9,6,1,3,2.20,96.4,3492.9
2026-07-07T15:40:34Z,,,,,,,,,,,,3482.0
2026-07-07T15:40:35Z,,,,,,,,,,,,3471.2
2026-07-07T15:40:35Z,,,,,,,,,,,,3456.4
2026-07-07T15:40:35Z,,,,,,,,,,,,3444.4
2026-07-07T15:40:35Z,51.556152,-0.070928,59.4,2.5,2.0,99.9,6,1,3,2.20,91.9,3440.1
2026-07-07T15:40:35Z,,,,,,,,,,,,3444.6
2026-07-07T15:40:35Z,,,,,,,,,,,,3454.0
2026-07-07T15:40:35Z,,,,,,,,,,,,3467.1
2026-07-07T15:40:35Z,,,,,,,,,,,,3481.7
2026-07-07T15:40:35Z,51.556149,-0.070918,59.9,2.5,2.0,99.9,6,1,3,2.16,99.9,3498.7
2026-07-07T15:40:35Z,,,,,,,,,,,,3516.2
2026-07-07T15:40:36Z,,,,,,,,,,,,3528.4
2026-07-07T15:40:36Z,,,,,,,,,,,,3537.7
2026-07-07T15:40:36Z,,,,,,,,,,,,3544.3
2026-07-07T15:40:36Z,51.556145,-0.070909,60.3,2.5,2.0,99.9,6,1,3,2.38,101.2,3550.3
2026-07-07T15:40:36Z,,,,,,,,,,,,3554.2
2026-07-07T15:40:36Z,,,,,,,,,,,,3553.3
2026-07-07T15:40:36Z,,,,,,,,,,,,3548.1
2026-07-07T15:40:36Z,,,,,,,,,,,,3541.9
2026-07-07T15:40:36Z,51.556141,-0.070899,60.6,2.5,2.0,99.9,6,1,3,2.42,102.1,3535.4
2026-07-07T15:40:36Z,,,,,,,,,,,,3528.6
2026-07-07T15:40:37Z,,,,,,,,,,,,3521.2
2026-07-07T15:40:37Z,,,,,,,,,,,,3511.8
2026-07-07T15:40:37Z,,,,,,,,,,,,3502.2
2026-07-07T15:40:37Z,51.556141,-0.070891,60.9,2.5,2.0,99.9,6,1,3,2.46,99.5,3494.3
2026-07-07T15:40:37Z,,,,,,,,,,,,3490.1
2026-07-07T15:40:37Z,,,,,,,,,,,,3487.4
2026-07-07T15:40:37Z,,,,,,,,,,,,3486.3
2026-07-07T15:40:37Z,,,,,,,,,,,,3487.5
2026-07-07T15:40:37Z,51.556141,-0.070884,60.9,2.5,2.0,99.9,6,1,3,2.00,102.3,3488.7
2026-07-07T15:40:37Z,,,,,,,,,,,,3491.3
2026-07-07T15:40:38Z,,,,,,,,,,,,3495.6
2026-07-07T15:40:38Z,,,,,,,,,,,,3500.0
2026-07-07T15:40:38Z,,,,,,,,,,,,3506.0
2026-07-07T15:40:38Z,51.556141,-0.070877,61.3,2.5,2.0,99.9,6,1,3,2.45,103.1,3513.5
2026-07-07T15:40:38Z,,,,,,,,,,,,3517.7
2026-07-07T15:40:38Z,,,,,,,,,,,,3520.1
2026-07-07T15:40:38Z,,,,,,,,,,,,3521.4
2026-07-07T15:40:38Z,,,,,,,,,,,,3522.7
2026-07-07T15:40:38Z,51.556137,-0.070868,61.5,2.5,2.0,99.9,6,1,3,2.30,100.9,3523.7
2026-07-07T15:40:38Z,,,,,,,,,,,,3524.8
2026-07-07T15:40:39Z,,,,,,,,,,,,3525.9
2026-07-07T15:40:39Z,,,,,,,,,,,,3528.0
2026-07-07T15:40:39Z,,,,,,,,,,,,3533.2
2026-07-07T15:40:39Z,51.556133,-0.070856,61.7,2.5,2.0,99.9,6,1,3,2.64,104.6,3541.5
2026-07-07T15:40:39Z,,,,,,,,,,,,3551.9
2026-07-07T15:40:39Z,,,,,,,,,,,,3563.2
2026-07-07T15:40:39Z,,,,,,,,,,,,3574.3
2026-07-07T15:40:39Z,,,,,,,,,,,,3586.9
2026-07-07T15:40:39Z,51.556133,-0.070845,61.8,2.5,2.0,99.9,6,1,3,2.58,105.5,3601.1
2026-07-07T15:40:39Z,,,,,,,,,,,,3614.3
2026-07-07T15:40:40Z,,,,,,,,,,,,3623.7
2026-07-07T15:40:40Z,,,,,,,,,,,,3631.2
2026-07-07T15:40:40Z,,,,,,,,,,,,3637.1
2026-07-07T15:40:40Z,51.556129,-0.070834,62.1,2.5,2.0,99.9,6,1,3,2.72,109.9,3641.9
2026-07-07T15:40:40Z,,,,,,,,,,,,3647.6
2026-07-07T15:40:40Z,,,,,,,,,,,,3653.2
2026-07-07T15:40:40Z,,,,,,,,,,,,3655.0
2026-07-07T15:40:40Z,,,,,,,,,,,,3655.0
2026-07-07T15:40:40Z,51.556126,-0.070824,62.3,1.5,1.8,99.9,7,1,3,2.81,123.2,3653.9
2026-07-07T15:40:40Z,,,,,,,,,,,,3651.7
2026-07-07T15:40:41Z,,,,,,,,,,,,3649.2
2026-07-07T15:40:41Z,,,,,,,,,,,,3645.3
2026-07-07T15:40:41Z,,,,,,,,,,,,3641.0
2026-07-07T15:40:41Z,51.556122,-0.070814,62.4,1.5,1.8,99.9,7,1,3,2.97,125.8,3636.4
2026-07-07T15:40:41Z,,,,,,,,,,,,3628.7
2026-07-07T15:40:41Z,,,,,,,,,,,,3618.2
2026-07-07T15:40:41Z,,,,,,,,,,,,3609.6
2026-07-07T15:40:41Z,,,,,,,,,,,,3603.9
2026-07-07T15:40:41Z,51.556122,-0.070813,62.2,1.4,1.8,99.9,7,1,3,0.00,125.8,3599.8
2026-07-07T15:40:41Z,,,,,,,,,,,,3594.0
2026-07-07T15:40:42Z,,,,,,,,,,,,3585.0
2026-07-07T15:40:42Z,,,,,,,,,,,,3572.5
2026-07-07T15:40:42Z,,,,,,,,,,,,3562.2
2026-07-07T15:40:42Z,51.556122,-0.070811,62.1,1.4,1.8,99.9,7,1,3,0.00,125.8,3552.3
2026-07-07T15:40:42Z,,,,,,,,,,,,3541.4
2026-07-07T15:40:42Z,,,,,,,,,,,,3529.5
2026-07-07T15:40:42Z,,,,,,,,,,,,3517.2
2026-07-07T15:40:42Z,,,,,,,,,,,,3505.3
2026-07-07T15:40:42Z,51.556122,-0.070809,62.0,1.4,1.8,99.9,7,1,3,0.00,125.8,3493.0
2026-07-07T15:40:42Z,,,,,,,,,,,,3482.4
2026-07-07T15:40:43Z,,,,,,,,,,,,3474.7
2026-07-07T15:40:43Z,,,,,,,,,,,,3466.2
2026-07-07T15:40:43Z,,,,,,,,,,,,3460.1
2026-07-07T15:40:43Z,51.556118,-0.070808,62.0,1.4,1.8,99.9,7,1,3,0.00,125.8,3456.7
2026-07-07T15:40:43Z,,,,,,,,,,,,3457.2
2026-07-07T15:40:43Z,,,,,,,,,,,,3460.9
2026-07-07T15:40:43Z,,,,,,,,,,,,3467.3
2026-07-07T15:40:43Z,,,,,,,,,,,,3477.1
2026-07-07T15:40:43Z,51.556118,-0.070800,62.0,1.4,1.8,99.9,7,1,3,2.01,132.7,3488.4
2026-07-07T15:40:43Z,,,,,,,,,,,,3499.2
2026-07-07T15:40:44Z,,,,,,,,,,,,3509.3
2026-07-07T15:40:44Z,,,,,,,,,,,,3519.4
2026-07-07T15:40:44Z,,,,,,,,,,,,3527.9
2026-07-07T15:40:44Z,51.556110,-0.070785,62.0,1.4,1.8,99.9,7,1,3,3.47,121.8,3534.1
2026-07-07T15:40:44Z,,,,,,,,,,,,3536.9
2026-07-07T15:40:44Z,,,,,,,,,,,,3535.8
2026-07-07T15:40:44Z,,,,,,,,,,,,3534.1
2026-07-07T15:40:44Z,,,,,,,,,,,,3531.6
2026-07-07T15:40:44Z,51.556107,-0.070774,62.3,1.4,1.8,99.9,7,1,3,3.28,121.8,3526.0
2026-07-07T15:40:44Z,,,,,,,,,,,,3518.6
2026-07-07T15:40:45Z,,,,,,,,,,,,3509.9
2026-07-07T15:40:45Z,,,,,,,,,,,,3498.8
2026-07-07T15:40:45Z,,,,,,,,,,,,3492.0
2026-07-07T15:40:45Z,51.556103,-0.070761,62.3,1.4,1.8,99.9,7,1,3,3.31,125.4,3491.2
2026-07-07T15:40:45Z,,,,,,,,,,,,3497.3
2026-07-07T15:40:45Z,,,,,,,,,,,,3507.9
2026-07-07T15:40:45Z,,,,,,,,,,,,3524.1
2026-07-07T15:40:45Z,,,,,,,,,,,,3549.7
2026-07-07T15:40:45Z,51.556099,-0.070748,62.4,1.4,1.8,99.9,7,1,3,3.33,123.6,3581.8
2026-07-07T15:40:45Z,,,,,,,,,,,,3614.4
2026-07-07T15:40:46Z,,,,,,,,,,,,3642.2
2026-07-07T15:40:46Z,,,,,,,,,,,,3669.7
2026-07-07T15:40:46Z,,,,,,,,,,,,3692.7
2026-07-07T15:40:46Z,51.556091,-0.070735,62.4,1.4,1.8,99.9,7,1,3,3.36,120.0,3716.2
2026-07-07T15:40:46Z,,,,,,,,,,,,3736.5
2026-07-07T15:40:46Z,,,,,,,,,,,,3752.4
2026-07-07T15:40:46Z,,,,,,,,,,,,3762.3
2026-07-07T15:40:46Z,,,,,,,,,,,,3767.8
2026-07-07T15:40:46Z,51.556091,-0.070721,62.2,1.4,1.8,99.9,7,1,3,3.54,116.1,3773.2
2026-07-07T15:40:46Z,,,,,,,,,,,,3777.8
2026-07-07T15:40:47Z,,,,,,,,,,,,3779.6
2026-07-07T15:40:47Z,,,,,,,,,,,,3779.1
2026-07-07T15:40:47Z,,,,,,,,,,,,3778.0
2026-07-07T15:40:47Z,51.556087,-0.070706,62.1,1.4,1.8,99.9,7,1,3,3.58,114.9,3774.8
2026-07-07T15:40:47Z,,,,,,,,,,,,3769.3
2026-07-07T15:40:47Z,,,,,,,,,,,,3764.6
2026-07-07T15:40:47Z,,,,,,,,,,,,3759.9
2026-07-07T15:40:47Z,,,,,,,,,,,,3758.1
2026-07-07T15:40:47Z,51.556084,-0.070692,61.6,1.4,1.8,99.9,7,1,3,3.24,111.2,3761.3
2026-07-07T15:40:47Z,,,,,,,,,,,,3764.5
2026-07-07T15:40:48Z,,,,,,,,,,,,3770.2
2026-07-07T15:40:48Z,,,,,,,,,,,,3785.3
2026-07-07T15:40:48Z,,,,,,,,,,,,3807.1
2026-07-07T15:40:48Z,51.556080,-0.070678,61.5,1.4,1.8,99.9,7,1,3,3.58,109.8,3832.7
2026-07-07T15:40:48Z,,,,,,,,,,,,3856.1
2026-07-07T15:40:48Z,,,,,,,,,,,,3874.7
2026-07-07T15:40:48Z,,,,,,,,,,,,3893.3
2026-07-07T15:40:48Z,,,,,,,,,,,,3915.6
2026-07-07T15:40:48Z,51.556076,-0.070664,61.6,1.4,1.8,99.9,7,1,3,3.38,111.0,3935.8
2026-07-07T15:40:48Z,,,,,,,,,,,,3951.2
2026-07-07T15:40:49Z,,,,,,,,,,,,3961.6
2026-07-07T15:40:49Z,,,,,,,,,,,,3969.8
2026-07-07T15:40:49Z,,,,,,,,,,,,3976.2
2026-07-07T15:40:49Z,51.556072,-0.070651,61.5,1.4,1.8,99.9,7,1,3,3.52,112.4,3982.5
2026-07-07T15:40:49Z,,,,,,,,,,,,3988.9
2026-07-07T15:40:49Z,,,,,,,,,,,,3994.4
2026-07-07T15:40:49Z,,,,,,,,,,,,3999.2
2026-07-07T15:40:49Z,,,,,,,,,,,,4005.6
2026-07-07T15:40:49Z,51.556068,-0.070641,60.9,1.4,1.8,99.9,7,1,3,3.13,121.9,4014.1
2026-07-07T15:40:49Z,,,,,,,,,,,,4020.2
2026-07-07T15:40:50Z,,,,,,,,,,,,4025.5
2026-07-07T15:40:50Z,,,,,,,,,,,,4032.5
2026-07-07T15:40:50Z,,,,,,,,,,,,4034.4
2026-07-07T15:40:50Z,51.556065,-0.070630,60.8,1.4,1.8,99.9,7,1,3,3.18,122.3,4032.5
2026-07-07T15:40:50Z,,,,,,,,,,,,4031.5
2026-07-07T15:40:50Z,,,,,,,,,,,,4029.6
2026-07-07T15:40:50Z,,,,,,,,,,,,4027.9
2026-07-07T15:40:50Z,,,,,,,,,,,,4023.6
2026-07-07T15:40:50Z,51.556061,-0.070618,60.8,1.4,1.8,99.9,7,1,3,3.39,118.1,4016.3
2026-07-07T15:40:50Z,,,,,,,,,,,,4010.9
2026-07-07T15:40:51Z,,,,,,,,,,,,4008.0
2026-07-07T15:40:51Z,,,,,,,,,,,,4005.3
2026-07-07T15:40:51Z,,,,,,,,,,,,4000.2
2026-07-07T15:40:51Z,51.556057,-0.070606,60.8,1.4,1.8,99.9,7,1,3,3.56,114.9,3989.7
2026-07-07T15:40:51Z,,,,,,,,,,,,3974.8
2026-07-07T15:40:51Z,,,,,,,,,,,,3962.5
2026-07-07T15:40:51Z,,,,,,,,,,,,3953.3
2026-07-07T15:40:51Z,,,,,,,,,,,,3943.5
2026-07-07T15:40:51Z,51.556053,-0.070592,60.8,1.4,1.8,99.9,7,1,3,3.49,115.3,3934.1
2026-07-07T15:40:51Z,,,,,,,,,,,,3923.1
2026-07-07T15:40:52Z,,,,,,,,,,,,3913.7
2026-07-07T15:40:52Z,,,,,,,,,,,,3907.6
2026-07-07T15:40:52Z,,,,,,,,,,,,3902.8
2026-07-07T15:40:52Z,51.556049,-0.070577,60.8,1.4,1.8,99.9,7,1,3,3.71,117.7,3897.6
2026-07-07T15:40:52Z,,,,,,,,,,,,3890.8
2026-07-07T15:40:52Z,,,,,,,,,,,,3882.6
2026-07-07T15:40:52Z,,,,,,,,,,,,3874.6
2026-07-07T15:40:52Z,,,,,,,,,,,,3865.3
2026-07-07T15:40:52Z,51.556046,-0.070564,60.7,1.4,1.8,99.9,7,1,3,3.57,119.2,3853.6
2026-07-07T15:40:52Z,,,,,,,,,,,,3841.8
2026-07-07T15:40:53Z,,,,,,,,,,,,3829.7
2026-07-07T15:40:53Z,,,,,,,,,,,,3815.3
2026-07-07T15:40:53Z,,,,,,,,,,,,3803.4
2026-07-07T15:40:53Z,51.556038,-0.070552,60.6,1.4,1.8,99.9,7,1,3,3.65,130.7,3791.9
2026-07-07T15:40:53Z,,,,,,,,,,,,3784.1
2026-07-07T15:40:53Z,,,,,,,,,,,,3782.6
2026-07-07T15:40:53Z,,,,,,,,,,,,3782.6
2026-07-07T15:40:53Z,,,,,,,,,,,,3781.9
2026-07-07T15:40:53Z,51.556030,-0.070542,60.5,1.4,1.8,99.9,7,1,3,3.52,131.1,3781.0
2026-07-07T15:40:53Z,,,,,,,,,,,,3782.0
2026-07-07T15:40:54Z,,,,,,,,,,,,3785.4
2026-07-07T15:40:54Z,,,,,,,,,,,,3788.3
2026-07-07T15:40:54Z,,,,,,,,,,,,3787.8
2026-07-07T15:40:54Z,51.556026,-0.070531,60.4,1.4,1.8,99.9,7,1,3,3.46,127.1,3784.8
2026-07-07T15:40:54Z,,,,,,,,,,,,3784.1
2026-07-07T15:40:54Z,,,,,,,,,,,,3786.5
2026-07-07T15:40:54Z,,,,,,,,,,,,3787.4
2026-07-07T15:40:54Z,,,,,,,,,,,,3784.7
2026-07-07T15:40:54Z,51.556023,-0.070518,60.2,1.4,1.8,99.9,7,1,3,3.73,120.8,3777.6
2026-07-07T15:40:54Z,,,,,,,,,,,,3771.0
2026-07-07T15:40:55Z,,,,,,,,,,,,3767.5
2026-07-07T15:40:55Z,,,,,,,,,,,,3763.6
2026-07-07T15:40:55Z,,,,,,,,,,,,3757.9
2026-07-07T15:40:55Z,51.556019,-0.070506,60.2,1.4,1.8,99.9,7,1,3,3.63,122.2,3751.3
2026-07-07T15:40:55Z,,,,,,,,,,,,3746.5
2026-07-07T15:40:55Z,,,,,,,,,,,,3745.6
2026-07-07T15:40:55Z,,,,,,,,,,,,3746.1
2026-07-07T15:40:55Z,,,,,,,,,,,,3746.6
2026-07-07T15:40:55Z,51.556015,-0.070493,60.3,1.4,1.8,99.9,7,1,3,3.88,122.1,3748.0
2026-07-07T15:40:55Z,,,,,,,,,,,,3747.4
2026-07-07T15:40:56Z,,,,,,,,,,,,3746.7
2026-07-07T15:40:56Z,,,,,,,,,,,,3747.5
2026-07-07T15:40:56Z,,,,,,,,,,,,3747.1
2026-07-07T15:40:56Z,51.556011,-0.070492,60.2,1.4,1.8,99.9,7,1,3,0.00,122.1,3744.3
2026-07-07T15:40:56Z,,,,,,,,,,,,3740.7
2026-07-07T15:40:56Z,,,,,,,,,,,,3735.5
2026-07-07T15:40:56Z,,,,,,,,,,,,3728.4
2026-07-07T15:40:56Z,,,,,,,,,,,,3720.9
2026-07-07T15:40:56Z,51.556011,-0.070491,60.1,1.4,1.8,99.9,7,1,3,0.00,122.1,3713.8
2026-07-07T15:40:56Z,,,,,,,,,,,,3706.7
2026-07-07T15:40:57Z,,,,,,,,,,,,3697.7
2026-07-07T15:40:57Z,,,,,,,,,,,,3684.5
2026-07-07T15:40:57Z,,,,,,,,,,,,3671.8
2026-07-07T15:40:57Z,51.556011,-0.070491,60.0,1.4,1.8,99.9,7,1,3,0.00,122.1,3660.2
2026-07-07T15:40:57Z,,,,,,,,,,,,3649.4
2026-07-07T15:40:57Z,,,,,,,,,,,,3639.7
2026-07-07T15:40:57Z,,,,,,,,,,,,3628.8
2026-07-07T15:40:57Z,,,,,,,,,,,,3616.2
2026-07-07T15:40:57Z,51.556011,-0.070486,60.3,1.4,1.8,99.9,7,1,3,1.06,122.1,3606.9
2026-07-07T15:40:57Z,,,,,,,,,,,,3601.3
2026-07-07T15:40:58Z,,,,,,,,,,,,3596.9
2026-07-07T15:40:58Z,,,,,,,,,,,,3589.1
2026-07-07T15:40:58Z,,,,,,,,,,,,3578.9
2026-07-07T15:40:58Z,51.556007,-0.070481,60.3,1.4,1.8,99.9,7,1,3,1.28,122.1,3569.2
2026-07-07T15:40:58Z,,,,,,,,,,,,3562.3
2026-07-07T15:40:58Z,,,,,,,,,,,,3556.3
2026-07-07T15:40:58Z,,,,,,,,,,,,3547.0
2026-07-07T15:40:58Z,,,,,,,,,,,,3533.7
2026-07-07T15:40:58Z,51.556004,-0.070473,60.4,1.4,1.8,99.9,7,1,3,1.94,122.1,3522.0
2026-07-07T15:40:58Z,,,,,,,,,,,,3512.2
2026-07-07T15:40:59Z,,,,,,,,,,,,3502.9
2026-07-07T15:40:59Z,,,,,,,,,,,,3492.2
2026-07-07T15:40:59Z,,,,,,,,,,,,3481.2
2026-07-07T15:40:59Z,51.555996,-0.070463,60.4,1.4,1.8,99.9,7,1,3,2.51,136.3,3470.8
2026-07-07T15:40:59Z,,,,,,,,,,,,3463.3
2026-07-07T15:40:59Z,,,,,,,,,,,,3459.0
2026-07-07T15:40:59Z,,,,,,,,,,,,3456.5
2026-07-07T15:40:59Z,,,,,,,,,,,,3458.9
2026-07-07T15:40:59Z,51.555988,-0.070450,60.4,1.4,1.8,99.9,7,1,3,3.38,137.9,3472.0
2026-07-07T15:40:59Z,,,,,,,,,,,,3494.4
2026-07-07T15:41:00Z,,,,,,,,,,,,3520.4
2026-07-07T15:41:00Z,,,,,,,,,,,,3555.5
2026-07-07T15:41:00Z,,,,,,,,,,,,3589.4
2026-07-07T15:41:00Z,51.555981,-0.070440,60.4,1.4,1.8,99.9,7,1,3,3.41,140.8,3623.2
2026-07-07T15:41:00Z,,,,,,,,,,,,3653.4
2026-07-07T15:41:00Z,,,,,,,,,,,,3677.2
2026-07-07T15:41:00Z,,,,,,,,,,,,3696.3
2026-07-07T15:41:00Z,,,,,,,,,,,,3710.2
2026-07-07T15:41:00Z,51.555973,-0.070426,60.2,1.4,1.8,99.9,8,1,3,3.33,127.3,3722.9
2026-07-07T15:41:00Z,,,,,,,,,,,,3733.8
2026-07-07T15:41:01Z,,,,,,,,,,,,3738.6
2026-07-07T15:41:01Z,,,,,,,,,,,,3740.9
2026-07-07T15:41:01Z,,,,,,,,,,,,3744.0
2026-07-07T15:41:01Z,51.555969,-0.070413,60.1,1.4,1.8,99.9,8,1,3,3.12,116.8,3749.8
2026-07-07T15:41:01Z,,,,,,,,,,,,3758.9
2026-07-07T15:41:01Z,,,,,,,,,,,,3767.7
2026-07-07T15:41:01Z,,,,,,,,,,,,3773.0
2026-07-07T15:41:01Z,,,,,,,,,,,,3776.6
2026-07-07T15:41:01Z,51.555965,-0.070399,60.3,1.4,1.8,99.9,8,1,3,3.64,113.0,3782.2
2026-07-07T15:41:01Z,,,,,,,,,,,,3788.5
2026-07-07T15:41:02Z,,,,,,,,,,,,3790.4
2026-07-07T15:41:02Z,,,,,,,,,,,,3785.9
2026-07-07T15:41:02Z,,,,,,,,,,,,3776.7
2026-07-07T15:41:02Z,51.555962,-0.070386,60.1,1.4,1.8,99.9,8,1,3,3.21,113.0,3768.0
2026-07-07T15:41:02Z,,,,,,,,,,,,3761.0
2026-07-07T15:41:02Z,,,,,,,,,,,,3752.9
2026-07-07T15:41:02Z,,,,,,,,,,,,3741.1
2026-07-07T15:41:02Z,,,,,,,,,,,,3725.8
2026-07-07T15:41:02Z,51.555958,-0.070373,59.9,1.4,1.8,99.9,8,1,3,3.36,114.7,3709.6
2026-07-07T15:41:02Z,,,,,,,,,,,,3696.9
2026-07-07T15:41:03Z,,,,,,,,,,,,3684.5
2026-07-07T15:41:03Z,,,,,,,,,,,,3667.6
2026-07-07T15:41:03Z,,,,,,,,,,,,3651.3
2026-07-07T15:41:03Z,51.555954,-0.070358,59.8,1.4,1.8,99.9,8,1,3,3.92,118.5,3633.5
2026-07-07T15:41:03Z,,,,,,,,,,,,3616.6
2026-07-07T15:41:03Z,,,,,,,,,,,,3601.6
2026-07-07T15:41:03Z,,,,,,,,,,,,3586.2
2026-07-07T15:41:03Z,,,,,,,,,,,,3572.5
2026-07-07T15:41:03Z,51.555946,-0.070341,60.0,1.4,1.8,99.9,8,1,3,4.19,114.7,3559.7
2026-07-07T15:41:03Z,,,,,,,,,,,,3549.7
2026-07-07T15:41:04Z,,,,,,,,,,,,3544.2
2026-07-07T15:41:04Z,,,,,,,,,,,,3542.6
2026-07-07T15:41:04Z,,,,,,,,,,,,3546.2
2026-07-07T15:41:04Z,51.555943,-0.070327,59.8,1.4,1.8,99.9,8,1,3,3.81,114.8,3554.2
2026-07-07T15:41:04Z,,,,,,,,,,,,3563.6
2026-07-07T15:41:04Z,,,,,,,,,,,,3573.9
2026-07-07T15:41:04Z,,,,,,,,,,,,3584.8
2026-07-07T15:41:04Z,,,,,,,,,,,,3595.6
2026-07-07T15:41:04Z,51.555939,-0.070313,59.7,1.4,1.8,99.9,8,1,3,3.79,116.1,3606.8
2026-07-07T15:41:04Z,,,,,,,,,,,,3615.1
2026-07-07T15:41:05Z,,,,,,,,,,,,3621.1
2026-07-07T15:41:05Z,,,,,,,,,,,,3630.4
2026-07-07T15:41:05Z,,,,,,,,,,,,3642.1
2026-07-07T15:41:05Z,51.555931,-0.070300,59.6,1.4,1.8,99.9,8,1,3,3.66,117.6,3656.6
2026-07-07T15:41:05Z,,,,,,,,,,,,3670.4
2026-07-07T15:41:05Z,,,,,,,,,,,,3681.8
2026-07-07T15:41:05Z,,,,,,,,,,,,3693.7
2026-07-07T15:41:05Z,,,,,,,,,,,,3706.5
2026-07-07T15:41:05Z,51.555927,-0.070286,59.2,1.4,1.8,99.9,8,1,3,3.67,123.3,3717.0
2026-07-07T15:41:05Z,,,,,,,,,,,,3723.9
2026-07-07T15:41:06Z,,,,,,,,,,,,3724.7
2026-07-07T15:41:06Z,,,,,,,,,,,,3721.9
2026-07-07T15:41:06Z,,,,,,,,,,,,3719.2
2026-07-07T15:41:06Z,51.555920,-0.070276,59.3,1.4,1.8,99.9,8,1,3,3.46,129.4,3714.7
2026-07-07T15:41:06Z,,,,,,,,,,,,3707.7
2026-07-07T15:41:06Z,,,,,,,,,,,,3697.4
2026-07-07T15:41:06Z,,,,,,,,,,,,3685.4
2026-07-07T15:41:06Z,,,,,,,,,,,,3673.6
2026-07-07T15:41:06Z,51.555916,-0.070264,59.1,1.4,1.8,99.9,8,1,3,3.67,133.4,3663.5
2026-07-07T15:41:06Z,,,,,,,,,,,,3653.4
2026-07-07T15:41:07Z,,,,,,,,,,,,3642.5
2026-07-07T15:41:07Z,,,,,,,,,,,,3627.5
2026-07-07T15:41:07Z,,,,,,,,,,,,3613.7
2026-07-07T15:41:07Z,51.555908,-0.070254,58.9,1.4,1.8,99.9,8,1,3,3.40,140.9,3601.3
2026-07-07T15:41:07Z,,,,,,,,,,,,3589.4
2026-07-07T15:41:07Z,,,,,,,,,,,,3578.1
2026-07-07T15:41:07Z,,,,,,,,,,,,3565.7
2026-07-07T15:41:07Z,,,,,,,,,,,,3552.9
2026-07-07T15:41:07Z,51.555901,-0.070244,58.7,1.4,1.8,99.9,8,1,3,3.71,139.1,3541.7
2026-07-07T15:41:07Z,,,,,,,,,,,,3532.6
2026-07-07T15:41:08Z,,,,,,,,,,,,3524.0
2026-07-07T15:41:08Z,,,,,,,,,,,,3513.2
2026-07-07T15:41:08Z,,,,,,,,,,,,3502.7
2026-07-07T15:41:08Z,51.555893,-0.070233,58.6,1.4,1.8,99.9,8,1,3,3.55,137.6,3494.3
2026-07-07T15:41:08Z,,,,,,,,,,,,3490.5
2026-07-07T15:41:08Z,,,,,,,,,,,,3489.9
2026-07-07T15:41:08Z,,,,,,,,,,,,3492.2
2026-07-07T15:41:08Z,,,,,,,,,,,,3499.1
2026-07-07T15:41:08Z,51.555885,-0.070222,58.4,1.4,1.8,99.9,8,1,3,3.46,135.6,3509.5
2026-07-07T15:41:08Z,,,,,,,,,,,,3522.7
2026-07-07T15:41:09Z,,,,,,,,,,,,3535.3
2026-07-07T15:41:09Z,,,,,,,,,,,,3548.0
2026-07-07T15:41:09Z,,,,,,,,,,,,3559.3
2026-07-07T15:41:09Z,51.555882,-0.070212,58.3,1.4,1.8,99.9,8,1,3,3.34,137.7,3569.9
2026-07-07T15:41:09Z,,,,,,,,,,,,3579.7
2026-07-07T15:41:09Z,,,,,,,,,,,,3588.9
2026-07-07T15:41:09Z,,,,,,,,,,,,3596.2
2026-07-07T15:41:09Z,,,,,,,,,,,,3603.3
2026-07-07T15:41:09Z,51.555874,-0.070200,58.2,1.4,1.8,99.9,8,1,3,3.56,123.3,3612.0
2026-07-07T15:41:09Z,,,,,,,,,,,,3619.8
2026-07-07T15:41:10Z,,,,,,,,,,,,3625.7
2026-07-07T15:41:10Z,,,,,,,,,,,,3631.9
2026-07-07T15:41:10Z,,,,,,,,,,,,3636.7
2026-07-07T15:41:10Z,51.555870,-0.070188,58.1,1.4,1.8,99.9,8,1,3,3.18,123.4,3640.4
2026-07-07T15:41:10Z,,,,,,,,,,,,3643.0
2026-07-07T15:41:10Z,,,,,,,,,,,,3644.8
2026-07-07T15:41:10Z,,,,,,,,,,,,3646.4
2026-07-07T15:41:10Z,,,,,,,,,,,,3647.3
2026-07-07T15:41:10Z,51.555862,-0.070176,58.1,1.4,1.8,99.9,8,1,3,3.43,124.6,3648.4
2026-07-07T15:41:10Z,,,,,,,,,,,,3648.0
2026-07-07T15:41:11Z,,,,,,,,,,,,3644.1
2026-07-07T15:41:11Z,,,,,,,,,,,,3639.3
2026-07-07T15:41:11Z,,,,,,,,,,,,3635.1
2026-07-07T15:41:11Z,51.555859,-0.070164,58.0,1.4,1.8,99.9,8,1,3,3.34,124.8,3631.1
2026-07-07T15:41:11Z,,,,,,,,,,,,3628.5
2026-07-07T15:41:11Z,,,,,,,,,,,,3625.5
2026-07-07T15:41:11Z,,,,,,,,,,,,3622.5
2026-07-07T15:41:11Z,,,,,,,,,,,,3622.2
2026-07-07T15:41:11Z,51.555855,-0.070151,57.8,1.4,1.8,99.9,8,1,3,3.44,117.0,3624.5
2026-07-07T15:41:11Z,,,,,,,,,,,,3627.7
2026-07-07T15:41:12Z,,,,,,,,,,,,3628.9
2026-07-07T15:41:12Z,,,,,,,,,,,,3628.5
2026-07-07T15:41:12Z,,,,,,,,,,,,3627.2
2026-07-07T15:41:12Z,51.555847,-0.070139,57.7,1.4,1.8,99.9,8,1,3,3.28,116.3,3625.7
2026-07-07T15:41:12Z,,,,,,,,,,,,3625.2
2026-07-07T15:41:12Z,,,,,,,,,,,,3623.5
2026-07-07T15:41:12Z,,,,,,,,,,,,3618.8
2026-07-07T15:41:12Z,,,,,,,,,,,,3613.5
2026-07-07T15:41:12Z,51.555847,-0.070126,57.6,1.4,1.8,99.9,8,1,3,3.27,108.0,3610.0
2026-07-07T15:41:12Z,,,,,,,,,,,,3606.7
2026-07-07T15:41:13Z,,,,,,,,,,,,3602.6
2026-07-07T15:41:13Z,,,,,,,,,,,,3596.6
2026-07-07T15:41:13Z,,,,,,,,,,,,3588.9
2026-07-07T15:41:13Z,51.555843,-0.070124,57.2,1.4,1.8,99.9,8,1,3,0.00,108.0,3582.4
2026-07-07T15:41:13Z,,,,,,,,,,,,3577.8
2026-07-07T15:41:13Z,,,,,,,,,,,,3572.8
2026-07-07T15:41:13Z,,,,,,,,,,,,3565.7
2026-07-07T15:41:13Z,,,,,,,,,,,,3556.5
2026-07-07T15:41:13Z,51.555843,-0.070123,56.9,1.4,1.8,99.9,8,1,3,0.00,108.0,3548.3
2026-07-07T15:41:13Z,,,,,,,,,,,,3541.5
2026-07-07T15:41:14Z,,,,,,,,,,,,3534.5
2026-07-07T15:41:14Z,,,,,,,,,,,,3526.8
2026-07-07T15:41:14Z,,,,,,,,,,,,3519.7
2026-07-07T15:41:14Z,51.555843,-0.070121,56.5,1.4,1.8,99.9,8,1,3,0.00,108.0,3514.4
2026-07-07T15:41:14Z,,,,,,,,,,,,3513.5
2026-07-07T15:41:14Z,,,,,,,,,,,,3516.5
2026-07-07T15:41:14Z,,,,,,,,,,,,3522.0
2026-07-07T15:41:14Z,,,,,,,,,,,,3528.3
2026-07-07T15:41:14Z,51.555840,-0.070119,56.2,1.4,1.8,99.9,8,1,3,0.00,108.0,3536.0
2026-07-07T15:41:14Z,,,,,,,,,,,,3544.7
2026-07-07T15:41:15Z,,,,,,,,,,,,3552.1
2026-07-07T15:41:15Z,,,,,,,,,,,,3558.6
2026-07-07T15:41:15Z,,,,,,,,,,,,3563.0
2026-07-07T15:41:15Z,51.555840,-0.070118,55.9,1.4,1.8,99.9,8,1,3,0.00,108.0,3564.4
2026-07-07T15:41:15Z,,,,,,,,,,,,3563.9
2026-07-07T15:41:15Z,,,,,,,,,,,,3564.2
2026-07-07T15:41:15Z,,,,,,,,,,,,3564.3
2026-07-07T15:41:15Z,,,,,,,,,,,,3563.8
2026-07-07T15:41:15Z,51.555840,-0.070116,55.6,1.4,1.8,99.9,8,1,3,0.00,108.0,3565.4
2026-07-07T15:41:15Z,,,,,,,,,,,,3569.0
2026-07-07T15:41:16Z,,,,,,,,,,,,3573.9
2026-07-07T15:41:16Z,,,,,,,,,,,,3580.6
2026-07-07T15:41:16Z,,,,,,,,,,,,3587.2
2026-07-07T15:41:16Z,51.555832,-0.070109,55.7,1.4,1.8,99.9,8,1,3,2.10,136.0,3593.2
2026-07-07T15:41:16Z,,,,,,,,,,,,3597.5
2026-07-07T15:41:16Z,,,,,,,,,,,,3600.4
2026-07-07T15:41:16Z,,,,,,,,,,,,3601.6
2026-07-07T15:41:16Z,,,,,,,,,,,,3600.5
2026-07-07T15:41:16Z,51.555828,-0.070099,55.5,1.4,1.8,99.9,8,1,3,2.67,132.1,3597.5
2026-07-07T15:41:16Z,,,,,,,,,,,,3592.8
2026-07-07T15:41:17Z,,,,,,,,,,,,3586.5
2026-07-07T15:41:17Z,,,,,,,,,,,,3577.6
2026-07-07T15:41:17Z,,,,,,,,,,,,3569.2
2026-07-07T15:41:17Z,51.555828,-0.070097,55.3,1.4,1.8,99.9,8,1,3,0.00,132.1,3561.1
2026-07-07T15:41:17Z,,,,,,,,,,,,3553.8
2026-07-07T15:41:17Z,,,,,,,,,,,,3546.6
2026-07-07T15:41:17Z,,,,,,,,,,,,3540.3
2026-07-07T15:41:17Z,,,,,,,,,,,,3537.0
2026-07-07T15:41:17Z,51.555824,-0.070096,55.0,1.4,1.8,99.9,8,1,3,0.00,132.1,3537.5
2026-07-07T15:41:17Z,,,,,,,,,,,,3541.6
2026-07-07T15:41:18Z,,,,,,,,,,,,3547.5
2026-07-07T15:41:18Z,,,,,,,,,,,,3553.9
2026-07-07T15:41:18Z,,,,,,,,,,,,3561.1
2026-07-07T15:41:18Z,51.555824,-0.070094,54.8,1.4,1.8,99.9,8,1,3,0.00,132.1,3570.1
2026-07-07T15:41:18Z,,,,,,,,,,,,3579.9
2026-07-07T15:41:18Z,,,,,,,,,,,,3589.5
2026-07-07T15:41:18Z,,,,,,,,,,,,3595.9
2026-07-07T15:41:18Z,,,,,,,,,,,,3599.3
2026-07-07T15:41:18Z,51.555824,-0.070084,54.5,1.4,1.8,99.9,8,1,3,2.44,105.0,3602.3
2026-07-07T15:41:18Z,,,,,,,,,,,,3605.7
2026-07-07T15:41:19Z,,,,,,,,,,,,3608.0
2026-07-07T15:41:19Z,,,,,,,,,,,,3610.3
2026-07-07T15:41:19Z,,,,,,,,,,,,3612.5
2026-07-07T15:41:19Z,51.555817,-0.070071,54.7,1.4,1.8,99.9,8,1,3,3.15,114.5,3616.3
2026-07-07T15:41:19Z,,,,,,,,,,,,3623.7
2026-07-07T15:41:19Z,,,,,,,,,,,,3633.6
2026-07-07T15:41:19Z,,,,,,,,,,,,3644.9
2026-07-07T15:41:19Z,,,,,,,,,,,,3656.2
2026-07-07T15:41:19Z,51.555813,-0.070058,54.6,1.4,1.8,99.9,8,1,3,3.15,116.3,3664.4
2026-07-07T15:41:19Z,,,,,,,,,,,,3673.8
2026-07-07T15:41:20Z,,,,,,,,,,,,3684.8
2026-07-07T15:41:20Z,,,,,,,,,,,,3695.6
2026-07-07T15:41:20Z,,,,,,,,,,,,3703.6
2026-07-07T15:41:20Z,51.555809,-0.070047,54.6,1.4,1.8,99.9,8,1,3,2.78,124.0,3706.9
2026-07-07T15:41:20Z,,,,,,,,,,,,3709.6
2026-07-07T15:41:20Z,,,,,,,,,,,,3714.9
2026-07-07T15:41:20Z,,,,,,,,,,,,3719.4
2026-07-07T15:41:20Z,,,,,,,,,,,,3722.0
2026-07-07T15:41:20Z,51.555805,-0.070035,54.4,1.4,1.8,99.9,8,1,3,2.96,118.3,3722.2
2026-07-07T15:41:20Z,,,,,,,,,,,,3722.0
2026-07-07T15:41:21Z,,,,,,,,,,,,3722.8
2026-07-07T15:41:21Z,,,,,,,,,,,,3723.3
2026-07-07T15:41:21Z,,,,,,,,,,,,3721.6
2026-07-07T15:41:21Z,51.555801,-0.070023,54.1,1.4,1.8,99.9,8,1,3,3.07,121.6,3717.0
2026-07-07T15:41:21Z,,,,,,,,,,,,3709.9
2026-07-07T15:41:21Z,,,,,,,,,,,,3701.8
2026-07-07T15:41:21Z,,,,,,,,,,,,3694.6
2026-07-07T15:41:21Z,,,,,,,,,,,,3686.4
2026-07-07T15:41:21Z,51.555798,-0.070011,54.1,1.4,1.8,99.9,8,1,3,3.38,123.2,3677.1
2026-07-07T15:41:21Z,,,,,,,,,,,,3669.9
2026-07-07T15:41:22Z,,,,,,,,,,,,3665.4
2026-07-07T15:41:22Z,,,,,,,,,,,,3663.4
2026-07-07T15:41:22Z,,,,,,,,,,,,3664.7
2026-07-07T15:41:22Z,51.555790,-0.070000,53.6,1.4,1.8,99.9,8,1,3,3.25,126.0,3667.8
2026-07-07T15:41:22Z,,,,,,,,,,,,3673.1
2026-07-07T15:41:22Z,,,,,,,,,,,,3678.8
2026-07-07T15:41:22Z,,,,,,,,,,,,3685.8
2026-07-07T15:41:22Z,,,,,,,,,,,,3695.4
2026-07-07T15:41:22Z,51.555786,-0.069988,53.4,1.4,1.8,99.9,8,1,3,3.21,116.1,3703.8
2026-07-07T15:41:22Z,,,,,,,,,,,,3711.0
2026-07-07T15:41:23Z,,,,,,,,,,,,3716.0
2026-07-07T15:41:23Z,,,,,,,,,,,,3719.0
2026-07-07T15:41:23Z,,,,,,,,,,,,3720.4
2026-07-07T15:41:23Z,51.555782,-0.069976,53.2,1.4,1.8,99.9,8,1,3,3.35,121.3,3720.3
2026-07-07T15:41:23Z,,,,,,,,,,,,3719.8
2026-07-07T15:41:23Z,,,,,,,,,,,,3718.9
2026-07-07T15:41:23Z,,,,,,,,,,,,3716.7
2026-07-07T15:41:23Z,,,,,,,,,,,,3712.8
2026-07-07T15:41:23Z,51.555775,-0.069964,53.1,1.4,1.8,99.9,8,1,3,3.24,125.5,3708.9
2026-07-07T15:41:23Z,,,,,,,,,,,,3707.0
2026-07-07T15:41:24Z,,,,,,,,,,,,3706.6
2026-07-07T15:41:24Z,,,,,,,,,,,,3704.6
2026-07-07T15:41:24Z,,,,,,,,,,,,3700.1
2026-07-07T15:41:24Z,51.555771,-0.069951,53.0,1.4,1.8,99.9,8,1,3,3.62,125.8,3694.6
2026-07-07T15:41:24Z,,,,,,,,,,,,3690.6
2026-07-07T15:41:24Z,,,,,,,,,,,,3687.4
2026-07-07T15:41:24Z,,,,,,,,,,,,3685.4
2026-07-07T15:41:24Z,,,,,,,,,,,,3683.4
2026-07-07T15:41:24Z,51.555763,-0.069939,52.8,1.4,1.8,99.9,8,1,3,3.45,126.2,3681.3
2026-07-07T15:41:24Z,,,,,,,,,,,,3681.7
2026-07-07T15:41:25Z,,,,,,,,,,,,3683.3
2026-07-07T15:41:25Z,,,,,,,,,,,,3685.2
2026-07-07T15:41:25Z,,,,,,,,,,,,3685.7
2026-07-07T15:41:25Z,51.555756,-0.069927,52.6,1.4,1.8,99.9,8,1,3,3.39,126.3,3682.9
2026-07-07T15:41:25Z,,,,,,,,,,,,3679.6
2026-07-07T15:41:25Z,,,,,,,,,,,,3678.2
2026-07-07T15:41:25Z,,,,,,,,,,,,3677.6
2026-07-07T15:41:25Z,,,,,,,,,,,,3677.4
2026-07-07T15:41:25Z,51.555752,-0.069918,52.4,1.4,1.8,99.9,8,1,3,2.89,132.4,3676.8
2026-07-07T15:41:25Z,,,,,,,,,,,,3677.0
2026-07-07T15:41:26Z,,,,,,,,,,,,3680.6
2026-07-07T15:41:26Z,,,,,,,,,,,,3685.9
2026-07-07T15:41:26Z,,,,,,,,,,,,3689.9
2026-07-07T15:41:26Z,51.555744,-0.069908,52.2,1.4,1.8,99.9,8,1,3,3.10,131.2,3692.4
2026-07-07T15:41:26Z,,,,,,,,,,,,3693.7
2026-07-07T15:41:26Z,,,,,,,,,,,,3695.0
2026-07-07T15:41:26Z,,,,,,,,,,,,3697.6
2026-07-07T15:41:26Z,,,,,,,,,,,,3699.6
2026-07-07T15:41:26Z,51.555737,-0.069897,52.0,1.4,1.8,99.9,8,1,3,3.16,132.6,3700.4
2026-07-07T15:41:26Z,,,,,,,,,,,,3700.2
2026-07-07T15:41:27Z,,,,,,,,,,,,3698.8
2026-07-07T15:41:27Z,,,,,,,,,,,,3698.6
2026-07-07T15:41:27Z,,,,,,,,,,,,3701.0
2026-07-07T15:41:27Z,51.555733,-0.069886,51.6,1.4,1.8,99.9,8,1,3,3.37,132.1,3705.7
2026-07-07T15:41:27Z,,,,,,,,,,,,3713.5
2026-07-07T15:41:27Z,,,,,,,,,,,,3723.0
2026-07-07T15:41:27Z,,,,,,,,,,,,3734.6
2026-07-07T15:41:27Z,,,,,,,,,,,,3747.4
2026-07-07T15:41:27Z,51.555725,-0.069876,51.3,1.4,1.8,99.9,8,1,3,3.40,133.5,3759.5
2026-07-07T15:41:27Z,,,,,,,,,,,,3770.2
2026-07-07T15:41:28Z,,,,,,,,,,,,3777.8
2026-07-07T15:41:28Z,,,,,,,,,,,,3783.7
2026-07-07T15:41:28Z,,,,,,,,,,,,3789.0
2026-07-07T15:41:28Z,51.555717,-0.069867,51.1,1.4,1.8,99.9,8,1,3,3.30,134.4,3794.6
2026-07-07T15:41:28Z,,,,,,,,,,,,3798.5
2026-07-07T15:41:28Z,,,,,,,,,,,,3801.7
2026-07-07T15:41:28Z,,,,,,,,,,,,3803.0
2026-07-07T15:41:28Z,,,,,,,,,,,,3803.2
2026-07-07T15:41:28Z,51.555714,-0.069855,51.0,1.4,1.8,99.9,8,1,3,3.31,131.1,3804.3
2026-07-07T15:41:28Z,,,,,,,,,,,,3803.7
2026-07-07T15:41:29Z,,,,,,,,,,,,3803.0
2026-07-07T15:41:29Z,,,,,,,,,,,,3803.2
2026-07-07T15:41:29Z,,,,,,,,,,,,3802.9
2026-07-07T15:41:29Z,51.555706,-0.069844,50.7,1.4,1.8,99.9,8,1,3,3.38,131.9,3804.0
2026-07-07T15:41:29Z,,,,,,,,,,,,3807.4
2026-07-07T15:41:29Z,,,,,,,,,,,,3811.7
2026-07-07T15:41:29Z,,,,,,,,,,,,3816.6
2026-07-07T15:41:29Z,,,,,,,,,,,,3820.5
2026-07-07T15:41:29Z,51.555698,-0.069833,50.5,1.4,1.8,99.9,8,1,3,3.39,128.9,3824.7
2026-07-07T15:41:29Z,,,,,,,,,,,,3832.0
2026-07-07T15:41:30Z,,,,,,,,,,,,3842.0
2026-07-07T15:41:30Z,,,,,,,,,,,,3856.4
2026-07-07T15:41:30Z,,,,,,,,,,,,3870.1
2026-07-07T15:41:30Z,51.555695,-0.069819,50.4,1.4,1.8,99.9,8,1,3,3.64,117.9,3880.4
2026-07-07T15:41:30Z,,,,,,,,,,,,3888.5
2026-07-07T15:41:30Z,,,,,,,,,,,,3895.3
2026-07-07T15:41:30Z,,,,,,,,,,,,3901.5
2026-07-07T15:41:30Z,,,,,,,,,,,,3904.7
2026-07-07T15:41:30Z,51.555691,-0.069806,50.0,1.4,1.8,99.9,8,1,3,3.51,120.3,3901.8
2026-07-07T15:41:30Z,,,,,,,,,,,,3893.5
2026-07-07T15:41:31Z,,,,,,,,,,,,3886.4
2026-07-07T15:41:31Z,,,,,,,,,,,,3879.3
2026-07-07T15:41:31Z,,,,,,,,,,,,3869.6
2026-07-07T15:41:31Z,51.555683,-0.069794,49.8,1.4,1.8,99.9,8,1,3,3.58,129.4,3857.2
2026-07-07T15:41:31Z,,,,,,,,,,,,3841.7
2026-07-07T15:41:31Z,,,,,,,,,,,,3826.0
2026-07-07T15:41:31Z,,,,,,,,,,,,3812.9
2026-07-07T15:41:31Z,,,,,,,,,,,,3800.1
2026-07-07T15:41:31Z,51.555676,-0.069783,49.7,1.4,1.8,99.9,8,1,3,3.43,130.3,3788.7
2026-07-07T15:41:31Z,,,,,,,,,,,,3775.5
2026-07-07T15:41:32Z,,,,,,,,,,,,3763.0
2026-07-07T15:41:32Z,,,,,,,,,,,,3753.0
2026-07-07T15:41:32Z,,,,,,,,,,,,3744.7
2026-07-07T15:41:32Z,51.555672,-0.069770,49.7,1.4,1.8,99.9,8,1,3,3.79,127.0,3735.5
2026-07-07T15:41:32Z,,,,,,,,,,,,3726.5
2026-07-07T15:41:32Z,,,,,,,,,,,,3717.6
2026-07-07T15:41:32Z,,,,,,,,,,,,3709.2
2026-07-07T15:41:32Z,,,,,,,,,,,,3702.5
2026-07-07T15:41:32Z,51.555664,-0.069759,49.6,1.4,1.8,99.9,8,1,3,3.49,129.6,3697.3
2026-07-07T15:41:32Z,,,,,,,,,,,,3694.1
2026-07-07T15:41:33Z,,,,,,,,,,,,3695.0
2026-07-07T15:41:33Z,,,,,,,,,,,,3699.4
2026-07-07T15:41:33Z,,,,,,,,,,,,3706.2
2026-07-07T15:41:33Z,51.555656,-0.069747,49.4,1.4,1.8,99.9,8,1,3,3.54,129.4,3715.6
2026-07-07T15:41:33Z,,,,,,,,,,,,3725.3
2026-07-07T15:41:33Z,,,,,,,,,,,,3734.7
2026-07-07T15:41:33Z,,,,,,,,,,,,3742.5
2026-07-07T15:41:33Z,,,,,,,,,,,,3748.7
2026-07-07T15:41:33Z,51.555653,-0.069737,49.2,1.4,1.8,99.9,8,1,3,3.29,131.2,3754.3
2026-07-07T15:41:33Z,,,,,,,,,,,,3758.1
2026-07-07T15:41:34Z,,,,,,,,,,,,3760.1
2026-07-07T15:41:34Z,,,,,,,,,,,,3761.5
2026-07-07T15:41:34Z,,,,,,,,,,,,3760.9
2026-07-07T15:41:34Z,51.555645,-0.069726,49.2,1.4,1.8,99.9,8,1,3,3.77,130.3,3758.5
2026-07-07T15:41:34Z,,,,,,,,,,,,3755.4
2026-07-07T15:41:34Z,,,,,,,,,,,,3752.1
2026-07-07T15:41:34Z,,,,,,,,,,,,3748.0
2026-07-07T15:41:34Z,,,,,,,,,,,,3743.1
2026-07-07T15:41:34Z,51.555637,-0.069717,49.7,1.4,1.8,99.9,8,1,3,3.54,133.3,3736.7
2026-07-07T15:41:34Z,,,,,,,,,,,,3731.0
2026-07-07T15:41:35Z,,,,,,,,,,,,3726.7
2026-07-07T15:41:35Z,,,,,,,,,,,,3723.4
2026-07-07T15:41:35Z,,,,,,,,,,,,3721.4
2026-07-07T15:41:35Z,51.555630,-0.069706,49.8,1.4,1.8,99.9,8,1,3,3.60,133.8,3719.4
2026-07-07T15:41:35Z,,,,,,,,,,,,3721.1
2026-07-07T15:41:35Z,,,,,,,,,,,,3728.1
2026-07-07T15:41:35Z,,,,,,,,,,,,3739.3
2026-07-07T15:41:35Z,,,,,,,,,,,,3755.4
2026-07-07T15:41:35Z,51.555626,-0.069697,49.6,1.4,1.8,99.9,8,1,3,3.16,134.0,3774.8
2026-07-07T15:41:35Z,,,,,,,,,,,,3794.1
2026-07-07T15:41:36Z,,,,,,,,,,,,3811.6
2026-07-07T15:41:36Z,,,,,,,,,,,,3832.7
2026-07-07T15:41:36Z,,,,,,,,,,,,3851.7
2026-07-07T15:41:36Z,51.555622,-0.069687,49.3,1.4,1.8,99.9,8,1,3,3.28,132.3,3865.1
2026-07-07T15:41:36Z,,,,,,,,,,,,3872.1
2026-07-07T15:41:36Z,,,,,,,,,,,,3874.0
2026-07-07T15:41:36Z,,,,,,,,,,,,3872.9
2026-07-07T15:41:36Z,,,,,,,,,,,,3870.3
2026-07-07T15:41:36Z,51.555614,-0.069677,49.2,1.4,1.8,99.9,8,1,3,3.25,131.3,3867.6
2026-07-07T15:41:36Z,,,,,,,,,,,,3864.9
2026-07-07T15:41:37Z,,,,,,,,,,,,3861.1
2026-07-07T15:41:37Z,,,,,,,,,,,,3858.8
2026-07-07T15:41:37Z,,,,,,,,,,,,3860.2
2026-07-07T15:41:37Z,51.555611,-0.069666,49.2,1.4,1.8,99.9,8,1,3,3.39,128.4,3862.3
2026-07-07T15:41:37Z,,,,,,,,,,,,3863.5
2026-07-07T15:41:37Z,,,,,,,,,,,,3861.7
2026-07-07T15:41:37Z,,,,,,,,,,,,3859.4
2026-07-07T15:41:37Z,,,,,,,,,,,,3859.8
2026-07-07T15:41:37Z,51.555603,-0.069658,49.3,1.4,1.8,99.9,8,1,3,3.01,132.9,3861.4
2026-07-07T15:41:37Z,,,,,,,,,,,,3862.9
2026-07-07T15:41:38Z,,,,,,,,,,,,3864.1
2026-07-07T15:41:38Z,,,,,,,,,,,,3866.7
2026-07-07T15:41:38Z,,,,,,,,,,,,3872.3
2026-07-07T15:41:38Z,51.555599,-0.069649,49.3,1.4,1.8,99.9,8,1,3,3.45,133.0,3879.1
2026-07-07T15:41:38Z,,,,,,,,,,,,3883.1
2026-07-07T15:41:38Z,,,,,,,,,,,,3884.2
2026-07-07T15:41:38Z,,,,,,,,,,,,3882.0
2026-07-07T15:41:38Z,,,,,,,,,,,,3876.0
2026-07-07T15:41:38Z,51.555592,-0.069639,49.3,1.4,1.8,99.9,8,1,3,3.22,133.6,3870.7
2026-07-07T15:41:38Z,,,,,,,,,,,,3865.2
2026-07-07T15:41:39Z,,,,,,,,,,,,3856.7
2026-07-07T15:41:39Z,,,,,,,,,,,,3845.7
2026-07-07T15:41:39Z,,,,,,,,,,,,3833.9
2026-07-07T15:41:39Z,51.555588,-0.069630,49.2,1.4,1.8,99.9,8,1,3,3.22,135.3,3823.5
2026-07-07T15:41:39Z,,,,,,,,,,,,3815.1
2026-07-07T15:41:39Z,,,,,,,,,,,,3807.1
2026-07-07T15:41:39Z,,,,,,,,,,,,3798.1
2026-07-07T15:41:39Z,,,,,,,,,,,,3788.1
2026-07-07T15:41:39Z,51.555580,-0.069623,49.2,1.4,1.8,99.9,8,1,3,2.77,138.0,3779.1
2026-07-07T15:41:39Z,,,,,,,,,,,,3771.9
2026-07-07T15:41:40Z,,,,,,,,,,,,3765.4
2026-07-07T15:41:40Z,,,,,,,,,,,,3760.9
2026-07-07T15:41:40Z,,,,,,,,,,,,3758.6
2026-07-07T15:41:40Z,51.555576,-0.069612,48.5,1.4,1.8,99.9,8,1,3,3.55,129.6,3756.9
2026-07-07T15:41:40Z,,,,,,,,,,,,3756.3
2026-07-07T15:41:40Z,,,,,,,,,,,,3757.0
2026-07-07T15:41:40Z,,,,,,,,,,,,3757.1
2026-07-07T15:41:40Z,,,,,,,,,,,,3757.6
2026-07-07T15:41:40Z,51.555569,-0.069606,49.4,1.2,1.8,99.9,9,1,3,2.54,139.9,3759.4
2026-07-07T15:41:40Z,,,,,,,,,,,,3762.0
2026-07-07T15:41:41Z,,,,,,,,,,,,3766.0
2026-07-07T15:41:41Z,,,,,,,,,,,,3770.1
2026-07-07T15:41:41Z,,,,,,,,,,,,3774.8
2026-07-07T15:41:41Z,51.555565,-0.069599,49.6,1.2,1.8,99.9,9,1,3,3.16,140.1,3779.0
2026-07-07T15:41:41Z,,,,,,,,,,,,3780.7
2026-07-07T15:41:41Z,,,,,,,,,,,,3780.4
2026-07-07T15:41:41Z,,,,,,,,,,,,3778.1
2026-07-07T15:41:41Z,,,,,,,,,,,,3775.2
2026-07-07T15:41:41Z,51.555557,-0.069592,49.6,1.2,1.8,99.9,9,1,3,2.81,146.1,3772.2
2026-07-07T15:41:41Z,,,,,,,,,,,,3767.7
2026-07-07T15:41:42Z,,,,,,,,,,,,3762.1
2026-07-07T15:41:42Z,,,,,,,,,,,,3755.9
2026-07-07T15:41:42Z,,,,,,,,,,,,3750.3
2026-07-07T15:41:42Z,51.555553,-0.069586,49.8,1.2,1.8,99.9,9,1,3,3.01,143.2,3745.4
2026-07-07T15:41:42Z,,,,,,,,,,,,3739.6
2026-07-07T15:41:42Z,,,,,,,,,,,,3732.3
2026-07-07T15:41:42Z,,,,,,,,,,,,3724.3
2026-07-07T15:41:42Z,,,,,,,,,,,,3715.8
2026-07-07T15:41:42Z,51.555546,-0.069580,50.1,1.2,1.8,99.9,9,1,3,2.96,144.5,3707.5
2026-07-07T15:41:42Z,,,,,,,,,,,,3698.6
2026-07-07T15:41:43Z,,,,,,,,,,,,3688.0
2026-07-07T15:41:43Z,,,,,,,,,,,,3676.0
2026-07-07T15:41:43Z,,,,,,,,,,,,3665.5
2026-07-07T15:41:43Z,51.555542,-0.069573,50.3,1.2,1.8,99.9,9,1,3,2.84,143.7,3655.8
2026-07-07T15:41:43Z,,,,,,,,,,,,3646.6
2026-07-07T15:41:43Z,,,,,,,,,,,,3637.4
2026-07-07T15:41:43Z,,,,,,,,,,,,3627.8
2026-07-07T15:41:43Z,,,,,,,,,,,,3618.3
2026-07-07T15:41:43Z,51.555538,-0.069566,50.5,1.2,1.8,99.9,9,1,3,2.89,142.7,3610.9
2026-07-07T15:41:43Z,,,,,,,,,,,,3604.7
2026-07-07T15:41:44Z,,,,,,,,,,,,3600.8
2026-07-07T15:41:44Z,,,,,,,,,,,,3597.7
2026-07-07T15:41:44Z,,,,,,,,,,,,3597.6
2026-07-07T15:41:44Z,51.555531,-0.069559,50.6,1.2,1.8,99.9,9,1,3,2.80,145.9,3601.4
2026-07-07T15:41:44Z,,,,,,,,,,,,3607.8
2026-07-07T15:41:44Z,,,,,,,,,,,,3616.7
2026-07-07T15:41:44Z,,,,,,,,,,,,3625.8
2026-07-07T15:41:44Z,,,,,,,,,,,,3633.5
2026-07-07T15:41:44Z,51.555527,-0.069552,50.7,1.2,1.8,99.9,9,1,3,2.87,143.6,3640.1
2026-07-07T15:41:44Z,,,,,,,,,,,,3646.2
2026-07-07T15:41:45Z,,,,,,,,,,,,3651.0
2026-07-07T15:41:45Z,,,,,,,,,,,,3655.6
2026-07-07T15:41:45Z,,,,,,,,,,,,3657.6
2026-07-07T15:41:45Z,51.555523,-0.069543,50.4,1.2,1.8,99.9,9,1,3,2.79,136.0,3656.9
2026-07-07T15:41:45Z,,,,,,,,,,,,3654.6
2026-07-07T15:41:45Z,,,,,,,,,,,,3652.4
2026-07-07T15:41:45Z,,,,,,,,,,,,3649.9
2026-07-07T15:41:45Z,,,,,,,,,,,,3646.9
2026-07-07T15:41:45Z,51.555515,-0.069535,50.3,1.2,1.8,99.9,9,1,3,2.74,136.6,3644.2
2026-07-07T15:41:45Z,,,,,,,,,,,,3642.3
2026-07-07T15:41:46Z,,,,,,,,,,,,3643.9
2026-07-07T15:41:46Z,,,,,,,,,,,,3648.7
2026-07-07T15:41:46Z,,,,,,,,,,,,3655.7
2026-07-07T15:41:46Z,51.555515,-0.069535,50.3,1.2,1.8,99.9,9,1,3,0.00,136.6,3664.2
2026-07-07T15:41:46Z,,,,,,,,,,,,3672.5
2026-07-07T15:41:46Z,,,,,,,,,,,,3680.5
2026-07-07T15:41:46Z,,,,,,,,,,,,3687.7
2026-07-07T15:41:46Z,,,,,,,,,,,,3692.9
2026-07-07T15:41:46Z,51.555515,-0.069534,50.2,1.2,1.8,99.9,9,1,3,0.00,136.6,3694.6
2026-07-07T15:41:46Z,,,,,,,,,,,,3693.0
2026-07-07T15:41:47Z,,,,,,,,,,,,3688.4
2026-07-07T15:41:47Z,,,,,,,,,,,,3683.2
2026-07-07T15:41:47Z,,,,,,,,,,,,3678.3
2026-07-07T15:41:47Z,51.555515,-0.069533,50.2,1.2,1.8,99.9,9,1,3,0.00,136.6,3672.1
2026-07-07T15:41:47Z,,,,,,,,,,,,3664.2
2026-07-07T15:41:47Z,,,,,,,,,,,,3654.1
2026-07-07T15:41:47Z,,,,,,,,,,,,3644.1
2026-07-07T15:41:47Z,,,,,,,,,,,,3635.5
2026-07-07T15:41:47Z,51.555515,-0.069532,50.2,1.2,1.8,99.9,9,1,3,0.00,136.6,3626.6
2026-07-07T15:41:47Z,,,,,,,,,,,,3617.4
2026-07-07T15:41:48Z,,,,,,,,,,,,3607.5
2026-07-07T15:41:48Z,,,,,,,,,,,,3597.2
2026-07-07T15:41:48Z,,,,,,,,,,,,3591.5
2026-07-07T15:41:48Z,51.555515,-0.069531,49.9,1.2,1.8,99.9,9,1,3,1.35,136.6,3588.6
2026-07-07T15:41:48Z,,,,,,,,,,,,3587.9
2026-07-07T15:41:48Z,,,,,,,,,,,,3589.6
2026-07-07T15:41:48Z,,,,,,,,,,,,3592.2
2026-07-07T15:41:48Z,,,,,,,,,,,,3596.1
2026-07-07T15:41:48Z,51.555511,-0.069521,50.0,1.2,1.8,99.9,9,1,3,2.34,116.4,3601.8
2026-07-07T15:41:48Z,,,,,,,,,,,,3605.6
2026-07-07T15:41:49Z,,,,,,,,,,,,3607.1
2026-07-07T15:41:49Z,,,,,,,,,,,,3607.5
2026-07-07T15:41:49Z,,,,,,,,,,,,3605.7
2026-07-07T15:41:49Z,51.555508,-0.069512,50.7,1.2,1.8,99.9,9,1,3,3.15,140.6,3603.1
2026-07-07T15:41:49Z,,,,,,,,,,,,3599.8
2026-07-07T15:41:49Z,,,,,,,,,,,,3596.4
2026-07-07T15:41:49Z,,,,,,,,,,,,3592.9
2026-07-07T15:41:49Z,,,,,,,,,,,,3588.3
2026-07-07T15:41:49Z,51.555500,-0.069504,50.8,1.2,1.8,99.9,9,1,3,3.11,141.9,3585.0
2026-07-07T15:41:49Z,,,,,,,,,,,,3584.1
2026-07-07T15:41:50Z,,,,,,,,,,,,3584.3
2026-07-07T15:41:50Z,,,,,,,,,,,,3585.9
2026-07-07T15:41:50Z,,,,,,,,,,,,3588.0
2026-07-07T15:41:50Z,51.555496,-0.069495,50.7,1.2,1.8,99.9,9,1,3,2.83,136.5,3589.4
2026-07-07T15:41:50Z,,,,,,,,,,,,3592.6
2026-07-07T15:41:50Z,,,,,,,,,,,,3595.5
2026-07-07T15:41:50Z,,,,,,,,,,,,3596.8
2026-07-07T15:41:50Z,,,,,,,,,,,,3597.8
2026-07-07T15:41:50Z,51.555492,-0.069487,50.9,1.2,1.8,99.9,9,1,3,2.70,125.6,3596.8
2026-07-07T15:41:50Z,,,,,,,,,,,,3594.6
2026-07-07T15:41:51Z,,,,,,,,,,,,3592.2
2026-07-07T15:41:51Z,,,,,,,,,,,,3588.4
2026-07-07T15:41:51Z,,,,,,,,,,,,3584.9
2026-07-07T15:41:51Z,51.555492,-0.069478,51.5,1.2,1.8,99.9,9,1,3,2.52,125.0,3582.7
2026-07-07T15:41:51Z,,,,,,,,,,,,3580.5
2026-07-07T15:41:51Z,,,,,,,,,,,,3579.4
2026-07-07T15:41:51Z,,,,,,,,,,,,3582.2
2026-07-07T15:41:51Z,,,,,,,,,,,,3588.0
2026-07-07T15:41:51Z,51.555485,-0.069469,51.0,1.2,1.8,99.9,9,1,3,2.85,127.3,3597.3
2026-07-07T15:41:51Z,,,,,,,,,,,,3608.2
2026-07-07T15:41:52Z,,,,,,,,,,,,3618.6
2026-07-07T15:41:52Z,,,,,,,,,,,,3631.1
2026-07-07T15:41:52Z,,,,,,,,,,,,3643.6
2026-07-07T15:41:52Z,51.555481,-0.069459,51.2,1.2,1.8,99.9,9,1,3,2.88,138.9,3656.3
2026-07-07T15:41:52Z,,,,,,,,,,,,3668.1
2026-07-07T15:41:52Z,,,,,,,,,,,,3676.3
2026-07-07T15:41:52Z,,,,,,,,,,,,3680.7
2026-07-07T15:41:52Z,,,,,,,,,,,,3684.9
2026-07-07T15:41:52Z,51.555477,-0.069450,51.1,1.2,1.8,99.9,9,1,3,2.92,130.7,3688.7
2026-07-07T15:41:52Z,,,,,,,,,,,,3689.9
2026-07-07T15:41:53Z,,,,,,,,,,,,3688.3
2026-07-07T15:41:53Z,,,,,,,,,,,,3684.5
2026-07-07T15:41:53Z,,,,,,,,,,,,3679.0
2026-07-07T15:41:53Z,51.555473,-0.069441,51.0,1.2,1.8,99.9,9,1,3,2.87,130.6,3672.5
2026-07-07T15:41:53Z,,,,,,,,,,,,3665.6
2026-07-07T15:41:53Z,,,,,,,,,,,,3657.9
2026-07-07T15:41:53Z,,,,,,,,,,,,3648.0
2026-07-07T15:41:53Z,,,,,,,,,,,,3636.6
2026-07-07T15:41:53Z,51.555466,-0.069432,51.0,1.2,1.8,99.9,9,1,3,2.86,128.6,3626.6
2026-07-07T15:41:53Z,,,,,,,,,,,,3617.6
2026-07-07T15:41:54Z,,,,,,,,,,,,3609.4
2026-07-07T15:41:54Z,,,,,,,,,,,,3599.9
2026-07-07T15:41:54Z,,,,,,,,,,,,3590.5
2026-07-07T15:41:54Z,51.555462,-0.069422,51.3,1.2,1.8,99.9,9,1,3,3.13,134.7,3582.2
2026-07-07T15:41:54Z,,,,,,,,,,,,3576.3
2026-07-07T15:41:54Z,,,,,,,,,,,,3572.1
2026-07-07T15:41:54Z,,,,,,,,,,,,3568.8
2026-07-07T15:41:54Z,,,,,,,,,,,,3566.0
2026-07-07T15:41:54Z,51.555458,-0.069412,51.3,1.2,1.8,99.9,9,1,3,3.05,131.5,3564.6
2026-07-07T15:41:54Z,,,,,,,,,,,,3564.5
2026-07-07T15:41:55Z,,,,,,,,,,,,3565.4
2026-07-07T15:41:55Z,,,,,,,,,,,,3566.4
2026-07-07T15:41:55Z,,,,,,,,,,,,3567.5
2026-07-07T15:41:55Z,51.555450,-0.069402,51.3,1.2,1.8,99.9,9,1,3,3.22,128.7,3568.2
2026-07-07T15:41:55Z,,,,,,,,,,,,3566.9
2026-07-07T15:41:55Z,,,,,,,,,,,,3565.4
2026-07-07T15:41:55Z,,,,,,,,,,,,3563.6
2026-07-07T15:41:55Z,,,,,,,,,,,,3561.0
2026-07-07T15:41:55Z,51.555447,-0.069390,51.3,1.2,1.8,99.9,9,1,3,3.45,126.5,3558.0
2026-07-07T15:41:55Z,,,,,,,,,,,,3554.0
2026-07-07T15:41:56Z,,,,,,,,,,,,3550.7
2026-07-07T15:41:56Z,,,,,,,,,,,,3549.5
2026-07-07T15:41:56Z,,,,,,,,,,,,3550.4
2026-07-07T15:41:56Z,51.555443,-0.069380,51.2,1.2,1.8,99.9,9,1,3,3.12,127.7,3552.6
2026-07-07T15:41:56Z,,,,,,,,,,,,3556.1
2026-07-07T15:41:56Z,,,,,,,,,,,,3559.2
2026-07-07T15:41:56Z,,,,,,,,,,,,3564.1
2026-07-07T15:41:56Z,,,,,,,,,,,,3570.1
2026-07-07T15:41:56Z,51.555439,-0.069370,51.1,1.2,1.8,99.9,9,1,3,3.34,129.4,3575.7
2026-07-07T15:41:56Z,,,,,,,,,,,,3582.3
2026-07-07T15:41:57Z,,,,,,,,,,,,3587.4
2026-07-07T15:41:57Z,,,,,,,,,,,,3592.8
2026-07-07T15:41:57Z,,,,,,,,,,,,3599.0
2026-07-07T15:41:57Z,51.555431,-0.069360,51.0,1.2,1.8,99.9,9,1,3,3.13,128.3,3604.5
2026-07-07T15:41:57Z,,,,,,,,,,,,3607.4
2026-07-07T15:41:57Z,,,,,,,,,,,,3607.4
2026-07-07T15:41:57Z,,,,,,,,,,,,3606.0
2026-07-07T15:41:57Z,,,,,,,,,,,,3604.6
2026-07-07T15:41:57Z,51.555428,-0.069349,50.8,1.2,1.8,99.9,9,1,3,3.20,129.2,3604.3
2026-07-07T15:41:57Z,,,,,,,,,,,,3604.5
2026-07-07T15:41:58Z,,,,,,,,,,,,3605.0
2026-07-07T15:41:58Z,,,,,,,,,,,,3606.8
2026-07-07T15:41:58Z,,,,,,,,,,,,3612.2
2026-07-07T15:41:58Z,51.555424,-0.069340,50.8,1.2,1.8,99.9,9,1,3,3.03,138.3,3622.1
2026-07-07T15:41:58Z,,,,,,,,,,,,3634.0
2026-07-07T15:41:58Z,,,,,,,,,,,,3646.3
2026-07-07T15:41:58Z,,,,,,,,,,,,3658.8
2026-07-07T15:41:58Z,,,,,,,,,,,,3670.6
2026-07-07T15:41:58Z,51.555416,-0.069332,50.8,1.2,1.8,99.9,9,1,3,3.13,137.3,3680.0
2026-07-07T15:41:58Z,,,,,,,,,,,,3688.0
2026-07-07T15:41:59Z,,,,,,,,,,,,3692.7
2026-07-07T15:41:59Z,,,,,,,,,,,,3696.1
2026-07-07T15:41:59Z,,,,,,,,,,,,3697.2
2026-07-07T15:41:59Z,51.555412,-0.069324,50.8,1.2,1.8,99.9,9,1,3,2.97,139.4,3695.5
2026-07-07T15:41:59Z,,,,,,,,,,,,3692.4
2026-07-07T15:41:59Z,,,,,,,,,,,,3688.3
2026-07-07T15:41:59Z,,,,,,,,,,,,3682.9
2026-07-07T15:41:59Z,,,,,,,,,,,,3676.8
2026-07-07T15:41:59Z,51.555405,-0.069316,50.8,1.2,1.8,99.9,9,1,3,2.97,139.5,3669.4
2026-07-07T15:41:59Z,,,,,,,,,,,,3660.5
2026-07-07T15:42:00Z,,,,,,,,,,,,3651.6
2026-07-07T15:42:00Z,,,,,,,,,,,,3641.9
2026-07-07T15:42:00Z,,,,,,,,,,,,3633.6
2026-07-07T15:42:00Z,51.555401,-0.069307,51.0,1.2,1.8,99.9,9,1,3,3.06,138.7,3625.0
2026-07-07T15:42:00Z,,,,,,,,,,,,3615.5
2026-07-07T15:42:00Z,,,,,,,,,,,,3606.6
2026-07-07T15:42:00Z,,,,,,,,,,,,3598.2
2026-07-07T15:42:00Z,,,,,,,,,,,,3589.8
2026-07-07T15:42:00Z,51.555393,-0.069299,51.0,1.2,1.8,99.9,9,1,3,3.09,144.2,3583.0
2026-07-07T15:42:00Z,,,,,,,,,,,,3576.6
2026-07-07T15:42:01Z,,,,,,,,,,,,3570.9
2026-07-07T15:42:01Z,,,,,,,,,,,,3567.9
2026-07-07T15:42:01Z,,,,,,,,,,,,3567.3
2026-07-07T15:42:01Z,51.555389,-0.069291,51.1,1.2,1.8,99.9,9,1,3,3.24,142.2,3567.7
2026-07-07T15:42:01Z,,,,,,,,,,,,3568.6
2026-07-07T15:42:01Z,,,,,,,,,,,,3569.6
2026-07-07T15:42:01Z,,,,,,,,,,,,3570.7
2026-07-07T15:42:01Z,,,,,,,,,,,,3571.7
2026-07-07T15:42:01Z,51.555382,-0.069284,51.1,1.2,1.8,99.9,9,1,3,2.83,145.1,3573.6
2026-07-07T15:42:01Z,,,,,,,,,,,,3575.6
2026-07-07T15:42:02Z,,,,,,,,,,,,3576.7
2026-07-07T15:42:02Z,,,,,,,,,,,,3578.5
2026-07-07T15:42:02Z,,,,,,,,,,,,3582.1
2026-07-07T15:42:02Z,51.555378,-0.069276,51.2,1.2,1.8,99.9,9,1,3,2.98,141.8,3588.4
2026-07-07T15:42:02Z,,,,,,,,,,,,3596.6
2026-07-07T15:42:02Z,,,,,,,,,,,,3604.8
2026-07-07T15:42:02Z,,,,,,,,,,,,3612.0
2026-07-07T15:42:02Z,,,,,,,,,,,,3618.9
2026-07-07T15:42:02Z,51.555370,-0.069270,51.1,1.2,1.8,99.9,9,1,3,2.89,150.1,3624.9
2026-07-07T15:42:02Z,,,,,,,,,,,,3632.2
2026-07-07T15:42:03Z,,,,,,,,,,,,3638.7
2026-07-07T15:42:03Z,,,,,,,,,,,,3645.2
2026-07-07T15:42:03Z,,,,,,,,,,,,3652.3
2026-07-07T15:42:03Z,51.555367,-0.069262,51.0,1.2,1.8,99.9,9,1,3,3.16,146.3,3659.1
2026-07-07T15:42:03Z,,,,,,,,,,,,3667.9
2026-07-07T15:42:03Z,,,,,,,,,,,,3677.4
2026-07-07T15:42:03Z,,,,,,,,,,,,3686.0
2026-07-07T15:42:03Z,,,,,,,,,,,,3692.7
2026-07-07T15:42:03Z,51.555359,-0.069254,50.7,1.2,1.8,99.9,9,1,3,3.15,147.1,3696.5
2026-07-07T15:42:03Z,,,,,,,,,,,,3698.6
2026-07-07T15:42:04Z,,,,,,,,,,,,3699.8
2026-07-07T15:42:04Z,,,,,,,,,,,,3699.0
2026-07-07T15:42:04Z,,,,,,,,,,,,3695.9
2026-07-07T15:42:04Z,51.555355,-0.069246,50.4,1.2,1.8,99.9,9,1,3,3.29,147.5,3692.1
2026-07-07T15:42:04Z,,,,,,,,,,,,3688.4
2026-07-07T15:42:04Z,,,,,,,,,,,,3689.0
2026-07-07T15:42:04Z,,,,,,,,,,,,3694.7
2026-07-07T15:42:04Z,,,,,,,,,,,,3702.9
2026-07-07T15:42:04Z,51.555347,-0.069238,50.2,1.2,1.8,99.9,9,1,3,3.16,144.4,3712.8
2026-07-07T15:42:04Z,,,,,,,,,,,,3722.7
2026-07-07T15:42:05Z,,,,,,,,,,,,3732.0
2026-07-07T15:42:05Z,,,,,,,,,,,,3743.1
2026-07-07T15:42:05Z,,,,,,,,,,,,3750.2
2026-07-07T15:42:05Z,51.555344,-0.069231,50.1,1.2,1.8,99.9,9,1,3,2.90,146.0,3754.7
2026-07-07T15:42:05Z,,,,,,,,,,,,3756.2
2026-07-07T15:42:05Z,,,,,,,,,,,,3754.4
2026-07-07T15:42:05Z,,,,,,,,,,,,3752.3
2026-07-07T15:42:05Z,,,,,,,,,,,,3750.4
2026-07-07T15:42:05Z,51.555340,-0.069225,50.2,1.2,1.8,99.9,9,1,3,2.75,144.9,3746.7
2026-07-07T15:42:05Z,,,,,,,,,,,,3741.2
2026-07-07T15:42:06Z,,,,,,,,,,,,3735.1
2026-07-07T15:42:06Z,,,,,,,,,,,,3728.1
2026-07-07T15:42:06Z,,,,,,,,,,,,3723.1
2026-07-07T15:42:06Z,51.555332,-0.069220,50.2,1.2,1.8,99.9,9,1,3,2.40,149.6,3718.1
2026-07-07T15:42:06Z,,,,,,,,,,,,3713.2
2026-07-07T15:42:06Z,,,,,,,,,,,,3710.1
2026-07-07T15:42:06Z,,,,,,,,,,,,3708.5
2026-07-07T15:42:06Z,,,,,,,,,,,,3709.7
2026-07-07T15:42:06Z,51.555328,-0.069215,50.3,1.2,1.8,99.9,9,1,3,2.31,147.2,3713.8
2026-07-07T15:42:06Z,,,,,,,,,,,,3717.7
2026-07-07T15:42:07Z,,,,,,,,,,,,3719.8
2026-07-07T15:42:07Z,,,,,,,,,,,,3722.3
2026-07-07T15:42:07Z,,,,,,,,,,,,3724.0
2026-07-07T15:42:07Z,51.555325,-0.069209,50.3,1.2,1.8,99.9,9,1,3,2.45,140.7,3725.5
2026-07-07T15:42:07Z,,,,,,,,,,,,3726.0
2026-07-07T15:42:07Z,,,,,,,,,,,,3723.8
2026-07-07T15:42:07Z,,,,,,,,,,,,3721.6
2026-07-07T15:42:07Z,,,,,,,,,,,,3719.5
2026-07-07T15:42:07Z,51.555325,-0.069203,50.5,1.2,1.8,99.9,9,1,3,1.84,140.7,3719.8
2026-07-07T15:42:07Z,,,,,,,,,,,,3723.0
2026-07-07T15:42:08Z,,,,,,,,,,,,3726.7
2026-07-07T15:42:08Z,,,,,,,,,,,,3733.4
2026-07-07T15:42:08Z,,,,,,,,,,,,3740.3
2026-07-07T15:42:08Z,51.555321,-0.069197,50.8,1.2,1.8,99.9,9,1,3,1.70,140.7,3746.5
2026-07-07T15:42:08Z,,,,,,,,,,,,3752.5
2026-07-07T15:42:08Z,,,,,,,,,,,,3756.8
2026-07-07T15:42:08Z,,,,,,,,,,,,3759.4
2026-07-07T15:42:08Z,,,,,,,,,,,,3762.3
2026-07-07T15:42:08Z,51.555317,-0.069191,50.9,1.2,1.8,99.9,9,1,3,2.42,139.6,3764.6
2026-07-07T15:42:08Z,,,,,,,,,,,,3767.1
2026-07-07T15:42:09Z,,,,,,,,,,,,3770.1
2026-07-07T15:42:09Z,,,,,,,,,,,,3773.0
2026-07-07T15:42:09Z,,,,,,,,,,,,3778.3
2026-07-07T15:42:09Z,51.555313,-0.069184,51.1,1.2,1.8,99.9,9,1,3,2.11,148.2,3783.9
2026-07-07T15:42:09Z,,,,,,,,,,,,3788.4
2026-07-07T15:42:09Z,,,,,,,,,,,,3793.0
2026-07-07T15:42:09Z,,,,,,,,,,,,3796.6
2026-07-07T15:42:09Z,,,,,,,,,,,,3800.3
2026-07-07T15:42:09Z,51.555309,-0.069177,51.0,1.2,1.8,99.9,9,1,3,2.26,143.3,3804.4
2026-07-07T15:42:09Z,,,,,,,,,,,,3806.4
2026-07-07T15:42:10Z,,,,,,,,,,,,3807.5
2026-07-07T15:42:10Z,,,,,,,,,,,,3810.1
2026-07-07T15:42:10Z,,,,,,,,,,,,3813.5
2026-07-07T15:42:10Z,51.555305,-0.069171,51.0,1.2,1.8,99.9,9,1,3,2.30,138.8,3819.9
2026-07-07T15:42:10Z,,,,,,,,,,,,3828.5
2026-07-07T15:42:10Z,,,,,,,,,,,,3836.6
2026-07-07T15:42:10Z,,,,,,,,,,,,3845.7
2026-07-07T15:42:10Z,,,,,,,,,,,,3854.7
2026-07-07T15:42:10Z,51.555302,-0.069165,50.9,1.2,1.8,99.9,9,1,3,2.25,141.3,3864.8
2026-07-07T15:42:10Z,,,,,,,,,,,,3875.2
2026-07-07T15:42:11Z,,,,,,,,,,,,3883.0
2026-07-07T15:42:11Z,,,,,,,,,,,,3887.7
2026-07-07T15:42:11Z,,,,,,,,,,,,3889.0
2026-07-07T15:42:11Z,51.555298,-0.069159,51.0,1.2,1.8,99.9,9,1,3,2.14,141.6,3888.8
2026-07-07T15:42:11Z,,,,,,,,,,,,3887.1
2026-07-07T15:42:11Z,,,,,,,,,,,,3883.0
2026-07-07T15:42:11Z,,,,,,,,,,,,3876.1
2026-07-07T15:42:11Z,,,,,,,,,,,,3867.4
2026-07-07T15:42:11Z,51.555294,-0.069153,51.0,1.2,1.8,99.9,9,1,3,2.07,147.7,3858.0
2026-07-07T15:42:11Z,,,,,,,,,,,,3847.4
2026-07-07T15:42:12Z,,,,,,,,,,,,3837.5
2026-07-07T15:42:12Z,,,,,,,,,,,,3825.3
2026-07-07T15:42:12Z,,,,,,,,,,,,3810.9
2026-07-07T15:42:12Z,51.555290,-0.069147,51.0,1.2,1.8,99.9,9,1,3,2.27,148.7,3797.2
2026-07-07T15:42:12Z,,,,,,,,,,,,3785.9
2026-07-07T15:42:12Z,,,,,,,,,,,,3774.2
2026-07-07T15:42:12Z,,,,,,,,,,,,3762.4
2026-07-07T15:42:12Z,,,,,,,,,,,,3750.1
2026-07-07T15:42:12Z,51.555286,-0.069142,51.1,1.2,1.8,99.9,9,1,3,2.26,149.6,3739.2
2026-07-07T15:42:12Z,,,,,,,,,,,,3730.7
2026-07-07T15:42:13Z,,,,,,,,,,,,3725.7
2026-07-07T15:42:13Z,,,,,,,,,,,,3722.3
2026-07-07T15:42:13Z,,,,,,,,,,,,3721.5
2026-07-07T15:42:13Z,51.555283,-0.069136,51.2,1.2,1.8,99.9,9,1,3,2.27,146.2,3721.9
2026-07-07T15:42:13Z,,,,,,,,,,,,3725.1
2026-07-07T15:42:13Z,,,,,,,,,,,,3729.7
2026-07-07T15:42:13Z,,,,,,,,,,,,3733.3
2026-07-07T15:42:13Z,,,,,,,,,,,,3735.4
2026-07-07T15:42:13Z,51.555279,-0.069130,51.4,1.2,1.8,99.9,9,1,3,2.38,146.4,3736.0
2026-07-07T15:42:13Z,,,,,,,,,,,,3734.8
2026-07-07T15:42:14Z,,,,,,,,,,,,3733.4
2026-07-07T15:42:14Z,,,,,,,,,,,,3732.0
2026-07-07T15:42:14Z,,,,,,,,,,,,3729.1
2026-07-07T15:42:14Z,51.555275,-0.069126,51.5,1.2,1.8,99.9,9,1,3,1.93,146.4,3723.5
2026-07-07T15:42:14Z,,,,,,,,,,,,3715.0
2026-07-07T15:42:14Z,,,,,,,,,,,,3707.2
2026-07-07T15:42:14Z,,,,,,,,,,,,3701.0
2026-07-07T15:42:14Z,,,,,,,,,,,,3693.6
2026-07-07T15:42:14Z,51.555271,-0.069122,51.6,1.2,1.8,99.9,9,1,3,1.53,146.4,3686.3
2026-07-07T15:42:14Z,,,,,,,,,,,,3678.2
2026-07-07T15:42:15Z,,,,,,,,,,,,3670.4
2026-07-07T15:42:15Z,,,,,,,,,,,,3663.2
2026-07-07T15:42:15Z,,,,,,,,,,,,3658.2
2026-07-07T15:42:15Z,51.555271,-0.069117,51.7,1.2,1.8,99.9,9,1,3,1.47,146.4,3654.0
2026-07-07T15:42:15Z,,,,,,,,,,,,3650.7
2026-07-07T15:42:15Z,,,,,,,,,,,,3649.9
2026-07-07T15:42:15Z,,,,,,,,,,,,3652.1
2026-07-07T15:42:15Z,,,,,,,,,,,,3657.4
2026-07-07T15:42:15Z,51.555267,-0.069114,51.7,1.2,1.8,99.9,9,1,3,1.41,146.4,3664.3
2026-07-07T15:42:15Z,,,,,,,,,,,,3671.1
2026-07-07T15:42:16Z,,,,,,,,,,,,3675.9
2026-07-07T15:42:16Z,,,,,,,,,,,,3679.8
2026-07-07T15:42:16Z,,,,,,,,,,,,3683.5
2026-07-07T15:42:16Z,51.555264,-0.069110,51.9,1.2,1.8,99.9,9,1,3,1.52,146.4,3686.6
2026-07-07T15:42:16Z,,,,,,,,,,,,3688.0
2026-07-07T15:42:16Z,,,,,,,,,,,,3688.3
2026-07-07T15:42:16Z,,,,,,,,,,,,3688.3
2026-07-07T15:42:16Z,,,,,,,,,,,,3689.5
2026-07-07T15:42:16Z,51.555260,-0.069106,52.0,1.2,1.8,99.9,9,1,3,1.74,146.4,3692.1
2026-07-07T15:42:16Z,,,,,,,,,,,,3695.0
2026-07-07T15:42:17Z,,,,,,,,,,,,3697.0
2026-07-07T15:42:17Z,,,,,,,,,,,,3699.2
2026-07-07T15:42:17Z,,,,,,,,,,,,3700.1
2026-07-07T15:42:17Z,51.555260,-0.069102,51.9,1.2,1.8,99.9,9,1,3,1.75,146.4,3700.6
2026-07-07T15:42:17Z,,,,,,,,,,,,3700.6
2026-07-07T15:42:17Z,,,,,,,,,,,,3698.7
2026-07-07T15:42:17Z,,,,,,,,,,,,3694.8
2026-07-07T15:42:17Z,,,,,,,,,,,,3689.9
2026-07-07T15:42:17Z,51.555256,-0.069099,51.9,1.2,1.8,99.9,9,1,3,1.80,146.4,3684.6
2026-07-07T15:42:17Z,,,,,,,,,,,,3679.2
2026-07-07T15:42:18Z,,,,,,,,,,,,3673.9
2026-07-07T15:42:18Z,,,,,,,,,,,,3668.5
2026-07-07T15:42:18Z,,,,,,,,,,,,3664.5
2026-07-07T15:42:18Z,51.555252,-0.069094,51.9,1.2,1.8,99.9,9,1,3,1.70,146.4,3662.0
2026-07-07T15:42:18Z,,,,,,,,,,,,3661.4
2026-07-07T15:42:18Z,,,,,,,,,,,,3662.6
2026-07-07T15:42:18Z,,,,,,,,,,,,3663.7
2026-07-07T15:42:18Z,,,,,,,,,,,,3665.4
2026-07-07T15:42:18Z,51.555248,-0.069090,51.7,1.2,1.8,99.9,9,1,3,1.55,146.4,3668.0
2026-07-07T15:42:18Z,,,,,,,,,,,,3669.9
2026-07-07T15:42:19Z,,,,,,,,,,,,3669.6
2026-07-07T15:42:19Z,,,,,,,,,,,,3668.4
2026-07-07T15:42:19Z,,,,,,,,,,,,3666.1
2026-07-07T15:42:19Z,51.555248,-0.069086,51.8,1.2,1.8,99.9,9,1,3,1.44,146.4,3662.1
2026-07-07T15:42:19Z,,,,,,,,,,,,3657.3
2026-07-07T15:42:19Z,,,,,,,,,,,,3651.8
2026-07-07T15:42:19Z,,,,,,,,,,,,3645.9
2026-07-07T15:42:19Z,,,,,,,,,,,,3639.3
2026-07-07T15:42:19Z,51.555244,-0.069082,51.8,1.2,1.8,99.9,9,1,3,1.62,146.4,3633.2
2026-07-07T15:42:19Z,,,,,,,,,,,,3627.4
2026-07-07T15:42:20Z,,,,,,,,,,,,3623.9
2026-07-07T15:42:20Z,,,,,,,,,,,,3624.9
2026-07-07T15:42:20Z,,,,,,,,,,,,3631.0
2026-07-07T15:42:20Z,51.555244,-0.069077,51.9,1.2,1.8,99.9,9,1,3,1.62,146.4,3642.5
2026-07-07T15:42:20Z,,,,,,,,,,,,3658.1
2026-07-07T15:42:20Z,,,,,,,,,,,,3675.1
2026-07-07T15:42:20Z,,,,,,,,,,,,3692.5
2026-07-07T15:42:20Z,,,,,,,,,,,,3709.4
2026-07-07T15:42:20Z,51.555241,-0.069070,52.2,1.2,1.8,99.9,9,1,3,1.64,146.4,3723.2
2026-07-07T15:42:20Z,,,,,,,,,,,,3734.1
2026-07-07T15:42:21Z,,,,,,,,,,,,3740.0
2026-07-07T15:42:21Z,,,,,,,,,,,,3742.7
2026-07-07T15:42:21Z,,,,,,,,,,,,3744.2
2026-07-07T15:42:21Z,51.555241,-0.069063,52.7,1.2,1.8,99.9,9,1,3,1.83,146.4,3743.7
2026-07-07T15:42:21Z,,,,,,,,,,,,3740.9
2026-07-07T15:42:21Z,,,,,,,,,,,,3736.9
2026-07-07T15:42:21Z,,,,,,,,,,,,3730.7
2026-07-07T15:42:21Z,,,,,,,,,,,,3722.4
2026-07-07T15:42:21Z,51.555241,-0.069057,52.6,1.2,1.8,99.9,9,1,3,1.36,146.4,3713.5
2026-07-07T15:42:21Z,,,,,,,,,,,,3703.5
2026-07-07T15:42:22Z,,,,,,,,,,,,3693.9
2026-07-07T15:42:22Z,,,,,,,,,,,,3683.3
2026-07-07T15:42:22Z,,,,,,,,,,,,3673.2
2026-07-07T15:42:22Z,51.555241,-0.069056,52.6,1.2,1.8,99.9,9,1,3,0.00,146.4,3666.0
2026-07-07T15:42:22Z,,,,,,,,,,,,3664.4
2026-07-07T15:42:22Z,,,,,,,,,,,,3669.3
2026-07-07T15:42:22Z,,,,,,,,,,,,3679.7
2026-07-07T15:42:22Z,,,,,,,,,,,,3695.9
2026-07-07T15:42:22Z,51.555241,-0.069055,52.5,1.2,1.8,99.9,9,1,3,0.00,146.4,3715.5
2026-07-07T15:42:22Z,,,,,,,,,,,,3737.3
2026-07-07T15:42:23Z,,,,,,,,,,,,3758.2
2026-07-07T15:42:23Z,,,,,,,,,,,,3780.3
2026-07-07T15:42:23Z,,,,,,,,,,,,3798.3
2026-07-07T15:42:23Z,51.555241,-0.069054,52.4,1.2,1.8,99.9,9,1,3,0.00,146.4,3810.1
2026-07-07T15:42:23Z,,,,,,,,,,,,3817.6
2026-07-07T15:42:23Z,,,,,,,,,,,,3822.4
2026-07-07T15:42:23Z,,,,,,,,,,,,3825.2
2026-07-07T15:42:23Z,,,,,,,,,,,,3825.2
2026-07-07T15:42:23Z,51.555241,-0.069053,52.3,1.2,1.8,99.9,9,1,3,0.00,146.4,3821.1
2026-07-07T15:42:23Z,,,,,,,,,,,,3812.9
2026-07-07T15:42:24Z,,,,,,,,,,,,3802.6
2026-07-07T15:42:24Z,,,,,,,,,,,,3791.7
2026-07-07T15:42:24Z,,,,,,,,,,,,3779.9
2026-07-07T15:42:24Z,51.555241,-0.069051,52.2,1.2,1.8,99.9,9,1,3,0.00,146.4,3766.2
2026-07-07T15:42:24Z,,,,,,,,,,,,3751.3
2026-07-07T15:42:24Z,,,,,,,,,,,,3735.6
2026-07-07T15:42:24Z,,,,,,,,,,,,3722.7
2026-07-07T15:42:24Z,,,,,,,,,,,,3711.4
2026-07-07T15:42:24Z,51.555241,-0.069050,52.1,1.2,1.8,99.9,9,1,3,0.00,146.4,3701.5
2026-07-07T15:42:24Z,,,,,,,,,,,,3693.3
2026-07-07T15:42:25Z,,,,,,,,,,,,3687.1
2026-07-07T15:42:25Z,,,,,,,,,,,,3683.0
2026-07-07T15:42:25Z,,,,,,,,,,,,3681.6
2026-07-07T15:42:25Z,51.555241,-0.069048,51.8,1.2,1.8,99.9,9,1,3,0.00,146.4,3680.6
2026-07-07T15:42:25Z,,,,,,,,,,,,3678.9
2026-07-07T15:42:25Z,,,,,,,,,,,,3677.4
2026-07-07T15:42:25Z,,,,,,,,,,,,3674.7
2026-07-07T15:42:25Z,,,,,,,,,,,,3672.2
2026-07-07T15:42:25Z,51.555241,-0.069047,51.6,1.2,1.8,99.9,9,1,3,0.00,146.4,3669.7
2026-07-07T15:42:25Z,,,,,,,,,,,,3665.7
2026-07-07T15:42:26Z,,,,,,,,,,,,3661.1
2026-07-07T15:42:26Z,,,,,,,,,,,,3654.5
2026-07-07T15:42:26Z,,,,,,,,,,,,3647.8
2026-07-07T15:42:26Z,51.555244,-0.069045,51.6,1.2,1.8,99.9,9,1,3,0.00,146.4,3641.7
2026-07-07T15:42:26Z,,,,,,,,,,,,3635.3
2026-07-07T15:42:26Z,,,,,,,,,,,,3629.6
2026-07-07T15:42:26Z,,,,,,,,,,,,3625.0
2026-07-07T15:42:26Z,,,,,,,,,,,,3622.0
2026-07-07T15:42:26Z,51.555244,-0.069045,51.4,1.2,1.8,99.9,9,1,3,0.00,146.4,3623.8
2026-07-07T15:42:26Z,,,,,,,,,,,,3631.2
2026-07-07T15:42:27Z,,,,,,,,,,,,3641.4
2026-07-07T15:42:27Z,,,,,,,,,,,,3655.6
2026-07-07T15:42:27Z,,,,,,,,,,,,3670.9
2026-07-07T15:42:27Z,51.555244,-0.069043,51.4,1.2,1.8,99.9,9,1,3,0.00,146.4,3687.8
2026-07-07T15:42:27Z,,,,,,,,,,,,3705.3
2026-07-07T15:42:27Z,,,,,,,,,,,,3721.0
2026-07-07T15:42:27Z,,,,,,,,,,,,3735.3
2026-07-07T15:42:27Z,,,,,,,,,,,,3748.0
2026-07-07T15:42:27Z,51.555244,-0.069042,51.3,1.2,1.8,99.9,9,1,3,0.00,146.4,3758.2
2026-07-07T15:42:27Z,,,,,,,,,,,,3766.2
2026-07-07T15:42:28Z,,,,,,,,,,,,3773.1
2026-07-07T15:42:28Z,,,,,,,,,,,,3779.9
2026-07-07T15:42:28Z,,,,,,,,,,,,3784.7
2026-07-07T15:42:28Z,51.555244,-0.069041,51.3,1.2,1.8,99.9,9,1,3,0.00,146.4,3787.6
2026-07-07T15:42:28Z,,,,,,,,,,,,3789.7
2026-07-07T15:42:28Z,,,,,,,,,,,,3791.3
2026-07-07T15:42:28Z,,,,,,,,,,,,3792.3
2026-07-07T15:42:28Z,,,,,,,,,,,,3792.1
2026-07-07T15:42:28Z,51.555244,-0.069040,51.2,1.2,1.8,99.9,9,1,3,0.00,146.4,3791.2
2026-07-07T15:42:28Z,,,,,,,,,,,,3789.1
2026-07-07T15:42:29Z,,,,,,,,,,,,3786.1
2026-07-07T15:42:29Z,,,,,,,,,,,,3785.2
2026-07-07T15:42:29Z,,,,,,,,,,,,3787.6
2026-07-07T15:42:29Z,51.555244,-0.069039,51.1,1.2,1.8,99.9,9,1,3,0.00,146.4,3792.4
2026-07-07T15:42:29Z,,,,,,,,,,,,3800.2
2026-07-07T15:42:29Z,,,,,,,,,,,,3811.4
2026-07-07T15:42:29Z,,,,,,,,,,,,3824.3
2026-07-07T15:42:29Z,,,,,,,,,,,,3838.6
2026-07-07T15:42:29Z,51.555244,-0.069038,51.0,1.2,1.8,99.9,9,1,3,0.00,146.4,3853.1
2026-07-07T15:42:29Z,,,,,,,,,,,,3866.2
2026-07-07T15:42:30Z,,,,,,,,,,,,3875.4
2026-07-07T15:42:30Z,,,,,,,,,,,,3882.5
2026-07-07T15:42:30Z,,,,,,,,,,,,3886.8
2026-07-07T15:42:30Z,51.555244,-0.069037,51.0,1.2,1.8,99.9,9,1,3,0.00,146.4,3889.3
2026-07-07T15:42:30Z,,,,,,,,,,,,3888.3
2026-07-07T15:42:30Z,,,,,,,,,,,,3885.2
2026-07-07T15:42:30Z,,,,,,,,,,,,3881.7
2026-07-07T15:42:30Z,,,,,,,,,,,,3877.6
2026-07-07T15:42:30Z,51.555244,-0.069037,50.9,1.2,1.8,99.9,9,1,3,0.00,146.4,3873.0
2026-07-07T15:42:30Z,,,,,,,,,,,,3866.6
2026-07-07T15:42:31Z,,,,,,,,,,,,3860.2
2026-07-07T15:42:31Z,,,,,,,,,,,,3852.8
2026-07-07T15:42:31Z,,,,,,,,,,,,3844.5
2026-07-07T15:42:31Z,51.555244,-0.069036,50.9,1.2,1.8,99.9,9,1,3,0.00,146.4,3834.3
2026-07-07T15:42:31Z,,,,,,,,,,,,3824.8
2026-07-07T15:42:31Z,,,,,,,,,,,,3814.1
2026-07-07T15:42:31Z,,,,,,,,,,,,3804.0
2026-07-07T15:42:31Z,,,,,,,,,,,,3793.9
2026-07-07T15:42:31Z,51.555244,-0.069035,50.8,1.2,1.8,99.9,9,1,3,0.00,146.4,3782.4
2026-07-07T15:42:31Z,,,,,,,,,,,,3771.5
2026-07-07T15:42:32Z,,,,,,,,,,,,3762.7
2026-07-07T15:42:32Z,,,,,,,,,,,,3753.4
2026-07-07T15:42:32Z,,,,,,,,,,,,3745.9
2026-07-07T15:42:32Z,51.555241,-0.069031,50.3,1.2,1.8,99.9,9,1,3,1.80,146.4,3739.4
2026-07-07T15:42:32Z,,,,,,,,,,,,3734.5
2026-07-07T15:42:32Z,,,,,,,,,,,,3732.4
2026-07-07T15:42:32Z,,,,,,,,,,,,3730.8
2026-07-07T15:42:32Z,,,,,,,,,,,,3730.3
2026-07-07T15:42:32Z,51.555237,-0.069027,50.0,1.2,1.8,99.9,9,1,3,1.47,146.4,3730.6
2026-07-07T15:42:32Z,,,,,,,,,,,,3731.6
2026-07-07T15:42:33Z,,,,,,,,,,,,3734.7
2026-07-07T15:42:33Z,,,,,,,,,,,,3742.8
2026-07-07T15:42:33Z,,,,,,,,,,,,3755.4
2026-07-07T15:42:33Z,51.555237,-0.069023,49.5,1.2,1.8,99.9,9,1,3,1.05,146.4,3774.4
2026-07-07T15:42:33Z,,,,,,,,,,,,3796.3
2026-07-07T15:42:33Z,,,,,,,,,,,,3817.9
2026-07-07T15:42:33Z,,,,,,,,,,,,3841.3
2026-07-07T15:42:33Z,,,,,,,,,,,,3865.4
2026-07-07T15:42:33Z,51.555237,-0.069023,49.5,1.2,1.8,99.9,9,1,3,0.00,146.4,3890.3
2026-07-07T15:42:33Z,,,,,,,,,,,,3913.6
2026-07-07T15:42:34Z,,,,,,,,,,,,3928.9
2026-07-07T15:42:34Z,,,,,,,,,,,,3940.6
2026-07-07T15:42:34Z,,,,,,,,,,,,3948.1
2026-07-07T15:42:34Z,51.555233,-0.069023,49.5,1.2,1.8,99.9,9,1,3,0.00,146.4,3954.4
2026-07-07T15:42:34Z,,,,,,,,,,,,3957.5
2026-07-07T15:42:34Z,,,,,,,,,,,,3956.5
2026-07-07T15:42:34Z,,,,,,,,,,,,3950.8
2026-07-07T15:42:34Z,,,,,,,,,,,,3941.1
2026-07-07T15:42:34Z,51.555233,-0.069022,49.4,1.2,1.8,99.9,9,1,3,0.00,146.4,3930.0
2026-07-07T15:42:34Z,,,,,,,,,,,,3919.3
2026-07-07T15:42:35Z,,,,,,,,,,,,3908.2
2026-07-07T15:42:35Z,,,,,,,,,,,,3894.0
2026-07-07T15:42:35Z,,,,,,,,,,,,3878.7
2026-07-07T15:42:35Z,51.555229,-0.069012,48.9,1.2,1.8,99.9,9,1,3,3.29,123.2,3863.5
2026-07-07T15:42:35Z,,,,,,,,,,,,3849.9
2026-07-07T15:42:35Z,,,,,,,,,,,,3836.5
2026-07-07T15:42:35Z,,,,,,,,,,,,3823.1
2026-07-07T15:42:35Z,,,,,,,,,,,,3809.3
2026-07-07T15:42:35Z,51.555229,-0.069011,48.8,1.2,1.8,99.9,9,1,3,0.00,123.2,3797.8
2026-07-07T15:42:35Z,,,,,,,,,,,,3792.3
2026-07-07T15:42:36Z,,,,,,,,,,,,3792.1
2026-07-07T15:42:36Z,,,,,,,,,,,,3794.6
2026-07-07T15:42:36Z,,,,,,,,,,,,3799.3
2026-07-07T15:42:36Z,51.555229,-0.069009,48.6,1.2,1.8,99.9,9,1,3,0.00,123.2,3806.8
2026-07-07T15:42:36Z,,,,,,,,,,,,3815.6
2026-07-07T15:42:36Z,,,,,,,,,,,,3824.7
2026-07-07T15:42:36Z,,,,,,,,,,,,3832.8
2026-07-07T15:42:36Z,,,,,,,,,,,,3840.4
2026-07-07T15:42:36Z,51.555229,-0.069008,48.5,1.2,1.8,99.9,9,1,3,0.00,123.2,3847.3
2026-07-07T15:42:36Z,,,,,,,,,,,,3852.4
2026-07-07T15:42:37Z,,,,,,,,,,,,3856.9
2026-07-07T15:42:37Z,,,,,,,,,,,,3862.2
2026-07-07T15:42:37Z,,,,,,,,,,,,3865.8
2026-07-07T15:42:37Z,51.555229,-0.069007,48.4,1.2,1.8,99.9,9,1,3,0.00,123.2,3868.2
2026-07-07T15:42:37Z,,,,,,,,,,,,3868.1
2026-07-07T15:42:37Z,,,,,,,,,,,,3867.6
2026-07-07T15:42:37Z,,,,,,,,,,,,3867.7
2026-07-07T15:42:37Z,,,,,,,,,,,,3867.0
2026-07-07T15:42:37Z,51.555229,-0.069006,48.2,1.2,1.8,99.9,9,1,3,0.00,123.2,3866.1
2026-07-07T15:42:37Z,,,,,,,,,,,,3866.4
2026-07-07T15:42:38Z,,,,,,,,,,,,3867.6
2026-07-07T15:42:38Z,,,,,,,,,,,,3870.7
2026-07-07T15:42:38Z,,,,,,,,,,,,3875.2
2026-07-07T15:42:38Z,51.555229,-0.069005,48.1,1.2,1.8,99.9,9,1,3,0.00,123.2,3880.3
2026-07-07T15:42:38Z,,,,,,,,,,,,3886.9
2026-07-07T15:42:38Z,,,,,,,,,,,,3893.2
2026-07-07T15:42:38Z,,,,,,,,,,,,3902.0
2026-07-07T15:42:38Z,,,,,,,,,,,,3914.9
2026-07-07T15:42:38Z,51.555229,-0.069004,47.9,1.2,1.8,99.9,9,1,3,0.00,123.2,3928.5
2026-07-07T15:42:38Z,,,,,,,,,,,,3941.4
2026-07-07T15:42:39Z,,,,,,,,,,,,3951.7
2026-07-07T15:42:39Z,,,,,,,,,,,,3960.5
2026-07-07T15:42:39Z,,,,,,,,,,,,3968.2
2026-07-07T15:42:39Z,51.555229,-0.069004,47.8,1.2,1.8,99.9,9,1,3,0.00,123.2,3974.0
2026-07-07T15:42:39Z,,,,,,,,,,,,3975.8
2026-07-07T15:42:39Z,,,,,,,,,,,,3973.9
2026-07-07T15:42:39Z,,,,,,,,,,,,3969.1
2026-07-07T15:42:39Z,,,,,,,,,,,,3963.9
2026-07-07T15:42:39Z,51.555229,-0.069003,47.7,1.2,1.8,99.9,9,1,3,0.00,123.2,3959.5
2026-07-07T15:42:39Z,,,,,,,,,,,,3954.5
2026-07-07T15:42:40Z,,,,,,,,,,,,3949.5
2026-07-07T15:42:40Z,,,,,,,,,,,,3943.7
2026-07-07T15:42:40Z,,,,,,,,,,,,3938.3
2026-07-07T15:42:40Z,51.555225,-0.069002,47.5,1.2,1.8,99.9,9,1,3,0.00,123.2,3934.2
2026-07-07T15:42:40Z,,,,,,,,,,,,3930.6
2026-07-07T15:42:40Z,,,,,,,,,,,,3926.8
2026-07-07T15:42:40Z,,,,,,,,,,,,3926.4
2026-07-07T15:42:40Z,,,,,,,,,,,,3929.2
2026-07-07T15:42:40Z,51.555225,-0.069002,47.4,1.2,1.8,99.9,9,1,3,0.00,123.2,3934.8
2026-07-07T15:42:40Z,,,,,,,,,,,,3942.7
2026-07-07T15:42:41Z,,,,,,,,,,,,3951.4
2026-07-07T15:42:41Z,,,,,,,,,,,,3961.6
2026-07-07T15:42:41Z,,,,,,,,,,,,3969.9
2026-07-07T15:42:41Z,51.555225,-0.069001,47.3,1.2,1.8,99.9,9,1,3,0.00,123.2,3977.1
2026-07-07T15:42:41Z,,,,,,,,,,,,3983.9
2026-07-07T15:42:41Z,,,,,,,,,,,,3988.0
2026-07-07T15:42:41Z,,,,,,,,,,,,3989.7
2026-07-07T15:42:41Z,,,,,,,,,,,,3989.7
2026-07-07T15:42:41Z,51.555222,-0.069000,47.3,1.2,1.8,99.9,9,1,3,1.55,123.2,3986.9
2026-07-07T15:42:41Z,,,,,,,,,,,,3981.6
2026-07-07T15:42:42Z,,,,,,,,,,,,3977.1
2026-07-07T15:42:42Z,,,,,,,,,,,,3973.1
2026-07-07T15:42:42Z,,,,,,,,,,,,3970.5
2026-07-07T15:42:42Z,51.555218,-0.068997,47.0,1.2,1.8,99.9,9,1,3,2.04,183.4,3970.0
2026-07-07T15:42:42Z,,,,,,,,,,,,3970.4
2026-07-07T15:42:42Z,,,,,,,,,,,,3971.4
2026-07-07T15:42:42Z,,,,,,,,,,,,3974.4
2026-07-07T15:42:42Z,,,,,,,,,,,,3978.8
2026-07-07T15:42:42Z,51.555214,-0.068997,47.1,1.2,1.8,99.9,9,1,3,1.95,178.3,3982.2
2026-07-07T15:42:42Z,,,,,,,,,,,,3982.6
2026-07-07T15:42:43Z,,,,,,,,,,,,3980.1
2026-07-07T15:42:43Z,,,,,,,,,,,,3977.3
2026-07-07T15:42:43Z,,,,,,,,,,,,3974.4
2026-07-07T15:42:43Z,51.555206,-0.068998,46.9,1.2,1.8,99.9,9,1,3,2.02,194.8,3968.5
2026-07-07T15:42:43Z,,,,,,,,,,,,3961.3
2026-07-07T15:42:43Z,,,,,,,,,,,,3952.8
2026-07-07T15:42:43Z,,,,,,,,,,,,3942.6
2026-07-07T15:42:43Z,,,,,,,,,,,,3932.1
2026-07-07T15:42:43Z,51.555202,-0.068999,46.8,1.2,1.8,99.9,9,1,3,2.03,190.2,3921.9
2026-07-07T15:42:43Z,,,,,,,,,,,,3912.1
2026-07-07T15:42:44Z,,,,,,,,,,,,3903.1
2026-07-07T15:42:44Z,,,,,,,,,,,,3893.6
2026-07-07T15:42:44Z,,,,,,,,,,,,3887.3
2026-07-07T15:42:44Z,51.555199,-0.068999,46.8,1.2,1.8,99.9,9,1,3,1.84,190.2,3884.8
2026-07-07T15:42:44Z,,,,,,,,,,,,3885.3
2026-07-07T15:42:44Z,,,,,,,,,,,,3890.2
2026-07-07T15:42:44Z,,,,,,,,,,,,3897.1
2026-07-07T15:42:44Z,,,,,,,,,,,,3905.8
2026-07-07T15:42:44Z,51.555195,-0.068998,46.8,1.2,1.8,99.9,9,1,3,1.92,190.2,3917.9
2026-07-07T15:42:44Z,,,,,,,,,,,,3929.6
2026-07-07T15:42:45Z,,,,,,,,,,,,3937.9
2026-07-07T15:42:45Z,,,,,,,,,,,,3947.1
2026-07-07T15:42:45Z,,,,,,,,,,,,3952.1
2026-07-07T15:42:45Z,51.555187,-0.068998,46.7,1.2,1.8,99.9,9,1,3,1.95,178.7,3954.3
2026-07-07T15:42:45Z,,,,,,,,,,,,3954.8
2026-07-07T15:42:45Z,,,,,,,,,,,,3952.8
2026-07-07T15:42:45Z,,,,,,,,,,,,3949.3
2026-07-07T15:42:45Z,,,,,,,,,,,,3943.1
2026-07-07T15:42:45Z,51.555183,-0.068996,46.5,1.2,1.8,99.9,9,1,3,1.93,178.7,3934.6
2026-07-07T15:42:45Z,,,,,,,,,,,,3926.7
2026-07-07T15:42:46Z,,,,,,,,,,,,3921.2
2026-07-07T15:42:46Z,,,,,,,,,,,,3917.4
2026-07-07T15:42:46Z,,,,,,,,,,,,3914.6
2026-07-07T15:42:46Z,51.555180,-0.068995,46.4,1.2,1.8,99.9,9,1,3,1.91,178.7,3911.4
2026-07-07T15:42:46Z,,,,,,,,,,,,3909.1
2026-07-07T15:42:46Z,,,,,,,,,,,,3907.1
2026-07-07T15:42:46Z,,,,,,,,,,,,3905.1
2026-07-07T15:42:46Z,,,,,,,,,,,,3902.9
2026-07-07T15:42:46Z,51.555176,-0.068996,46.1,1.2,1.8,99.9,9,1,3,1.64,178.7,3899.3
2026-07-07T15:42:46Z,,,,,,,,,,,,3894.0
2026-07-07T15:42:47Z,,,,,,,,,,,,3889.1
2026-07-07T15:42:47Z,,,,,,,,,,,,3883.2
2026-07-07T15:42:47Z,,,,,,,,,,,,3876.9
2026-07-07T15:42:47Z,51.555172,-0.068995,46.1,1.2,1.8,99.9,9,1,3,1.68,178.7,3869.6
2026-07-07T15:42:47Z,,,,,,,,,,,,3861.4
2026-07-07T15:42:47Z,,,,,,,,,,,,3852.8
2026-07-07T15:42:47Z,,,,,,,,,,,,3843.0
2026-07-07T15:42:47Z,,,,,,,,,,,,3833.6
2026-07-07T15:42:47Z,51.555168,-0.068994,45.9,1.2,1.8,99.9,9,1,3,1.82,178.7,3824.9
2026-07-07T15:42:47Z,,,,,,,,,,,,3815.0
2026-07-07T15:42:48Z,,,,,,,,,,,,3805.6
2026-07-07T15:42:48Z,,,,,,,,,,,,3795.4
2026-07-07T15:42:48Z,,,,,,,,,,,,3787.9
2026-07-07T15:42:48Z,51.555161,-0.068993,45.8,1.2,1.8,99.9,9,1,3,1.97,180.4,3782.4
2026-07-07T15:42:48Z,,,,,,,,,,,,3778.1
2026-07-07T15:42:48Z,,,,,,,,,,,,3776.0
2026-07-07T15:42:48Z,,,,,,,,,,,,3776.4
2026-07-07T15:42:48Z,,,,,,,,,,,,3780.1
2026-07-07T15:42:48Z,51.555157,-0.068993,45.7,1.2,1.8,99.9,9,1,3,2.25,184.3,3786.5
2026-07-07T15:42:48Z,,,,,,,,,,,,3794.3
2026-07-07T15:42:49Z,,,,,,,,,,,,3801.6
2026-07-07T15:42:49Z,,,,,,,,,,,,3808.3
2026-07-07T15:42:49Z,,,,,,,,,,,,3813.3
2026-07-07T15:42:49Z,51.555153,-0.068993,45.7,1.2,1.8,99.9,9,1,3,2.14,184.6,3817.8
2026-07-07T15:42:49Z,,,,,,,,,,,,3821.3
2026-07-07T15:42:49Z,,,,,,,,,,,,3822.8
2026-07-07T15:42:49Z,,,,,,,,,,,,3821.5
2026-07-07T15:42:49Z,,,,,,,,,,,,3817.6
2026-07-07T15:42:49Z,51.555145,-0.068992,45.6,1.2,1.8,99.9,9,1,3,2.30,191.0,3813.8
2026-07-07T15:42:49Z,,,,,,,,,,,,3809.5
2026-07-07T15:42:50Z,,,,,,,,,,,,3803.8
2026-07-07T15:42:50Z,,,,,,,,,,,,3796.2
2026-07-07T15:42:50Z,,,,,,,,,,,,3787.4
2026-07-07T15:42:50Z,51.555141,-0.068994,45.6,1.2,1.8,99.9,9,1,3,1.51,191.0,3779.2
2026-07-07T15:42:50Z,,,,,,,,,,,,3772.0
2026-07-07T15:42:50Z,,,,,,,,,,,,3764.8
2026-07-07T15:42:50Z,,,,,,,,,,,,3758.5
2026-07-07T15:42:50Z,,,,,,,,,,,,3753.2
2026-07-07T15:42:50Z,51.555138,-0.068991,45.7,1.2,1.8,99.9,9,1,3,2.09,175.0,3750.1
2026-07-07T15:42:50Z,,,,,,,,,,,,3750.3
2026-07-07T15:42:51Z,,,,,,,,,,,,3753.2
2026-07-07T15:42:51Z,,,,,,,,,,,,3759.2
2026-07-07T15:42:51Z,,,,,,,,,,,,3766.4
2026-07-07T15:42:51Z,51.555134,-0.068989,45.8,1.2,1.8,99.9,9,1,3,1.79,175.0,3773.9
2026-07-07T15:42:51Z,,,,,,,,,,,,3782.7
2026-07-07T15:42:51Z,,,,,,,,,,,,3791.8
2026-07-07T15:42:51Z,,,,,,,,,,,,3798.5
2026-07-07T15:42:51Z,,,,,,,,,,,,3804.8
2026-07-07T15:42:51Z,51.555126,-0.068988,45.8,1.2,1.8,99.9,9,1,3,2.15,180.9,3809.2
2026-07-07T15:42:51Z,,,,,,,,,,,,3811.4
2026-07-07T15:42:52Z,,,,,,,,,,,,3814.6
2026-07-07T15:42:52Z,,,,,,,,,,,,3818.2
2026-07-07T15:42:52Z,,,,,,,,,,,,3819.5
2026-07-07T15:42:52Z,51.555122,-0.068989,45.8,1.2,1.8,99.9,9,1,3,2.13,184.4,3818.9
2026-07-07T15:42:52Z,,,,,,,,,,,,3816.6
2026-07-07T15:42:52Z,,,,,,,,,,,,3815.1
2026-07-07T15:42:52Z,,,,,,,,,,,,3813.6
2026-07-07T15:42:52Z,,,,,,,,,,,,3810.4
2026-07-07T15:42:52Z,51.555119,-0.068990,45.8,1.2,1.8,99.9,9,1,3,2.13,187.9,3806.1
2026-07-07T15:42:52Z,,,,,,,,,,,,3798.9
2026-07-07T15:42:53Z,,,,,,,,,,,,3791.5
2026-07-07T15:42:53Z,,,,,,,,,,,,3784.1
2026-07-07T15:42:53Z,,,,,,,,,,,,3777.2
2026-07-07T15:42:53Z,51.555111,-0.068990,45.7,1.2,1.8,99.9,9,1,3,1.91,187.9,3770.6
2026-07-07T15:42:53Z,,,,,,,,,,,,3765.7
2026-07-07T15:42:53Z,,,,,,,,,,,,3763.2
2026-07-07T15:42:53Z,,,,,,,,,,,,3763.7
2026-07-07T15:42:53Z,,,,,,,,,,,,3767.0
2026-07-07T15:42:53Z,51.555107,-0.068990,45.6,1.2,1.8,99.9,9,1,3,2.22,184.3,3771.7
2026-07-07T15:42:53Z,,,,,,,,,,,,3776.4
2026-07-07T15:42:54Z,,,,,,,,,,,,3779.2
2026-07-07T15:42:54Z,,,,,,,,,,,,3781.7
2026-07-07T15:42:54Z,,,,,,,,,,,,3784.7
2026-07-07T15:42:54Z,51.555103,-0.068990,45.5,1.2,1.8,99.9,9,1,3,2.19,183.4,3786.3
2026-07-07T15:42:54Z,,,,,,,,,,,,3786.9
2026-07-07T15:42:54Z,,,,,,,,,,,,3786.6
2026-07-07T15:42:54Z,,,,,,,,,,,,3785.5
2026-07-07T15:42:54Z,,,,,,,,,,,,3785.5
2026-07-07T15:42:54Z,51.555096,-0.068989,45.4,1.2,1.8,99.9,9,1,3,2.35,176.6,3787.1
2026-07-07T15:42:54Z,,,,,,,,,,,,3788.8
2026-07-07T15:42:55Z,,,,,,,,,,,,3790.0
2026-07-07T15:42:55Z,,,,,,,,,,,,3790.1
2026-07-07T15:42:55Z,,,,,,,,,,,,3790.0
2026-07-07T15:42:55Z,51.555088,-0.068986,45.2,1.2,1.8,99.9,9,1,3,2.29,173.4,3789.7
2026-07-07T15:42:55Z,,,,,,,,,,,,3787.9
2026-07-07T15:42:55Z,,,,,,,,,,,,3786.4
2026-07-07T15:42:55Z,,,,,,,,,,,,3784.8
2026-07-07T15:42:55Z,,,,,,,,,,,,3784.0
2026-07-07T15:42:55Z,51.555084,-0.068984,45.3,1.2,1.8,99.9,9,1,3,2.25,169.7,3785.6
2026-07-07T15:42:55Z,,,,,,,,,,,,3788.8
2026-07-07T15:42:56Z,,,,,,,,,,,,3793.2
2026-07-07T15:42:56Z,,,,,,,,,,,,3799.3
2026-07-07T15:42:56Z,,,,,,,,,,,,3805.8
2026-07-07T15:42:56Z,51.555077,-0.068982,45.3,1.2,1.8,99.9,9,1,3,2.38,173.8,3813.6
2026-07-07T15:42:56Z,,,,,,,,,,,,3822.0
2026-07-07T15:42:56Z,,,,,,,,,,,,3829.5
2026-07-07T15:42:56Z,,,,,,,,,,,,3837.7
2026-07-07T15:42:56Z,,,,,,,,,,,,3845.4
2026-07-07T15:42:56Z,51.555073,-0.068981,45.2,1.2,1.8,99.9,9,1,3,2.66,179.5,3853.6
2026-07-07T15:42:56Z,,,,,,,,,,,,3863.9
2026-07-07T15:42:57Z,,,,,,,,,,,,3873.3
2026-07-07T15:42:57Z,,,,,,,,,,,,3884.9
2026-07-07T15:42:57Z,,,,,,,,,,,,3897.4
2026-07-07T15:42:57Z,51.555065,-0.068981,45.1,1.2,1.8,99.9,9,1,3,2.97,184.3,3910.1
2026-07-07T15:42:57Z,,,,,,,,,,,,3921.5
2026-07-07T15:42:57Z,,,,,,,,,,,,3932.0
2026-07-07T15:42:57Z,,,,,,,,,,,,3941.4
2026-07-07T15:42:57Z,,,,,,,,,,,,3949.7
2026-07-07T15:42:57Z,51.555058,-0.068981,45.0,1.2,1.8,99.9,9,1,3,3.40,185.0,3955.6
2026-07-07T15:42:57Z,,,,,,,,,,,,3960.3
2026-07-07T15:42:58Z,,,,,,,,,,,,3963.5
2026-07-07T15:42:58Z,,,,,,,,,,,,3967.5
2026-07-07T15:42:58Z,,,,,,,,,,,,3971.8
2026-07-07T15:42:58Z,51.555046,-0.068980,44.9,1.2,1.8,99.9,9,1,3,2.88,187.2,3977.1
2026-07-07T15:42:58Z,,,,,,,,,,,,3984.7
2026-07-07T15:42:58Z,,,,,,,,,,,,3993.2
2026-07-07T15:42:58Z,,,,,,,,,,,,4002.5
2026-07-07T15:42:58Z,,,,,,,,,,,,4012.8
2026-07-07T15:42:58Z,51.555038,-0.068980,44.7,1.2,1.8,99.9,9,1,3,3.03,185.5,4024.3
2026-07-07T15:42:58Z,,,,,,,,,,,,4033.8
2026-07-07T15:42:59Z,,,,,,,,,,,,4039.2
2026-07-07T15:42:59Z,,,,,,,,,,,,4045.9
2026-07-07T15:42:59Z,,,,,,,,,,,,4052.3
2026-07-07T15:42:59Z,51.555031,-0.068980,44.4,1.2,1.8,99.9,9,1,3,2.93,184.7,4057.9
2026-07-07T15:42:59Z,,,,,,,,,,,,4062.5
2026-07-07T15:42:59Z,,,,,,,,,,,,4063.9
2026-07-07T15:42:59Z,,,,,,,,,,,,4064.7
2026-07-07T15:42:59Z,,,,,,,,,,,,4066.6
2026-07-07T15:42:59Z,51.555027,-0.068981,44.4,1.2,1.8,99.9,9,1,3,3.26,191.8,4070.4
2026-07-07T15:42:59Z,,,,,,,,,,,,4076.4
2026-07-07T15:43:00Z,,,,,,,,,,,,4081.8
2026-07-07T15:43:00Z,,,,,,,,,,,,4088.0
2026-07-07T15:43:00Z,,,,,,,,,,,,4097.4
2026-07-07T15:43:00Z,51.555016,-0.068983,44.4,1.2,1.8,99.9,9,1,3,3.21,193.6,4108.0
2026-07-07T15:43:00Z,,,,,,,,,,,,4118.3
2026-07-07T15:43:00Z,,,,,,,,,,,,4126.5
2026-07-07T15:43:00Z,,,,,,,,,,,,4131.1
2026-07-07T15:43:00Z,,,,,,,,,,,,4135.9
2026-07-07T15:43:00Z,51.555008,-0.068985,44.4,1.2,1.8,99.9,9,1,3,3.31,192.2,4143.2
2026-07-07T15:43:00Z,,,,,,,,,,,,4150.1
2026-07-07T15:43:01Z,,,,,,,,,,,,4155.1
2026-07-07T15:43:01Z,,,,,,,,,,,,4157.9
2026-07-07T15:43:01Z,,,,,,,,,,,,4159.9
2026-07-07T15:43:01Z,51.555000,-0.068987,44.4,1.2,1.8,99.9,9,1,3,3.17,190.5,4165.1
2026-07-07T15:43:01Z,,,,,,,,,,,,4171.6
2026-07-07T15:43:01Z,,,,,,,,,,,,4176.2
2026-07-07T15:43:01Z,,,,,,,,,,,,4179.7
2026-07-07T15:43:01Z,,,,,,,,,,,,4180.6
2026-07-07T15:43:01Z,51.554993,-0.068989,44.4,1.2,1.8,99.9,9,1,3,3.32,194.2,4181.2
2026-07-07T15:43:01Z,,,,,,,,,,,,4182.9
2026-07-07T15:43:02Z,,,,,,,,,,,,4183.2
2026-07-07T15:43:02Z,,,,,,,,,,,,4182.8
2026-07-07T15:43:02Z,,,,,,,,,,,,4181.1
2026-07-07T15:43:02Z,51.554985,-0.068992,44.5,1.2,1.8,99.9,9,1,3,3.13,199.9,4178.4
2026-07-07T15:43:02Z,,,,,,,,,,,,4176.8
2026-07-07T15:43:02Z,,,,,,,,,,,,4175.2
2026-07-07T15:43:02Z,,,,,,,,,,,,4172.9
2026-07-07T15:43:02Z,,,,,,,,,,,,4166.4
2026-07-07T15:43:02Z,51.554977,-0.068995,44.5,1.2,1.8,99.9,9,1,3,3.24,199.5,4157.4
2026-07-07T15:43:02Z,,,,,,,,,,,,4150.5
2026-07-07T15:43:03Z,,,,,,,,,,,,4145.8
2026-07-07T15:43:03Z,,,,,,,,,,,,4142.5
2026-07-07T15:43:03Z,,,,,,,,,,,,4140.2
2026-07-07T15:43:03Z,51.554970,-0.068999,44.5,1.2,1.8,99.9,9,1,3,3.31,201.8,4138.0
2026-07-07T15:43:03Z,,,,,,,,,,,,4136.1
2026-07-07T15:43:03Z,,,,,,,,,,,,4133.3
2026-07-07T15:43:03Z,,,,,,,,,,,,4130.7
2026-07-07T15:43:03Z,,,,,,,,,,,,4127.4
2026-07-07T15:43:03Z,51.554962,-0.069002,44.4,1.2,1.8,99.9,9,1,3,3.28,201.4,4121.8
2026-07-07T15:43:03Z,,,,,,,,,,,,4114.7
2026-07-07T15:43:04Z,,,,,,,,,,,,4109.3
2026-07-07T15:43:04Z,,,,,,,,,,,,4104.4
2026-07-07T15:43:04Z,,,,,,,,,,,,4099.8
2026-07-07T15:43:04Z,51.554955,-0.069004,44.4,1.2,1.8,99.9,9,1,3,3.26,197.2,4094.9
2026-07-07T15:43:04Z,,,,,,,,,,,,4088.7
2026-07-07T15:43:04Z,,,,,,,,,,,,4081.1
2026-07-07T15:43:04Z,,,,,,,,,,,,4074.1
2026-07-07T15:43:04Z,,,,,,,,,,,,4066.5
2026-07-07T15:43:04Z,51.554947,-0.069006,44.3,1.2,1.8,99.9,9,1,3,2.85,195.5,4057.4
2026-07-07T15:43:04Z,,,,,,,,,,,,4046.2
2026-07-07T15:43:05Z,,,,,,,,,,,,4035.5
2026-07-07T15:43:05Z,,,,,,,,,,,,4023.9
2026-07-07T15:43:05Z,,,,,,,,,,,,4012.3
2026-07-07T15:43:05Z,51.554939,-0.069010,44.4,1.2,1.8,99.9,9,1,3,3.26,201.9,4000.3
2026-07-07T15:43:05Z,,,,,,,,,,,,3987.5
2026-07-07T15:43:05Z,,,,,,,,,,,,3974.4
2026-07-07T15:43:05Z,,,,,,,,,,,,3962.5
2026-07-07T15:43:05Z,,,,,,,,,,,,3953.3
2026-07-07T15:43:05Z,51.554932,-0.069013,44.5,1.2,1.8,99.9,9,1,3,2.97,202.6,3946.8
2026-07-07T15:43:05Z,,,,,,,,,,,,3942.1
2026-07-07T15:43:06Z,,,,,,,,,,,,3939.8
2026-07-07T15:43:06Z,,,,,,,,,,,,3940.2
2026-07-07T15:43:06Z,,,,,,,,,,,,3943.6
2026-07-07T15:43:06Z,51.554924,-0.069012,44.3,1.2,1.8,99.9,9,1,3,3.51,193.8,3947.6
2026-07-07T15:43:06Z,,,,,,,,,,,,3951.2
2026-07-07T15:43:06Z,,,,,,,,,,,,3953.0
2026-07-07T15:43:06Z,,,,,,,,,,,,3952.2
2026-07-07T15:43:06Z,,,,,,,,,,,,3950.2
2026-07-07T15:43:06Z,51.554916,-0.069015,44.3,1.2,1.8,99.9,9,1,3,2.92,194.4,3948.3
2026-07-07T15:43:06Z,,,,,,,,,,,,3944.3
2026-07-07T15:43:07Z,,,,,,,,,,,,3939.0
2026-07-07T15:43:07Z,,,,,,,,,,,,3932.8
2026-07-07T15:43:07Z,,,,,,,,,,,,3929.1
2026-07-07T15:43:07Z,51.554909,-0.069017,44.3,1.2,1.8,99.9,9,1,3,3.41,202.1,3930.0
2026-07-07T15:43:07Z,,,,,,,,,,,,3935.8
2026-07-07T15:43:07Z,,,,,,,,,,,,3946.0
2026-07-07T15:43:07Z,,,,,,,,,,,,3959.0
2026-07-07T15:43:07Z,,,,,,,,,,,,3974.1
2026-07-07T15:43:07Z,51.554901,-0.069022,44.2,1.2,1.8,99.9,9,1,3,2.94,206.5,3991.7
2026-07-07T15:43:07Z,,,,,,,,,,,,4011.1
2026-07-07T15:43:08Z,,,,,,,,,,,,4027.6
2026-07-07T15:43:08Z,,,,,,,,,,,,4044.2
2026-07-07T15:43:08Z,,,,,,,,,,,,4057.1
2026-07-07T15:43:08Z,51.554893,-0.069029,44.1,1.2,1.8,99.9,9,1,3,3.58,203.3,4066.7
2026-07-07T15:43:08Z,,,,,,,,,,,,4074.2
2026-07-07T15:43:08Z,,,,,,,,,,,,4077.7
2026-07-07T15:43:08Z,,,,,,,,,,,,4078.0
2026-07-07T15:43:08Z,,,,,,,,,,,,4074.0
2026-07-07T15:43:08Z,51.554890,-0.069032,44.1,1.2,1.8,99.9,9,1,3,2.20,189.5,4067.1
2026-07-07T15:43:08Z,,,,,,,,,,,,4059.6
2026-07-07T15:43:09Z,,,,,,,,,,,,4050.3
2026-07-07T15:43:09Z,,,,,,,,,,,,4037.4
2026-07-07T15:43:09Z,,,,,,,,,,,,4024.3
2026-07-07T15:43:09Z,51.554882,-0.069032,44.2,1.2,1.8,99.9,9,1,3,3.19,189.6,4011.7
2026-07-07T15:43:09Z,,,,,,,,,,,,4004.0
2026-07-07T15:43:09Z,,,,,,,,,,,,4000.8
2026-07-07T15:43:09Z,,,,,,,,,,,,4002.8
2026-07-07T15:43:09Z,,,,,,,,,,,,4011.5
2026-07-07T15:43:09Z,51.554874,-0.069035,44.2,1.2,1.8,99.9,9,1,3,2.71,191.7,4025.4
2026-07-07T15:43:09Z,,,,,,,,,,,,4045.9
2026-07-07T15:43:10Z,,,,,,,,,,,,4067.4
2026-07-07T15:43:10Z,,,,,,,,,,,,4092.3
2026-07-07T15:43:10Z,,,,,,,,,,,,4114.3
2026-07-07T15:43:10Z,51.554867,-0.069038,44.1,1.2,1.8,99.9,9,1,3,3.58,195.0,4131.1
2026-07-07T15:43:10Z,,,,,,,,,,,,4143.9
2026-07-07T15:43:10Z,,,,,,,,,,,,4155.7
2026-07-07T15:43:10Z,,,,,,,,,,,,4163.6
2026-07-07T15:43:10Z,,,,,,,,,,,,4168.2
2026-07-07T15:43:10Z,51.554859,-0.069042,44.0,1.2,1.8,99.9,9,1,3,2.53,198.9,4167.7
2026-07-07T15:43:10Z,,,,,,,,,,,,4162.5
2026-07-07T15:43:11Z,,,,,,,,,,,,4157.8
2026-07-07T15:43:11Z,,,,,,,,,,,,4152.1
2026-07-07T15:43:11Z,,,,,,,,,,,,4144.8
2026-07-07T15:43:11Z,51.554855,-0.069044,43.9,1.2,1.8,99.9,9,1,3,2.85,199.4,4136.5
2026-07-07T15:43:11Z,,,,,,,,,,,,4127.7
2026-07-07T15:43:11Z,,,,,,,,,,,,4122.4
2026-07-07T15:43:11Z,,,,,,,,,,,,4120.2
2026-07-07T15:43:11Z,,,,,,,,,,,,4119.7
2026-07-07T15:43:11Z,51.554848,-0.069047,43.8,1.2,1.8,99.9,9,1,3,2.63,202.0,4121.0
2026-07-07T15:43:11Z,,,,,,,,,,,,4122.4
2026-07-07T15:43:12Z,,,,,,,,,,,,4125.4
2026-07-07T15:43:12Z,,,,,,,,,,,,4132.1
2026-07-07T15:43:12Z,,,,,,,,,,,,4139.2
2026-07-07T15:43:12Z,51.554840,-0.069050,43.8,1.2,1.8,99.9,9,1,3,3.29,201.3,4146.4
2026-07-07T15:43:12Z,,,,,,,,,,,,4152.7
2026-07-07T15:43:12Z,,,,,,,,,,,,4158.9
2026-07-07T15:43:12Z,,,,,,,,,,,,4168.8
2026-07-07T15:43:12Z,,,,,,,,,,,,4179.6
2026-07-07T15:43:12Z,51.554832,-0.069054,43.7,1.2,1.8,99.9,9,1,3,2.93,198.6,4187.1
2026-07-07T15:43:12Z,,,,,,,,,,,,4191.3
2026-07-07T15:43:13Z,,,,,,,,,,,,4192.0
2026-07-07T15:43:13Z,,,,,,,,,,,,4192.1
2026-07-07T15:43:13Z,,,,,,,,,,,,4191.1
2026-07-07T15:43:13Z,51.554825,-0.069058,43.7,1.2,1.8,99.9,9,1,3,3.11,201.1,4186.8
2026-07-07T15:43:13Z,,,,,,,,,,,,4179.0
2026-07-07T15:43:13Z,,,,,,,,,,,,4167.7
2026-07-07T15:43:13Z,,,,,,,,,,,,4156.7
2026-07-07T15:43:13Z,,,,,,,,,,,,4149.9
2026-07-07T15:43:13Z,51.554817,-0.069059,43.7,1.2,1.8,99.9,9,1,3,2.94,198.8,4146.6
2026-07-07T15:43:13Z,,,,,,,,,,,,4143.5
2026-07-07T15:43:14Z,,,,,,,,,,,,4141.0
2026-07-07T15:43:14Z,,,,,,,,,,,,4140.9
2026-07-07T15:43:14Z,,,,,,,,,,,,4145.2
2026-07-07T15:43:14Z,51.554813,-0.069062,43.7,1.2,1.8,99.9,9,1,3,2.74,201.6,4150.9
2026-07-07T15:43:14Z,,,,,,,,,,,,4155.0
2026-07-07T15:43:14Z,,,,,,,,,,,,4157.2
2026-07-07T15:43:14Z,,,,,,,,,,,,4157.5
2026-07-07T15:43:14Z,,,,,,,,,,,,4157.2
2026-07-07T15:43:14Z,51.554806,-0.069065,43.6,1.2,1.8,99.9,9,1,3,3.15,198.7,4154.0
2026-07-07T15:43:14Z,,,,,,,,,,,,4147.9
2026-07-07T15:43:15Z,,,,,,,,,,,,4140.5
2026-07-07T15:43:15Z,,,,,,,,,,,,4128.1
2026-07-07T15:43:15Z,,,,,,,,,,,,4115.1
2026-07-07T15:43:15Z,51.554798,-0.069068,43.5,1.2,1.8,99.9,9,1,3,2.86,201.0,4101.9
2026-07-07T15:43:15Z,,,,,,,,,,,,4087.8
2026-07-07T15:43:15Z,,,,,,,,,,,,4072.5
2026-07-07T15:43:15Z,,,,,,,,,,,,4057.0
2026-07-07T15:43:15Z,,,,,,,,,,,,4042.5
2026-07-07T15:43:15Z,51.554790,-0.069071,43.5,1.2,1.8,99.9,9,1,3,3.18,201.8,4029.4
2026-07-07T15:43:15Z,,,,,,,,,,,,4018.2
2026-07-07T15:43:16Z,,,,,,,,,,,,4010.4
2026-07-07T15:43:16Z,,,,,,,,,,,,4006.1
2026-07-07T15:43:16Z,,,,,,,,,,,,4005.1
2026-07-07T15:43:16Z,51.554783,-0.069073,43.4,1.2,1.8,99.9,9,1,3,2.67,199.2,4009.2
2026-07-07T15:43:16Z,,,,,,,,,,,,4016.5
2026-07-07T15:43:16Z,,,,,,,,,,,,4024.3
2026-07-07T15:43:16Z,,,,,,,,,,,,4031.9
2026-07-07T15:43:16Z,,,,,,,,,,,,4039.4
2026-07-07T15:43:16Z,51.554775,-0.069076,43.3,1.2,1.8,99.9,9,1,3,4.00,199.4,4048.2
2026-07-07T15:43:16Z,,,,,,,,,,,,4054.5
2026-07-07T15:43:17Z,,,,,,,,,,,,4056.4
2026-07-07T15:43:17Z,,,,,,,,,,,,4056.8
2026-07-07T15:43:17Z,,,,,,,,,,,,4055.9
2026-07-07T15:43:17Z,51.554768,-0.069079,43.3,1.2,1.8,99.9,9,1,3,2.66,203.1,4054.4
2026-07-07T15:43:17Z,,,,,,,,,,,,4052.7
2026-07-07T15:43:17Z,,,,,,,,,,,,4049.7
2026-07-07T15:43:17Z,,,,,,,,,,,,4044.8
2026-07-07T15:43:17Z,,,,,,,,,,,,4038.7
2026-07-07T15:43:17Z,51.554756,-0.069080,43.4,1.2,1.8,99.9,9,1,3,3.58,203.4,4032.0
2026-07-07T15:43:17Z,,,,,,,,,,,,4026.6
2026-07-07T15:43:18Z,,,,,,,,,,,,4022.4
2026-07-07T15:43:18Z,,,,,,,,,,,,4015.8
2026-07-07T15:43:18Z,,,,,,,,,,,,4009.2
2026-07-07T15:43:18Z,51.554749,-0.069085,43.3,1.2,1.8,99.9,9,1,3,3.25,204.0,4002.9
2026-07-07T15:43:18Z,,,,,,,,,,,,3998.6
2026-07-07T15:43:18Z,,,,,,,,,,,,3996.0
2026-07-07T15:43:18Z,,,,,,,,,,,,3993.1
2026-07-07T15:43:18Z,,,,,,,,,,,,3990.2
2026-07-07T15:43:18Z,51.554741,-0.069089,43.2,1.2,1.8,99.9,9,1,3,3.28,204.8,3988.2
2026-07-07T15:43:18Z,,,,,,,,,,,,3987.6
2026-07-07T15:43:19Z,,,,,,,,,,,,3987.2
2026-07-07T15:43:19Z,,,,,,,,,,,,3986.6
2026-07-07T15:43:19Z,,,,,,,,,,,,3986.6
2026-07-07T15:43:19Z,51.554733,-0.069093,43.2,1.2,1.8,99.9,9,1,3,2.95,210.0,3985.1
2026-07-07T15:43:19Z,,,,,,,,,,,,3983.9
2026-07-07T15:43:19Z,,,,,,,,,,,,3984.7
2026-07-07T15:43:19Z,,,,,,,,,,,,3984.1
2026-07-07T15:43:19Z,,,,,,,,,,,,3982.2
2026-07-07T15:43:19Z,51.554729,-0.069098,43.2,1.2,1.8,99.9,9,1,3,3.25,210.7,3981.0
2026-07-07T15:43:19Z,,,,,,,,,,,,3980.9
2026-07-07T15:43:20Z,,,,,,,,,,,,3982.5
2026-07-07T15:43:20Z,,,,,,,,,,,,3985.3
2026-07-07T15:43:20Z,,,,,,,,,,,,3988.6
2026-07-07T15:43:20Z,51.554722,-0.069103,43.1,1.2,1.8,99.9,9,1,3,2.76,210.6,3991.5
2026-07-07T15:43:20Z,,,,,,,,,,,,3996.2
2026-07-07T15:43:20Z,,,,,,,,,,,,4003.5
2026-07-07T15:43:20Z,,,,,,,,,,,,4008.7
2026-07-07T15:43:20Z,,,,,,,,,,,,4011.7
2026-07-07T15:43:20Z,51.554714,-0.069108,43.0,1.2,1.8,99.9,9,1,3,3.03,212.0,4014.2
2026-07-07T15:43:20Z,,,,,,,,,,,,4014.8
2026-07-07T15:43:21Z,,,,,,,,,,,,4014.6
2026-07-07T15:43:21Z,,,,,,,,,,,,4012.8
2026-07-07T15:43:21Z,,,,,,,,,,,,4009.2
2026-07-07T15:43:21Z,51.554710,-0.069113,43.1,1.2,1.8,99.9,9,1,3,2.89,214.0,4004.1
2026-07-07T15:43:21Z,,,,,,,,,,,,3997.0
2026-07-07T15:43:21Z,,,,,,,,,,,,3989.5
2026-07-07T15:43:21Z,,,,,,,,,,,,3982.7
2026-07-07T15:43:21Z,,,,,,,,,,,,3975.6
2026-07-07T15:43:21Z,51.554703,-0.069119,43.0,1.2,1.8,99.9,9,1,3,3.10,217.2,3969.3
2026-07-07T15:43:21Z,,,,,,,,,,,,3963.8
2026-07-07T15:43:22Z,,,,,,,,,,,,3959.5
2026-07-07T15:43:22Z,,,,,,,,,,,,3956.3
2026-07-07T15:43:22Z,,,,,,,,,,,,3954.2
2026-07-07T15:43:22Z,51.554699,-0.069125,42.9,1.2,1.8,99.9,9,1,3,2.89,219.6,3953.5
2026-07-07T15:43:22Z,,,,,,,,,,,,3954.3
2026-07-07T15:43:22Z,,,,,,,,,,,,3954.3
2026-07-07T15:43:22Z,,,,,,,,,,,,3956.7
2026-07-07T15:43:22Z,,,,,,,,,,,,3960.4
2026-07-07T15:43:22Z,51.554691,-0.069130,42.8,1.2,1.8,99.9,9,1,3,2.96,216.1,3962.4
2026-07-07T15:43:22Z,,,,,,,,,,,,3963.1
2026-07-07T15:43:23Z,,,,,,,,,,,,3963.1
2026-07-07T15:43:23Z,,,,,,,,,,,,3964.2
2026-07-07T15:43:23Z,,,,,,,,,,,,3964.7
2026-07-07T15:43:23Z,51.554684,-0.069136,42.7,1.2,1.8,99.9,9,1,3,3.01,222.0,3963.4
2026-07-07T15:43:23Z,,,,,,,,,,,,3960.7
2026-07-07T15:43:23Z,,,,,,,,,,,,3957.0
2026-07-07T15:43:23Z,,,,,,,,,,,,3953.7
2026-07-07T15:43:23Z,,,,,,,,,,,,3951.7
2026-07-07T15:43:23Z,51.554680,-0.069143,42.5,1.2,1.8,99.9,9,1,3,2.86,224.1,3949.9
2026-07-07T15:43:23Z,,,,,,,,,,,,3947.2
2026-07-07T15:43:24Z,,,,,,,,,,,,3944.7
2026-07-07T15:43:24Z,,,,,,,,,,,,3944.3
2026-07-07T15:43:24Z,,,,,,,,,,,,3947.6
2026-07-07T15:43:24Z,51.554676,-0.069151,42.4,1.2,1.8,99.9,9,1,3,3.05,226.0,3953.1
2026-07-07T15:43:24Z,,,,,,,,,,,,3960.3
2026-07-07T15:43:24Z,,,,,,,,,,,,3968.7
2026-07-07T15:43:24Z,,,,,,,,,,,,3978.5
2026-07-07T15:43:24Z,,,,,,,,,,,,3991.4
2026-07-07T15:43:24Z,51.554668,-0.069158,42.4,1.2,1.8,99.9,9,1,3,2.68,227.6,4005.5
2026-07-07T15:43:24Z,,,,,,,,,,,,4020.2
2026-07-07T15:43:25Z,,,,,,,,,,,,4034.1
2026-07-07T15:43:25Z,,,,,,,,,,,,4051.9
2026-07-07T15:43:25Z,,,,,,,,,,,,4071.8
2026-07-07T15:43:25Z,51.554665,-0.069165,42.3,1.2,1.8,99.9,9,1,3,3.03,231.5,4093.2
2026-07-07T15:43:25Z,,,,,,,,,,,,4112.7
2026-07-07T15:43:25Z,,,,,,,,,,,,4126.2
2026-07-07T15:43:25Z,,,,,,,,,,,,4135.5
2026-07-07T15:43:25Z,,,,,,,,,,,,4142.0
2026-07-07T15:43:25Z,51.554661,-0.069171,42.2,1.2,1.8,99.9,9,1,3,2.42,224.8,4146.4
2026-07-07T15:43:25Z,,,,,,,,,,,,4146.9
2026-07-07T15:43:26Z,,,,,,,,,,,,4142.0
2026-07-07T15:43:26Z,,,,,,,,,,,,4133.6
2026-07-07T15:43:26Z,,,,,,,,,,,,4126.1
2026-07-07T15:43:26Z,51.554653,-0.069177,42.1,1.2,1.8,99.9,9,1,3,2.72,225.3,4119.3
2026-07-07T15:43:26Z,,,,,,,,,,,,4111.6
2026-07-07T15:43:26Z,,,,,,,,,,,,4102.0
2026-07-07T15:43:26Z,,,,,,,,,,,,4093.0
2026-07-07T15:43:26Z,,,,,,,,,,,,4086.7
2026-07-07T15:43:26Z,51.554649,-0.069182,41.3,1.2,1.8,99.9,9,1,3,2.77,213.2,4081.9
2026-07-07T15:43:26Z,,,,,,,,,,,,4077.9
2026-07-07T15:43:27Z,,,,,,,,,,,,4073.1
2026-07-07T15:43:27Z,,,,,,,,,,,,4066.9
2026-07-07T15:43:27Z,,,,,,,,,,,,4062.6
2026-07-07T15:43:27Z,51.554642,-0.069187,41.1,1.2,1.8,99.9,9,1,3,2.86,217.6,4057.9
2026-07-07T15:43:27Z,,,,,,,,,,,,4052.8
2026-07-07T15:43:27Z,,,,,,,,,,,,4046.1
2026-07-07T15:43:27Z,,,,,,,,,,,,4038.3
2026-07-07T15:43:27Z,,,,,,,,,,,,4031.8
2026-07-07T15:43:27Z,51.554638,-0.069194,40.8,1.2,1.8,99.9,9,1,3,2.61,227.2,4027.1
2026-07-07T15:43:27Z,,,,,,,,,,,,4023.6
2026-07-07T15:43:28Z,,,,,,,,,,,,4022.5
2026-07-07T15:43:28Z,,,,,,,,,,,,4022.6
2026-07-07T15:43:28Z,,,,,,,,,,,,4025.4
2026-07-07T15:43:28Z,51.554634,-0.069201,40.5,1.2,1.8,99.9,9,1,3,2.74,231.5,4031.1
2026-07-07T15:43:28Z,,,,,,,,,,,,4038.2
2026-07-07T15:43:28Z,,,,,,,,,,,,4045.8
2026-07-07T15:43:28Z,,,,,,,,,,,,4051.2
2026-07-07T15:43:28Z,,,,,,,,,,,,4055.8
2026-07-07T15:43:28Z,51.554630,-0.069207,40.2,1.2,1.8,99.9,9,1,3,2.61,234.0,4061.0
2026-07-07T15:43:28Z,,,,,,,,,,,,4065.4
2026-07-07T15:43:29Z,,,,,,,,,,,,4066.5
2026-07-07T15:43:29Z,,,,,,,,,,,,4065.1
2026-07-07T15:43:29Z,,,,,,,,,,,,4062.3
2026-07-07T15:43:29Z,51.554626,-0.069215,39.9,1.2,1.8,99.9,9,1,3,2.50,244.4,4060.1
2026-07-07T15:43:29Z,,,,,,,,,,,,4059.5
2026-07-07T15:43:29Z,,,,,,,,,,,,4063.1
2026-07-07T15:43:29Z,,,,,,,,,,,,4070.1
2026-07-07T15:43:29Z,,,,,,,,,,,,4079.7
2026-07-07T15:43:29Z,51.554623,-0.069223,39.6,1.2,1.8,99.9,9,1,3,2.55,256.4,4092.2
2026-07-07T15:43:29Z,,,,,,,,,,,,4106.8
2026-07-07T15:43:30Z,,,,,,,,,,,,4119.9
2026-07-07T15:43:30Z,,,,,,,,,,,,4134.9
2026-07-07T15:43:30Z,,,,,,,,,,,,4150.0
2026-07-07T15:43:30Z,51.554623,-0.069232,39.6,1.2,1.8,99.9,9,1,3,2.65,260.4,4165.8
2026-07-07T15:43:30Z,,,,,,,,,,,,4179.2
2026-07-07T15:43:30Z,,,,,,,,,,,,4190.8
2026-07-07T15:43:30Z,,,,,,,,,,,,4201.4
2026-07-07T15:43:30Z,,,,,,,,,,,,4209.3
2026-07-07T15:43:30Z,51.554623,-0.069241,39.5,1.2,1.8,99.9,9,1,3,2.62,269.1,4214.6
2026-07-07T15:43:30Z,,,,,,,,,,,,4217.7
2026-07-07T15:43:31Z,,,,,,,,,,,,4214.5
2026-07-07T15:43:31Z,,,,,,,,,,,,4206.5
2026-07-07T15:43:31Z,,,,,,,,,,,,4198.0
2026-07-07T15:43:31Z,51.554619,-0.069247,40.1,1.2,1.8,99.9,9,1,3,2.27,273.4,4189.4
2026-07-07T15:43:31Z,,,,,,,,,,,,4181.3
2026-07-07T15:43:31Z,,,,,,,,,,,,4173.7
2026-07-07T15:43:31Z,,,,,,,,,,,,4167.7
2026-07-07T15:43:31Z,,,,,,,,,,,,4162.1
2026-07-07T15:43:31Z,51.554619,-0.069256,39.9,1.2,1.8,99.9,9,1,3,2.81,271.0,4157.7
2026-07-07T15:43:31Z,,,,,,,,,,,,4155.2
2026-07-07T15:43:32Z,,,,,,,,,,,,4151.4
2026-07-07T15:43:32Z,,,,,,,,,,,,4145.7
2026-07-07T15:43:32Z,,,,,,,,,,,,4138.7
2026-07-07T15:43:32Z,51.554615,-0.069265,40.2,1.2,1.8,99.9,9,1,3,2.86,268.9,4131.1
2026-07-07T15:43:32Z,,,,,,,,,,,,4122.7
2026-07-07T15:43:32Z,,,,,,,,,,,,4112.9
2026-07-07T15:43:32Z,,,,,,,,,,,,4103.6
2026-07-07T15:43:32Z,,,,,,,,,,,,4094.0
2026-07-07T15:43:32Z,51.554615,-0.069275,40.0,1.2,1.8,99.9,9,1,3,3.07,275.6,4084.1
2026-07-07T15:43:32Z,,,,,,,,,,,,4075.6
2026-07-07T15:43:33Z,,,,,,,,,,,,4070.9
2026-07-07T15:43:33Z,,,,,,,,,,,,4067.2
2026-07-07T15:43:33Z,,,,,,,,,,,,4065.9
2026-07-07T15:43:33Z,51.554615,-0.069284,40.0,1.2,1.8,99.9,9,1,3,2.89,274.8,4067.1
2026-07-07T15:43:33Z,,,,,,,,,,,,4070.2
2026-07-07T15:43:33Z,,,,,,,,,,,,4072.7
2026-07-07T15:43:33Z,,,,,,,,,,,,4073.7
2026-07-07T15:43:33Z,,,,,,,,,,,,4074.1
2026-07-07T15:43:33Z,51.554615,-0.069293,40.0,1.2,1.8,99.9,9,1,3,2.63,266.9,4073.6
2026-07-07T15:43:33Z,,,,,,,,,,,,4071.9
2026-07-07T15:43:34Z,,,,,,,,,,,,4069.1
2026-07-07T15:43:34Z,,,,,,,,,,,,4065.2
2026-07-07T15:43:34Z,,,,,,,,,,,,4060.5
2026-07-07T15:43:34Z,51.554611,-0.069302,39.9,1.2,1.8,99.9,9,1,3,2.73,269.0,4055.1
2026-07-07T15:43:34Z,,,,,,,,,,,,4050.6
2026-07-07T15:43:34Z,,,,,,,,,,,,4046.3
2026-07-07T15:43:34Z,,,,,,,,,,,,4041.1
2026-07-07T15:43:34Z,,,,,,,,,,,,4035.5
2026-07-07T15:43:34Z,51.554611,-0.069311,39.8,1.2,1.8,99.9,9,1,3,3.02,273.8,4030.6
2026-07-07T15:43:34Z,,,,,,,,,,,,4026.8
2026-07-07T15:43:35Z,,,,,,,,,,,,4024.0
2026-07-07T15:43:35Z,,,,,,,,,,,,4020.6
2026-07-07T15:43:35Z,,,,,,,,,,,,4016.7
2026-07-07T15:43:35Z,51.554611,-0.069320,39.7,1.2,1.8,99.9,9,1,3,2.59,274.3,4011.8
2026-07-07T15:43:35Z,,,,,,,,,,,,4006.9
2026-07-07T15:43:35Z,,,,,,,,,,,,4003.8
2026-07-07T15:43:35Z,,,,,,,,,,,,4001.7
2026-07-07T15:43:35Z,,,,,,,,,,,,4000.2
2026-07-07T15:43:35Z,51.554607,-0.069326,39.8,1.2,1.8,99.9,9,1,3,2.90,268.1,4001.0
2026-07-07T15:43:35Z,,,,,,,,,,,,4003.7
2026-07-07T15:43:36Z,,,,,,,,,,,,4007.6
2026-07-07T15:43:36Z,,,,,,,,,,,,4011.0
2026-07-07T15:43:36Z,,,,,,,,,,,,4013.1
2026-07-07T15:43:36Z,51.554607,-0.069334,39.9,1.2,1.8,99.9,9,1,3,2.45,271.0,4013.5
2026-07-07T15:43:36Z,,,,,,,,,,,,4010.9
2026-07-07T15:43:36Z,,,,,,,,,,,,4007.7
2026-07-07T15:43:36Z,,,,,,,,,,,,4003.5
2026-07-07T15:43:36Z,,,,,,,,,,,,3997.7
2026-07-07T15:43:36Z,51.554604,-0.069343,39.7,1.2,1.8,99.9,9,1,3,2.58,271.7,3991.1
2026-07-07T15:43:36Z,,,,,,,,,,,,3982.8
2026-07-07T15:43:37Z,,,,,,,,,,,,3975.9
2026-07-07T15:43:37Z,,,,,,,,,,,,3969.2
2026-07-07T15:43:37Z,,,,,,,,,,,,3962.7
2026-07-07T15:43:37Z,51.554604,-0.069352,39.6,1.2,1.8,99.9,9,1,3,2.63,271.9,3954.0
2026-07-07T15:43:37Z,,,,,,,,,,,,3945.2
2026-07-07T15:43:37Z,,,,,,,,,,,,3936.4
2026-07-07T15:43:37Z,,,,,,,,,,,,3928.6
2026-07-07T15:43:37Z,,,,,,,,,,,,3921.2
2026-07-07T15:43:37Z,51.554604,-0.069361,39.5,1.2,1.8,99.9,9,1,3,2.77,268.8,3913.7
2026-07-07T15:43:37Z,,,,,,,,,,,,3907.2
2026-07-07T15:43:38Z,,,,,,,,,,,,3902.4
2026-07-07T15:43:38Z,,,,,,,,,,,,3900.3
2026-07-07T15:43:38Z,,,,,,,,,,,,3901.1
2026-07-07T15:43:38Z,51.554600,-0.069368,39.8,1.2,1.8,99.9,9,1,3,3.11,268.5,3904.0
2026-07-07T15:43:38Z,,,,,,,,,,,,3908.0
2026-07-07T15:43:38Z,,,,,,,,,,,,3911.3
2026-07-07T15:43:38Z,,,,,,,,,,,,3915.7
2026-07-07T15:43:38Z,,,,,,,,,,,,3921.1
2026-07-07T15:43:38Z,51.554600,-0.069377,39.9,1.2,1.8,99.9,9,1,3,2.92,260.5,3925.0
2026-07-07T15:43:38Z,,,,,,,,,,,,3927.8
2026-07-07T15:43:39Z,,,,,,,,,,,,3930.8
2026-07-07T15:43:39Z,,,,,,,,,,,,3937.3
2026-07-07T15:43:39Z,,,,,,,,,,,,3945.8
2026-07-07T15:43:39Z,51.554596,-0.069386,39.8,1.2,1.8,99.9,9,1,3,3.03,258.6,3953.8
2026-07-07T15:43:39Z,,,,,,,,,,,,3961.8
2026-07-07T15:43:39Z,,,,,,,,,,,,3969.4
2026-07-07T15:43:39Z,,,,,,,,,,,,3976.4
2026-07-07T15:43:39Z,,,,,,,,,,,,3983.2
2026-07-07T15:43:39Z,51.554592,-0.069394,39.8,1.2,1.8,99.9,9,1,3,2.73,260.0,3987.6
2026-07-07T15:43:39Z,,,,,,,,,,,,3987.8
2026-07-07T15:43:40Z,,,,,,,,,,,,3985.3
2026-07-07T15:43:40Z,,,,,,,,,,,,3981.4
2026-07-07T15:43:40Z,,,,,,,,,,,,3978.3
2026-07-07T15:43:40Z,51.554592,-0.069403,39.7,1.2,1.8,99.9,9,1,3,2.96,256.4,3973.8
2026-07-07T15:43:40Z,,,,,,,,,,,,3967.3
2026-07-07T15:43:40Z,,,,,,,,,,,,3960.6
2026-07-07T15:43:40Z,,,,,,,,,,,,3952.9
2026-07-07T15:43:40Z,,,,,,,,,,,,3946.4
2026-07-07T15:43:40Z,51.554588,-0.069412,39.5,1.2,1.8,99.9,9,1,3,2.84,265.8,3942.3
2026-07-07T15:43:40Z,,,,,,,,,,,,3938.3
2026-07-07T15:43:41Z,,,,,,,,,,,,3936.2
2026-07-07T15:43:41Z,,,,,,,,,,,,3936.2
2026-07-07T15:43:41Z,,,,,,,,,,,,3939.5
2026-07-07T15:43:41Z,51.554588,-0.069420,39.2,1.2,1.8,99.9,9,1,3,2.32,285.3,3946.1
2026-07-07T15:43:41Z,,,,,,,,,,,,3952.6
2026-07-07T15:43:41Z,,,,,,,,,,,,3957.1
2026-07-07T15:43:41Z,,,,,,,,,,,,3960.2
2026-07-07T15:43:41Z,,,,,,,,,,,,3962.3
2026-07-07T15:43:41Z,51.554588,-0.069428,39.1,1.2,1.8,99.9,9,1,3,2.56,283.8,3964.7
2026-07-07T15:43:41Z,,,,,,,,,,,,3964.1
2026-07-07T15:43:42Z,,,,,,,,,,,,3960.7
2026-07-07T15:43:42Z,,,,,,,,,,,,3955.6
2026-07-07T15:43:42Z,,,,,,,,,,,,3950.8
2026-07-07T15:43:42Z,51.554588,-0.069437,38.7,1.2,1.8,99.9,9,1,3,2.66,283.2,3948.2
2026-07-07T15:43:42Z,,,,,,,,,,,,3946.6
2026-07-07T15:43:42Z,,,,,,,,,,,,3944.2
2026-07-07T15:43:42Z,,,,,,,,,,,,3940.7
2026-07-07T15:43:42Z,,,,,,,,,,,,3937.1
2026-07-07T15:43:42Z,51.554592,-0.069445,38.5,1.2,1.8,99.9,9,1,3,2.84,287.6,3935.1
2026-07-07T15:43:42Z,,,,,,,,,,,,3933.5
2026-07-07T15:43:43Z,,,,,,,,,,,,3932.5
2026-07-07T15:43:43Z,,,,,,,,,,,,3932.1
2026-07-07T15:43:43Z,,,,,,,,,,,,3933.0
2026-07-07T15:43:43Z,51.554592,-0.069454,38.4,1.2,1.8,99.9,9,1,3,2.80,293.8,3937.1
2026-07-07T15:43:43Z,,,,,,,,,,,,3944.6
2026-07-07T15:43:43Z,,,,,,,,,,,,3952.5
2026-07-07T15:43:43Z,,,,,,,,,,,,3960.0
2026-07-07T15:43:43Z,,,,,,,,,,,,3966.1
2026-07-07T15:43:43Z,51.554596,-0.069461,37.8,1.2,1.8,99.9,9,1,3,2.54,295.0,3971.7
2026-07-07T15:43:43Z,,,,,,,,,,,,3977.5
2026-07-07T15:43:44Z,,,,,,,,,,,,3980.9
2026-07-07T15:43:44Z,,,,,,,,,,,,3981.1
2026-07-07T15:43:44Z,,,,,,,,,,,,3978.8
2026-07-07T15:43:44Z,51.554596,-0.069467,37.6,1.2,1.8,99.9,9,1,3,2.54,294.6,3975.3
2026-07-07T15:43:44Z,,,,,,,,,,,,3971.9
2026-07-07T15:43:44Z,,,,,,,,,,,,3969.0
2026-07-07T15:43:44Z,,,,,,,,,,,,3967.3
2026-07-07T15:43:44Z,,,,,,,,,,,,3966.3
2026-07-07T15:43:44Z,51.554596,-0.069475,37.6,1.2,1.8,99.9,9,1,3,2.72,292.9,3965.7
2026-07-07T15:43:44Z,,,,,,,,,,,,3966.1
2026-07-07T15:43:45Z,,,,,,,,,,,,3967.1
2026-07-07T15:43:45Z,,,,,,,,,,,,3968.2
2026-07-07T15:43:45Z,,,,,,,,,,,,3967.7
2026-07-07T15:43:45Z,51.554600,-0.069483,37.3,1.2,1.8,99.9,9,1,3,2.96,284.6,3965.8
2026-07-07T15:43:45Z,,,,,,,,,,,,3964.5
2026-07-07T15:43:45Z,,,,,,,,,,,,3965.8
2026-07-07T15:43:45Z,,,,,,,,,,,,3969.0
2026-07-07T15:43:45Z,,,,,,,,,,,,3973.4
2026-07-07T15:43:45Z,51.554600,-0.069491,36.6,1.2,1.8,99.9,9,1,3,2.74,284.7,3979.1
2026-07-07T15:43:45Z,,,,,,,,,,,,3987.5
2026-07-07T15:43:46Z,,,,,,,,,,,,3996.3
2026-07-07T15:43:46Z,,,,,,,,,,,,4007.7
2026-07-07T15:43:46Z,,,,,,,,,,,,4018.0
2026-07-07T15:43:46Z,51.554600,-0.069498,36.3,1.2,1.8,99.9,9,1,3,2.30,285.1,4025.7
2026-07-07T15:43:46Z,,,,,,,,,,,,4032.9
2026-07-07T15:43:46Z,,,,,,,,,,,,4039.6
2026-07-07T15:43:46Z,,,,,,,,,,,,4047.1
2026-07-07T15:43:46Z,,,,,,,,,,,,4054.6
2026-07-07T15:43:46Z,51.554600,-0.069505,36.0,1.2,1.8,99.9,9,1,3,2.63,280.1,4058.3
2026-07-07T15:43:46Z,,,,,,,,,,,,4060.6
2026-07-07T15:43:47Z,,,,,,,,,,,,4064.2
2026-07-07T15:43:47Z,,,,,,,,,,,,4069.9
2026-07-07T15:43:47Z,,,,,,,,,,,,4075.7
2026-07-07T15:43:47Z,51.554596,-0.069513,35.5,1.2,1.8,99.9,9,1,3,2.47,265.2,4078.6
2026-07-07T15:43:47Z,,,,,,,,,,,,4080.7
2026-07-07T15:43:47Z,,,,,,,,,,,,4082.3
2026-07-07T15:43:47Z,,,,,,,,,,,,4083.4
2026-07-07T15:43:47Z,,,,,,,,,,,,4083.5
2026-07-07T15:43:47Z,51.554596,-0.069519,35.7,1.2,1.8,99.9,9,1,3,2.07,264.4,4079.7
2026-07-07T15:43:47Z,,,,,,,,,,,,4072.5
2026-07-07T15:43:48Z,,,,,,,,,,,,4065.4
2026-07-07T15:43:48Z,,,,,,,,,,,,4056.6
2026-07-07T15:43:48Z,,,,,,,,,,,,4049.2
2026-07-07T15:43:48Z,51.554592,-0.069525,35.2,1.2,1.8,99.9,9,1,3,2.45,257.3,4042.5
2026-07-07T15:43:48Z,,,,,,,,,,,,4035.4
2026-07-07T15:43:48Z,,,,,,,,,,,,4031.6
2026-07-07T15:43:48Z,,,,,,,,,,,,4032.7
2026-07-07T15:43:48Z,,,,,,,,,,,,4038.7
2026-07-07T15:43:48Z,51.554588,-0.069533,35.0,1.2,1.8,99.9,9,1,3,2.78,252.1,4049.0
2026-07-07T15:43:48Z,,,,,,,,,,,,4061.4
2026-07-07T15:43:49Z,,,,,,,,,,,,4074.4
2026-07-07T15:43:49Z,,,,,,,,,,,,4092.2
2026-07-07T15:43:49Z,,,,,,,,,,,,4110.4
2026-07-07T15:43:49Z,51.554585,-0.069539,34.9,1.2,1.8,99.9,9,1,3,2.44,236.4,4128.9
2026-07-07T15:43:49Z,,,,,,,,,,,,4143.2
2026-07-07T15:43:49Z,,,,,,,,,,,,4151.3
2026-07-07T15:43:49Z,,,,,,,,,,,,4158.0
2026-07-07T15:43:49Z,,,,,,,,,,,,4163.6
2026-07-07T15:43:49Z,51.554581,-0.069545,34.7,1.2,1.8,99.9,9,1,3,2.89,233.1,4167.1
2026-07-07T15:43:49Z,,,,,,,,,,,,4166.4
2026-07-07T15:43:50Z,,,,,,,,,,,,4159.7
2026-07-07T15:43:50Z,,,,,,,,,,,,4149.6
2026-07-07T15:43:50Z,,,,,,,,,,,,4139.4
2026-07-07T15:43:50Z,51.554573,-0.069550,35.0,1.2,1.8,99.9,9,1,3,3.05,224.9,4129.8
2026-07-07T15:43:50Z,,,,,,,,,,,,4119.7
2026-07-07T15:43:50Z,,,,,,,,,,,,4108.2
2026-07-07T15:43:50Z,,,,,,,,,,,,4095.7
2026-07-07T15:43:50Z,,,,,,,,,,,,4085.5
2026-07-07T15:43:50Z,51.554565,-0.069556,34.8,1.2,1.8,99.9,9,1,3,3.29,226.8,4078.1
2026-07-07T15:43:50Z,,,,,,,,,,,,4071.6
2026-07-07T15:43:51Z,,,,,,,,,,,,4064.1
2026-07-07T15:43:51Z,,,,,,,,,,,,4054.0
2026-07-07T15:43:51Z,,,,,,,,,,,,4044.3
2026-07-07T15:43:51Z,51.554558,-0.069562,34.5,1.2,1.8,99.9,9,1,3,2.93,224.7,4036.2
2026-07-07T15:43:51Z,,,,,,,,,,,,4028.5
2026-07-07T15:43:51Z,,,,,,,,,,,,4020.1
2026-07-07T15:43:51Z,,,,,,,,,,,,4010.6
2026-07-07T15:43:51Z,,,,,,,,,,,,4001.2
2026-07-07T15:43:51Z,51.554554,-0.069569,34.2,1.2,1.8,99.9,9,1,3,3.15,229.9,3994.2
2026-07-07T15:43:51Z,,,,,,,,,,,,3987.5
2026-07-07T15:43:52Z,,,,,,,,,,,,3980.0
2026-07-07T15:43:52Z,,,,,,,,,,,,3970.4
2026-07-07T15:43:52Z,,,,,,,,,,,,3961.9
2026-07-07T15:43:52Z,51.554546,-0.069574,33.3,1.2,1.8,99.9,9,1,3,2.59,225.5,3955.3
2026-07-07T15:43:52Z,,,,,,,,,,,,3950.9
2026-07-07T15:43:52Z,,,,,,,,,,,,3949.4
2026-07-07T15:43:52Z,,,,,,,,,,,,3949.6
2026-07-07T15:43:52Z,,,,,,,,,,,,3952.6
2026-07-07T15:43:52Z,51.554543,-0.069580,33.0,1.2,1.8,99.9,9,1,3,2.73,229.4,3959.2
2026-07-07T15:43:52Z,,,,,,,,,,,,3969.0
2026-07-07T15:43:53Z,,,,,,,,,,,,3977.9
2026-07-07T15:43:53Z,,,,,,,,,,,,3987.3
2026-07-07T15:43:53Z,,,,,,,,,,,,3993.9
2026-07-07T15:43:53Z,51.554539,-0.069584,32.4,1.2,1.8,99.9,9,1,3,2.22,232.4,3999.6
2026-07-07T15:43:53Z,,,,,,,,,,,,4005.5
2026-07-07T15:43:53Z,,,,,,,,,,,,4009.3
2026-07-07T15:43:53Z,,,,,,,,,,,,4011.0
2026-07-07T15:43:53Z,,,,,,,,,,,,4009.0
2026-07-07T15:43:53Z,51.554535,-0.069589,32.0,1.2,1.8,99.9,9,1,3,2.22,235.5,4005.6
2026-07-07T15:43:53Z,,,,,,,,,,,,4002.6
2026-07-07T15:43:54Z,,,,,,,,,,,,3998.7
2026-07-07T15:43:54Z,,,,,,,,,,,,3992.9
2026-07-07T15:43:54Z,,,,,,,,,,,,3986.0
2026-07-07T15:43:54Z,51.554531,-0.069593,31.7,1.2,1.8,99.9,9,1,3,2.07,235.3,3979.3
2026-07-07T15:43:54Z,,,,,,,,,,,,3974.8
2026-07-07T15:43:54Z,,,,,,,,,,,,3974.1
2026-07-07T15:43:54Z,,,,,,,,,,,,3977.8
2026-07-07T15:43:54Z,,,,,,,,,,,,3985.2
2026-07-07T15:43:54Z,51.554527,-0.069596,31.3,1.2,1.8,99.9,9,1,3,1.76,235.3,3994.6
2026-07-07T15:43:54Z,,,,,,,,,,,,4007.3
2026-07-07T15:43:55Z,,,,,,,,,,,,4022.8
2026-07-07T15:43:55Z,,,,,,,,,,,,4043.7
2026-07-07T15:43:55Z,,,,,,,,,,,,4063.7
2026-07-07T15:43:55Z,51.554523,-0.069602,31.0,1.2,1.8,99.9,9,1,3,1.78,235.3,4078.6
2026-07-07T15:43:55Z,,,,,,,,,,,,4089.2
2026-07-07T15:43:55Z,,,,,,,,,,,,4098.0
2026-07-07T15:43:55Z,,,,,,,,,,,,4106.3
2026-07-07T15:43:55Z,,,,,,,,,,,,4111.9
2026-07-07T15:43:55Z,51.554520,-0.069607,30.5,1.2,1.8,99.9,9,1,3,2.09,252.0,4111.1
2026-07-07T15:43:55Z,,,,,,,,,,,,4103.6
2026-07-07T15:43:56Z,,,,,,,,,,,,4095.7
2026-07-07T15:43:56Z,,,,,,,,,,,,4090.0
2026-07-07T15:43:56Z,,,,,,,,,,,,4084.9
2026-07-07T15:43:56Z,51.554520,-0.069614,30.1,1.2,1.8,99.9,9,1,3,2.45,260.4,4078.1
2026-07-07T15:43:56Z,,,,,,,,,,,,4068.9
2026-07-07T15:43:56Z,,,,,,,,,,,,4058.5
2026-07-07T15:43:56Z,,,,,,,,,,,,4050.3
2026-07-07T15:43:56Z,,,,,,,,,,,,4044.6
2026-07-07T15:43:56Z,51.554520,-0.069622,29.8,1.2,1.8,99.9,9,1,3,2.65,271.7,4039.1
2026-07-07T15:43:56Z,,,,,,,,,,,,4031.7
2026-07-07T15:43:57Z,,,,,,,,,,,,4024.9
2026-07-07T15:43:57Z,,,,,,,,,,,,4018.6
2026-07-07T15:43:57Z,,,,,,,,,,,,4014.4
2026-07-07T15:43:57Z,51.554516,-0.069630,29.5,1.2,1.8,99.9,9,1,3,2.82,268.6,4012.8
2026-07-07T15:43:57Z,,,,,,,,,,,,4011.7
2026-07-07T15:43:57Z,,,,,,,,,,,,4011.5
2026-07-07T15:43:57Z,,,,,,,,,,,,4014.3
2026-07-07T15:43:57Z,,,,,,,,,,,,4022.2
2026-07-07T15:43:57Z,51.554512,-0.069637,29.8,1.2,1.8,99.9,9,1,3,2.16,266.1,4034.0
2026-07-07T15:43:57Z,,,,,,,,,,,,4046.2
2026-07-07T15:43:58Z,,,,,,,,,,,,4055.5
2026-07-07T15:43:58Z,,,,,,,,,,,,4066.7
2026-07-07T15:43:58Z,,,,,,,,,,,,4079.7
2026-07-07T15:43:58Z,51.554512,-0.069644,29.5,1.2,1.8,99.9,9,1,3,2.29,261.4,4095.4
2026-07-07T15:43:58Z,,,,,,,,,,,,4111.3
2026-07-07T15:43:58Z,,,,,,,,,,,,4124.6
2026-07-07T15:43:58Z,,,,,,,,,,,,4136.5
2026-07-07T15:43:58Z,,,,,,,,,,,,4148.5
2026-07-07T15:43:58Z,51.554508,-0.069650,29.2,1.2,1.8,99.9,9,1,3,1.74,261.4,4161.1
2026-07-07T15:43:58Z,,,,,,,,,,,,4172.9
2026-07-07T15:43:59Z,,,,,,,,,,,,4180.2
2026-07-07T15:43:59Z,,,,,,,,,,,,4187.0
2026-07-07T15:43:59Z,,,,,,,,,,,,4196.9
2026-07-07T15:43:59Z,51.554504,-0.069655,28.9,1.2,1.8,99.9,9,1,3,1.82,261.4,4212.7
2026-07-07T15:43:59Z,,,,,,,,,,,,4231.2
2026-07-07T15:43:59Z,,,,,,,,,,,,4247.7
2026-07-07T15:43:59Z,,,,,,,,,,,,4261.5
2026-07-07T15:43:59Z,,,,,,,,,,,,4276.7
2026-07-07T15:43:59Z,51.554504,-0.069661,28.6,1.2,1.8,99.9,9,1,3,1.71,261.4,4295.5
2026-07-07T15:43:59Z,,,,,,,,,,,,4310.8
2026-07-07T15:44:00Z,,,,,,,,,,,,4316.0
2026-07-07T15:44:00Z,,,,,,,,,,,,4315.3
2026-07-07T15:44:00Z,,,,,,,,,,,,4312.1
2026-07-07T15:44:00Z,51.554501,-0.069666,28.2,1.2,1.8,99.9,9,1,3,1.58,261.4,4308.7
2026-07-07T15:44:00Z,,,,,,,,,,,,4302.7
2026-07-07T15:44:00Z,,,,,,,,,,,,4293.5
2026-07-07T15:44:00Z,,,,,,,,,,,,4279.5
2026-07-07T15:44:00Z,,,,,,,,,,,,4263.9
2026-07-07T15:44:00Z,51.554501,-0.069669,27.8,1.2,1.8,99.9,9,1,3,1.31,261.4,4252.5
2026-07-07T15:44:00Z,,,,,,,,,,,,4245.9
2026-07-07T15:44:01Z,,,,,,,,,,,,4242.2
2026-07-07T15:44:01Z,,,,,,,,,,,,4239.6
2026-07-07T15:44:01Z,,,,,,,,,,,,4238.8
2026-07-07T15:44:01Z,51.554497,-0.069671,27.5,1.2,1.8,99.9,9,1,3,1.07,261.4,4242.9
2026-07-07T15:44:01Z,,,,,,,,,,,,4251.2
2026-07-07T15:44:01Z,,,,,,,,,,,,4259.2
2026-07-07T15:44:01Z,,,,,,,,,,,,4266.8
2026-07-07T15:44:01Z,,,,,,,,,,,,4272.8
2026-07-07T15:44:01Z,51.554497,-0.069674,27.1,1.2,1.8,99.9,9,1,3,1.01,261.4,4278.2
2026-07-07T15:44:01Z,,,,,,,,,,,,4285.5
2026-07-07T15:44:02Z,,,,,,,,,,,,4291.8
2026-07-07T15:44:02Z,,,,,,,,,,,,4298.9
2026-07-07T15:44:02Z,,,,,,,,,,,,4303.6
2026-07-07T15:44:02Z,51.554497,-0.069677,26.6,1.2,1.8,99.9,9,1,3,1.25,261.4,4306.2
2026-07-07T15:44:02Z,,,,,,,,,,,,4309.6
2026-07-07T15:44:02Z,,,,,,,,,,,,4311.9
2026-07-07T15:44:02Z,,,,,,,,,,,,4311.8
2026-07-07T15:44:02Z,,,,,,,,,,,,4307.9
2026-07-07T15:44:02Z,51.554497,-0.069682,26.2,1.2,1.8,99.9,9,1,3,1.70,261.4,4300.2
2026-07-07T15:44:02Z,,,,,,,,,,,,4293.1
2026-07-07T15:44:03Z,,,,,,,,,,,,4288.6
2026-07-07T15:44:03Z,,,,,,,,,,,,4283.6
2026-07-07T15:44:03Z,,,,,,,,,,,,4277.5
2026-07-07T15:44:03Z,51.554497,-0.069687,25.7,1.2,1.8,99.9,9,1,3,1.82,261.4,4272.4
2026-07-07T15:44:03Z,,,,,,,,,,,,4271.1
2026-07-07T15:44:03Z,,,,,,,,,,,,4276.0
2026-07-07T15:44:03Z,,,,,,,,,,,,4282.5
2026-07-07T15:44:03Z,,,,,,,,,,,,4286.8
2026-07-07T15:44:03Z,51.554497,-0.069692,25.2,1.2,1.8,99.9,9,1,3,1.89,261.4,4286.7
2026-07-07T15:44:03Z,,,,,,,,,,,,4284.3
2026-07-07T15:44:04Z,,,,,,,,,,,,4284.2
2026-07-07T15:44:04Z,,,,,,,,,,,,4281.8
2026-07-07T15:44:04Z,,,,,,,,,,,,4275.1
2026-07-07T15:44:04Z,51.554497,-0.069697,24.8,1.2,1.8,99.9,9,1,3,1.71,261.4,4265.8
2026-07-07T15:44:04Z,,,,,,,,,,,,4254.5
2026-07-07T15:44:04Z,,,,,,,,,,,,4245.0
2026-07-07T15:44:04Z,,,,,,,,,,,,4236.7
2026-07-07T15:44:04Z,,,,,,,,,,,,4225.5
2026-07-07T15:44:04Z,51.554493,-0.069703,24.6,1.2,1.8,99.9,9,1,3,1.99,270.0,4213.8
2026-07-07T15:44:04Z,,,,,,,,,,,,4201.6
2026-07-07T15:44:05Z,,,,,,,,,,,,4191.5
2026-07-07T15:44:05Z,,,,,,,,,,,,4183.0
2026-07-07T15:44:05Z,,,,,,,,,,,,4174.8
2026-07-07T15:44:05Z,51.554493,-0.069711,24.5,1.2,1.8,99.9,9,1,3,2.28,267.8,4167.0
2026-07-07T15:44:05Z,,,,,,,,,,,,4161.2
2026-07-07T15:44:05Z,,,,,,,,,,,,4158.4
2026-07-07T15:44:05Z,,,,,,,,,,,,4159.5
2026-07-07T15:44:05Z,,,,,,,,,,,,4162.6
2026-07-07T15:44:05Z,51.554493,-0.069720,24.2,1.2,1.8,99.9,9,1,3,2.49,268.6,4166.9
2026-07-07T15:44:05Z,,,,,,,,,,,,4173.3
2026-07-07T15:44:06Z,,,,,,,,,,,,4182.1
2026-07-07T15:44:06Z,,,,,,,,,,,,4195.6
2026-07-07T15:44:06Z,,,,,,,,,,,,4208.6
2026-07-07T15:44:06Z,51.554489,-0.069729,23.9,1.2,1.8,99.9,9,1,3,2.22,263.8,4218.6
2026-07-07T15:44:06Z,,,,,,,,,,,,4226.7
2026-07-07T15:44:06Z,,,,,,,,,,,,4232.4
2026-07-07T15:44:06Z,,,,,,,,,,,,4238.7
2026-07-07T15:44:06Z,,,,,,,,,,,,4245.5
2026-07-07T15:44:06Z,51.554489,-0.069736,23.6,1.2,1.8,99.9,9,1,3,1.98,261.7,4250.6
2026-07-07T15:44:06Z,,,,,,,,,,,,4255.9
2026-07-07T15:44:07Z,,,,,,,,,,,,4260.5
2026-07-07T15:44:07Z,,,,,,,,,,,,4267.8
2026-07-07T15:44:07Z,,,,,,,,,,,,4277.3
2026-07-07T15:44:07Z,51.554489,-0.069741,23.4,1.2,1.8,99.9,9,1,3,1.60,261.7,4284.5
2026-07-07T15:44:07Z,,,,,,,,,,,,4287.2
2026-07-07T15:44:07Z,,,,,,,,,,,,4285.6
2026-07-07T15:44:07Z,,,,,,,,,,,,4282.3
2026-07-07T15:44:07Z,,,,,,,,,,,,4279.6
2026-07-07T15:44:07Z,51.554485,-0.069747,23.3,1.2,1.8,99.9,9,1,3,1.62,261.7,4275.6
2026-07-07T15:44:07Z,,,,,,,,,,,,4266.7
2026-07-07T15:44:08Z,,,,,,,,,,,,4254.0
2026-07-07T15:44:08Z,,,,,,,,,,,,4239.5
2026-07-07T15:44:08Z,,,,,,,,,,,,4226.0
2026-07-07T15:44:08Z,51.554482,-0.069753,23.1,1.2,1.8,99.9,9,1,3,1.94,261.7,4212.4
2026-07-07T15:44:08Z,,,,,,,,,,,,4197.1
2026-07-07T15:44:08Z,,,,,,,,,,,,4181.9
2026-07-07T15:44:08Z,,,,,,,,,,,,4165.9
2026-07-07T15:44:08Z,,,,,,,,,,,,4151.3
2026-07-07T15:44:08Z,51.554478,-0.069763,23.1,1.2,1.8,99.9,9,1,3,2.62,245.4,4138.4
2026-07-07T15:44:08Z,,,,,,,,,,,,4124.6
2026-07-07T15:44:09Z,,,,,,,,,,,,4111.1
2026-07-07T15:44:09Z,,,,,,,,,,,,4097.1
2026-07-07T15:44:09Z,,,,,,,,,,,,4085.5
2026-07-07T15:44:09Z,51.554474,-0.069773,23.1,1.2,1.8,99.9,9,1,3,2.86,244.8,4075.1
2026-07-07T15:44:09Z,,,,,,,,,,,,4064.1
2026-07-07T15:44:09Z,,,,,,,,,,,,4053.6
2026-07-07T15:44:09Z,,,,,,,,,,,,4044.5
2026-07-07T15:44:09Z,,,,,,,,,,,,4036.5
2026-07-07T15:44:09Z,51.554470,-0.069785,23.2,1.2,1.8,99.9,9,1,3,3.38,247.0,4030.0
2026-07-07T15:44:09Z,,,,,,,,,,,,4022.2
2026-07-07T15:44:10Z,,,,,,,,,,,,4014.8
2026-07-07T15:44:10Z,,,,,,,,,,,,4006.2
2026-07-07T15:44:10Z,,,,,,,,,,,,3998.7
2026-07-07T15:44:10Z,51.554466,-0.069797,23.4,1.2,1.8,99.9,9,1,3,3.39,250.4,3992.4
2026-07-07T15:44:10Z,,,,,,,,,,,,3986.3
2026-07-07T15:44:10Z,,,,,,,,,,,,3980.1
2026-07-07T15:44:10Z,,,,,,,,,,,,3974.2
2026-07-07T15:44:10Z,,,,,,,,,,,,3969.3
2026-07-07T15:44:10Z,51.554462,-0.069809,23.6,1.2,1.8,99.9,9,1,3,3.32,250.3,3966.6
2026-07-07T15:44:10Z,,,,,,,,,,,,3963.6
2026-07-07T15:44:11Z,,,,,,,,,,,,3959.8
2026-07-07T15:44:11Z,,,,,,,,,,,,3954.5
2026-07-07T15:44:11Z,,,,,,,,,,,,3949.1
2026-07-07T15:44:11Z,51.554455,-0.069822,24.1,1.2,1.8,99.9,9,1,3,3.45,237.9,3944.4
2026-07-07T15:44:11Z,,,,,,,,,,,,3940.1
2026-07-07T15:44:11Z,,,,,,,,,,,,3935.3
2026-07-07T15:44:11Z,,,,,,,,,,,,3930.1
2026-07-07T15:44:11Z,,,,,,,,,,,,3923.6
2026-07-07T15:44:11Z,51.554447,-0.069833,24.6,1.2,1.8,99.9,9,1,3,3.80,231.8,3918.7
2026-07-07T15:44:11Z,,,,,,,,,,,,3915.6
2026-07-07T15:44:12Z,,,,,,,,,,,,3912.6
2026-07-07T15:44:12Z,,,,,,,,,,,,3910.5
2026-07-07T15:44:12Z,,,,,,,,,,,,3910.3
2026-07-07T15:44:12Z,51.554440,-0.069846,25.1,1.2,1.8,99.9,9,1,3,3.83,232.9,3913.2
2026-07-07T15:44:12Z,,,,,,,,,,,,3920.6
2026-07-07T15:44:12Z,,,,,,,,,,,,3930.1
2026-07-07T15:44:12Z,,,,,,,,,,,,3940.7
2026-07-07T15:44:12Z,,,,,,,,,,,,3951.3
2026-07-07T15:44:12Z,51.554440,-0.069846,25.4,1.2,1.8,99.9,9,1,3,0.00,232.9,3962.6
2026-07-07T15:44:12Z,,,,,,,,,,,,3974.4
2026-07-07T15:44:13Z,,,,,,,,,,,,3982.2
2026-07-07T15:44:13Z,,,,,,,,,,,,3987.9
2026-07-07T15:44:13Z,,,,,,,,,,,,3990.6
2026-07-07T15:44:13Z,51.554440,-0.069846,25.6,1.2,1.8,99.9,9,1,3,0.00,232.9,3990.2
2026-07-07T15:44:13Z,,,,,,,,,,,,3989.9
2026-07-07T15:44:13Z,,,,,,,,,,,,3988.1
2026-07-07T15:44:13Z,,,,,,,,,,,,3984.2
2026-07-07T15:44:13Z,,,,,,,,,,,,3979.5
2026-07-07T15:44:13Z,51.554436,-0.069854,25.5,1.2,1.8,99.9,9,1,3,2.60,247.2,3974.5
2026-07-07T15:44:13Z,,,,,,,,,,,,3971.1
2026-07-07T15:44:14Z,,,,,,,,,,,,3968.6
2026-07-07T15:44:14Z,,,,,,,,,,,,3965.6
2026-07-07T15:44:14Z,,,,,,,,,,,,3962.0
2026-07-07T15:44:14Z,51.554428,-0.069870,25.5,1.2,1.8,99.9,9,1,3,4.49,237.1,3957.1
2026-07-07T15:44:14Z,,,,,,,,,,,,3953.1
2026-07-07T15:44:14Z,,,,,,,,,,,,3949.7
2026-07-07T15:44:14Z,,,,,,,,,,,,3945.1
2026-07-07T15:44:14Z,,,,,,,,,,,,3940.0
2026-07-07T15:44:14Z,51.554420,-0.069885,25.5,1.2,1.7,99.9,9,1,3,4.79,230.2,3937.0
2026-07-07T15:44:14Z,,,,,,,,,,,,3938.0
2026-07-07T15:44:15Z,,,,,,,,,,,,3943.2
2026-07-07T15:44:15Z,,,,,,,,,,,,3952.1
2026-07-07T15:44:15Z,,,,,,,,,,,,3962.5
2026-07-07T15:44:15Z,51.554409,-0.069900,26.1,1.2,1.7,99.9,9,1,3,5.12,224.0,3973.3
2026-07-07T15:44:15Z,,,,,,,,,,,,3984.6
2026-07-07T15:44:15Z,,,,,,,,,,,,3995.0
2026-07-07T15:44:15Z,,,,,,,,,,,,4002.8
2026-07-07T15:44:15Z,,,,,,,,,,,,4007.0
2026-07-07T15:44:15Z,51.554401,-0.069914,26.4,1.2,1.7,99.9,9,1,3,5.18,223.8,4009.2
2026-07-07T15:44:15Z,,,,,,,,,,,,4009.6
2026-07-07T15:44:16Z,,,,,,,,,,,,4009.3
2026-07-07T15:44:16Z,,,,,,,,,,,,4008.1
2026-07-07T15:44:16Z,,,,,,,,,,,,4005.9
2026-07-07T15:44:16Z,51.554390,-0.069928,26.8,1.2,1.7,99.9,9,1,3,5.21,225.9,4002.4
2026-07-07T15:44:16Z,,,,,,,,,,,,3997.8
2026-07-07T15:44:16Z,,,,,,,,,,,,3995.3
2026-07-07T15:44:16Z,,,,,,,,,,,,3994.7
2026-07-07T15:44:16Z,,,,,,,,,,,,3994.1
2026-07-07T15:44:16Z,51.554382,-0.069941,27.2,1.2,1.7,99.9,9,1,3,5.08,223.0,3994.4
2026-07-07T15:44:16Z,,,,,,,,,,,,3994.6
2026-07-07T15:44:17Z,,,,,,,,,,,,3994.6
2026-07-07T15:44:17Z,,,,,,,,,,,,3995.9
2026-07-07T15:44:17Z,,,,,,,,,,,,3996.9
2026-07-07T15:44:17Z,51.554375,-0.069953,28.8,1.2,1.7,99.9,9,1,3,4.78,217.3,3996.2
2026-07-07T15:44:17Z,,,,,,,,,,,,3994.2
2026-07-07T15:44:17Z,,,,,,,,,,,,3991.4
2026-07-07T15:44:17Z,,,,,,,,,,,,3988.6
2026-07-07T15:44:17Z,,,,,,,,,,,,3984.3
2026-07-07T15:44:17Z,51.554367,-0.069963,29.0,1.2,1.7,99.9,9,1,3,4.90,217.7,3979.2
2026-07-07T15:44:17Z,,,,,,,,,,,,3973.9
2026-07-07T15:44:18Z,,,,,,,,,,,,3970.0
2026-07-07T15:44:18Z,,,,,,,,,,,,3969.5
2026-07-07T15:44:18Z,,,,,,,,,,,,3971.3
2026-07-07T15:44:18Z,51.554356,-0.069973,29.3,1.2,1.7,99.9,9,1,3,4.58,215.2,3973.5
2026-07-07T15:44:18Z,,,,,,,,,,,,3975.2
2026-07-07T15:44:18Z,,,,,,,,,,,,3977.1
2026-07-07T15:44:18Z,,,,,,,,,,,,3982.0
2026-07-07T15:44:18Z,,,,,,,,,,,,3986.8
2026-07-07T15:44:18Z,51.554344,-0.069985,30.3,1.2,1.7,99.9,9,1,3,5.12,214.2,3989.0
2026-07-07T15:44:18Z,,,,,,,,,,,,3990.2
2026-07-07T15:44:19Z,,,,,,,,,,,,3990.0
2026-07-07T15:44:19Z,,,,,,,,,,,,3990.5
2026-07-07T15:44:19Z,,,,,,,,,,,,3991.8
2026-07-07T15:44:19Z,51.554337,-0.069996,29.7,1.2,1.7,99.9,9,1,3,4.93,213.5,3991.7
2026-07-07T15:44:19Z,,,,,,,,,,,,3990.5
2026-07-07T15:44:19Z,,,,,,,,,,,,3988.5
2026-07-07T15:44:19Z,,,,,,,,,,,,3986.9
2026-07-07T15:44:19Z,,,,,,,,,,,,3986.9
2026-07-07T15:44:19Z,51.554333,-0.069997,30.6,1.2,1.7,99.9,9,1,3,0.00,213.5,3986.5
2026-07-07T15:44:19Z,,,,,,,,,,,,3986.0
2026-07-07T15:44:20Z,,,,,,,,,,,,3985.2
2026-07-07T15:44:20Z,,,,,,,,,,,,3984.2
2026-07-07T15:44:20Z,,,,,,,,,,,,3984.2
2026-07-07T15:44:20Z,51.554333,-0.069998,31.0,1.2,1.7,99.9,9,1,3,0.00,213.5,3983.3
2026-07-07T15:44:20Z,,,,,,,,,,,,3981.9
2026-07-07T15:44:20Z,,,,,,,,,,,,3979.3
2026-07-07T15:44:20Z,,,,,,,,,,,,3976.2
2026-07-07T15:44:20Z,,,,,,,,,,,,3976.6
2026-07-07T15:44:20Z,51.554333,-0.069999,31.4,1.2,1.7,99.9,9,1,3,0.00,213.5,3979.6
2026-07-07T15:44:20Z,,,,,,,,,,,,3982.8
2026-07-07T15:44:21Z,,,,,,,,,,,,3988.5
2026-07-07T15:44:21Z,,,,,,,,,,,,3999.0
2026-07-07T15:44:21Z,,,,,,,,,,,,4015.5
2026-07-07T15:44:21Z,51.554329,-0.070005,31.3,1.2,1.7,99.9,9,1,3,2.39,220.1,4036.0
2026-07-07T15:44:21Z,,,,,,,,,,,,4057.5
2026-07-07T15:44:21Z,,,,,,,,,,,,4077.4
2026-07-07T15:44:21Z,,,,,,,,,,,,4094.5
2026-07-07T15:44:21Z,,,,,,,,,,,,4112.9
2026-07-07T15:44:21Z,51.554325,-0.070012,31.3,1.2,1.7,99.9,9,1,3,2.36,226.2,4132.6
2026-07-07T15:44:21Z,,,,,,,,,,,,4149.7
2026-07-07T15:44:22Z,,,,,,,,,,,,4160.4
2026-07-07T15:44:22Z,,,,,,,,,,,,4168.5
2026-07-07T15:44:22Z,,,,,,,,,,,,4174.4
2026-07-07T15:44:22Z,51.554321,-0.070019,31.6,1.2,1.7,99.9,9,1,3,2.54,235.6,4181.4
2026-07-07T15:44:22Z,,,,,,,,,,,,4185.6
2026-07-07T15:44:22Z,,,,,,,,,,,,4183.8
2026-07-07T15:44:22Z,,,,,,,,,,,,4177.6
2026-07-07T15:44:22Z,,,,,,,,,,,,4169.0
2026-07-07T15:44:22Z,51.554321,-0.070028,32.2,1.2,1.7,99.9,9,1,3,2.54,245.3,4163.4
2026-07-07T15:44:22Z,,,,,,,,,,,,4156.7
2026-07-07T15:44:23Z,,,,,,,,,,,,4148.4
2026-07-07T15:44:23Z,,,,,,,,,,,,4139.7
2026-07-07T15:44:23Z,,,,,,,,,,,,4134.2
2026-07-07T15:44:23Z,51.554321,-0.070037,32.4,1.2,1.7,99.9,9,1,3,2.47,255.1,4133.4
2026-07-07T15:44:23Z,,,,,,,,,,,,4136.3
2026-07-07T15:44:23Z,,,,,,,,,,,,4139.2
2026-07-07T15:44:23Z,,,,,,,,,,,,4141.2
2026-07-07T15:44:23Z,,,,,,,,,,,,4141.5
2026-07-07T15:44:23Z,51.554317,-0.070046,31.6,1.2,1.7,99.9,9,1,3,2.37,256.6,4141.5
2026-07-07T15:44:23Z,,,,,,,,,,,,4140.9
2026-07-07T15:44:24Z,,,,,,,,,,,,4137.8
2026-07-07T15:44:24Z,,,,,,,,,,,,4132.3
2026-07-07T15:44:24Z,,,,,,,,,,,,4124.6
2026-07-07T15:44:24Z,51.554314,-0.070054,31.7,1.2,1.7,99.9,9,1,3,2.29,250.1,4115.5
2026-07-07T15:44:24Z,,,,,,,,,,,,4106.6
2026-07-07T15:44:24Z,,,,,,,,,,,,4096.5
2026-07-07T15:44:24Z,,,,,,,,,,,,4084.9
2026-07-07T15:44:24Z,,,,,,,,,,,,4071.7
2026-07-07T15:44:24Z,51.554314,-0.070064,31.8,1.2,1.7,99.9,9,1,3,2.29,258.0,4057.8
2026-07-07T15:44:24Z,,,,,,,,,,,,4045.1
2026-07-07T15:44:25Z,,,,,,,,,,,,4033.8
2026-07-07T15:44:25Z,,,,,,,,,,,,4019.6
2026-07-07T15:44:25Z,,,,,,,,,,,,4006.2
2026-07-07T15:44:25Z,51.554314,-0.070075,32.3,1.2,1.7,99.9,9,1,3,2.46,270.0,3994.2
2026-07-07T15:44:25Z,,,,,,,,,,,,3984.7
2026-07-07T15:44:25Z,,,,,,,,,,,,3976.6
2026-07-07T15:44:25Z,,,,,,,,,,,,3969.9
2026-07-07T15:44:25Z,,,,,,,,,,,,3965.0
2026-07-07T15:44:25Z,51.554314,-0.070084,33.7,1.2,1.7,99.9,9,1,3,2.48,277.9,3962.8
2026-07-07T15:44:25Z,,,,,,,,,,,,3963.8
2026-07-07T15:44:26Z,,,,,,,,,,,,3967.7
2026-07-07T15:44:26Z,,,,,,,,,,,,3973.4
2026-07-07T15:44:26Z,,,,,,,,,,,,3979.0
2026-07-07T15:44:26Z,51.554314,-0.070093,33.5,1.2,1.7,99.9,9,1,3,2.65,273.2,3984.0
2026-07-07T15:44:26Z,,,,,,,,,,,,3988.9
2026-07-07T15:44:26Z,,,,,,,,,,,,3993.8
2026-07-07T15:44:26Z,,,,,,,,,,,,3996.2
2026-07-07T15:44:26Z,,,,,,,,,,,,3996.0
2026-07-07T15:44:26Z,51.554314,-0.070102,33.4,1.2,1.7,99.9,9,1,3,2.56,283.7,3993.6
2026-07-07T15:44:26Z,,,,,,,,,,,,3989.9
2026-07-07T15:44:27Z,,,,,,,,,,,,3986.9
2026-07-07T15:44:27Z,,,,,,,,,,,,3982.6
2026-07-07T15:44:27Z,,,,,,,,,,,,3976.7
2026-07-07T15:44:27Z,51.554314,-0.070111,33.2,1.2,1.7,99.9,9,1,3,2.68,275.5,3970.5
2026-07-07T15:44:27Z,,,,,,,,,,,,3964.3
2026-07-07T15:44:27Z,,,,,,,,,,,,3959.4
2026-07-07T15:44:27Z,,,,,,,,,,,,3955.7
2026-07-07T15:44:27Z,,,,,,,,,,,,3953.3
2026-07-07T15:44:27Z,51.554314,-0.070122,33.4,1.2,1.7,99.9,9,1,3,3.06,274.8,3953.6
2026-07-07T15:44:27Z,,,,,,,,,,,,3956.7
2026-07-07T15:44:28Z,,,,,,,,,,,,3963.9
2026-07-07T15:44:28Z,,,,,,,,,,,,3976.6
2026-07-07T15:44:28Z,,,,,,,,,,,,3990.7
2026-07-07T15:44:28Z,51.554310,-0.070133,33.5,1.2,1.7,99.9,9,1,3,3.15,268.4,4005.3
2026-07-07T15:44:28Z,,,,,,,,,,,,4019.5
2026-07-07T15:44:28Z,,,,,,,,,,,,4031.9
2026-07-07T15:44:28Z,,,,,,,,,,,,4043.5
2026-07-07T15:44:28Z,,,,,,,,,,,,4051.6
2026-07-07T15:44:28Z,51.554310,-0.070144,33.7,1.2,1.7,99.9,9,1,3,3.08,269.8,4055.5
2026-07-07T15:44:28Z,,,,,,,,,,,,4055.4
2026-07-07T15:44:29Z,,,,,,,,,,,,4052.8
2026-07-07T15:44:29Z,,,,,,,,,,,,4049.9
2026-07-07T15:44:29Z,,,,,,,,,,,,4046.6
2026-07-07T15:44:29Z,51.554306,-0.070154,33.5,1.2,1.7,99.9,9,1,3,3.00,263.9,4040.9
2026-07-07T15:44:29Z,,,,,,,,,,,,4032.8
2026-07-07T15:44:29Z,,,,,,,,,,,,4024.3
2026-07-07T15:44:29Z,,,,,,,,,,,,4016.2
2026-07-07T15:44:29Z,,,,,,,,,,,,4009.4
2026-07-07T15:44:29Z,51.554302,-0.070162,33.3,1.2,1.7,99.9,9,1,3,2.05,260.4,4002.3
2026-07-07T15:44:29Z,,,,,,,,,,,,3995.4
2026-07-07T15:44:30Z,,,,,,,,,,,,3990.6
2026-07-07T15:44:30Z,,,,,,,,,,,,3987.7
2026-07-07T15:44:30Z,,,,,,,,,,,,3987.2
2026-07-07T15:44:30Z,51.554302,-0.070169,33.2,1.2,1.7,99.9,9,1,3,2.33,254.5,3987.3
2026-07-07T15:44:30Z,,,,,,,,,,,,3987.8
2026-07-07T15:44:30Z,,,,,,,,,,,,3988.8
2026-07-07T15:44:30Z,,,,,,,,,,,,3990.1
2026-07-07T15:44:30Z,,,,,,,,,,,,3992.0
2026-07-07T15:44:30Z,51.554295,-0.070174,33.4,1.2,1.7,99.9,9,1,3,2.02,257.4,3993.6
2026-07-07T15:44:30Z,,,,,,,,,,,,3993.4
2026-07-07T15:44:31Z,,,,,,,,,,,,3990.8
2026-07-07T15:44:31Z,,,,,,,,,,,,3986.1
2026-07-07T15:44:31Z,,,,,,,,,,,,3982.0
2026-07-07T15:44:31Z,51.554295,-0.070183,33.3,1.2,1.7,99.9,9,1,3,2.39,266.1,3978.5
2026-07-07T15:44:31Z,,,,,,,,,,,,3973.3
2026-07-07T15:44:31Z,,,,,,,,,,,,3967.4
2026-07-07T15:44:31Z,,,,,,,,,,,,3961.2
2026-07-07T15:44:31Z,,,,,,,,,,,,3955.7
2026-07-07T15:44:31Z,51.554291,-0.070191,33.5,1.2,1.7,99.9,9,1,3,2.47,267.6,3951.4
2026-07-07T15:44:31Z,,,,,,,,,,,,3946.0
2026-07-07T15:44:32Z,,,,,,,,,,,,3939.3
2026-07-07T15:44:32Z,,,,,,,,,,,,3932.9
2026-07-07T15:44:32Z,,,,,,,,,,,,3928.4
2026-07-07T15:44:32Z,51.554291,-0.070200,33.3,1.2,1.7,99.9,9,1,3,2.62,270.9,3926.1
2026-07-07T15:44:32Z,,,,,,,,,,,,3923.5
2026-07-07T15:44:32Z,,,,,,,,,,,,3920.8
2026-07-07T15:44:32Z,,,,,,,,,,,,3919.1
2026-07-07T15:44:32Z,,,,,,,,,,,,3918.3
2026-07-07T15:44:32Z,51.554287,-0.070208,33.1,1.2,1.7,99.9,9,1,3,2.36,272.6,3918.4
2026-07-07T15:44:32Z,,,,,,,,,,,,3918.2
2026-07-07T15:44:33Z,,,,,,,,,,,,3917.0
2026-07-07T15:44:33Z,,,,,,,,,,,,3915.7
2026-07-07T15:44:33Z,,,,,,,,,,,,3914.5
2026-07-07T15:44:33Z,51.554287,-0.070216,33.0,1.2,1.7,99.9,9,1,3,2.25,277.4,3915.3
2026-07-07T15:44:33Z,,,,,,,,,,,,3917.5
2026-07-07T15:44:33Z,,,,,,,,,,,,3918.9
2026-07-07T15:44:33Z,,,,,,,,,,,,3920.0
2026-07-07T15:44:33Z,,,,,,,,,,,,3920.8
2026-07-07T15:44:33Z,51.554287,-0.070223,32.8,1.2,1.7,99.9,9,1,3,2.07,287.1,3921.8
2026-07-07T15:44:33Z,,,,,,,,,,,,3923.1
2026-07-07T15:44:34Z,,,,,,,,,,,,3923.4
2026-07-07T15:44:34Z,,,,,,,,,,,,3924.8
2026-07-07T15:44:34Z,,,,,,,,,,,,3927.3
2026-07-07T15:44:34Z,51.554287,-0.070230,32.6,1.2,1.7,99.9,9,1,3,1.98,288.4,3931.8
2026-07-07T15:44:34Z,,,,,,,,,,,,3940.4
2026-07-07T15:44:34Z,,,,,,,,,,,,3949.0
2026-07-07T15:44:34Z,,,,,,,,,,,,3957.8
2026-07-07T15:44:34Z,,,,,,,,,,,,3967.4
2026-07-07T15:44:34Z,51.554287,-0.070235,32.5,1.2,1.7,99.9,9,1,3,1.91,288.4,3977.2
2026-07-07T15:44:34Z,,,,,,,,,,,,3988.3
2026-07-07T15:44:35Z,,,,,,,,,,,,3997.1
2026-07-07T15:44:35Z,,,,,,,,,,,,4004.5
2026-07-07T15:44:35Z,,,,,,,,,,,,4009.6
2026-07-07T15:44:35Z,51.554287,-0.070243,32.4,1.2,1.7,99.9,9,1,3,2.09,290.9,4012.0
2026-07-07T15:44:35Z,,,,,,,,,,,,4013.9
2026-07-07T15:44:35Z,,,,,,,,,,,,4016.4
2026-07-07T15:44:35Z,,,,,,,,,,,,4018.4
2026-07-07T15:44:35Z,,,,,,,,,,,,4021.2
2026-07-07T15:44:35Z,51.554287,-0.070252,32.4,1.2,1.7,99.9,9,1,3,3.01,268.4,4024.4
2026-07-07T15:44:35Z,,,,,,,,,,,,4028.6
2026-07-07T15:44:36Z,,,,,,,,,,,,4034.1
2026-07-07T15:44:36Z,,,,,,,,,,,,4039.1
2026-07-07T15:44:36Z,,,,,,,,,,,,4042.3
2026-07-07T15:44:36Z,51.554283,-0.070263,32.2,1.2,1.7,99.9,9,1,3,3.24,264.8,4043.5
2026-07-07T15:44:36Z,,,,,,,,,,,,4044.2
2026-07-07T15:44:36Z,,,,,,,,,,,,4047.5
2026-07-07T15:44:36Z,,,,,,,,,,,,4051.2
2026-07-07T15:44:36Z,,,,,,,,,,,,4055.3
2026-07-07T15:44:36Z,51.554283,-0.070274,32.1,1.2,1.7,99.9,9,1,3,3.13,266.2,4060.4
2026-07-07T15:44:36Z,,,,,,,,,,,,4066.9
2026-07-07T15:44:37Z,,,,,,,,,,,,4074.6
2026-07-07T15:44:37Z,,,,,,,,,,,,4083.8
2026-07-07T15:44:37Z,,,,,,,,,,,,4092.4
2026-07-07T15:44:37Z,51.554279,-0.070284,32.0,1.2,1.7,99.9,9,1,3,2.94,258.7,4099.5
2026-07-07T15:44:37Z,,,,,,,,,,,,4105.7
2026-07-07T15:44:37Z,,,,,,,,,,,,4113.1
2026-07-07T15:44:37Z,,,,,,,,,,,,4122.2
2026-07-07T15:44:37Z,,,,,,,,,,,,4130.4
2026-07-07T15:44:37Z,51.554276,-0.070293,32.1,1.2,1.7,99.9,9,1,3,2.96,253.1,4135.2
2026-07-07T15:44:37Z,,,,,,,,,,,,4137.0
2026-07-07T15:44:38Z,,,,,,,,,,,,4136.4
2026-07-07T15:44:38Z,,,,,,,,,,,,4134.9
2026-07-07T15:44:38Z,,,,,,,,,,,,4132.1
2026-07-07T15:44:38Z,51.554272,-0.070303,32.0,1.2,1.7,99.9,9,1,3,2.94,256.4,4128.2
2026-07-07T15:44:38Z,,,,,,,,,,,,4123.5
2026-07-07T15:44:38Z,,,,,,,,,,,,4120.2
2026-07-07T15:44:38Z,,,,,,,,,,,,4120.1
2026-07-07T15:44:38Z,,,,,,,,,,,,4120.6
2026-07-07T15:44:38Z,51.554268,-0.070313,31.8,1.2,1.7,99.9,9,1,3,2.85,257.5,4120.0
2026-07-07T15:44:38Z,,,,,,,,,,,,4118.4
2026-07-07T15:44:39Z,,,,,,,,,,,,4115.5
2026-07-07T15:44:39Z,,,,,,,,,,,,4112.8
2026-07-07T15:44:39Z,,,,,,,,,,,,4110.5
2026-07-07T15:44:39Z,51.554264,-0.070322,31.7,1.2,1.7,99.9,9,1,3,2.68,254.5,4106.7
2026-07-07T15:44:39Z,,,,,,,,,,,,4101.6
2026-07-07T15:44:39Z,,,,,,,,,,,,4097.1
2026-07-07T15:44:39Z,,,,,,,,,,,,4094.1
2026-07-07T15:44:39Z,,,,,,,,,,,,4092.1
2026-07-07T15:44:39Z,51.554260,-0.070329,31.5,1.2,1.7,99.9,9,1,3,2.18,256.4,4088.9
2026-07-07T15:44:39Z,,,,,,,,,,,,4085.6
2026-07-07T15:44:40Z,,,,,,,,,,,,4081.2
2026-07-07T15:44:40Z,,,,,,,,,,,,4077.1
2026-07-07T15:44:40Z,,,,,,,,,,,,4074.5
2026-07-07T15:44:40Z,51.554260,-0.070337,31.5,1.2,1.7,99.9,9,1,3,2.34,265.8,4071.0
2026-07-07T15:44:40Z,,,,,,,,,,,,4066.8
2026-07-07T15:44:40Z,,,,,,,,,,,,4060.9
2026-07-07T15:44:40Z,,,,,,,,,,,,4054.4
2026-07-07T15:44:40Z,,,,,,,,,,,,4050.1
2026-07-07T15:44:40Z,51.554256,-0.070345,31.3,1.2,1.7,99.9,9,1,3,2.49,266.8,4046.4
2026-07-07T15:44:40Z,,,,,,,,,,,,4042.2
2026-07-07T15:44:41Z,,,,,,,,,,,,4039.1
2026-07-07T15:44:41Z,,,,,,,,,,,,4036.6
2026-07-07T15:44:41Z,,,,,,,,,,,,4035.5
2026-07-07T15:44:41Z,51.554253,-0.070353,31.3,1.2,1.7,99.9,9,1,3,2.49,270.9,4035.5
2026-07-07T15:44:41Z,,,,,,,,,,,,4034.0
2026-07-07T15:44:41Z,,,,,,,,,,,,4031.4
2026-07-07T15:44:41Z,,,,,,,,,,,,4028.2
2026-07-07T15:44:41Z,,,,,,,,,,,,4024.5
2026-07-07T15:44:41Z,51.554253,-0.070361,30.4,1.2,1.7,99.9,9,1,3,2.66,272.3,4022.2
2026-07-07T15:44:41Z,,,,,,,,,,,,4017.7
2026-07-07T15:44:42Z,,,,,,,,,,,,4011.2
2026-07-07T15:44:42Z,,,,,,,,,,,,4004.0
2026-07-07T15:44:42Z,,,,,,,,,,,,3997.5
2026-07-07T15:44:42Z,51.554249,-0.070369,30.1,1.2,1.7,99.9,9,1,3,2.26,276.4,3992.1
2026-07-07T15:44:42Z,,,,,,,,,,,,3985.2
2026-07-07T15:44:42Z,,,,,,,,,,,,3977.8
2026-07-07T15:44:42Z,,,,,,,,,,,,3971.1
2026-07-07T15:44:42Z,,,,,,,,,,,,3965.5
2026-07-07T15:44:42Z,51.554249,-0.070375,29.9,1.2,1.7,99.9,9,1,3,2.04,277.8,3964.7
2026-07-07T15:44:42Z,,,,,,,,,,,,3967.5
2026-07-07T15:44:43Z,,,,,,,,,,,,3971.7
2026-07-07T15:44:43Z,,,,,,,,,,,,3978.4
2026-07-07T15:44:43Z,,,,,,,,,,,,3987.1
2026-07-07T15:44:43Z,51.554245,-0.070381,29.9,1.2,1.7,99.9,9,1,3,1.82,277.8,3997.9
2026-07-07T15:44:43Z,,,,,,,,,,,,4009.9
2026-07-07T15:44:43Z,,,,,,,,,,,,4019.0
2026-07-07T15:44:43Z,,,,,,,,,,,,4023.8
2026-07-07T15:44:43Z,,,,,,,,,,,,4025.2
2026-07-07T15:44:43Z,51.554245,-0.070386,29.6,1.2,1.7,99.9,9,1,3,1.68,277.8,4024.8
2026-07-07T15:44:43Z,,,,,,,,,,,,4024.2
2026-07-07T15:44:44Z,,,,,,,,,,,,4022.1
2026-07-07T15:44:44Z,,,,,,,,,,,,4017.1
2026-07-07T15:44:44Z,,,,,,,,,,,,4011.4
2026-07-07T15:44:44Z,51.554245,-0.070389,29.4,1.2,1.7,99.9,9,1,3,1.24,277.8,4007.4
2026-07-07T15:44:44Z,,,,,,,,,,,,4006.0
2026-07-07T15:44:44Z,,,,,,,,,,,,4007.0
2026-07-07T15:44:44Z,,,,,,,,,,,,4010.1
2026-07-07T15:44:44Z,,,,,,,,,,,,4015.6
2026-07-07T15:44:44Z,51.554241,-0.070392,29.1,1.2,1.7,99.9,9,1,3,1.44,277.8,4024.8
2026-07-07T15:44:44Z,,,,,,,,,,,,4038.6
2026-07-07T15:44:45Z,,,,,,,,,,,,4053.1
2026-07-07T15:44:45Z,,,,,,,,,,,,4067.1
2026-07-07T15:44:45Z,,,,,,,,,,,,4079.1
2026-07-07T15:44:45Z,51.554241,-0.070398,28.8,1.2,1.7,99.9,9,1,3,1.73,277.8,4088.4
2026-07-07T15:44:45Z,,,,,,,,,,,,4096.4
2026-07-07T15:44:45Z,,,,,,,,,,,,4103.6
2026-07-07T15:44:45Z,,,,,,,,,,,,4106.2
2026-07-07T15:44:45Z,,,,,,,,,,,,4104.0
2026-07-07T15:44:45Z,51.554237,-0.070406,28.7,1.2,1.7,99.9,9,1,3,2.59,256.8,4099.6
2026-07-07T15:44:45Z,,,,,,,,,,,,4094.2
2026-07-07T15:44:46Z,,,,,,,,,,,,4089.1
2026-07-07T15:44:46Z,,,,,,,,,,,,4081.8
2026-07-07T15:44:46Z,,,,,,,,,,,,4072.3
2026-07-07T15:44:46Z,51.554234,-0.070415,28.5,1.2,1.7,99.9,9,1,3,2.77,259.1,4062.1
2026-07-07T15:44:46Z,,,,,,,,,,,,4053.4
2026-07-07T15:44:46Z,,,,,,,,,,,,4048.7
2026-07-07T15:44:46Z,,,,,,,,,,,,4047.0
2026-07-07T15:44:46Z,,,,,,,,,,,,4048.0
2026-07-07T15:44:46Z,51.554230,-0.070424,28.3,1.2,1.7,99.9,9,1,3,2.60,267.3,4053.8
2026-07-07T15:44:46Z,,,,,,,,,,,,4065.7
2026-07-07T15:44:47Z,,,,,,,,,,,,4081.8
2026-07-07T15:44:47Z,,,,,,,,,,,,4102.7
2026-07-07T15:44:47Z,,,,,,,,,,,,4120.5
2026-07-07T15:44:47Z,51.554230,-0.070432,28.1,1.2,1.7,99.9,9,1,3,2.63,265.0,4137.0
2026-07-07T15:44:47Z,,,,,,,,,,,,4152.0
2026-07-07T15:44:47Z,,,,,,,,,,,,4166.1
2026-07-07T15:44:47Z,,,,,,,,,,,,4177.2
2026-07-07T15:44:47Z,,,,,,,,,,,,4182.8
2026-07-07T15:44:47Z,51.554226,-0.070441,28.5,1.2,1.7,99.9,9,1,3,2.59,263.0,4183.1
2026-07-07T15:44:47Z,,,,,,,,,,,,4178.5
2026-07-07T15:44:48Z,,,,,,,,,,,,4173.0
2026-07-07T15:44:48Z,,,,,,,,,,,,4165.9
2026-07-07T15:44:48Z,,,,,,,,,,,,4155.8
2026-07-07T15:44:48Z,51.554226,-0.070451,28.6,1.2,1.7,99.9,9,1,3,2.84,261.1,4142.9
2026-07-07T15:44:48Z,,,,,,,,,,,,4128.2
2026-07-07T15:44:48Z,,,,,,,,,,,,4114.3
2026-07-07T15:44:48Z,,,,,,,,,,,,4101.3
2026-07-07T15:44:48Z,,,,,,,,,,,,4085.9
2026-07-07T15:44:48Z,51.554222,-0.070461,28.8,1.2,1.7,99.9,9,1,3,2.97,261.7,4071.3
2026-07-07T15:44:48Z,,,,,,,,,,,,4057.4
2026-07-07T15:44:49Z,,,,,,,,,,,,4045.6
2026-07-07T15:44:49Z,,,,,,,,,,,,4037.2
2026-07-07T15:44:49Z,,,,,,,,,,,,4031.4
2026-07-07T15:44:49Z,51.554218,-0.070471,29.0,1.2,1.7,99.9,9,1,3,3.01,259.7,4027.4
2026-07-07T15:44:49Z,,,,,,,,,,,,4026.6
2026-07-07T15:44:49Z,,,,,,,,,,,,4028.5
2026-07-07T15:44:49Z,,,,,,,,,,,,4032.1
2026-07-07T15:44:49Z,,,,,,,,,,,,4035.9
2026-07-07T15:44:49Z,51.554218,-0.070482,29.5,1.2,1.7,99.9,9,1,3,2.97,265.5,4038.4
2026-07-07T15:44:49Z,,,,,,,,,,,,4039.2
2026-07-07T15:44:49Z,,,,,,,,,,,,4038.6
2026-07-07T15:44:50Z,,,,,,,,,,,,4038.7
2026-07-07T15:44:50Z,,,,,,,,,,,,4038.2
2026-07-07T15:44:50Z,51.554218,-0.070492,30.0,1.2,1.7,99.9,9,1,3,2.70,263.7,4035.7
2026-07-07T15:44:50Z,,,,,,,,,,,,4031.9
2026-07-07T15:44:50Z,,,,,,,,,,,,4026.7
2026-07-07T15:44:50Z,,,,,,,,,,,,4021.7
2026-07-07T15:44:50Z,,,,,,,,,,,,4016.3
2026-07-07T15:44:50Z,51.554214,-0.070502,30.3,1.2,1.7,99.9,9,1,3,2.92,271.4,4009.1
2026-07-07T15:44:50Z,,,,,,,,,,,,4001.0
2026-07-07T15:44:51Z,,,,,,,,,,,,3993.2
2026-07-07T15:44:51Z,,,,,,,,,,,,3984.3
2026-07-07T15:44:51Z,,,,,,,,,,,,3976.2
2026-07-07T15:44:51Z,51.554214,-0.070511,30.5,1.2,1.7,99.9,9,1,3,2.74,275.5,3967.3
2026-07-07T15:44:51Z,,,,,,,,,,,,3957.6
2026-07-07T15:44:51Z,,,,,,,,,,,,3948.6
2026-07-07T15:44:51Z,,,,,,,,,,,,3940.7
2026-07-07T15:44:51Z,,,,,,,,,,,,3934.0
2026-07-07T15:44:51Z,51.554214,-0.070520,30.8,1.2,1.7,99.9,9,1,3,2.91,272.0,3927.9
2026-07-07T15:44:51Z,,,,,,,,,,,,3922.0
2026-07-07T15:44:52Z,,,,,,,,,,,,3917.0
2026-07-07T15:44:52Z,,,,,,,,,,,,3912.7
2026-07-07T15:44:52Z,,,,,,,,,,,,3911.6
2026-07-07T15:44:52Z,51.554211,-0.070530,31.0,1.2,1.7,99.9,9,1,3,2.67,271.6,3911.6
2026-07-07T15:44:52Z,,,,,,,,,,,,3910.5
2026-07-07T15:44:52Z,,,,,,,,,,,,3910.0
2026-07-07T15:44:52Z,,,,,,,,,,,,3909.8
2026-07-07T15:44:52Z,,,,,,,,,,,,3909.4
2026-07-07T15:44:52Z,51.554211,-0.070539,31.2,1.2,1.7,99.9,9,1,3,2.82,268.8,3909.6
2026-07-07T15:44:52Z,,,,,,,,,,,,3908.8
2026-07-07T15:44:53Z,,,,,,,,,,,,3908.6
2026-07-07T15:44:53Z,,,,,,,,,,,,3911.1
2026-07-07T15:44:53Z,,,,,,,,,,,,3916.2
2026-07-07T15:44:53Z,51.554211,-0.070549,31.5,1.2,1.7,99.9,9,1,3,2.58,271.4,3924.3
2026-07-07T15:44:53Z,,,,,,,,,,,,3936.7
2026-07-07T15:44:53Z,,,,,,,,,,,,3951.2
2026-07-07T15:44:53Z,,,,,,,,,,,,3967.1
2026-07-07T15:44:53Z,,,,,,,,,,,,3985.6
2026-07-07T15:44:53Z,51.554211,-0.070558,31.9,1.2,1.7,99.9,9,1,3,2.65,272.0,4006.6
2026-07-07T15:44:53Z,,,,,,,,,,,,4027.9
2026-07-07T15:44:54Z,,,,,,,,,,,,4044.8
2026-07-07T15:44:54Z,,,,,,,,,,,,4060.8
2026-07-07T15:44:54Z,,,,,,,,,,,,4075.6
2026-07-07T15:44:54Z,51.554211,-0.070568,32.4,1.2,1.7,99.9,9,1,3,2.47,269.1,4090.3
2026-07-07T15:44:54Z,,,,,,,,,,,,4104.2
2026-07-07T15:44:54Z,,,,,,,,,,,,4113.5
2026-07-07T15:44:54Z,,,,,,,,,,,,4119.1
2026-07-07T15:44:54Z,,,,,,,,,,,,4122.7
2026-07-07T15:44:54Z,51.554207,-0.070577,32.6,1.2,1.7,99.9,9,1,3,2.29,269.3,4127.8
2026-07-07T15:44:54Z,,,,,,,,,,,,4134.7
2026-07-07T15:44:55Z,,,,,,,,,,,,4139.9
2026-07-07T15:44:55Z,,,,,,,,,,,,4145.7
2026-07-07T15:44:55Z,,,,,,,,,,,,4152.1
2026-07-07T15:44:55Z,51.554207,-0.070586,33.2,1.2,1.7,99.9,9,1,3,2.32,269.9,4161.1
2026-07-07T15:44:55Z,,,,,,,,,,,,4173.9
2026-07-07T15:44:55Z,,,,,,,,,,,,4185.2
2026-07-07T15:44:55Z,,,,,,,,,,,,4194.4
2026-07-07T15:44:55Z,,,,,,,,,,,,4201.8
2026-07-07T15:44:55Z,51.554207,-0.070596,33.6,1.2,1.7,99.9,9,1,3,2.43,266.9,4211.2
2026-07-07T15:44:55Z,,,,,,,,,,,,4224.5
2026-07-07T15:44:56Z,,,,,,,,,,,,4234.5
2026-07-07T15:44:56Z,,,,,,,,,,,,4242.8
2026-07-07T15:44:56Z,,,,,,,,,,,,4248.7
2026-07-07T15:44:56Z,51.554207,-0.070605,33.7,1.2,1.7,99.9,9,1,3,2.37,269.4,4254.9
2026-07-07T15:44:56Z,,,,,,,,,,,,4265.9
2026-07-07T15:44:56Z,,,,,,,,,,,,4278.6
2026-07-07T15:44:56Z,,,,,,,,,,,,4288.3
2026-07-07T15:44:56Z,,,,,,,,,,,,4295.5
2026-07-07T15:44:56Z,51.554207,-0.070616,33.8,1.2,1.7,99.9,9,1,3,2.74,274.7,4302.9
2026-07-07T15:44:56Z,,,,,,,,,,,,4315.0
2026-07-07T15:44:57Z,,,,,,,,,,,,4327.3
2026-07-07T15:44:57Z,,,,,,,,,,,,4336.5
2026-07-07T15:44:57Z,,,,,,,,,,,,4339.3
2026-07-07T15:44:57Z,51.554207,-0.070627,33.6,1.2,1.7,99.9,9,1,3,2.97,278.6,4337.5
2026-07-07T15:44:57Z,,,,,,,,,,,,4336.8
2026-07-07T15:44:57Z,,,,,,,,,,,,4336.4
2026-07-07T15:44:57Z,,,,,,,,,,,,4331.8
2026-07-07T15:44:57Z,,,,,,,,,,,,4323.1
2026-07-07T15:44:57Z,51.554207,-0.070638,33.1,1.2,1.7,99.9,9,1,3,2.76,274.7,4315.1
2026-07-07T15:44:57Z,,,,,,,,,,,,4310.8
2026-07-07T15:44:58Z,,,,,,,,,,,,4310.6
2026-07-07T15:44:58Z,,,,,,,,,,,,4310.9
2026-07-07T15:44:58Z,,,,,,,,,,,,4310.9
2026-07-07T15:44:58Z,51.554207,-0.070650,33.6,1.2,1.7,99.9,9,1,3,2.88,278.3,4309.8
2026-07-07T15:44:58Z,,,,,,,,,,,,4308.1
2026-07-07T15:44:58Z,,,,,,,,,,,,4308.7
2026-07-07T15:44:58Z,,,,,,,,,,,,4307.0
2026-07-07T15:44:58Z,,,,,,,,,,,,4300.5
2026-07-07T15:44:58Z,51.554207,-0.070661,33.6,1.2,1.7,99.9,9,1,3,3.07,274.0,4291.3
2026-07-07T15:44:58Z,,,,,,,,,,,,4279.2
2026-07-07T15:44:59Z,,,,,,,,,,,,4268.9
2026-07-07T15:44:59Z,,,,,,,,,,,,4257.4
2026-07-07T15:44:59Z,,,,,,,,,,,,4243.1
2026-07-07T15:44:59Z,51.554211,-0.070673,33.6,1.2,1.7,99.9,9,1,3,2.85,271.7,4226.9
2026-07-07T15:44:59Z,,,,,,,,,,,,4209.6
2026-07-07T15:44:59Z,,,,,,,,,,,,4193.4
2026-07-07T15:44:59Z,,,,,,,,,,,,4178.2
2026-07-07T15:44:59Z,,,,,,,,,,,,4161.4
2026-07-07T15:44:59Z,51.554207,-0.070684,33.5,1.2,1.7,99.9,9,1,3,2.85,267.8,4146.7
2026-07-07T15:44:59Z,,,,,,,,,,,,4132.9
2026-07-07T15:45:00Z,,,,,,,,,,,,4123.9
2026-07-07T15:45:00Z,,,,,,,,,,,,4120.5
2026-07-07T15:45:00Z,,,,,,,,,,,,4121.7
2026-07-07T15:45:00Z,51.554211,-0.070695,33.3,1.2,1.7,99.9,9,1,3,2.81,279.5,4125.5
2026-07-07T15:45:00Z,,,,,,,,,,,,4131.2
2026-07-07T15:45:00Z,,,,,,,,,,,,4138.6
2026-07-07T15:45:00Z,,,,,,,,,,,,4146.8
2026-07-07T15:45:00Z,,,,,,,,,,,,4154.5
2026-07-07T15:45:00Z,51.554207,-0.070704,33.2,1.0,1.7,99.9,10,1,3,2.89,277.4,4158.7
2026-07-07T15:45:00Z,,,,,,,,,,,,4158.7
2026-07-07T15:45:01Z,,,,,,,,,,,,4157.2
2026-07-07T15:45:01Z,,,,,,,,,,,,4155.2
2026-07-07T15:45:01Z,,,,,,,,,,,,4152.5
2026-07-07T15:45:01Z,51.554207,-0.070715,33.4,1.0,1.7,99.9,10,1,3,3.21,276.7,4147.0
2026-07-07T15:45:01Z,,,,,,,,,,,,4139.5
2026-07-07T15:45:01Z,,,,,,,,,,,,4130.4
2026-07-07T15:45:01Z,,,,,,,,,,,,4120.8
2026-07-07T15:45:01Z,,,,,,,,,,,,4111.7
2026-07-07T15:45:01Z,51.554207,-0.070726,33.6,1.0,1.7,99.9,10,1,3,2.98,277.9,4102.4
2026-07-07T15:45:01Z,,,,,,,,,,,,4091.0
2026-07-07T15:45:02Z,,,,,,,,,,,,4080.8
2026-07-07T15:45:02Z,,,,,,,,,,,,4071.0
2026-07-07T15:45:02Z,,,,,,,,,,,,4062.8
2026-07-07T15:45:02Z,51.554207,-0.070736,33.5,1.0,1.7,99.9,10,1,3,3.22,280.3,4054.5
2026-07-07T15:45:02Z,,,,,,,,,,,,4046.0
2026-07-07T15:45:02Z,,,,,,,,,,,,4038.6
2026-07-07T15:45:02Z,,,,,,,,,,,,4032.3
2026-07-07T15:45:02Z,,,,,,,,,,,,4026.6
2026-07-07T15:45:02Z,51.554207,-0.070746,33.3,1.0,1.7,99.9,10,1,3,2.49,281.2,4021.8
2026-07-07T15:45:02Z,,,,,,,,,,,,4015.8
2026-07-07T15:45:03Z,,,,,,,,,,,,4010.2
2026-07-07T15:45:03Z,,,,,,,,,,,,4005.1
2026-07-07T15:45:03Z,,,,,,,,,,,,4001.6
2026-07-07T15:45:03Z,51.554207,-0.070755,33.3,1.0,1.7,99.9,10,1,3,2.86,279.2,3999.5
2026-07-07T15:45:03Z,,,,,,,,,,,,3999.1
2026-07-07T15:45:03Z,,,,,,,,,,,,4001.3
2026-07-07T15:45:03Z,,,,,,,,,,,,4006.5
2026-07-07T15:45:03Z,,,,,,,,,,,,4016.5
2026-07-07T15:45:03Z,51.554203,-0.070764,33.2,1.0,1.7,99.9,10,1,3,2.37,274.6,4029.2
2026-07-07T15:45:03Z,,,,,,,,,,,,4044.5
2026-07-07T15:45:04Z,,,,,,,,,,,,4057.5
2026-07-07T15:45:04Z,,,,,,,,,,,,4071.0
2026-07-07T15:45:04Z,,,,,,,,,,,,4082.9
2026-07-07T15:45:04Z,51.554203,-0.070773,33.1,1.0,1.7,99.9,10,1,3,2.67,273.2,4094.2
2026-07-07T15:45:04Z,,,,,,,,,,,,4105.7
2026-07-07T15:45:04Z,,,,,,,,,,,,4116.1
2026-07-07T15:45:04Z,,,,,,,,,,,,4125.6
2026-07-07T15:45:04Z,,,,,,,,,,,,4136.5
2026-07-07T15:45:04Z,51.554203,-0.070781,32.9,1.0,1.7,99.9,10,1,3,2.12,276.1,4149.6
2026-07-07T15:45:04Z,,,,,,,,,,,,4161.8
2026-07-07T15:45:05Z,,,,,,,,,,,,4167.6
2026-07-07T15:45:05Z,,,,,,,,,,,,4169.0
2026-07-07T15:45:05Z,,,,,,,,,,,,4168.7
2026-07-07T15:45:05Z,51.554203,-0.070790,32.8,1.0,1.7,99.9,10,1,3,2.45,271.1,4168.0
2026-07-07T15:45:05Z,,,,,,,,,,,,4166.0
2026-07-07T15:45:05Z,,,,,,,,,,,,4162.1
2026-07-07T15:45:05Z,,,,,,,,,,,,4154.3
2026-07-07T15:45:05Z,,,,,,,,,,,,4144.7
2026-07-07T15:45:05Z,51.554203,-0.070800,32.8,1.0,1.7,99.9,10,1,3,2.48,268.0,4138.0
2026-07-07T15:45:05Z,,,,,,,,,,,,4132.8
2026-07-07T15:45:06Z,,,,,,,,,,,,4127.1
2026-07-07T15:45:06Z,,,,,,,,,,,,4118.6
2026-07-07T15:45:06Z,,,,,,,,,,,,4109.8
2026-07-07T15:45:06Z,51.554203,-0.070810,32.5,1.0,1.7,99.9,10,1,3,2.67,267.4,4101.5
2026-07-07T15:45:06Z,,,,,,,,,,,,4094.5
2026-07-07T15:45:06Z,,,,,,,,,,,,4090.6
2026-07-07T15:45:06Z,,,,,,,,,,,,4088.3
2026-07-07T15:45:06Z,,,,,,,,,,,,4087.6
2026-07-07T15:45:06Z,51.554199,-0.070821,32.4,1.0,1.7,99.9,10,1,3,2.56,265.6,4090.8
2026-07-07T15:45:06Z,,,,,,,,,,,,4097.7
2026-07-07T15:45:07Z,,,,,,,,,,,,4105.1
2026-07-07T15:45:07Z,,,,,,,,,,,,4112.7
2026-07-07T15:45:07Z,,,,,,,,,,,,4116.5
2026-07-07T15:45:07Z,51.554199,-0.070831,32.2,1.0,1.7,99.9,10,1,3,2.82,265.9,4118.1
2026-07-07T15:45:07Z,,,,,,,,,,,,4120.1
2026-07-07T15:45:07Z,,,,,,,,,,,,4121.7
2026-07-07T15:45:07Z,,,,,,,,,,,,4121.4
2026-07-07T15:45:07Z,,,,,,,,,,,,4119.4
2026-07-07T15:45:07Z,51.554199,-0.070841,32.0,1.0,1.7,99.9,10,1,3,2.62,271.2,4116.8
2026-07-07T15:45:07Z,,,,,,,,,,,,4115.1
2026-07-07T15:45:08Z,,,,,,,,,,,,4113.6
2026-07-07T15:45:08Z,,,,,,,,,,,,4112.1
2026-07-07T15:45:08Z,,,,,,,,,,,,4109.2
2026-07-07T15:45:08Z,51.554199,-0.070852,31.9,1.0,1.7,99.9,10,1,3,2.70,266.6,4104.5
2026-07-07T15:45:08Z,,,,,,,,,,,,4101.4
2026-07-07T15:45:08Z,,,,,,,,,,,,4099.4
2026-07-07T15:45:08Z,,,,,,,,,,,,4097.7
2026-07-07T15:45:08Z,,,,,,,,,,,,4095.4
2026-07-07T15:45:08Z,51.554199,-0.070862,31.7,1.0,1.7,99.9,10,1,3,2.51,282.2,4091.5
2026-07-07T15:45:08Z,,,,,,,,,,,,4087.0
2026-07-07T15:45:09Z,,,,,,,,,,,,4082.8
2026-07-07T15:45:09Z,,,,,,,,,,,,4078.6
2026-07-07T15:45:09Z,,,,,,,,,,,,4073.7
2026-07-07T15:45:09Z,51.554195,-0.070872,31.5,1.0,1.7,99.9,10,1,3,2.98,275.9,4066.9
2026-07-07T15:45:09Z,,,,,,,,,,,,4059.9
2026-07-07T15:45:09Z,,,,,,,,,,,,4053.9
2026-07-07T15:45:09Z,,,,,,,,,,,,4049.4
2026-07-07T15:45:09Z,,,,,,,,,,,,4044.0
2026-07-07T15:45:09Z,51.554195,-0.070882,30.4,1.0,1.7,99.9,10,1,3,2.76,271.0,4037.9
2026-07-07T15:45:09Z,,,,,,,,,,,,4031.5
2026-07-07T15:45:10Z,,,,,,,,,,,,4026.7
2026-07-07T15:45:10Z,,,,,,,,,,,,4023.5
2026-07-07T15:45:10Z,,,,,,,,,,,,4020.2
2026-07-07T15:45:10Z,51.554195,-0.070892,30.1,1.0,1.7,99.9,10,1,3,2.65,272.5,4015.7
2026-07-07T15:45:10Z,,,,,,,,,,,,4010.9
2026-07-07T15:45:10Z,,,,,,,,,,,,4007.0
2026-07-07T15:45:10Z,,,,,,,,,,,,4003.6
2026-07-07T15:45:10Z,,,,,,,,,,,,4001.2
2026-07-07T15:45:10Z,51.554195,-0.070903,30.0,1.0,1.7,99.9,10,1,3,2.78,271.8,3997.6
2026-07-07T15:45:10Z,,,,,,,,,,,,3992.2
2026-07-07T15:45:11Z,,,,,,,,,,,,3987.1
2026-07-07T15:45:11Z,,,,,,,,,,,,3981.9
2026-07-07T15:45:11Z,,,,,,,,,,,,3977.0
2026-07-07T15:45:11Z,51.554195,-0.070914,29.8,1.0,1.7,99.9,10,1,3,2.80,267.0,3971.2
2026-07-07T15:45:11Z,,,,,,,,,,,,3964.7
2026-07-07T15:45:11Z,,,,,,,,,,,,3959.4
2026-07-07T15:45:11Z,,,,,,,,,,,,3954.4
2026-07-07T15:45:11Z,,,,,,,,,,,,3950.4
2026-07-07T15:45:11Z,51.554192,-0.070925,29.7,1.0,1.7,99.9,10,1,3,2.68,258.0,3948.2
2026-07-07T15:45:11Z,,,,,,,,,,,,3945.9
2026-07-07T15:45:12Z,,,,,,,,,,,,3943.4
2026-07-07T15:45:12Z,,,,,,,,,,,,3942.3
2026-07-07T15:45:12Z,,,,,,,,,,,,3942.5
2026-07-07T15:45:12Z,51.554192,-0.070936,29.6,1.0,1.7,99.9,10,1,3,2.85,264.9,3943.5
2026-07-07T15:45:12Z,,,,,,,,,,,,3943.4
2026-07-07T15:45:12Z,,,,,,,,,,,,3942.4
2026-07-07T15:45:12Z,,,,,,,,,,,,3942.7
2026-07-07T15:45:12Z,,,,,,,,,,,,3943.3
2026-07-07T15:45:12Z,51.554192,-0.070948,29.4,1.0,1.7,99.9,10,1,3,3.23,270.4,3944.0
2026-07-07T15:45:12Z,,,,,,,,,,,,3944.6
2026-07-07T15:45:13Z,,,,,,,,,,,,3944.9
2026-07-07T15:45:13Z,,,,,,,,,,,,3947.8
2026-07-07T15:45:13Z,,,,,,,,,,,,3953.7
2026-07-07T15:45:13Z,51.554192,-0.070959,29.5,1.0,1.7,99.9,10,1,3,2.58,245.1,3961.6
2026-07-07T15:45:13Z,,,,,,,,,,,,3968.8
2026-07-07T15:45:13Z,,,,,,,,,,,,3973.8
2026-07-07T15:45:13Z,,,,,,,,,,,,3977.8
2026-07-07T15:45:13Z,,,,,,,,,,,,3982.2
2026-07-07T15:45:13Z,51.554188,-0.070968,29.8,1.0,1.7,99.9,10,1,3,2.52,257.8,3986.8
2026-07-07T15:45:13Z,,,,,,,,,,,,3990.8
2026-07-07T15:45:14Z,,,,,,,,,,,,3992.8
2026-07-07T15:45:14Z,,,,,,,,,,,,3994.4
2026-07-07T15:45:14Z,,,,,,,,,,,,3997.5
2026-07-07T15:45:14Z,51.554188,-0.070978,29.9,1.0,1.7,99.9,10,1,3,2.29,256.2,4003.0
2026-07-07T15:45:14Z,,,,,,,,,,,,4011.2
2026-07-07T15:45:14Z,,,,,,,,,,,,4019.8
2026-07-07T15:45:14Z,,,,,,,,,,,,4029.5
2026-07-07T15:45:14Z,,,,,,,,,,,,4042.8
2026-07-07T15:45:14Z,51.554188,-0.070988,30.2,1.0,1.7,99.9,10,1,3,2.62,261.3,4059.1
2026-07-07T15:45:14Z,,,,,,,,,,,,4079.8
2026-07-07T15:45:15Z,,,,,,,,,,,,4098.3
2026-07-07T15:45:15Z,,,,,,,,,,,,4116.0
2026-07-07T15:45:15Z,,,,,,,,,,,,4133.3
2026-07-07T15:45:15Z,51.554188,-0.070998,30.3,1.0,1.7,99.9,10,1,3,2.47,272.0,4154.2
2026-07-07T15:45:15Z,,,,,,,,,,,,4176.8
2026-07-07T15:45:15Z,,,,,,,,,,,,4197.5
2026-07-07T15:45:15Z,,,,,,,,,,,,4212.9
2026-07-07T15:45:15Z,,,,,,,,,,,,4224.3
2026-07-07T15:45:15Z,51.554188,-0.071009,30.4,1.0,1.7,99.9,10,1,3,2.64,274.4,4234.6
2026-07-07T15:45:15Z,,,,,,,,,,,,4245.0
2026-07-07T15:45:16Z,,,,,,,,,,,,4252.2
2026-07-07T15:45:16Z,,,,,,,,,,,,4255.8
2026-07-07T15:45:16Z,,,,,,,,,,,,4256.0
2026-07-07T15:45:16Z,51.554188,-0.071019,30.6,1.0,1.7,99.9,10,1,3,2.29,275.3,4257.9
2026-07-07T15:45:16Z,,,,,,,,,,,,4260.6
2026-07-07T15:45:16Z,,,,,,,,,,,,4264.7
2026-07-07T15:45:16Z,,,,,,,,,,,,4268.3
2026-07-07T15:45:16Z,,,,,,,,,,,,4269.3
2026-07-07T15:45:16Z,51.554188,-0.071029,30.5,1.0,1.7,99.9,10,1,3,2.59,280.5,4272.7
2026-07-07T15:45:16Z,,,,,,,,,,,,4280.9
2026-07-07T15:45:17Z,,,,,,,,,,,,4290.7
2026-07-07T15:45:17Z,,,,,,,,,,,,4300.3
2026-07-07T15:45:17Z,,,,,,,,,,,,4306.3
2026-07-07T15:45:17Z,51.554188,-0.071040,30.6,1.0,1.7,99.9,10,1,3,2.68,271.1,4311.6
2026-07-07T15:45:17Z,,,,,,,,,,,,4319.6
2026-07-07T15:45:17Z,,,,,,,,,,,,4327.7
2026-07-07T15:45:17Z,,,,,,,,,,,,4332.7
2026-07-07T15:45:17Z,,,,,,,,,,,,4332.3
2026-07-07T15:45:17Z,51.554188,-0.071051,30.4,1.0,1.7,99.9,10,1,3,2.71,266.6,4328.6
2026-07-07T15:45:17Z,,,,,,,,,,,,4324.3
2026-07-07T15:45:18Z,,,,,,,,,,,,4318.4
2026-07-07T15:45:18Z,,,,,,,,,,,,4309.3
2026-07-07T15:45:18Z,,,,,,,,,,,,4296.6
2026-07-07T15:45:18Z,51.554188,-0.071062,30.4,1.0,1.7,99.9,10,1,3,2.92,266.3,4281.6
2026-07-07T15:45:18Z,,,,,,,,,,,,4267.5
2026-07-07T15:45:18Z,,,,,,,,,,,,4255.5
2026-07-07T15:45:18Z,,,,,,,,,,,,4245.9
2026-07-07T15:45:18Z,,,,,,,,,,,,4236.6
2026-07-07T15:45:18Z,51.554184,-0.071074,30.6,1.0,1.7,99.9,10,1,3,2.97,261.7,4229.6
2026-07-07T15:45:18Z,,,,,,,,,,,,4228.8
2026-07-07T15:45:19Z,,,,,,,,,,,,4234.6
2026-07-07T15:45:19Z,,,,,,,,,,,,4245.2
2026-07-07T15:45:19Z,,,,,,,,,,,,4256.5
2026-07-07T15:45:19Z,51.554184,-0.071085,31.1,1.0,1.7,99.9,10,1,3,2.80,264.9,4266.4
2026-07-07T15:45:19Z,,,,,,,,,,,,4276.7
2026-07-07T15:45:19Z,,,,,,,,,,,,4288.2
2026-07-07T15:45:19Z,,,,,,,,,,,,4298.1
2026-07-07T15:45:19Z,,,,,,,,,,,,4307.4
2026-07-07T15:45:19Z,51.554184,-0.071096,30.9,1.0,1.7,99.9,10,1,3,2.93,263.0,4312.3
2026-07-07T15:45:19Z,,,,,,,,,,,,4314.0
2026-07-07T15:45:20Z,,,,,,,,,,,,4315.5
2026-07-07T15:45:20Z,,,,,,,,,,,,4319.2
2026-07-07T15:45:20Z,,,,,,,,,,,,4324.7
2026-07-07T15:45:20Z,51.554184,-0.071109,31.2,1.0,1.7,99.9,10,1,3,3.45,263.7,4330.9
2026-07-07T15:45:20Z,,,,,,,,,,,,4339.2
2026-07-07T15:45:20Z,,,,,,,,,,,,4352.3
2026-07-07T15:45:20Z,,,,,,,,,,,,4370.5
2026-07-07T15:45:20Z,,,,,,,,,,,,4392.9
2026-07-07T15:45:20Z,51.554180,-0.071121,30.5,1.0,1.7,99.9,10,1,3,3.40,261.8,4413.7
2026-07-07T15:45:20Z,,,,,,,,,,,,4429.2
2026-07-07T15:45:21Z,,,,,,,,,,,,4439.1
2026-07-07T15:45:21Z,,,,,,,,,,,,4451.3
2026-07-07T15:45:21Z,,,,,,,,,,,,4461.3
2026-07-07T15:45:21Z,51.554180,-0.071136,31.2,1.0,1.7,99.9,10,1,3,3.52,265.5,4466.7
2026-07-07T15:45:21Z,,,,,,,,,,,,4465.9
2026-07-07T15:45:21Z,,,,,,,,,,,,4462.8
2026-07-07T15:45:21Z,,,,,,,,,,,,4462.5
2026-07-07T15:45:21Z,,,,,,,,,,,,4464.9
2026-07-07T15:45:21Z,51.554180,-0.071148,31.3,1.0,1.7,99.9,10,1,3,2.99,268.6,4469.2
2026-07-07T15:45:21Z,,,,,,,,,,,,4472.6
2026-07-07T15:45:22Z,,,,,,,,,,,,4474.0
2026-07-07T15:45:22Z,,,,,,,,,,,,4479.7
2026-07-07T15:45:22Z,,,,,,,,,,,,4489.5
2026-07-07T15:45:22Z,51.554180,-0.071158,31.1,1.0,1.7,99.9,10,1,3,2.57,252.2,4499.5
2026-07-07T15:45:22Z,,,,,,,,,,,,4506.0
2026-07-07T15:45:22Z,,,,,,,,,,,,4508.0
2026-07-07T15:45:22Z,,,,,,,,,,,,4510.3
2026-07-07T15:45:22Z,,,,,,,,,,,,4513.9
2026-07-07T15:45:22Z,51.554180,-0.071169,31.4,1.0,1.7,99.9,10,1,3,2.78,268.9,4514.9
2026-07-07T15:45:22Z,,,,,,,,,,,,4511.3
2026-07-07T15:45:23Z,,,,,,,,,,,,4501.8
2026-07-07T15:45:23Z,,,,,,,,,,,,4487.9
2026-07-07T15:45:23Z,,,,,,,,,,,,4476.6
2026-07-07T15:45:23Z,51.554180,-0.071181,31.1,1.0,1.7,99.9,10,1,3,3.32,267.6,4464.6
2026-07-07T15:45:23Z,,,,,,,,,,,,4450.2
2026-07-07T15:45:23Z,,,,,,,,,,,,4432.8
2026-07-07T15:45:23Z,,,,,,,,,,,,4413.4
2026-07-07T15:45:23Z,,,,,,,,,,,,4395.9
2026-07-07T15:45:23Z,51.554176,-0.071192,31.0,1.0,1.7,99.9,10,1,3,2.51,267.9,4382.9
2026-07-07T15:45:23Z,,,,,,,,,,,,4370.6
2026-07-07T15:45:24Z,,,,,,,,,,,,4356.6
2026-07-07T15:45:24Z,,,,,,,,,,,,4338.6
2026-07-07T15:45:24Z,,,,,,,,,,,,4322.7
2026-07-07T15:45:24Z,51.554176,-0.071202,30.8,1.0,1.7,99.9,10,1,3,2.55,273.1,4309.7
2026-07-07T15:45:24Z,,,,,,,,,,,,4300.3
2026-07-07T15:45:24Z,,,,,,,,,,,,4292.8
2026-07-07T15:45:24Z,,,,,,,,,,,,4288.0
2026-07-07T15:45:24Z,,,,,,,,,,,,4289.0
2026-07-07T15:45:24Z,51.554180,-0.071211,30.9,1.0,1.7,99.9,10,1,3,2.52,282.7,4298.1
2026-07-07T15:45:24Z,,,,,,,,,,,,4317.5
2026-07-07T15:45:25Z,,,,,,,,,,,,4337.6
2026-07-07T15:45:25Z,,,,,,,,,,,,4357.3
2026-07-07T15:45:25Z,,,,,,,,,,,,4374.5
2026-07-07T15:45:25Z,51.554180,-0.071220,30.7,1.0,1.7,99.9,10,1,3,2.46,287.9,4392.4
2026-07-07T15:45:25Z,,,,,,,,,,,,4410.3
2026-07-07T15:45:25Z,,,,,,,,,,,,4421.6
2026-07-07T15:45:25Z,,,,,,,,,,,,4424.5
2026-07-07T15:45:25Z,,,,,,,,,,,,4422.1
2026-07-07T15:45:25Z,51.554180,-0.071229,30.5,1.0,1.7,99.9,10,1,3,2.17,277.7,4419.6
2026-07-07T15:45:25Z,,,,,,,,,,,,4416.9
2026-07-07T15:45:26Z,,,,,,,,,,,,4413.1
2026-07-07T15:45:26Z,,,,,,,,,,,,4404.5
2026-07-07T15:45:26Z,,,,,,,,,,,,4392.7
2026-07-07T15:45:26Z,51.554180,-0.071241,30.3,1.0,1.7,99.9,10,1,3,3.19,275.3,4381.2
2026-07-07T15:45:26Z,,,,,,,,,,,,4371.5
2026-07-07T15:45:26Z,,,,,,,,,,,,4363.7
2026-07-07T15:45:26Z,,,,,,,,,,,,4356.4
2026-07-07T15:45:26Z,,,,,,,,,,,,4349.5
2026-07-07T15:45:26Z,51.554180,-0.071255,30.0,1.0,1.7,99.9,10,1,3,3.59,278.4,4347.9
2026-07-07T15:45:26Z,,,,,,,,,,,,4352.3
2026-07-07T15:45:27Z,,,,,,,,,,,,4358.4
2026-07-07T15:45:27Z,,,,,,,,,,,,4363.5
2026-07-07T15:45:27Z,,,,,,,,,,,,4364.7
2026-07-07T15:45:27Z,51.554180,-0.071267,29.9,1.0,1.7,99.9,10,1,3,2.97,270.0,4365.0
2026-07-07T15:45:27Z,,,,,,,,,,,,4366.2
2026-07-07T15:45:27Z,,,,,,,,,,,,4365.9
2026-07-07T15:45:27Z,,,,,,,,,,,,4362.6
2026-07-07T15:45:27Z,,,,,,,,,,,,4355.0
2026-07-07T15:45:27Z,51.554180,-0.071277,29.3,1.0,1.7,99.9,10,1,3,2.65,265.1,4345.1
2026-07-07T15:45:27Z,,,,,,,,,,,,4336.9
2026-07-07T15:45:28Z,,,,,,,,,,,,4331.6
2026-07-07T15:45:28Z,,,,,,,,,,,,4324.9
2026-07-07T15:45:28Z,,,,,,,,,,,,4315.5
2026-07-07T15:45:28Z,51.554180,-0.071286,29.2,1.0,1.7,99.9,10,1,3,2.23,259.5,4306.3
2026-07-07T15:45:28Z,,,,,,,,,,,,4298.8
2026-07-07T15:45:28Z,,,,,,,,,,,,4292.2
2026-07-07T15:45:28Z,,,,,,,,,,,,4286.8
2026-07-07T15:45:28Z,,,,,,,,,,,,4281.5
2026-07-07T15:45:28Z,51.554176,-0.071295,28.9,1.0,1.7,99.9,10,1,3,2.45,259.6,4279.7
2026-07-07T15:45:28Z,,,,,,,,,,,,4284.7
2026-07-07T15:45:29Z,,,,,,,,,,,,4295.3
2026-07-07T15:45:29Z,,,,,,,,,,,,4309.9
2026-07-07T15:45:29Z,,,,,,,,,,,,4323.3
2026-07-07T15:45:29Z,51.554176,-0.071305,28.6,1.0,1.7,99.9,10,1,3,2.61,259.7,4335.5
2026-07-07T15:45:29Z,,,,,,,,,,,,4349.3
2026-07-07T15:45:29Z,,,,,,,,,,,,4362.0
2026-07-07T15:45:29Z,,,,,,,,,,,,4373.3
2026-07-07T15:45:29Z,,,,,,,,,,,,4381.0
2026-07-07T15:45:29Z,51.554173,-0.071316,28.2,1.0,1.7,99.9,10,1,3,2.83,261.8,4382.6
2026-07-07T15:45:29Z,,,,,,,,,,,,4380.4
2026-07-07T15:45:30Z,,,,,,,,,,,,4378.8
2026-07-07T15:45:30Z,,,,,,,,,,,,4377.1
2026-07-07T15:45:30Z,,,,,,,,,,,,4371.2
2026-07-07T15:45:30Z,51.554173,-0.071326,27.8,1.0,1.7,99.9,10,1,3,2.54,269.3,4360.8
2026-07-07T15:45:30Z,,,,,,,,,,,,4349.0
2026-07-07T15:45:30Z,,,,,,,,,,,,4339.8
2026-07-07T15:45:30Z,,,,,,,,,,,,4333.8
2026-07-07T15:45:30Z,,,,,,,,,,,,4328.7
2026-07-07T15:45:30Z,51.554173,-0.071336,27.5,1.0,1.7,99.9,10,1,3,2.63,286.7,4325.3
2026-07-07T15:45:30Z,,,,,,,,,,,,4324.8
2026-07-07T15:45:31Z,,,,,,,,,,,,4328.1
2026-07-07T15:45:31Z,,,,,,,,,,,,4336.9
2026-07-07T15:45:31Z,,,,,,,,,,,,4347.8
2026-07-07T15:45:31Z,51.554176,-0.071345,27.1,1.0,1.7,99.9,10,1,3,2.39,292.2,4355.4
2026-07-07T15:45:31Z,,,,,,,,,,,,4359.2
2026-07-07T15:45:31Z,,,,,,,,,,,,4363.6
2026-07-07T15:45:31Z,,,,,,,,,,,,4368.6
2026-07-07T15:45:31Z,,,,,,,,,,,,4370.7
2026-07-07T15:45:31Z,51.554176,-0.071354,26.6,1.0,1.7,99.9,10,1,3,2.44,288.7,4366.8
2026-07-07T15:45:31Z,,,,,,,,,,,,4357.8
2026-07-07T15:45:32Z,,,,,,,,,,,,4348.7
2026-07-07T15:45:32Z,,,,,,,,,,,,4339.9
2026-07-07T15:45:32Z,,,,,,,,,,,,4333.0
2026-07-07T15:45:32Z,51.554176,-0.071363,26.3,1.0,1.7,99.9,10,1,3,2.21,286.0,4323.3
2026-07-07T15:45:32Z,,,,,,,,,,,,4309.2
2026-07-07T15:45:32Z,,,,,,,,,,,,4295.3
2026-07-07T15:45:32Z,,,,,,,,,,,,4283.8
2026-07-07T15:45:32Z,,,,,,,,,,,,4273.4
2026-07-07T15:45:32Z,51.554180,-0.071371,25.7,1.0,1.7,99.9,10,1,3,2.15,286.1,4264.1
2026-07-07T15:45:32Z,,,,,,,,,,,,4255.8
2026-07-07T15:45:33Z,,,,,,,,,,,,4250.3
2026-07-07T15:45:33Z,,,,,,,,,,,,4249.6
2026-07-07T15:45:33Z,,,,,,,,,,,,4255.1
2026-07-07T15:45:33Z,51.554180,-0.071379,25.2,1.0,1.7,99.9,10,1,3,1.94,286.1,4263.8
2026-07-07T15:45:33Z,,,,,,,,,,,,4273.6
2026-07-07T15:45:33Z,,,,,,,,,,,,4282.8
2026-07-07T15:45:33Z,,,,,,,,,,,,4293.4
2026-07-07T15:45:33Z,,,,,,,,,,,,4306.4
2026-07-07T15:45:33Z,51.554180,-0.071389,24.7,1.0,1.7,99.9,10,1,3,2.37,271.9,4319.1
2026-07-07T15:45:33Z,,,,,,,,,,,,4328.3
2026-07-07T15:45:34Z,,,,,,,,,,,,4331.3
2026-07-07T15:45:34Z,,,,,,,,,,,,4333.6
2026-07-07T15:45:34Z,,,,,,,,,,,,4337.7
2026-07-07T15:45:34Z,51.554176,-0.071398,24.4,1.0,1.7,99.9,10,1,3,2.24,257.9,4340.0
2026-07-07T15:45:34Z,,,,,,,,,,,,4337.6
2026-07-07T15:45:34Z,,,,,,,,,,,,4329.7
2026-07-07T15:45:34Z,,,,,,,,,,,,4322.2
2026-07-07T15:45:34Z,,,,,,,,,,,,4316.7
2026-07-07T15:45:34Z,51.554176,-0.071408,24.0,1.0,1.7,99.9,10,1,3,2.54,262.4,4309.9
2026-07-07T15:45:34Z,,,,,,,,,,,,4300.1
2026-07-07T15:45:35Z,,,,,,,,,,,,4289.6
2026-07-07T15:45:35Z,,,,,,,,,,,,4278.3
2026-07-07T15:45:35Z,,,,,,,,,,,,4270.7
2026-07-07T15:45:35Z,51.554173,-0.071421,23.8,1.0,1.7,99.9,10,1,3,3.38,254.9,4266.7
2026-07-07T15:45:35Z,,,,,,,,,,,,4263.3
2026-07-07T15:45:35Z,,,,,,,,,,,,4259.4
2026-07-07T15:45:35Z,,,,,,,,,,,,4257.4
2026-07-07T15:45:35Z,,,,,,,,,,,,4258.6
2026-07-07T15:45:35Z,51.554173,-0.071435,23.8,1.0,1.7,99.9,10,1,3,3.63,248.9,4261.6
2026-07-07T15:45:35Z,,,,,,,,,,,,4264.2
2026-07-07T15:45:36Z,,,,,,,,,,,,4266.7
2026-07-07T15:45:36Z,,,,,,,,,,,,4270.6
2026-07-07T15:45:36Z,,,,,,,,,,,,4277.4
2026-07-07T15:45:36Z,51.554169,-0.071448,24.3,1.0,1.7,99.9,10,1,3,3.09,257.7,4288.9
2026-07-07T15:45:36Z,,,,,,,,,,,,4300.8
2026-07-07T15:45:36Z,,,,,,,,,,,,4309.8
2026-07-07T15:45:36Z,,,,,,,,,,,,4318.0
2026-07-07T15:45:36Z,,,,,,,,,,,,4327.0
2026-07-07T15:45:36Z,51.554169,-0.071461,24.4,1.0,1.7,99.9,10,1,3,3.18,258.8,4338.2
2026-07-07T15:45:36Z,,,,,,,,,,,,4348.0
2026-07-07T15:45:37Z,,,,,,,,,,,,4353.2
2026-07-07T15:45:37Z,,,,,,,,,,,,4355.6
2026-07-07T15:45:37Z,,,,,,,,,,,,4355.9
2026-07-07T15:45:37Z,51.554165,-0.071473,24.3,1.0,1.7,99.9,10,1,3,2.80,242.9,4358.5
2026-07-07T15:45:37Z,,,,,,,,,,,,4362.6
2026-07-07T15:45:37Z,,,,,,,,,,,,4364.5
2026-07-07T15:45:37Z,,,,,,,,,,,,4364.5
2026-07-07T15:45:37Z,,,,,,,,,,,,4365.4
2026-07-07T15:45:37Z,51.554161,-0.071484,24.1,1.0,1.7,99.9,10,1,3,3.10,246.4,4369.6
2026-07-07T15:45:37Z,,,,,,,,,,,,4374.0
2026-07-07T15:45:38Z,,,,,,,,,,,,4375.8
2026-07-07T15:45:38Z,,,,,,,,,,,,4374.1
2026-07-07T15:45:38Z,,,,,,,,,,,,4368.1
2026-07-07T15:45:38Z,51.554161,-0.071496,24.1,1.0,1.7,99.9,10,1,3,3.03,246.8,4361.2
2026-07-07T15:45:38Z,,,,,,,,,,,,4355.8
2026-07-07T15:45:38Z,,,,,,,,,,,,4348.5
2026-07-07T15:45:38Z,,,,,,,,,,,,4337.0
2026-07-07T15:45:38Z,,,,,,,,,,,,4323.8
2026-07-07T15:45:38Z,51.554157,-0.071507,23.8,1.0,1.7,99.9,10,1,3,2.95,249.6,4313.3
2026-07-07T15:45:38Z,,,,,,,,,,,,4304.5
2026-07-07T15:45:39Z,,,,,,,,,,,,4294.6
2026-07-07T15:45:39Z,,,,,,,,,,,,4282.6
2026-07-07T15:45:39Z,,,,,,,,,,,,4271.0
2026-07-07T15:45:39Z,51.554153,-0.071518,23.8,1.0,1.7,99.9,10,1,3,3.10,234.2,4263.0
2026-07-07T15:45:39Z,,,,,,,,,,,,4261.6
2026-07-07T15:45:39Z,,,,,,,,,,,,4264.4
2026-07-07T15:45:39Z,,,,,,,,,,,,4268.8
2026-07-07T15:45:39Z,,,,,,,,,,,,4275.0
2026-07-07T15:45:39Z,51.554146,-0.071527,23.8,1.0,1.7,99.9,10,1,3,2.77,229.0,4284.2
2026-07-07T15:45:39Z,,,,,,,,,,,,4298.9
2026-07-07T15:45:40Z,,,,,,,,,,,,4313.1
2026-07-07T15:45:40Z,,,,,,,,,,,,4329.5
2026-07-07T15:45:40Z,,,,,,,,,,,,4343.9
2026-07-07T15:45:40Z,51.554142,-0.071535,23.8,1.0,1.7,99.9,10,1,3,2.78,219.0,4357.8
2026-07-07T15:45:40Z,,,,,,,,,,,,4373.0
2026-07-07T15:45:40Z,,,,,,,,,,,,4387.3
2026-07-07T15:45:40Z,,,,,,,,,,,,4397.4
2026-07-07T15:45:40Z,,,,,,,,,,,,4400.9
2026-07-07T15:45:40Z,51.554134,-0.071539,24.0,1.0,1.7,99.9,10,1,3,2.83,205.2,4401.4
2026-07-07T15:45:40Z,,,,,,,,,,,,4401.2
2026-07-07T15:45:41Z,,,,,,,,,,,,4399.2
2026-07-07T15:45:41Z,,,,,,,,,,,,4393.9
2026-07-07T15:45:41Z,,,,,,,,,,,,4385.4
2026-07-07T15:45:41Z,51.554127,-0.071541,23.7,1.0,1.7,99.9,10,1,3,2.76,184.8,4375.5
2026-07-07T15:45:41Z,,,,,,,,,,,,4367.8
2026-07-07T15:45:41Z,,,,,,,,,,,,4363.9
2026-07-07T15:45:41Z,,,,,,,,,,,,4360.5
2026-07-07T15:45:41Z,,,,,,,,,,,,4357.9
2026-07-07T15:45:41Z,51.554119,-0.071543,23.5,1.0,1.7,99.9,10,1,3,3.09,187.4,4358.9
2026-07-07T15:45:41Z,,,,,,,,,,,,4363.9
2026-07-07T15:45:42Z,,,,,,,,,,,,4371.5
2026-07-07T15:45:42Z,,,,,,,,,,,,4379.1
2026-07-07T15:45:42Z,,,,,,,,,,,,4383.7
2026-07-07T15:45:42Z,51.554111,-0.071545,23.5,1.0,1.7,99.9,10,1,3,3.05,185.0,4384.5
2026-07-07T15:45:42Z,,,,,,,,,,,,4382.1
2026-07-07T15:45:42Z,,,,,,,,,,,,4380.8
2026-07-07T15:45:42Z,,,,,,,,,,,,4378.7
2026-07-07T15:45:42Z,,,,,,,,,,,,4372.3
2026-07-07T15:45:42Z,51.554104,-0.071549,23.7,1.0,1.7,99.9,10,1,3,3.28,198.6,4362.6
2026-07-07T15:45:42Z,,,,,,,,,,,,4352.3
2026-07-07T15:45:43Z,,,,,,,,,,,,4345.9
2026-07-07T15:45:43Z,,,,,,,,,,,,4340.4
2026-07-07T15:45:43Z,,,,,,,,,,,,4334.9
2026-07-07T15:45:43Z,51.554096,-0.071554,23.6,1.0,1.7,99.9,10,1,3,3.15,197.6,4329.8
2026-07-07T15:45:43Z,,,,,,,,,,,,4329.2
2026-07-07T15:45:43Z,,,,,,,,,,,,4337.1
2026-07-07T15:45:43Z,,,,,,,,,,,,4349.5
2026-07-07T15:45:43Z,,,,,,,,,,,,4362.3
2026-07-07T15:45:43Z,51.554089,-0.071557,23.8,1.0,1.7,99.9,10,1,3,3.11,192.0,4374.7
2026-07-07T15:45:43Z,,,,,,,,,,,,4388.2
2026-07-07T15:45:44Z,,,,,,,,,,,,4401.9
2026-07-07T15:45:44Z,,,,,,,,,,,,4417.0
2026-07-07T15:45:44Z,,,,,,,,,,,,4427.0
2026-07-07T15:45:44Z,51.554081,-0.071561,23.8,1.0,1.7,99.9,10,1,3,2.80,198.7,4433.6
2026-07-07T15:45:44Z,,,,,,,,,,,,4439.5
2026-07-07T15:45:44Z,,,,,,,,,,,,4447.0
2026-07-07T15:45:44Z,,,,,,,,,,,,4459.2
2026-07-07T15:45:44Z,,,,,,,,,,,,4471.5
2026-07-07T15:45:44Z,51.554077,-0.071565,23.6,1.0,1.7,99.9,10,1,3,2.84,202.8,4480.4
2026-07-07T15:45:44Z,,,,,,,,,,,,4486.9
2026-07-07T15:45:45Z,,,,,,,,,,,,4490.9
2026-07-07T15:45:45Z,,,,,,,,,,,,4495.8
2026-07-07T15:45:45Z,,,,,,,,,,,,4498.0
2026-07-07T15:45:45Z,51.554066,-0.071566,23.4,1.0,1.7,99.9,10,1,3,3.19,182.4,4494.0
2026-07-07T15:45:45Z,,,,,,,,,,,,4484.2
2026-07-07T15:45:45Z,,,,,,,,,,,,4474.5
2026-07-07T15:45:45Z,,,,,,,,,,,,4469.5
2026-07-07T15:45:45Z,,,,,,,,,,,,4464.3
2026-07-07T15:45:45Z,51.554062,-0.071570,23.3,1.0,1.7,99.9,10,1,3,2.59,201.4,4454.3
2026-07-07T15:45:45Z,,,,,,,,,,,,4441.0
2026-07-07T15:45:46Z,,,,,,,,,,,,4429.6
2026-07-07T15:45:46Z,,,,,,,,,,,,4420.2
2026-07-07T15:45:46Z,,,,,,,,,,,,4411.6
2026-07-07T15:45:46Z,51.554054,-0.071572,23.2,1.0,1.7,99.9,10,1,3,3.07,196.8,4400.6
2026-07-07T15:45:46Z,,,,,,,,,,,,4386.8
2026-07-07T15:45:46Z,,,,,,,,,,,,4372.8
2026-07-07T15:45:46Z,,,,,,,,,,,,4363.7
2026-07-07T15:45:46Z,,,,,,,,,,,,4358.3
2026-07-07T15:45:46Z,51.554047,-0.071575,23.1,1.0,1.7,99.9,10,1,3,2.82,191.1,4353.1
2026-07-07T15:45:46Z,,,,,,,,,,,,4347.5
2026-07-07T15:45:47Z,,,,,,,,,,,,4347.3
2026-07-07T15:45:47Z,,,,,,,,,,,,4354.2
2026-07-07T15:45:47Z,,,,,,,,,,,,4365.5
2026-07-07T15:45:47Z,51.554039,-0.071580,22.9,1.0,1.7,99.9,10,1,3,2.83,198.8,4379.3
2026-07-07T15:45:47Z,,,,,,,,,,,,4393.7
2026-07-07T15:45:47Z,,,,,,,,,,,,4407.7
2026-07-07T15:45:47Z,,,,,,,,,,,,4422.6
2026-07-07T15:45:47Z,,,,,,,,,,,,4441.5
2026-07-07T15:45:47Z,51.554031,-0.071583,22.8,1.0,1.7,99.9,10,1,3,2.53,197.0,4459.7
2026-07-07T15:45:47Z,,,,,,,,,,,,4471.9
2026-07-07T15:45:48Z,,,,,,,,,,,,4478.4
2026-07-07T15:45:48Z,,,,,,,,,,,,4486.2
2026-07-07T15:45:48Z,,,,,,,,,,,,4496.5
2026-07-07T15:45:48Z,51.554024,-0.071587,22.6,1.0,1.7,99.9,10,1,3,3.50,200.1,4504.1
2026-07-07T15:45:48Z,,,,,,,,,,,,4508.0
2026-07-07T15:45:48Z,,,,,,,,,,,,4510.6
2026-07-07T15:45:48Z,,,,,,,,,,,,4517.5
2026-07-07T15:45:48Z,,,,,,,,,,,,4533.5
2026-07-07T15:45:48Z,51.554020,-0.071591,22.5,1.0,1.7,99.9,10,1,3,2.10,197.2,4552.5
2026-07-07T15:45:48Z,,,,,,,,,,,,4568.2
2026-07-07T15:45:49Z,,,,,,,,,,,,4577.6
2026-07-07T15:45:49Z,,,,,,,,,,,,4587.3
2026-07-07T15:45:49Z,,,,,,,,,,,,4598.3
2026-07-07T15:45:49Z,51.554012,-0.071593,22.2,1.0,1.7,99.9,10,1,3,3.08,189.6,4607.4
2026-07-07T15:45:49Z,,,,,,,,,,,,4611.5
2026-07-07T15:45:49Z,,,,,,,,,,,,4608.7
2026-07-07T15:45:49Z,,,,,,,,,,,,4602.1
2026-07-07T15:45:49Z,,,,,,,,,,,,4596.5
2026-07-07T15:45:49Z,51.554005,-0.071596,22.0,1.0,1.7,99.9,10,1,3,2.44,192.5,4593.2
2026-07-07T15:45:49Z,,,,,,,,,,,,4589.2
2026-07-07T15:45:50Z,,,,,,,,,,,,4584.1
2026-07-07T15:45:50Z,,,,,,,,,,,,4580.7
2026-07-07T15:45:50Z,,,,,,,,,,,,4584.2
2026-07-07T15:45:50Z,51.553997,-0.071597,21.7,1.0,1.7,99.9,10,1,3,3.52,183.9,4592.2
2026-07-07T15:45:50Z,,,,,,,,,,,,4599.4
2026-07-07T15:45:50Z,,,,,,,,,,,,4602.5
2026-07-07T15:45:50Z,,,,,,,,,,,,4602.7
2026-07-07T15:45:50Z,,,,,,,,,,,,4603.8
2026-07-07T15:45:50Z,51.553989,-0.071598,21.6,1.0,1.7,99.9,10,1,3,3.30,181.2,4607.3
2026-07-07T15:45:50Z,,,,,,,,,,,,4607.0
2026-07-07T15:45:51Z,,,,,,,,,,,,4599.7
2026-07-07T15:45:51Z,,,,,,,,,,,,4589.0
2026-07-07T15:45:51Z,,,,,,,,,,,,4580.6
2026-07-07T15:45:51Z,51.553982,-0.071600,21.4,1.0,1.7,99.9,10,1,3,3.60,183.8,4574.4
2026-07-07T15:45:51Z,,,,,,,,,,,,4567.9
2026-07-07T15:45:51Z,,,,,,,,,,,,4560.3
2026-07-07T15:45:51Z,,,,,,,,,,,,4550.9
2026-07-07T15:45:51Z,,,,,,,,,,,,4542.8
2026-07-07T15:45:51Z,51.553974,-0.071603,21.4,1.0,1.7,99.9,10,1,3,2.63,190.2,4539.8
2026-07-07T15:45:51Z,,,,,,,,,,,,4540.1
2026-07-07T15:45:52Z,,,,,,,,,,,,4541.2
2026-07-07T15:45:52Z,,,,,,,,,,,,4543.7
2026-07-07T15:45:52Z,,,,,,,,,,,,4551.0
2026-07-07T15:45:52Z,51.553967,-0.071607,21.1,1.0,1.7,99.9,10,1,3,3.34,201.1,4561.8
2026-07-07T15:45:52Z,,,,,,,,,,,,4569.2
2026-07-07T15:45:52Z,,,,,,,,,,,,4570.9
2026-07-07T15:45:52Z,,,,,,,,,,,,4569.2
2026-07-07T15:45:52Z,,,,,,,,,,,,4567.1
2026-07-07T15:45:52Z,51.553959,-0.071612,21.4,1.0,1.7,99.9,10,1,3,2.61,206.7,4565.8
2026-07-07T15:45:52Z,,,,,,,,,,,,4562.3
2026-07-07T15:45:53Z,,,,,,,,,,,,4554.7
2026-07-07T15:45:53Z,,,,,,,,,,,,4542.6
2026-07-07T15:45:53Z,,,,,,,,,,,,4532.9
2026-07-07T15:45:53Z,51.553951,-0.071617,21.3,1.0,1.7,99.9,10,1,3,3.19,200.8,4525.7
2026-07-07T15:45:53Z,,,,,,,,,,,,4520.5
2026-07-07T15:45:53Z,,,,,,,,,,,,4515.6
2026-07-07T15:45:53Z,,,,,,,,,,,,4511.5
2026-07-07T15:45:53Z,,,,,,,,,,,,4512.5
2026-07-07T15:45:53Z,51.553944,-0.071620,21.1,1.0,1.7,99.9,10,1,3,3.01,196.4,4521.1
2026-07-07T15:45:53Z,,,,,,,,,,,,4534.9
2026-07-07T15:45:54Z,,,,,,,,,,,,4547.5
2026-07-07T15:45:54Z,,,,,,,,,,,,4558.5
2026-07-07T15:45:54Z,,,,,,,,,,,,4568.0
2026-07-07T15:45:54Z,51.553936,-0.071622,20.4,1.0,1.7,99.9,10,1,3,3.18,191.8,4579.1
2026-07-07T15:45:54Z,,,,,,,,,,,,4588.9
2026-07-07T15:45:54Z,,,,,,,,,,,,4592.0
2026-07-07T15:45:54Z,,,,,,,,,,,,4588.4
2026-07-07T15:45:54Z,,,,,,,,,,,,4582.9
2026-07-07T15:45:54Z,51.553928,-0.071625,20.4,1.0,1.7,99.9,10,1,3,2.99,191.7,4580.9
2026-07-07T15:45:54Z,,,,,,,,,,,,4580.1
2026-07-07T15:45:55Z,,,,,,,,,,,,4575.8
2026-07-07T15:45:55Z,,,,,,,,,,,,4567.0
2026-07-07T15:45:55Z,,,,,,,,,,,,4558.0
2026-07-07T15:45:55Z,51.553921,-0.071628,20.5,1.0,1.7,99.9,10,1,3,3.28,195.0,4551.2
2026-07-07T15:45:55Z,,,,,,,,,,,,4546.0
2026-07-07T15:45:55Z,,,,,,,,,,,,4539.3
2026-07-07T15:45:55Z,,,,,,,,,,,,4528.6
2026-07-07T15:45:55Z,,,,,,,,,,,,4515.9
2026-07-07T15:45:55Z,51.553913,-0.071633,20.3,1.0,1.7,99.9,10,1,3,3.30,199.7,4506.5
2026-07-07T15:45:55Z,,,,,,,,,,,,4501.2
2026-07-07T15:45:56Z,,,,,,,,,,,,4498.1
2026-07-07T15:45:56Z,,,,,,,,,,,,4494.3
2026-07-07T15:45:56Z,,,,,,,,,,,,4492.1
2026-07-07T15:45:56Z,51.553905,-0.071639,20.3,1.0,1.7,99.9,10,1,3,3.73,206.9,4495.3
2026-07-07T15:45:56Z,,,,,,,,,,,,4504.4
2026-07-07T15:45:56Z,,,,,,,,,,,,4518.2
2026-07-07T15:45:56Z,,,,,,,,,,,,4531.2
2026-07-07T15:45:56Z,,,,,,,,,,,,4540.1
2026-07-07T15:45:56Z,51.553898,-0.071645,20.2,1.0,1.7,99.9,10,1,3,3.28,208.2,4548.7
2026-07-07T15:45:56Z,,,,,,,,,,,,4560.2
2026-07-07T15:45:57Z,,,,,,,,,,,,4572.2
2026-07-07T15:45:57Z,,,,,,,,,,,,4582.1
2026-07-07T15:45:57Z,,,,,,,,,,,,4585.5
2026-07-07T15:45:57Z,51.553890,-0.071651,19.8,1.0,1.7,99.9,10,1,3,3.42,210.5,4587.2
2026-07-07T15:45:57Z,,,,,,,,,,,,4588.9
2026-07-07T15:45:57Z,,,,,,,,,,,,4590.1
2026-07-07T15:45:57Z,,,,,,,,,,,,4588.1
2026-07-07T15:45:57Z,,,,,,,,,,,,4580.6
2026-07-07T15:45:57Z,51.553879,-0.071656,19.4,1.0,1.7,99.9,10,1,3,3.03,206.3,4570.8
2026-07-07T15:45:57Z,,,,,,,,,,,,4559.7
2026-07-07T15:45:58Z,,,,,,,,,,,,4550.7
2026-07-07T15:45:58Z,,,,,,,,,,,,4539.9
2026-07-07T15:45:58Z,,,,,,,,,,,,4529.1
2026-07-07T15:45:58Z,51.553875,-0.071660,19.0,1.0,1.7,99.9,10,1,3,2.93,206.1,4521.5
2026-07-07T15:45:58Z,,,,,,,,,,,,4520.7
2026-07-07T15:45:58Z,,,,,,,,,,,,4523.8
2026-07-07T15:45:58Z,,,,,,,,,,,,4527.1
2026-07-07T15:45:58Z,,,,,,,,,,,,4531.2
2026-07-07T15:45:58Z,51.553867,-0.071665,18.9,1.0,1.7,99.9,10,1,3,2.88,202.9,4537.9
2026-07-07T15:45:58Z,,,,,,,,,,,,4549.1
2026-07-07T15:45:59Z,,,,,,,,,,,,4560.4
2026-07-07T15:45:59Z,,,,,,,,,,,,4570.7
2026-07-07T15:45:59Z,,,,,,,,,,,,4575.9
2026-07-07T15:45:59Z,51.553860,-0.071670,18.7,1.0,1.7,99.9,10,1,3,3.21,203.3,4578.2
2026-07-07T15:45:59Z,,,,,,,,,,,,4580.7
2026-07-07T15:45:59Z,,,,,,,,,,,,4580.0
2026-07-07T15:45:59Z,,,,,,,,,,,,4573.6
2026-07-07T15:45:59Z,,,,,,,,,,,,4561.5
2026-07-07T15:45:59Z,51.553852,-0.071674,18.5,1.0,1.7,99.9,10,1,3,2.90,197.6,4546.0
2026-07-07T15:45:59Z,,,,,,,,,,,,4531.0
2026-07-07T15:46:00Z,,,,,,,,,,,,4519.6
2026-07-07T15:46:00Z,,,,,,,,,,,,4507.9
2026-07-07T15:46:00Z,,,,,,,,,,,,4498.1
2026-07-07T15:46:00Z,51.553844,-0.071676,18.3,1.0,1.7,99.9,10,1,3,2.93,193.8,4491.1
2026-07-07T15:46:00Z,,,,,,,,,,,,4491.6
2026-07-07T15:46:00Z,,,,,,,,,,,,4499.6
2026-07-07T15:46:00Z,,,,,,,,,,,,4510.2
2026-07-07T15:46:00Z,,,,,,,,,,,,4518.6
2026-07-07T15:46:00Z,51.553837,-0.071679,18.2,1.0,1.7,99.9,10,1,3,2.77,194.0,4524.3
2026-07-07T15:46:00Z,,,,,,,,,,,,4530.0
2026-07-07T15:46:01Z,,,,,,,,,,,,4534.6
2026-07-07T15:46:01Z,,,,,,,,,,,,4539.4
2026-07-07T15:46:01Z,,,,,,,,,,,,4538.0
2026-07-07T15:46:01Z,51.553829,-0.071681,17.8,1.0,1.7,99.9,10,1,3,2.82,188.4,4530.7
2026-07-07T15:46:01Z,,,,,,,,,,,,4523.0
2026-07-07T15:46:01Z,,,,,,,,,,,,4517.1
2026-07-07T15:46:01Z,,,,,,,,,,,,4511.9
2026-07-07T15:46:01Z,,,,,,,,,,,,4504.9
2026-07-07T15:46:01Z,51.553822,-0.071684,17.6,1.0,1.7,99.9,10,1,3,3.09,191.9,4497.5
2026-07-07T15:46:01Z,,,,,,,,,,,,4494.8
2026-07-07T15:46:02Z,,,,,,,,,,,,4498.9
2026-07-07T15:46:02Z,,,,,,,,,,,,4508.0
2026-07-07T15:46:02Z,,,,,,,,,,,,4518.0
2026-07-07T15:46:02Z,51.553814,-0.071686,17.5,1.0,1.7,99.9,10,1,3,2.92,190.6,4529.1
2026-07-07T15:46:02Z,,,,,,,,,,,,4545.3
2026-07-07T15:46:02Z,,,,,,,,,,,,4565.0
2026-07-07T15:46:02Z,,,,,,,,,,,,4584.3
2026-07-07T15:46:02Z,,,,,,,,,,,,4598.8
2026-07-07T15:46:02Z,51.553806,-0.071690,17.4,1.0,1.7,99.9,10,1,3,3.31,198.1,4606.7
2026-07-07T15:46:02Z,,,,,,,,,,,,4612.1
2026-07-07T15:46:03Z,,,,,,,,,,,,4615.8
2026-07-07T15:46:03Z,,,,,,,,,,,,4617.5
2026-07-07T15:46:03Z,,,,,,,,,,,,4614.4
2026-07-07T15:46:03Z,51.553799,-0.071692,17.2,1.0,1.7,99.9,10,1,3,3.10,191.8,4607.8
2026-07-07T15:46:03Z,,,,,,,,,,,,4602.6
2026-07-07T15:46:03Z,,,,,,,,,,,,4600.5
2026-07-07T15:46:03Z,,,,,,,,,,,,4600.0
2026-07-07T15:46:03Z,,,,,,,,,,,,4600.5
2026-07-07T15:46:03Z,51.553795,-0.071698,17.2,1.0,1.7,99.9,10,1,3,3.18,207.5,4600.1
2026-07-07T15:46:03Z,,,,,,,,,,,,4601.9
2026-07-07T15:46:04Z,,,,,,,,,,,,4608.0
2026-07-07T15:46:04Z,,,,,,,,,,,,4619.0
2026-07-07T15:46:04Z,,,,,,,,,,,,4632.8
2026-07-07T15:46:04Z,51.553787,-0.071703,17.1,1.0,1.7,99.9,10,1,3,2.56,203.6,4644.8
2026-07-07T15:46:04Z,,,,,,,,,,,,4654.4
2026-07-07T15:46:04Z,,,,,,,,,,,,4666.8
2026-07-07T15:46:04Z,,,,,,,,,,,,4678.4
2026-07-07T15:46:04Z,,,,,,,,,,,,4686.4
2026-07-07T15:46:04Z,51.553780,-0.071708,17.0,1.0,1.7,99.9,10,1,3,3.41,207.6,4686.5
2026-07-07T15:46:04Z,,,,,,,,,,,,4681.9
2026-07-07T15:46:05Z,,,,,,,,,,,,4675.3
2026-07-07T15:46:05Z,,,,,,,,,,,,4664.9
2026-07-07T15:46:05Z,,,,,,,,,,,,4654.2
2026-07-07T15:46:05Z,51.553772,-0.071713,16.9,1.0,1.7,99.9,10,1,3,2.59,203.1,4639.6
2026-07-07T15:46:05Z,,,,,,,,,,,,4619.0
2026-07-07T15:46:05Z,,,,,,,,,,,,4598.6
2026-07-07T15:46:05Z,,,,,,,,,,,,4580.3
2026-07-07T15:46:05Z,,,,,,,,,,,,4563.9
2026-07-07T15:46:05Z,51.553764,-0.071717,16.8,1.0,1.7,99.9,10,1,3,3.33,201.8,4546.2
2026-07-07T15:46:05Z,,,,,,,,,,,,4527.7
2026-07-07T15:46:06Z,,,,,,,,,,,,4515.8
2026-07-07T15:46:06Z,,,,,,,,,,,,4509.2
2026-07-07T15:46:06Z,,,,,,,,,,,,4510.0
2026-07-07T15:46:06Z,51.553761,-0.071722,16.8,1.0,1.7,99.9,10,1,3,2.95,215.4,4514.7
2026-07-07T15:46:06Z,,,,,,,,,,,,4521.8
2026-07-07T15:46:06Z,,,,,,,,,,,,4531.7
2026-07-07T15:46:06Z,,,,,,,,,,,,4546.3
2026-07-07T15:46:06Z,,,,,,,,,,,,4562.2
2026-07-07T15:46:06Z,51.553753,-0.071730,16.8,1.0,1.7,99.9,10,1,3,3.72,215.9,4574.7
2026-07-07T15:46:06Z,,,,,,,,,,,,4580.6
2026-07-07T15:46:07Z,,,,,,,,,,,,4582.6
2026-07-07T15:46:07Z,,,,,,,,,,,,4584.9
2026-07-07T15:46:07Z,,,,,,,,,,,,4585.0
2026-07-07T15:46:07Z,51.553745,-0.071736,16.8,1.0,1.7,99.9,10,1,3,2.50,210.7,4584.0
2026-07-07T15:46:07Z,,,,,,,,,,,,4580.1
2026-07-07T15:46:07Z,,,,,,,,,,,,4575.7
2026-07-07T15:46:07Z,,,,,,,,,,,,4575.0
2026-07-07T15:46:07Z,,,,,,,,,,,,4577.2
2026-07-07T15:46:07Z,51.553738,-0.071743,16.9,1.0,1.7,99.9,10,1,3,3.72,219.6,4579.9
2026-07-07T15:46:07Z,,,,,,,,,,,,4579.3
2026-07-07T15:46:08Z,,,,,,,,,,,,4576.6
2026-07-07T15:46:08Z,,,,,,,,,,,,4573.4
2026-07-07T15:46:08Z,,,,,,,,,,,,4570.8
2026-07-07T15:46:08Z,51.553730,-0.071750,16.8,1.0,1.7,99.9,10,1,3,3.01,215.6,4570.7
2026-07-07T15:46:08Z,,,,,,,,,,,,4569.1
2026-07-07T15:46:08Z,,,,,,,,,,,,4564.4
2026-07-07T15:46:08Z,,,,,,,,,,,,4563.6
2026-07-07T15:46:08Z,,,,,,,,,,,,4565.7
2026-07-07T15:46:08Z,51.553726,-0.071761,17.0,1.0,1.7,99.9,10,1,3,3.62,231.2,4568.3
2026-07-07T15:46:08Z,,,,,,,,,,,,4567.4
2026-07-07T15:46:09Z,,,,,,,,,,,,4562.5
2026-07-07T15:46:09Z,,,,,,,,,,,,4557.5
2026-07-07T15:46:09Z,,,,,,,,,,,,4552.3
2026-07-07T15:46:09Z,51.553722,-0.071770,16.8,1.0,1.7,99.9,10,1,3,2.62,236.9,4547.1
2026-07-07T15:46:09Z,,,,,,,,,,,,4541.5
2026-07-07T15:46:09Z,,,,,,,,,,,,4534.8
2026-07-07T15:46:09Z,,,,,,,,,,,,4531.1
2026-07-07T15:46:09Z,,,,,,,,,,,,4533.0
2026-07-07T15:46:09Z,51.553719,-0.071780,16.9,1.0,1.7,99.9,10,1,3,3.41,234.9,4541.1
2026-07-07T15:46:09Z,,,,,,,,,,,,4553.2
2026-07-07T15:46:10Z,,,,,,,,,,,,4565.5
2026-07-07T15:46:10Z,,,,,,,,,,,,4582.8
2026-07-07T15:46:10Z,,,,,,,,,,,,4600.9
2026-07-07T15:46:10Z,51.553711,-0.071789,17.0,1.0,1.7,99.9,10,1,3,2.79,234.4,4618.5
2026-07-07T15:46:10Z,,,,,,,,,,,,4633.6
2026-07-07T15:46:10Z,,,,,,,,,,,,4642.2
2026-07-07T15:46:10Z,,,,,,,,,,,,4648.7
2026-07-07T15:46:10Z,,,,,,,,,,,,4656.8
2026-07-07T15:46:10Z,51.553707,-0.071799,17.2,1.0,1.7,99.9,10,1,3,3.14,233.7,4667.0
2026-07-07T15:46:10Z,,,,,,,,,,,,4675.4
2026-07-07T15:46:11Z,,,,,,,,,,,,4678.6
2026-07-07T15:46:11Z,,,,,,,,,,,,4684.5
2026-07-07T15:46:11Z,,,,,,,,,,,,4693.6
2026-07-07T15:46:11Z,51.553703,-0.071806,17.1,1.0,1.7,99.9,10,1,3,2.78,231.2,4703.4
2026-07-07T15:46:11Z,,,,,,,,,,,,4712.5
2026-07-07T15:46:11Z,,,,,,,,,,,,4716.9
2026-07-07T15:46:11Z,,,,,,,,,,,,4717.7
2026-07-07T15:46:11Z,,,,,,,,,,,,4717.1
2026-07-07T15:46:11Z,51.553699,-0.071819,17.4,1.0,1.7,99.9,10,1,3,3.87,257.8,4713.7
2026-07-07T15:46:11Z,,,,,,,,,,,,4706.6
2026-07-07T15:46:12Z,,,,,,,,,,,,4696.4
2026-07-07T15:46:12Z,,,,,,,,,,,,4683.1
2026-07-07T15:46:12Z,,,,,,,,,,,,4671.3
2026-07-07T15:46:12Z,51.553699,-0.071831,17.5,1.0,1.7,99.9,10,1,3,3.74,253.9,4661.1
2026-07-07T15:46:12Z,,,,,,,,,,,,4655.2
2026-07-07T15:46:12Z,,,,,,,,,,,,4652.6
2026-07-07T15:46:12Z,,,,,,,,,,,,4653.1
2026-07-07T15:46:12Z,,,,,,,,,,,,4658.7
2026-07-07T15:46:12Z,51.553696,-0.071842,17.8,1.0,1.7,99.9,10,1,3,3.32,253.3,4669.2
2026-07-07T15:46:12Z,,,,,,,,,,,,4680.7
2026-07-07T15:46:13Z,,,,,,,,,,,,4687.1
2026-07-07T15:46:13Z,,,,,,,,,,,,4692.3
2026-07-07T15:46:13Z,,,,,,,,,,,,4696.5
2026-07-07T15:46:13Z,51.553692,-0.071852,17.9,1.0,1.7,99.9,10,1,3,3.36,249.2,4696.8
2026-07-07T15:46:13Z,,,,,,,,,,,,4693.3
2026-07-07T15:46:13Z,,,,,,,,,,,,4684.9
2026-07-07T15:46:13Z,,,,,,,,,,,,4673.6
2026-07-07T15:46:13Z,,,,,,,,,,,,4661.5
2026-07-07T15:46:13Z,51.553688,-0.071866,18.2,1.0,1.7,99.9,10,1,3,3.97,257.5,4649.5
2026-07-07T15:46:13Z,,,,,,,,,,,,4639.2
2026-07-07T15:46:14Z,,,,,,,,,,,,4631.6
2026-07-07T15:46:14Z,,,,,,,,,,,,4627.3
2026-07-07T15:46:14Z,,,,,,,,,,,,4629.1
2026-07-07T15:46:14Z,51.553688,-0.071878,18.3,1.0,1.7,99.9,10,1,3,3.33,271.4,4636.3
2026-07-07T15:46:14Z,,,,,,,,,,,,4646.2
2026-07-07T15:46:14Z,,,,,,,,,,,,4656.0
2026-07-07T15:46:14Z,,,,,,,,,,,,4664.3
2026-07-07T15:46:14Z,,,,,,,,,,,,4671.6
2026-07-07T15:46:14Z,51.553688,-0.071890,18.5,1.0,1.7,99.9,10,1,3,3.51,267.2,4678.3
2026-07-07T15:46:14Z,,,,,,,,,,,,4683.2
2026-07-07T15:46:15Z,,,,,,,,,,,,4682.4
2026-07-07T15:46:15Z,,,,,,,,,,,,4677.8
2026-07-07T15:46:15Z,,,,,,,,,,,,4672.1
2026-07-07T15:46:15Z,51.553688,-0.071901,18.2,1.0,1.7,99.9,10,1,3,3.35,266.8,4663.2
2026-07-07T15:46:15Z,,,,,,,,,,,,4652.6
2026-07-07T15:46:15Z,,,,,,,,,,,,4641.2
2026-07-07T15:46:15Z,,,,,,,,,,,,4626.5
2026-07-07T15:46:15Z,,,,,,,,,,,,4609.9
2026-07-07T15:46:15Z,51.553684,-0.071912,18.4,1.0,1.7,99.9,10,1,3,3.00,272.0,4592.5
2026-07-07T15:46:15Z,,,,,,,,,,,,4576.0
2026-07-07T15:46:16Z,,,,,,,,,,,,4560.8
2026-07-07T15:46:16Z,,,,,,,,,,,,4543.4
2026-07-07T15:46:16Z,,,,,,,,,,,,4527.7
2026-07-07T15:46:16Z,51.553684,-0.071923,18.4,1.0,1.7,99.9,10,1,3,3.15,277.2,4513.3
2026-07-07T15:46:16Z,,,,,,,,,,,,4499.7
2026-07-07T15:46:16Z,,,,,,,,,,,,4487.6
2026-07-07T15:46:16Z,,,,,,,,,,,,4477.9
2026-07-07T15:46:16Z,,,,,,,,,,,,4471.4
2026-07-07T15:46:16Z,51.553684,-0.071933,18.6,1.0,1.7,99.9,10,1,3,2.39,272.3,4466.6
2026-07-07T15:46:16Z,,,,,,,,,,,,4463.7
2026-07-07T15:46:17Z,,,,,,,,,,,,4462.7
2026-07-07T15:46:17Z,,,,,,,,,,,,4461.7
2026-07-07T15:46:17Z,,,,,,,,,,,,4462.3
2026-07-07T15:46:17Z,51.553684,-0.071941,18.7,1.0,1.7,99.9,10,1,3,2.46,281.1,4462.9
2026-07-07T15:46:17Z,,,,,,,,,,,,4465.2
2026-07-07T15:46:17Z,,,,,,,,,,,,4469.5
2026-07-07T15:46:17Z,,,,,,,,,,,,4474.6
2026-07-07T15:46:17Z,,,,,,,,,,,,4480.7
2026-07-07T15:46:17Z,51.553688,-0.071950,18.8,1.0,1.7,99.9,10,1,3,2.78,282.0,4486.3
2026-07-07T15:46:17Z,,,,,,,,,,,,4492.3
2026-07-07T15:46:18Z,,,,,,,,,,,,4497.0
2026-07-07T15:46:18Z,,,,,,,,,,,,4500.4
2026-07-07T15:46:18Z,,,,,,,,,,,,4502.9
2026-07-07T15:46:18Z,51.553688,-0.071960,18.9,1.0,1.7,99.9,10,1,3,3.05,275.4,4504.4
2026-07-07T15:46:18Z,,,,,,,,,,,,4506.4
2026-07-07T15:46:18Z,,,,,,,,,,,,4509.2
2026-07-07T15:46:18Z,,,,,,,,,,,,4511.4
2026-07-07T15:46:18Z,,,,,,,,,,,,4513.1
2026-07-07T15:46:18Z,51.553688,-0.071970,19.0,1.0,1.7,99.9,10,1,3,2.66,274.3,4513.1
2026-07-07T15:46:18Z,,,,,,,,,,,,4512.9
2026-07-07T15:46:19Z,,,,,,,,,,,,4512.1
2026-07-07T15:46:19Z,,,,,,,,,,,,4511.3
2026-07-07T15:46:19Z,,,,,,,,,,,,4511.3
2026-07-07T15:46:19Z,51.553688,-0.071979,18.7,1.0,1.7,99.9,10,1,3,2.88,272.5,4508.7
2026-07-07T15:46:19Z,,,,,,,,,,,,4506.9
2026-07-07T15:46:19Z,,,,,,,,,,,,4507.2
2026-07-07T15:46:19Z,,,,,,,,,,,,4506.1
2026-07-07T15:46:19Z,,,,,,,,,,,,4503.6
2026-07-07T15:46:19Z,51.553688,-0.071989,18.7,1.0,1.7,99.9,10,1,3,2.93,271.1,4498.6
2026-07-07T15:46:19Z,,,,,,,,,,,,4492.2
2026-07-07T15:46:20Z,,,,,,,,,,,,4485.9
2026-07-07T15:46:20Z,,,,,,,,,,,,4480.0
2026-07-07T15:46:20Z,,,,,,,,,,,,4477.9
2026-07-07T15:46:20Z,51.553688,-0.071999,18.6,1.0,1.7,99.9,10,1,3,3.14,273.7,4479.1
2026-07-07T15:46:20Z,,,,,,,,,,,,4483.9
2026-07-07T15:46:20Z,,,,,,,,,,,,4491.5
2026-07-07T15:46:20Z,,,,,,,,,,,,4501.3
2026-07-07T15:46:20Z,,,,,,,,,,,,4513.2
2026-07-07T15:46:20Z,51.553688,-0.072008,18.6,1.0,1.7,99.9,10,1,3,2.32,283.2,4523.4
2026-07-07T15:46:20Z,,,,,,,,,,,,4533.7
2026-07-07T15:46:21Z,,,,,,,,,,,,4541.4
2026-07-07T15:46:21Z,,,,,,,,,,,,4549.1
2026-07-07T15:46:21Z,,,,,,,,,,,,4558.7
2026-07-07T15:46:21Z,51.553688,-0.072017,19.0,1.0,1.7,99.9,10,1,3,2.33,286.6,4564.9
2026-07-07T15:46:21Z,,,,,,,,,,,,4564.7
2026-07-07T15:46:21Z,,,,,,,,,,,,4561.6
2026-07-07T15:46:21Z,,,,,,,,,,,,4557.8
2026-07-07T15:46:21Z,,,,,,,,,,,,4552.5
2026-07-07T15:46:21Z,51.553688,-0.072027,19.3,1.0,1.7,99.9,10,1,3,2.79,281.0,4543.6
2026-07-07T15:46:21Z,,,,,,,,,,,,4530.9
2026-07-07T15:46:22Z,,,,,,,,,,,,4517.2
2026-07-07T15:46:22Z,,,,,,,,,,,,4501.7
2026-07-07T15:46:22Z,,,,,,,,,,,,4487.5
2026-07-07T15:46:22Z,51.553688,-0.072037,19.2,1.0,1.7,99.9,10,1,3,3.00,279.7,4472.6
2026-07-07T15:46:22Z,,,,,,,,,,,,4456.2
2026-07-07T15:46:22Z,,,,,,,,,,,,4439.9
2026-07-07T15:46:22Z,,,,,,,,,,,,4425.0
2026-07-07T15:46:22Z,,,,,,,,,,,,4411.8
2026-07-07T15:46:22Z,51.553692,-0.072049,19.2,1.0,1.7,99.9,10,1,3,3.15,274.3,4398.4
2026-07-07T15:46:22Z,,,,,,,,,,,,4383.7
2026-07-07T15:46:23Z,,,,,,,,,,,,4371.7
2026-07-07T15:46:23Z,,,,,,,,,,,,4361.1
2026-07-07T15:46:23Z,,,,,,,,,,,,4354.0
2026-07-07T15:46:23Z,51.553692,-0.072062,19.5,1.0,1.7,99.9,10,1,3,3.33,274.7,4346.5
2026-07-07T15:46:23Z,,,,,,,,,,,,4337.3
2026-07-07T15:46:23Z,,,,,,,,,,,,4328.8
2026-07-07T15:46:23Z,,,,,,,,,,,,4321.5
2026-07-07T15:46:23Z,,,,,,,,,,,,4315.7
2026-07-07T15:46:23Z,51.553688,-0.072074,19.7,1.0,1.7,99.9,10,1,3,3.38,270.8,4309.6
2026-07-07T15:46:23Z,,,,,,,,,,,,4302.1
2026-07-07T15:46:24Z,,,,,,,,,,,,4301.2
2026-07-07T15:46:24Z,,,,,,,,,,,,4307.5
2026-07-07T15:46:24Z,,,,,,,,,,,,4320.0
2026-07-07T15:46:24Z,51.553688,-0.072085,19.9,1.0,1.7,99.9,10,1,3,3.13,273.5,4338.1
2026-07-07T15:46:24Z,,,,,,,,,,,,4357.5
2026-07-07T15:46:24Z,,,,,,,,,,,,4375.1
2026-07-07T15:46:24Z,,,,,,,,,,,,4393.7
2026-07-07T15:46:24Z,,,,,,,,,,,,4415.8
2026-07-07T15:46:24Z,51.553688,-0.072096,20.1,1.0,1.7,99.9,10,1,3,2.91,273.3,4431.1
2026-07-07T15:46:24Z,,,,,,,,,,,,4439.9
2026-07-07T15:46:25Z,,,,,,,,,,,,4446.6
2026-07-07T15:46:25Z,,,,,,,,,,,,4455.2
2026-07-07T15:46:25Z,,,,,,,,,,,,4464.1
2026-07-07T15:46:25Z,51.553688,-0.072107,20.4,1.0,1.7,99.9,10,1,3,2.93,267.7,4473.3
2026-07-07T15:46:25Z,,,,,,,,,,,,4482.9
2026-07-07T15:46:25Z,,,,,,,,,,,,4492.1
2026-07-07T15:46:25Z,,,,,,,,,,,,4500.7
2026-07-07T15:46:25Z,,,,,,,,,,,,4511.3
2026-07-07T15:46:25Z,51.553688,-0.072116,20.7,1.0,1.7,99.9,10,1,3,2.46,261.7,4521.7
2026-07-07T15:46:25Z,,,,,,,,,,,,4528.4
2026-07-07T15:46:26Z,,,,,,,,,,,,4535.8
2026-07-07T15:46:26Z,,,,,,,,,,,,4542.0
2026-07-07T15:46:26Z,,,,,,,,,,,,4548.7
2026-07-07T15:46:26Z,51.553688,-0.072122,20.8,1.0,1.7,99.9,10,1,3,1.25,261.7,4564.3
2026-07-07T15:46:26Z,,,,,,,,,,,,4582.1
2026-07-07T15:46:26Z,,,,,,,,,,,,4596.3
2026-07-07T15:46:26Z,,,,,,,,,,,,4610.0
2026-07-07T15:46:26Z,,,,,,,,,,,,4624.4
2026-07-07T15:46:26Z,51.553684,-0.072126,20.9,1.0,1.7,99.9,10,1,3,1.21,261.7,4634.5
2026-07-07T15:46:26Z,,,,,,,,,,,,4641.5
2026-07-07T15:46:27Z,,,,,,,,,,,,4641.5
2026-07-07T15:46:27Z,,,,,,,,,,,,4635.8
2026-07-07T15:46:27Z,,,,,,,,,,,,4629.3
2026-07-07T15:46:27Z,51.553680,-0.072128,20.9,1.0,1.7,99.9,10,1,3,1.22,261.7,4620.7
2026-07-07T15:46:27Z,,,,,,,,,,,,4611.4
2026-07-07T15:46:27Z,,,,,,,,,,,,4600.1
2026-07-07T15:46:27Z,,,,,,,,,,,,4590.5
2026-07-07T15:46:27Z,,,,,,,,,,,,4583.9
2026-07-07T15:46:27Z,51.553680,-0.072131,21.2,1.0,1.7,99.9,10,1,3,1.36,261.7,4577.1
2026-07-07T15:46:27Z,,,,,,,,,,,,4568.9
2026-07-07T15:46:28Z,,,,,,,,,,,,4561.1
2026-07-07T15:46:28Z,,,,,,,,,,,,4553.1
2026-07-07T15:46:28Z,,,,,,,,,,,,4545.5
2026-07-07T15:46:28Z,51.553673,-0.072132,21.4,1.0,1.7,99.9,10,1,3,2.22,192.5,4535.9
2026-07-07T15:46:28Z,,,,,,,,,,,,4523.9
2026-07-07T15:46:28Z,,,,,,,,,,,,4510.5
2026-07-07T15:46:28Z,,,,,,,,,,,,4501.1
2026-07-07T15:46:28Z,,,,,,,,,,,,4494.8
2026-07-07T15:46:28Z,51.553665,-0.072133,21.6,1.0,1.7,99.9,10,1,3,2.25,191.4,4487.5
2026-07-07T15:46:28Z,,,,,,,,,,,,4480.7
2026-07-07T15:46:29Z,,,,,,,,,,,,4478.1
2026-07-07T15:46:29Z,,,,,,,,,,,,4481.0
2026-07-07T15:46:29Z,,,,,,,,,,,,4486.3
2026-07-07T15:46:29Z,51.553661,-0.072133,21.7,1.0,1.7,99.9,10,1,3,2.33,173.4,4487.5
2026-07-07T15:46:29Z,,,,,,,,,,,,4483.6
2026-07-07T15:46:29Z,,,,,,,,,,,,4480.4
2026-07-07T15:46:29Z,,,,,,,,,,,,4479.8
2026-07-07T15:46:29Z,,,,,,,,,,,,4478.9
2026-07-07T15:46:29Z,51.553654,-0.072132,22.1,1.0,1.7,99.9,10,1,3,2.58,175.5,4472.8
2026-07-07T15:46:29Z,,,,,,,,,,,,4460.6
2026-07-07T15:46:30Z,,,,,,,,,,,,4449.2
2026-07-07T15:46:30Z,,,,,,,,,,,,4438.5
2026-07-07T15:46:30Z,,,,,,,,,,,,4428.2
2026-07-07T15:46:30Z,51.553650,-0.072131,21.9,1.0,1.7,99.9,10,1,3,2.24,168.6,4415.8
2026-07-07T15:46:30Z,,,,,,,,,,,,4400.4
2026-07-07T15:46:30Z,,,,,,,,,,,,4385.8
2026-07-07T15:46:30Z,,,,,,,,,,,,4374.8
2026-07-07T15:46:30Z,,,,,,,,,,,,4365.2
2026-07-07T15:46:30Z,51.553642,-0.072128,21.7,1.0,1.7,99.9,10,1,3,2.32,163.5,4355.4
2026-07-07T15:46:30Z,,,,,,,,,,,,4345.0
2026-07-07T15:46:31Z,,,,,,,,,,,,4336.2
2026-07-07T15:46:31Z,,,,,,,,,,,,4328.6
2026-07-07T15:46:31Z,,,,,,,,,,,,4325.4
2026-07-07T15:46:31Z,51.553638,-0.072123,21.5,1.0,1.7,99.9,10,1,3,2.39,155.4,4324.4
2026-07-07T15:46:31Z,,,,,,,,,,,,4323.2
2026-07-07T15:46:31Z,,,,,,,,,,,,4323.3
2026-07-07T15:46:31Z,,,,,,,,,,,,4326.1
2026-07-07T15:46:31Z,,,,,,,,,,,,4332.1
2026-07-07T15:46:31Z,51.553631,-0.072119,21.5,1.0,1.7,99.9,10,1,3,2.69,157.8,4340.9
2026-07-07T15:46:31Z,,,,,,,,,,,,4348.2
2026-07-07T15:46:32Z,,,,,,,,,,,,4353.0
2026-07-07T15:46:32Z,,,,,,,,,,,,4359.9
2026-07-07T15:46:32Z,,,,,,,,,,,,4367.5
2026-07-07T15:46:32Z,51.553627,-0.072116,21.4,1.0,1.7,99.9,10,1,3,2.76,158.3,4377.2
2026-07-07T15:46:32Z,,,,,,,,,,,,4385.2
2026-07-07T15:46:32Z,,,,,,,,,,,,4390.3
2026-07-07T15:46:32Z,,,,,,,,,,,,4393.1
2026-07-07T15:46:32Z,,,,,,,,,,,,4395.4
2026-07-07T15:46:32Z,51.553619,-0.072113,21.2,1.0,1.7,99.9,10,1,3,3.14,163.7,4397.5
2026-07-07T15:46:32Z,,,,,,,,,,,,4398.3
2026-07-07T15:46:33Z,,,,,,,,,,,,4397.2
2026-07-07T15:46:33Z,,,,,,,,,,,,4395.5
2026-07-07T15:46:33Z,,,,,,,,,,,,4396.5
2026-07-07T15:46:33Z,51.553612,-0.072107,21.3,1.0,1.7,99.9,10,1,3,3.09,156.1,4399.1
2026-07-07T15:46:33Z,,,,,,,,,,,,4401.0
2026-07-07T15:46:33Z,,,,,,,,,,,,4401.0
2026-07-07T15:46:33Z,,,,,,,,,,,,4402.5
2026-07-07T15:46:33Z,,,,,,,,,,,,4406.2
2026-07-07T15:46:33Z,51.553604,-0.072104,21.3,1.0,1.7,99.9,10,1,3,3.32,159.7,4412.3
2026-07-07T15:46:33Z,,,,,,,,,,,,4417.8
2026-07-07T15:46:34Z,,,,,,,,,,,,4421.8
2026-07-07T15:46:34Z,,,,,,,,,,,,4427.6
2026-07-07T15:46:34Z,,,,,,,,,,,,4431.2
2026-07-07T15:46:34Z,51.553596,-0.072100,21.2,1.0,1.7,99.9,10,1,3,3.16,164.5,4430.9
2026-07-07T15:46:34Z,,,,,,,,,,,,4427.2
2026-07-07T15:46:34Z,,,,,,,,,,,,4423.3
2026-07-07T15:46:34Z,,,,,,,,,,,,4418.6
2026-07-07T15:46:34Z,,,,,,,,,,,,4410.6
2026-07-07T15:46:34Z,51.553585,-0.072099,21.2,1.0,1.7,99.9,10,1,3,3.85,173.4,4402.1
2026-07-07T15:46:34Z,,,,,,,,,,,,4393.3
2026-07-07T15:46:35Z,,,,,,,,,,,,4387.4
2026-07-07T15:46:35Z,,,,,,,,,,,,4385.3
2026-07-07T15:46:35Z,,,,,,,,,,,,4385.5
2026-07-07T15:46:35Z,51.553577,-0.072096,21.1,1.0,1.7,99.9,10,1,3,3.54,169.5,4387.5
2026-07-07T15:46:35Z,,,,,,,,,,,,4391.2
2026-07-07T15:46:35Z,,,,,,,,,,,,4397.4
2026-07-07T15:46:35Z,,,,,,,,,,,,4405.4
2026-07-07T15:46:35Z,,,,,,,,,,,,4410.6
2026-07-07T15:46:35Z,51.553570,-0.072093,21.0,1.0,1.7,99.9,10,1,3,3.89,170.5,4412.3
2026-07-07T15:46:35Z,,,,,,,,,,,,4412.0
2026-07-07T15:46:36Z,,,,,,,,,,,,4411.5
2026-07-07T15:46:36Z,,,,,,,,,,,,4411.8
2026-07-07T15:46:36Z,,,,,,,,,,,,4409.0
2026-07-07T15:46:36Z,51.553562,-0.072090,20.8,1.0,1.7,99.9,10,1,3,3.62,166.5,4402.0
2026-07-07T15:46:36Z,,,,,,,,,,,,4392.4
2026-07-07T15:46:36Z,,,,,,,,,,,,4384.2
2026-07-07T15:46:36Z,,,,,,,,,,,,4380.9
2026-07-07T15:46:36Z,,,,,,,,,,,,4381.3
2026-07-07T15:46:36Z,51.553555,-0.072080,20.0,1.1,1.7,99.9,9,1,3,3.65,146.1,4382.2
2026-07-07T15:46:36Z,,,,,,,,,,,,4383.9
2026-07-07T15:46:37Z,,,,,,,,,,,,4388.4
2026-07-07T15:46:37Z,,,,,,,,,,,,4396.0
2026-07-07T15:46:37Z,,,,,,,,,,,,4402.6
2026-07-07T15:46:37Z,51.553543,-0.072074,19.9,1.1,1.7,99.9,9,1,3,3.97,152.2,4406.5
2026-07-07T15:46:37Z,,,,,,,,,,,,4407.9
2026-07-07T15:46:37Z,,,,,,,,,,,,4406.5
2026-07-07T15:46:37Z,,,,,,,,,,,,4404.6
2026-07-07T15:46:37Z,,,,,,,,,,,,4402.9
2026-07-07T15:46:37Z,51.553535,-0.072067,19.5,1.1,1.7,99.9,9,1,3,4.16,155.4,4398.1
2026-07-07T15:46:37Z,,,,,,,,,,,,4389.5
2026-07-07T15:46:38Z,,,,,,,,,,,,4383.3
2026-07-07T15:46:38Z,,,,,,,,,,,,4378.0
2026-07-07T15:46:38Z,,,,,,,,,,,,4371.6
2026-07-07T15:46:38Z,51.553524,-0.072063,19.3,1.1,1.7,99.9,9,1,3,4.56,162.2,4363.4
2026-07-07T15:46:38Z,,,,,,,,,,,,4353.9
2026-07-07T15:46:38Z,,,,,,,,,,,,4345.3
2026-07-07T15:46:38Z,,,,,,,,,,,,4335.3
2026-07-07T15:46:38Z,,,,,,,,,,,,4325.6
2026-07-07T15:46:38Z,51.553513,-0.072059,19.1,0.9,1.7,99.9,10,1,3,4.45,160.1,4315.9
2026-07-07T15:46:38Z,,,,,,,,,,,,4305.4
2026-07-07T15:46:39Z,,,,,,,,,,,,4297.5
2026-07-07T15:46:39Z,,,,,,,,,,,,4291.0
2026-07-07T15:46:39Z,,,,,,,,,,,,4286.6
2026-07-07T15:46:39Z,51.553505,-0.072055,18.9,0.9,1.7,99.9,10,1,3,4.79,163.2,4281.7
2026-07-07T15:46:39Z,,,,,,,,,,,,4276.4
2026-07-07T15:46:39Z,,,,,,,,,,,,4272.5
2026-07-07T15:46:39Z,,,,,,,,,,,,4268.5
2026-07-07T15:46:39Z,,,,,,,,,,,,4264.4
2026-07-07T15:46:39Z,51.553493,-0.072053,18.8,0.9,1.7,99.9,10,1,3,4.56,162.1,4260.3
2026-07-07T15:46:39Z,,,,,,,,,,,,4256.4
2026-07-07T15:46:40Z,,,,,,,,,,,,4253.3
2026-07-07T15:46:40Z,,,,,,,,,,,,4251.5
2026-07-07T15:46:40Z,,,,,,,,,,,,4251.2
2026-07-07T15:46:40Z,51.553482,-0.072049,18.7,0.9,1.7,99.9,10,1,3,4.93,166.1,4249.9
2026-07-07T15:46:40Z,,,,,,,,,,,,4246.8
2026-07-07T15:46:40Z,,,,,,,,,,,,4244.4
2026-07-07T15:46:40Z,,,,,,,,,,,,4242.0
2026-07-07T15:46:40Z,,,,,,,,,,,,4238.2
2026-07-07T15:46:40Z,51.553471,-0.072046,18.6,0.9,1.7,99.9,10,1,3,4.75,162.5,4234.7
2026-07-07T15:46:40Z,,,,,,,,,,,,4230.3
2026-07-07T15:46:41Z,,,,,,,,,,,,4226.6
2026-07-07T15:46:41Z,,,,,,,,,,,,4223.7
2026-07-07T15:46:41Z,,,,,,,,,,,,4221.7
2026-07-07T15:46:41Z,51.553459,-0.072044,18.7,0.9,1.7,99.9,10,1,3,4.73,166.8,4219.8
2026-07-07T15:46:41Z,,,,,,,,,,,,4217.0
2026-07-07T15:46:41Z,,,,,,,,,,,,4214.4
2026-07-07T15:46:41Z,,,,,,,,,,,,4211.9
2026-07-07T15:46:41Z,,,,,,,,,,,,4209.2
2026-07-07T15:46:41Z,51.553448,-0.072042,18.6,0.9,1.7,99.9,10,1,3,4.52,165.2,4206.8
2026-07-07T15:46:41Z,,,,,,,,,,,,4204.4
2026-07-07T15:46:42Z,,,,,,,,,,,,4203.6
2026-07-07T15:46:42Z,,,,,,,,,,,,4204.2
2026-07-07T15:46:42Z,,,,,,,,,,,,4204.7
2026-07-07T15:46:42Z,51.553440,-0.072040,18.8,0.9,1.7,99.9,10,1,3,4.08,162.1,4205.6
2026-07-07T15:46:42Z,,,,,,,,,,,,4206.1
2026-07-07T15:46:42Z,,,,,,,,,,,,4206.5
2026-07-07T15:46:42Z,,,,,,,,,,,,4207.6
2026-07-07T15:46:42Z,,,,,,,,,,,,4207.6
2026-07-07T15:46:42Z,51.553432,-0.072040,18.3,0.9,1.7,99.9,10,1,3,2.70,169.5,4207.4
2026-07-07T15:46:42Z,,,,,,,,,,,,4207.9
2026-07-07T15:46:43Z,,,,,,,,,,,,4208.3
2026-07-07T15:46:43Z,,,,,,,,,,,,4208.9
2026-07-07T15:46:43Z,,,,,,,,,,,,4207.6
2026-07-07T15:46:43Z,51.553429,-0.072039,18.3,0.9,1.7,99.9,10,1,3,2.46,167.9,4205.5
2026-07-07T15:46:43Z,,,,,,,,,,,,4203.1
2026-07-07T15:46:43Z,,,,,,,,,,,,4200.2
2026-07-07T15:46:43Z,,,,,,,,,,,,4197.9
2026-07-07T15:46:43Z,,,,,,,,,,,,4195.0
2026-07-07T15:46:43Z,51.553421,-0.072038,18.2,0.9,1.7,99.9,10,1,3,2.18,166.1,4190.8
2026-07-07T15:46:43Z,,,,,,,,,,,,4185.5
2026-07-07T15:46:44Z,,,,,,,,,,,,4181.3
2026-07-07T15:46:44Z,,,,,,,,,,,,4177.8
2026-07-07T15:46:44Z,,,,,,,,,,,,4174.0
2026-07-07T15:46:44Z,51.553417,-0.072037,18.1,0.9,1.7,99.9,10,1,3,2.00,160.9,4169.4
2026-07-07T15:46:44Z,,,,,,,,,,,,4165.9
2026-07-07T15:46:44Z,,,,,,,,,,,,4163.3
2026-07-07T15:46:44Z,,,,,,,,,,,,4162.0
2026-07-07T15:46:44Z,,,,,,,,,,,,4160.9
2026-07-07T15:46:44Z,51.553413,-0.072036,18.0,0.9,1.7,99.9,10,1,3,1.82,160.9,4160.1
2026-07-07T15:46:44Z,,,,,,,,,,,,4159.5
2026-07-07T15:46:45Z,,,,,,,,,,,,4159.1
2026-07-07T15:46:45Z,,,,,,,,,,,,4160.8
2026-07-07T15:46:45Z,,,,,,,,,,,,4164.1
2026-07-07T15:46:45Z,51.553410,-0.072038,18.1,0.9,1.7,99.9,10,1,3,1.28,160.9,4168.7
2026-07-07T15:46:45Z,,,,,,,,,,,,4172.0
2026-07-07T15:46:45Z,,,,,,,,,,,,4175.9
2026-07-07T15:46:45Z,,,,,,,,,,,,4185.0
2026-07-07T15:46:45Z,,,,,,,,,,,,4196.9
2026-07-07T15:46:45Z,51.553410,-0.072039,18.1,0.9,1.7,99.9,10,1,3,0.00,160.9,4208.2
2026-07-07T15:46:45Z,,,,,,,,,,,,4219.8
2026-07-07T15:46:46Z,,,,,,,,,,,,4229.5
2026-07-07T15:46:46Z,,,,,,,,,,,,4241.0
2026-07-07T15:46:46Z,,,,,,,,,,,,4257.6
2026-07-07T15:46:46Z,51.553406,-0.072039,18.0,0.9,1.7,99.9,10,1,3,0.00,160.9,4273.2
2026-07-07T15:46:46Z,,,,,,,,,,,,4283.8
2026-07-07T15:46:46Z,,,,,,,,,,,,4289.3
2026-07-07T15:46:46Z,,,,,,,,,,,,4294.0
2026-07-07T15:46:46Z,,,,,,,,,,,,4298.9
2026-07-07T15:46:46Z,51.553406,-0.072040,17.9,0.9,1.7,99.9,10,1,3,0.00,160.9,4300.7
2026-07-07T15:46:46Z,,,,,,,,,,,,4299.8
2026-07-07T15:46:47Z,,,,,,,,,,,,4298.2
2026-07-07T15:46:47Z,,,,,,,,,,,,4298.5
2026-07-07T15:46:47Z,,,,,,,,,,,,4301.0
2026-07-07T15:46:47Z,51.553406,-0.072048,17.5,0.9,1.7,99.9,10,1,3,1.80,160.9,4301.9
2026-07-07T15:46:47Z,,,,,,,,,,,,4301.7
2026-07-07T15:46:47Z,,,,,,,,,,,,4302.4
2026-07-07T15:46:47Z,,,,,,,,,,,,4305.6
2026-07-07T15:46:47Z,,,,,,,,,,,,4313.7
2026-07-07T15:46:47Z,51.553406,-0.072056,17.2,0.9,1.7,99.9,10,1,3,2.11,271.8,4321.8
2026-07-07T15:46:47Z,,,,,,,,,,,,4328.5
2026-07-07T15:46:48Z,,,,,,,,,,,,4333.2
2026-07-07T15:46:48Z,,,,,,,,,,,,4337.6
2026-07-07T15:46:48Z,,,,,,,,,,,,4342.8
2026-07-07T15:46:48Z,51.553406,-0.072065,16.9,0.9,1.7,99.9,10,1,3,2.24,268.3,4346.0
2026-07-07T15:46:48Z,,,,,,,,,,,,4344.8
2026-07-07T15:46:48Z,,,,,,,,,,,,4339.9
2026-07-07T15:46:48Z,,,,,,,,,,,,4333.6
2026-07-07T15:46:48Z,,,,,,,,,,,,4329.4
2026-07-07T15:46:48Z,51.553406,-0.072075,16.6,0.9,1.7,99.9,10,1,3,2.29,270.8,4326.0
2026-07-07T15:46:48Z,,,,,,,,,,,,4321.4
2026-07-07T15:46:49Z,,,,,,,,,,,,4317.7
2026-07-07T15:46:49Z,,,,,,,,,,,,4315.8
2026-07-07T15:46:49Z,,,,,,,,,,,,4317.0
2026-07-07T15:46:49Z,51.553406,-0.072085,16.3,0.9,1.7,99.9,10,1,3,2.44,283.5,4319.9
2026-07-07T15:46:49Z,,,,,,,,,,,,4322.3
2026-07-07T15:46:49Z,,,,,,,,,,,,4324.8
2026-07-07T15:46:49Z,,,,,,,,,,,,4327.6
2026-07-07T15:46:49Z,,,,,,,,,,,,4330.6
2026-07-07T15:46:49Z,51.553410,-0.072095,16.0,0.9,1.7,99.9,10,1,3,2.97,300.8,4333.2
2026-07-07T15:46:49Z,,,,,,,,,,,,4332.9
2026-07-07T15:46:50Z,,,,,,,,,,,,4328.6
2026-07-07T15:46:50Z,,,,,,,,,,,,4323.0
2026-07-07T15:46:50Z,,,,,,,,,,,,4318.1
2026-07-07T15:46:50Z,51.553413,-0.072104,15.5,0.9,1.7,99.9,10,1,3,2.56,300.5,4313.0
2026-07-07T15:46:50Z,,,,,,,,,,,,4304.2
2026-07-07T15:46:50Z,,,,,,,,,,,,4292.5
2026-07-07T15:46:50Z,,,,,,,,,,,,4282.0
2026-07-07T15:46:50Z,,,,,,,,,,,,4273.7
2026-07-07T15:46:50Z,51.553413,-0.072113,15.1,0.9,1.7,99.9,10,1,3,2.70,295.7,4266.8
2026-07-07T15:46:50Z,,,,,,,,,,,,4261.4
2026-07-07T15:46:51Z,,,,,,,,,,,,4260.0
2026-07-07T15:46:51Z,,,,,,,,,,,,4263.6
2026-07-07T15:46:51Z,,,,,,,,,,,,4271.6
2026-07-07T15:46:51Z,51.553417,-0.072125,14.7,0.9,1.7,99.9,10,1,3,3.10,286.7,4284.9
2026-07-07T15:46:51Z,,,,,,,,,,,,4299.6
2026-07-07T15:46:51Z,,,,,,,,,,,,4313.5
2026-07-07T15:46:51Z,,,,,,,,,,,,4326.4
2026-07-07T15:46:51Z,,,,,,,,,,,,4339.8
2026-07-07T15:46:51Z,51.553413,-0.072137,14.2,0.9,1.7,99.9,10,1,3,3.09,276.5,4350.3
2026-07-07T15:46:51Z,,,,,,,,,,,,4356.8
2026-07-07T15:46:52Z,,,,,,,,,,,,4358.2
2026-07-07T15:46:52Z,,,,,,,,,,,,4357.4
2026-07-07T15:46:52Z,,,,,,,,,,,,4357.1
2026-07-07T15:46:52Z,51.553413,-0.072143,14.3,0.9,1.7,99.9,10,1,3,2.49,271.3,4358.1
2026-07-07T15:46:52Z,,,,,,,,,,,,4359.0
2026-07-07T15:46:52Z,,,,,,,,,,,,4358.6
2026-07-07T15:46:52Z,,,,,,,,,,,,4357.4
2026-07-07T15:46:52Z,,,,,,,,,,,,4357.2
2026-07-07T15:46:52Z,51.553410,-0.072154,14.0,0.9,1.7,99.9,10,1,3,2.98,266.0,4358.7
2026-07-07T15:46:52Z,,,,,,,,,,,,4357.7
2026-07-07T15:46:53Z,,,,,,,,,,,,4353.8
2026-07-07T15:46:53Z,,,,,,,,,,,,4349.5
2026-07-07T15:46:53Z,,,,,,,,,,,,4349.1
2026-07-07T15:46:53Z,51.553406,-0.072162,14.1,0.9,1.7,99.9,10,1,3,2.39,248.7,4355.1
2026-07-07T15:46:53Z,,,,,,,,,,,,4364.7
2026-07-07T15:46:53Z,,,,,,,,,,,,4374.8
2026-07-07T15:46:53Z,,,,,,,,,,,,4385.7
2026-07-07T15:46:53Z,,,,,,,,,,,,4399.3
2026-07-07T15:46:53Z,51.553402,-0.072171,13.8,0.9,1.7,99.9,10,1,3,3.01,238.9,4415.1
2026-07-07T15:46:53Z,,,,,,,,,,,,4432.6
2026-07-07T15:46:54Z,,,,,,,,,,,,4445.3
2026-07-07T15:46:54Z,,,,,,,,,,,,4458.4
2026-07-07T15:46:54Z,,,,,,,,,,,,4472.5
2026-07-07T15:46:54Z,51.553398,-0.072180,13.5,0.9,1.7,99.9,10,1,3,3.03,233.6,4489.9
2026-07-07T15:46:54Z,,,,,,,,,,,,4510.9
2026-07-07T15:46:54Z,,,,,,,,,,,,4529.8
2026-07-07T15:46:54Z,,,,,,,,,,,,4546.7
2026-07-07T15:46:54Z,,,,,,,,,,,,4565.5
2026-07-07T15:46:54Z,51.553398,-0.072196,13.1,0.9,1.7,99.9,10,1,3,3.57,265.2,4585.7
2026-07-07T15:46:54Z,,,,,,,,,,,,4605.2
2026-07-07T15:46:55Z,,,,,,,,,,,,4615.2
2026-07-07T15:46:55Z,,,,,,,,,,,,4621.5
2026-07-07T15:46:55Z,,,,,,,,,,,,4627.1
2026-07-07T15:46:55Z,51.553398,-0.072208,13.1,0.9,1.7,99.9,10,1,3,2.72,268.3,4630.4
2026-07-07T15:46:55Z,,,,,,,,,,,,4632.7
2026-07-07T15:46:55Z,,,,,,,,,,,,4631.4
2026-07-07T15:46:55Z,,,,,,,,,,,,4625.6
2026-07-07T15:46:55Z,,,,,,,,,,,,4620.7
2026-07-07T15:46:55Z,51.553402,-0.072224,12.4,0.9,1.7,99.9,10,1,3,3.74,279.0,4620.1
2026-07-07T15:46:55Z,,,,,,,,,,,,4623.0
2026-07-07T15:46:56Z,,,,,,,,,,,,4623.5
2026-07-07T15:46:56Z,,,,,,,,,,,,4621.9
2026-07-07T15:46:56Z,,,,,,,,,,,,4623.7
2026-07-07T15:46:56Z,51.553406,-0.072239,12.3,0.9,1.7,99.9,10,1,3,3.91,291.6,4627.1
2026-07-07T15:46:56Z,,,,,,,,,,,,4628.6
2026-07-07T15:46:56Z,,,,,,,,,,,,4625.9
2026-07-07T15:46:56Z,,,,,,,,,,,,4618.8
2026-07-07T15:46:56Z,,,,,,,,,,,,4610.7
2026-07-07T15:46:56Z,51.553406,-0.072253,12.0,0.9,1.7,99.9,10,1,3,3.60,286.9,4604.6
2026-07-07T15:46:56Z,,,,,,,,,,,,4596.4
2026-07-07T15:46:57Z,,,,,,,,,,,,4586.4
2026-07-07T15:46:57Z,,,,,,,,,,,,4574.5
2026-07-07T15:46:57Z,,,,,,,,,,,,4563.9
2026-07-07T15:46:57Z,51.553410,-0.072264,12.0,0.9,1.7,99.9,10,1,3,3.09,297.7,4557.3
2026-07-07T15:46:57Z,,,,,,,,,,,,4554.6
2026-07-07T15:46:57Z,,,,,,,,,,,,4556.3
2026-07-07T15:46:57Z,,,,,,,,,,,,4558.4
2026-07-07T15:46:57Z,,,,,,,,,,,,4561.4
2026-07-07T15:46:57Z,51.553410,-0.072276,11.9,0.9,1.7,99.9,10,1,3,3.09,282.7,4568.6
2026-07-07T15:46:57Z,,,,,,,,,,,,4578.8
2026-07-07T15:46:58Z,,,,,,,,,,,,4587.3
2026-07-07T15:46:58Z,,,,,,,,,,,,4592.8
2026-07-07T15:46:58Z,,,,,,,,,,,,4596.8
2026-07-07T15:46:58Z,51.553413,-0.072287,11.6,0.9,1.7,99.9,10,1,3,2.78,277.2,4601.3
2026-07-07T15:46:58Z,,,,,,,,,,,,4604.2
2026-07-07T15:46:58Z,,,,,,,,,,,,4607.1
2026-07-07T15:46:58Z,,,,,,,,,,,,4605.9
2026-07-07T15:46:58Z,,,,,,,,,,,,4601.4
2026-07-07T15:46:58Z,51.553413,-0.072299,11.4,0.9,1.7,99.9,10,1,3,3.09,278.8,4598.4
2026-07-07T15:46:58Z,,,,,,,,,,,,4595.3
2026-07-07T15:46:59Z,,,,,,,,,,,,4593.3
2026-07-07T15:46:59Z,,,,,,,,,,,,4589.7
2026-07-07T15:46:59Z,,,,,,,,,,,,4586.8
2026-07-07T15:46:59Z,51.553413,-0.072309,11.3,0.9,1.7,99.9,10,1,3,2.41,282.0,4586.8
2026-07-07T15:46:59Z,,,,,,,,,,,,4587.0
2026-07-07T15:46:59Z,,,,,,,,,,,,4586.4
2026-07-07T15:46:59Z,,,,,,,,,,,,4581.5
2026-07-07T15:46:59Z,,,,,,,,,,,,4573.3
2026-07-07T15:46:59Z,51.553413,-0.072318,10.9,0.9,1.7,99.9,10,1,3,2.18,274.4,4568.1
2026-07-07T15:46:59Z,,,,,,,,,,,,4563.4
2026-07-07T15:47:00Z,,,,,,,,,,,,4556.7
2026-07-07T15:47:00Z,,,,,,,,,,,,4545.8
2026-07-07T15:47:00Z,,,,,,,,,,,,4533.7
2026-07-07T15:47:00Z,51.553413,-0.072328,10.5,0.9,1.7,99.9,10,1,3,2.57,274.3,4521.2
2026-07-07T15:47:00Z,,,,,,,,,,,,4508.8
2026-07-07T15:47:00Z,,,,,,,,,,,,4499.2
2026-07-07T15:47:00Z,,,,,,,,,,,,4489.2
2026-07-07T15:47:00Z,,,,,,,,,,,,4479.2
2026-07-07T15:47:00Z,51.553413,-0.072339,10.3,0.9,1.7,99.9,10,1,3,2.79,269.6,4473.9
2026-07-07T15:47:00Z,,,,,,,,,,,,4472.2
2026-07-07T15:47:01Z,,,,,,,,,,,,4472.7
2026-07-07T15:47:01Z,,,,,,,,,,,,4471.2
2026-07-07T15:47:01Z,,,,,,,,,,,,4468.6
2026-07-07T15:47:01Z,51.553413,-0.072349,10.0,0.9,1.7,99.9,10,1,3,2.29,283.0,4466.9
2026-07-07T15:47:01Z,,,,,,,,,,,,4466.0
2026-07-07T15:47:01Z,,,,,,,,,,,,4463.1
2026-07-07T15:47:01Z,,,,,,,,,,,,4456.3
2026-07-07T15:47:01Z,,,,,,,,,,,,4447.2
2026-07-07T15:47:01Z,51.553413,-0.072349,9.4,1.1,1.7,99.9,9,1,3,0.53,283.0,4438.7
2026-07-07T15:47:01Z,,,,,,,,,,,,4431.2
2026-07-07T15:47:02Z,,,,,,,,,,,,4425.7
2026-07-07T15:47:02Z,,,,,,,,,,,,4422.2
2026-07-07T15:47:02Z,,,,,,,,,,,,4422.8
2026-07-07T15:47:02Z,51.553417,-0.072352,8.9,1.1,1.7,99.9,9,1,3,0.68,283.0,4428.6
2026-07-07T15:47:02Z,,,,,,,,,,,,4439.6
2026-07-07T15:47:02Z,,,,,,,,,,,,4453.4
2026-07-07T15:47:02Z,,,,,,,,,,,,4466.4
2026-07-07T15:47:02Z,,,,,,,,,,,,4477.8
2026-07-07T15:47:02Z,51.553413,-0.072356,8.5,1.1,1.7,99.9,9,1,3,0.90,283.0,4489.3
2026-07-07T15:47:02Z,,,,,,,,,,,,4502.4
2026-07-07T15:47:03Z,,,,,,,,,,,,4511.9
2026-07-07T15:47:03Z,,,,,,,,,,,,4518.6
2026-07-07T15:47:03Z,,,,,,,,,,,,4521.9
2026-07-07T15:47:03Z,51.553417,-0.072366,8.6,1.1,1.7,99.9,9,1,3,1.92,283.0,4523.9
2026-07-07T15:47:03Z,,,,,,,,,,,,4526.9
2026-07-07T15:47:03Z,,,,,,,,,,,,4531.3
2026-07-07T15:47:03Z,,,,,,,,,,,,4536.4
2026-07-07T15:47:03Z,,,,,,,,,,,,4540.5
2026-07-07T15:47:03Z,51.553417,-0.072372,7.9,1.1,1.7,99.9,9,1,3,1.57,283.0,4543.9
2026-07-07T15:47:03Z,,,,,,,,,,,,4549.2
2026-07-07T15:47:04Z,,,,,,,,,,,,4554.3
2026-07-07T15:47:04Z,,,,,,,,,,,,4559.6
2026-07-07T15:47:04Z,,,,,,,,,,,,4562.6
2026-07-07T15:47:04Z,51.553417,-0.072378,7.2,1.1,1.7,99.9,9,1,3,1.50,283.0,4564.0
2026-07-07T15:47:04Z,,,,,,,,,,,,4567.0
2026-07-07T15:47:04Z,,,,,,,,,,,,4570.8
2026-07-07T15:47:04Z,,,,,,,,,,,,4573.6
2026-07-07T15:47:04Z,,,,,,,,,,,,4571.6
2026-07-07T15:47:04Z,51.553413,-0.072382,6.5,1.1,1.7,99.9,9,1,3,1.34,283.0,4567.7
2026-07-07T15:47:04Z,,,,,,,,,,,,4564.7
2026-07-07T15:47:05Z,,,,,,,,,,,,4562.7
2026-07-07T15:47:05Z,,,,,,,,,,,,4559.2
2026-07-07T15:47:05Z,,,,,,,,,,,,4552.5
2026-07-07T15:47:05Z,51.553413,-0.072392,5.9,1.1,1.7,99.9,9,1,3,1.68,283.0,4546.1
2026-07-07T15:47:05Z,,,,,,,,,,,,4543.1
2026-07-07T15:47:05Z,,,,,,,,,,,,4543.8
2026-07-07T15:47:05Z,,,,,,,,,,,,4546.4
2026-07-07T15:47:05Z,,,,,,,,,,,,4546.9
2026-07-07T15:47:05Z,51.553417,-0.072408,5.6,1.1,1.7,99.9,9,1,3,2.45,284.5,4546.5
2026-07-07T15:47:05Z,,,,,,,,,,,,4548.9
2026-07-07T15:47:06Z,,,,,,,,,,,,4552.1
2026-07-07T15:47:06Z,,,,,,,,,,,,4555.4
2026-07-07T15:47:06Z,,,,,,,,,,,,4554.5
2026-07-07T15:47:06Z,51.553421,-0.072422,5.4,1.1,1.7,99.9,9,1,3,2.89,286.8,4552.5
2026-07-07T15:47:06Z,,,,,,,,,,,,4553.4
2026-07-07T15:47:06Z,,,,,,,,,,,,4554.3
2026-07-07T15:47:06Z,,,,,,,,,,,,4556.9
2026-07-07T15:47:06Z,,,,,,,,,,,,4558.3
2026-07-07T15:47:06Z,51.553421,-0.072430,5.2,1.1,1.7,99.9,9,1,3,2.40,287.3,4559.8
2026-07-07T15:47:06Z,,,,,,,,,,,,4564.0
2026-07-07T15:47:07Z,,,,,,,,,,,,4566.8
2026-07-07T15:47:07Z,,,,,,,,,,,,4568.6
2026-07-07T15:47:07Z,,,,,,,,,,,,4568.3
2026-07-07T15:47:07Z,51.553425,-0.072444,5.0,1.1,1.7,99.9,9,1,3,2.95,283.8,4566.2
2026-07-07T15:47:07Z,,,,,,,,,,,,4563.0
2026-07-07T15:47:07Z,,,,,,,,,,,,4559.4
2026-07-07T15:47:07Z,,,,,,,,,,,,4558.0
2026-07-07T15:47:07Z,,,,,,,,,,,,4556.9
2026-07-07T15:47:07Z,51.553429,-0.072459,3.7,1.1,1.7,99.9,9,1,3,3.36,285.9,4558.7
2026-07-07T15:47:07Z,,,,,,,,,,,,4566.3
2026-07-07T15:47:08Z,,,,,,,,,,,,4578.6
2026-07-07T15:47:08Z,,,,,,,,,,,,4597.0
2026-07-07T15:47:08Z,,,,,,,,,,,,4613.8
2026-07-07T15:47:08Z,51.553429,-0.072472,3.2,1.1,1.7,99.9,9,1,3,3.33,280.1,4629.2
2026-07-07T15:47:08Z,,,,,,,,,,,,4647.4
2026-07-07T15:47:08Z,,,,,,,,,,,,4663.5
2026-07-07T15:47:08Z,,,,,,,,,,,,4674.4
2026-07-07T15:47:08Z,,,,,,,,,,,,4678.8
2026-07-07T15:47:08Z,51.553432,-0.072484,2.7,1.1,1.7,99.9,9,1,3,3.06,287.1,4678.5
2026-07-07T15:47:08Z,,,,,,,,,,,,4677.1
2026-07-07T15:47:09Z,,,,,,,,,,,,4674.6
2026-07-07T15:47:09Z,,,,,,,,,,,,4672.6
2026-07-07T15:47:09Z,,,,,,,,,,,,4666.9
2026-07-07T15:47:09Z,51.553432,-0.072497,2.2,1.1,1.7,99.9,9,1,3,3.22,282.3,4659.3
2026-07-07T15:47:09Z,,,,,,,,,,,,4654.7
2026-07-07T15:47:09Z,,,,,,,,,,,,4651.1
2026-07-07T15:47:09Z,,,,,,,,,,,,4648.5
2026-07-07T15:47:09Z,,,,,,,,,,,,4645.8
2026-07-07T15:47:09Z,51.553429,-0.072507,2.4,1.1,1.7,99.9,9,1,3,2.73,275.5,4644.8
2026-07-07T15:47:09Z,,,,,,,,,,,,4646.4
2026-07-07T15:47:10Z,,,,,,,,,,,,4649.1
2026-07-07T15:47:10Z,,,,,,,,,,,,4654.3
2026-07-07T15:47:10Z,,,,,,,,,,,,4657.9
2026-07-07T15:47:10Z,51.553429,-0.072519,2.2,1.1,1.7,99.9,9,1,3,3.00,275.4,4658.3
2026-07-07T15:47:10Z,,,,,,,,,,,,4658.7
2026-07-07T15:47:10Z,,,,,,,,,,,,4658.2
2026-07-07T15:47:10Z,,,,,,,,,,,,4657.0
2026-07-07T15:47:10Z,,,,,,,,,,,,4652.9
2026-07-07T15:47:10Z,51.553432,-0.072532,1.9,1.1,1.7,99.9,9,1,3,3.31,283.3,4645.8
2026-07-07T15:47:10Z,,,,,,,,,,,,4639.7
2026-07-07T15:47:11Z,,,,,,,,,,,,4636.3
2026-07-07T15:47:11Z,,,,,,,,,,,,4634.5
2026-07-07T15:47:11Z,,,,,,,,,,,,4631.6
2026-07-07T15:47:11Z,51.553429,-0.072540,2.1,1.1,1.7,99.9,9,1,3,2.66,264.4,4626.7
2026-07-07T15:47:11Z,,,,,,,,,,,,4622.3
2026-07-07T15:47:11Z,,,,,,,,,,,,4619.7
2026-07-07T15:47:11Z,,,,,,,,,,,,4619.8
2026-07-07T15:47:11Z,,,,,,,,,,,,4620.2
2026-07-07T15:47:11Z,51.553425,-0.072549,2.2,1.1,1.7,99.9,9,1,3,1.91,264.4,4620.1
2026-07-07T15:47:11Z,,,,,,,,,,,,4622.3
2026-07-07T15:47:12Z,,,,,,,,,,,,4626.3
2026-07-07T15:47:12Z,,,,,,,,,,,,4633.5
2026-07-07T15:47:12Z,,,,,,,,,,,,4642.1
2026-07-07T15:47:12Z,51.553425,-0.072553,2.5,1.1,1.7,99.9,9,1,3,1.20,264.4,4650.9
2026-07-07T15:47:12Z,,,,,,,,,,,,4662.2
2026-07-07T15:47:12Z,,,,,,,,,,,,4674.4
2026-07-07T15:47:12Z,,,,,,,,,,,,4686.9
2026-07-07T15:47:12Z,,,,,,,,,,,,4698.2
2026-07-07T15:47:12Z,51.553421,-0.072561,3.1,1.1,1.7,99.9,9,1,3,1.87,264.4,4707.1
2026-07-07T15:47:12Z,,,,,,,,,,,,4715.3
2026-07-07T15:47:13Z,,,,,,,,,,,,4719.9
2026-07-07T15:47:13Z,,,,,,,,,,,,4721.7
2026-07-07T15:47:13Z,,,,,,,,,,,,4720.5
2026-07-07T15:47:13Z,51.553425,-0.072576,2.8,1.1,1.7,99.9,9,1,3,2.96,280.8,4717.9
2026-07-07T15:47:13Z,,,,,,,,,,,,4715.9
2026-07-07T15:47:13Z,,,,,,,,,,,,4713.0
2026-07-07T15:47:13Z,,,,,,,,,,,,4708.6
2026-07-07T15:47:13Z,,,,,,,,,,,,4703.6
2026-07-07T15:47:13Z,51.553425,-0.072587,3.2,1.1,1.7,99.9,9,1,3,2.80,281.5,4698.1
2026-07-07T15:47:13Z,,,,,,,,,,,,4690.9
2026-07-07T15:47:14Z,,,,,,,,,,,,4681.6
2026-07-07T15:47:14Z,,,,,,,,,,,,4669.0
2026-07-07T15:47:14Z,,,,,,,,,,,,4656.2
2026-07-07T15:47:14Z,51.553429,-0.072598,3.3,1.1,1.7,99.9,9,1,3,2.84,283.8,4642.5
2026-07-07T15:47:14Z,,,,,,,,,,,,4628.9
2026-07-07T15:47:14Z,,,,,,,,,,,,4614.4
2026-07-07T15:47:14Z,,,,,,,,,,,,4598.0
2026-07-07T15:47:14Z,,,,,,,,,,,,4581.5
2026-07-07T15:47:14Z,51.553429,-0.072611,3.5,1.1,1.7,99.9,9,1,3,2.95,287.5,4567.1
2026-07-07T15:47:14Z,,,,,,,,,,,,4552.9
2026-07-07T15:47:15Z,,,,,,,,,,,,4538.5
2026-07-07T15:47:15Z,,,,,,,,,,,,4527.2
2026-07-07T15:47:15Z,,,,,,,,,,,,4521.3
2026-07-07T15:47:15Z,51.553432,-0.072623,3.6,1.1,1.7,99.9,9,1,3,2.93,278.1,4521.0
2026-07-07T15:47:15Z,,,,,,,,,,,,4527.4
2026-07-07T15:47:15Z,,,,,,,,,,,,4539.4
2026-07-07T15:47:15Z,,,,,,,,,,,,4553.7
2026-07-07T15:47:15Z,,,,,,,,,,,,4570.9
2026-07-07T15:47:15Z,51.553432,-0.072636,3.8,1.1,1.7,99.9,9,1,3,3.04,266.0,4587.8
2026-07-07T15:47:15Z,,,,,,,,,,,,4604.1
2026-07-07T15:47:16Z,,,,,,,,,,,,4616.1
2026-07-07T15:47:16Z,,,,,,,,,,,,4624.4
2026-07-07T15:47:16Z,,,,,,,,,,,,4628.5
2026-07-07T15:47:16Z,51.553432,-0.072648,3.8,1.1,1.7,99.9,9,1,3,2.76,276.4,4628.4
2026-07-07T15:47:16Z,,,,,,,,,,,,4626.3
2026-07-07T15:47:16Z,,,,,,,,,,,,4622.7
2026-07-07T15:47:16Z,,,,,,,,,,,,4617.2
2026-07-07T15:47:16Z,,,,,,,,,,,,4610.8
2026-07-07T15:47:16Z,51.553432,-0.072656,3.9,1.1,1.7,99.9,9,1,3,2.12,281.7,4606.6
2026-07-07T15:47:16Z,,,,,,,,,,,,4605.6
2026-07-07T15:47:17Z,,,,,,,,,,,,4605.9
2026-07-07T15:47:17Z,,,,,,,,,,,,4607.2
2026-07-07T15:47:17Z,,,,,,,,,,,,4609.8
2026-07-07T15:47:17Z,51.553436,-0.072666,3.9,1.1,1.7,99.9,9,1,3,2.30,290.4,4614.3
2026-07-07T15:47:17Z,,,,,,,,,,,,4620.8
2026-07-07T15:47:17Z,,,,,,,,,,,,4629.3
2026-07-07T15:47:17Z,,,,,,,,,,,,4635.5
2026-07-07T15:47:17Z,,,,,,,,,,,,4638.8
2026-07-07T15:47:17Z,51.553436,-0.072675,3.3,1.1,1.7,99.9,9,1,3,2.72,299.4,4639.9
2026-07-07T15:47:17Z,,,,,,,,,,,,4640.9
2026-07-07T15:47:18Z,,,,,,,,,,,,4641.4
2026-07-07T15:47:18Z,,,,,,,,,,,,4638.0
2026-07-07T15:47:18Z,,,,,,,,,,,,4632.0
2026-07-07T15:47:18Z,51.553440,-0.072686,3.2,1.1,1.7,99.9,9,1,3,2.87,304.3,4624.5
2026-07-07T15:47:18Z,,,,,,,,,,,,4616.7
2026-07-07T15:47:18Z,,,,,,,,,,,,4611.0
2026-07-07T15:47:18Z,,,,,,,,,,,,4606.5
2026-07-07T15:47:18Z,,,,,,,,,,,,4600.7
2026-07-07T15:47:18Z,51.553444,-0.072692,3.1,1.1,1.7,99.9,9,1,3,1.95,301.5,4595.0
2026-07-07T15:47:18Z,,,,,,,,,,,,4591.9
2026-07-07T15:47:19Z,,,,,,,,,,,,4590.1
2026-07-07T15:47:19Z,,,,,,,,,,,,4587.4
2026-07-07T15:47:19Z,,,,,,,,,,,,4582.2
2026-07-07T15:47:19Z,51.553444,-0.072693,3.3,1.1,1.7,99.9,9,1,3,0.00,301.5,4574.5
2026-07-07T15:47:19Z,,,,,,,,,,,,4567.8
2026-07-07T15:47:19Z,,,,,,,,,,,,4562.3
2026-07-07T15:47:19Z,,,,,,,,,,,,4556.5
2026-07-07T15:47:19Z,,,,,,,,,,,,4548.7
2026-07-07T15:47:19Z,51.553444,-0.072694,3.3,1.1,1.7,99.9,9,1,3,0.00,301.5,4539.6
2026-07-07T15:47:19Z,,,,,,,,,,,,4530.1
2026-07-07T15:47:20Z,,,,,,,,,,,,4522.6
2026-07-07T15:47:20Z,,,,,,,,,,,,4517.2
2026-07-07T15:47:20Z,,,,,,,,,,,,4510.7
2026-07-07T15:47:20Z,51.553444,-0.072695,3.4,1.1,1.7,99.9,9,1,3,0.00,301.5,4501.9
2026-07-07T15:47:20Z,,,,,,,,,,,,4494.5
2026-07-07T15:47:20Z,,,,,,,,,,,,4488.6
2026-07-07T15:47:20Z,,,,,,,,,,,,4482.6
2026-07-07T15:47:20Z,,,,,,,,,,,,4474.4
2026-07-07T15:47:20Z,51.553440,-0.072703,3.3,1.1,1.7,99.9,9,1,3,2.12,253.6,4464.2
2026-07-07T15:47:20Z,,,,,,,,,,,,4453.8
2026-07-07T15:47:21Z,,,,,,,,,,,,4444.8
2026-07-07T15:47:21Z,,,,,,,,,,,,4436.3
2026-07-07T15:47:21Z,,,,,,,,,,,,4428.2
2026-07-07T15:47:21Z,51.553436,-0.072711,3.5,1.1,1.7,99.9,9,1,3,2.35,261.8,4418.7
2026-07-07T15:47:21Z,,,,,,,,,,,,4409.5
2026-07-07T15:47:21Z,,,,,,,,,,,,4402.0
2026-07-07T15:47:21Z,,,,,,,,,,,,4395.2
2026-07-07T15:47:21Z,,,,,,,,,,,,4390.1
2026-07-07T15:47:21Z,51.553432,-0.072720,3.4,1.1,1.7,99.9,9,1,3,2.99,230.6,4387.2
2026-07-07T15:47:21Z,,,,,,,,,,,,4388.2
2026-07-07T15:47:22Z,,,,,,,,,,,,4395.2
2026-07-07T15:47:22Z,,,,,,,,,,,,4409.7
2026-07-07T15:47:22Z,,,,,,,,,,,,4430.7
2026-07-07T15:47:22Z,51.553429,-0.072730,3.7,1.1,1.7,99.9,9,1,3,3.05,233.8,4454.6
2026-07-07T15:47:22Z,,,,,,,,,,,,4478.4
2026-07-07T15:47:22Z,,,,,,,,,,,,4500.6
2026-07-07T15:47:22Z,,,,,,,,,,,,4519.2
2026-07-07T15:47:22Z,,,,,,,,,,,,4537.2
2026-07-07T15:47:22Z,51.553425,-0.072740,3.7,1.1,1.7,99.9,9,1,3,2.99,232.2,4550.9
2026-07-07T15:47:22Z,,,,,,,,,,,,4559.6
2026-07-07T15:47:23Z,,,,,,,,,,,,4564.7
2026-07-07T15:47:23Z,,,,,,,,,,,,4566.3
2026-07-07T15:47:23Z,,,,,,,,,,,,4563.0
2026-07-07T15:47:23Z,51.553421,-0.072745,3.6,1.1,1.7,99.9,9,1,3,1.64,232.2,4556.4
2026-07-07T15:47:23Z,,,,,,,,,,,,4547.8
2026-07-07T15:47:23Z,,,,,,,,,,,,4538.7
2026-07-07T15:47:23Z,,,,,,,,,,,,4529.6
2026-07-07T15:47:23Z,,,,,,,,,,,,4519.1
2026-07-07T15:47:23Z,51.553413,-0.072747,3.5,1.1,1.7,99.9,9,1,3,1.85,232.2,4508.5
2026-07-07T15:47:23Z,,,,,,,,,,,,4498.2
2026-07-07T15:47:24Z,,,,,,,,,,,,4490.2
2026-07-07T15:47:24Z,,,,,,,,,,,,4482.8
2026-07-07T15:47:24Z,,,,,,,,,,,,4476.5
2026-07-07T15:47:24Z,51.553410,-0.072748,3.5,1.1,1.7,99.9,9,1,3,1.41,232.2,4469.9
2026-07-07T15:47:24Z,,,,,,,,,,,,4460.9
2026-07-07T15:47:24Z,,,,,,,,,,,,4453.7
2026-07-07T15:47:24Z,,,,,,,,,,,,4450.3
2026-07-07T15:47:24Z,,,,,,,,,,,,4446.8
2026-07-07T15:47:24Z,51.553406,-0.072750,3.3,1.1,1.7,99.9,9,1,3,1.68,232.2,4442.7
2026-07-07T15:47:24Z,,,,,,,,,,,,4438.4
2026-07-07T15:47:25Z,,,,,,,,,,,,4435.0
2026-07-07T15:47:25Z,,,,,,,,,,,,4433.6
2026-07-07T15:47:25Z,,,,,,,,,,,,4434.2
2026-07-07T15:47:25Z,51.553402,-0.072752,3.3,1.1,1.7,99.9,9,1,3,2.11,207.6,4435.0
2026-07-07T15:47:25Z,,,,,,,,,,,,4435.5
2026-07-07T15:47:25Z,,,,,,,,,,,,4436.8
2026-07-07T15:47:25Z,,,,,,,,,,,,4438.4
2026-07-07T15:47:25Z,,,,,,,,,,,,4438.6
2026-07-07T15:47:25Z,51.553394,-0.072758,3.4,1.1,1.7,99.9,9,1,3,3.16,213.1,4440.9
2026-07-07T15:47:25Z,,,,,,,,,,,,4442.9
2026-07-07T15:47:26Z,,,,,,,,,,,,4444.1
2026-07-07T15:47:26Z,,,,,,,,,,,,4447.4
2026-07-07T15:47:26Z,,,,,,,,,,,,4454.7
2026-07-07T15:47:26Z,51.553391,-0.072764,2.3,1.1,1.7,99.9,9,1,3,2.67,210.0,4463.4
2026-07-07T15:47:26Z,,,,,,,,,,,,4472.9
2026-07-07T15:47:26Z,,,,,,,,,,,,4481.3
2026-07-07T15:47:26Z,,,,,,,,,,,,4489.2
2026-07-07T15:47:26Z,,,,,,,,,,,,4496.3
2026-07-07T15:47:26Z,51.553383,-0.072770,2.5,1.1,1.7,99.9,9,1,3,2.32,217.2,4500.5
2026-07-07T15:47:26Z,,,,,,,,,,,,4501.8
2026-07-07T15:47:27Z,,,,,,,,,,,,4501.2
2026-07-07T15:47:27Z,,,,,,,,,,,,4499.6
2026-07-07T15:47:27Z,,,,,,,,,,,,4497.9
2026-07-07T15:47:27Z,51.553379,-0.072777,2.7,1.1,1.7,99.9,9,1,3,2.74,237.0,4495.4
2026-07-07T15:47:27Z,,,,,,,,,,,,4492.5
2026-07-07T15:47:27Z,,,,,,,,,,,,4489.2
2026-07-07T15:47:27Z,,,,,,,,,,,,4488.2
2026-07-07T15:47:27Z,,,,,,,,,,,,4488.9
2026-07-07T15:47:27Z,51.553375,-0.072784,2.7,1.1,1.7,99.9,9,1,3,1.67,237.0,4488.8
2026-07-07T15:47:27Z,,,,,,,,,,,,4485.9
2026-07-07T15:47:28Z,,,,,,,,,,,,4481.7
2026-07-07T15:47:28Z,,,,,,,,,,,,4478.0
2026-07-07T15:47:28Z,,,,,,,,,,,,4473.7
2026-07-07T15:47:28Z,51.553371,-0.072789,2.5,1.1,1.7,99.9,9,1,3,1.63,237.0,4467.3
2026-07-07T15:47:28Z,,,,,,,,,,,,4460.8
2026-07-07T15:47:28Z,,,,,,,,,,,,4455.0
2026-07-07T15:47:28Z,,,,,,,,,,,,4452.3
2026-07-07T15:47:28Z,,,,,,,,,,,,4456.0
2026-07-07T15:47:28Z,51.553368,-0.072794,2.5,1.1,1.7,99.9,9,1,3,1.61,237.0,4465.6
2026-07-07T15:47:28Z,,,,,,,,,,,,4477.3
2026-07-07T15:47:29Z,,,,,,,,,,,,4488.8
2026-07-07T15:47:29Z,,,,,,,,,,,,4502.1
2026-07-07T15:47:29Z,,,,,,,,,,,,4512.7
2026-07-07T15:47:29Z,51.553368,-0.072799,2.4,1.1,1.7,99.9,9,1,3,1.02,237.0,4519.8
2026-07-07T15:47:29Z,,,,,,,,,,,,4523.8
2026-07-07T15:47:29Z,,,,,,,,,,,,4524.1
2026-07-07T15:47:29Z,,,,,,,,,,,,4522.3
2026-07-07T15:47:29Z,,,,,,,,,,,,4519.4
2026-07-07T15:47:29Z,51.553364,-0.072803,2.6,1.1,1.7,99.9,9,1,3,1.21,237.0,4515.0
2026-07-07T15:47:29Z,,,,,,,,,,,,4508.4
2026-07-07T15:47:30Z,,,,,,,,,,,,4500.7
2026-07-07T15:47:30Z,,,,,,,,,,,,4491.1
2026-07-07T15:47:30Z,,,,,,,,,,,,4482.4
2026-07-07T15:47:30Z,51.553368,-0.072808,2.7,1.1,1.7,99.9,9,1,3,1.42,237.0,4473.1
2026-07-07T15:47:30Z,,,,,,,,,,,,4462.9
2026-07-07T15:47:30Z,,,,,,,,,,,,4451.3
2026-07-07T15:47:30Z,,,,,,,,,,,,4440.4
2026-07-07T15:47:30Z,,,,,,,,,,,,4430.3
2026-07-07T15:47:30Z,51.553368,-0.072812,3.7,1.1,1.7,99.9,9,1,3,1.32,237.0,4421.4
2026-07-07T15:47:30Z,,,,,,,,,,,,4412.5
2026-07-07T15:47:31Z,,,,,,,,,,,,4404.2
2026-07-07T15:47:31Z,,,,,,,,,,,,4394.7
2026-07-07T15:47:31Z,,,,,,,,,,,,4386.4
2026-07-07T15:47:31Z,51.553368,-0.072816,3.8,1.1,1.7,99.9,9,1,3,1.31,237.0,4378.6
2026-07-07T15:47:31Z,,,,,,,,,,,,4371.2
2026-07-07T15:47:31Z,,,,,,,,,,,,4363.4
2026-07-07T15:47:31Z,,,,,,,,,,,,4357.0
2026-07-07T15:47:31Z,,,,,,,,,,,,4353.0
2026-07-07T15:47:31Z,51.553368,-0.072821,3.9,1.1,1.7,99.9,9,1,3,1.63,237.0,4352.3
2026-07-07T15:47:31Z,,,,,,,,,,,,4354.3
2026-07-07T15:47:32Z,,,,,,,,,,,,4356.9
2026-07-07T15:47:32Z,,,,,,,,,,,,4361.0
2026-07-07T15:47:32Z,,,,,,,,,,,,4367.0
2026-07-07T15:47:32Z,51.553371,-0.072826,3.9,1.1,1.7,99.9,9,1,3,1.58,237.0,4373.6
2026-07-07T15:47:32Z,,,,,,,,,,,,4379.3
2026-07-07T15:47:32Z,,,,,,,,,,,,4383.5
2026-07-07T15:47:32Z,,,,,,,,,,,,4385.8
2026-07-07T15:47:32Z,,,,,,,,,,,,4387.9
2026-07-07T15:47:32Z,51.553371,-0.072831,3.9,1.1,1.7,99.9,9,1,3,1.62,237.0,4388.8
2026-07-07T15:47:32Z,,,,,,,,,,,,4387.3
2026-07-07T15:47:33Z,,,,,,,,,,,,4385.0
2026-07-07T15:47:33Z,,,,,,,,,,,,4382.4
2026-07-07T15:47:33Z,,,,,,,,,,,,4381.0
2026-07-07T15:47:33Z,51.553371,-0.072832,4.0,1.1,1.7,99.9,9,1,3,0.00,237.0,4381.0
2026-07-07T15:47:33Z,,,,,,,,,,,,4383.0
2026-07-07T15:47:33Z,,,,,,,,,,,,4387.5
2026-07-07T15:47:33Z,,,,,,,,,,,,4393.1
2026-07-07T15:47:33Z,,,,,,,,,,,,4400.5
2026-07-07T15:47:33Z,51.553368,-0.072831,4.1,1.1,1.7,99.9,9,1,3,0.00,237.0,4409.4
2026-07-07T15:47:33Z,,,,,,,,,,,,4418.1
2026-07-07T15:47:34Z,,,,,,,,,,,,4425.4
2026-07-07T15:47:34Z,,,,,,,,,,,,4433.4
2026-07-07T15:47:34Z,,,,,,,,,,,,4440.4
2026-07-07T15:47:34Z,51.553368,-0.072832,4.2,1.1,1.7,99.9,9,1,3,0.00,237.0,4447.2
2026-07-07T15:47:34Z,,,,,,,,,,,,4453.8
2026-07-07T15:47:34Z,,,,,,,,,,,,4461.1
2026-07-07T15:47:34Z,,,,,,,,,,,,4465.8
2026-07-07T15:47:34Z,,,,,,,,,,,,4467.4
2026-07-07T15:47:34Z,51.553368,-0.072832,4.2,1.1,1.7,99.9,9,1,3,0.00,237.0,4468.7
2026-07-07T15:47:34Z,,,,,,,,,,,,4467.5
2026-07-07T15:47:35Z,,,,,,,,,,,,4465.3
2026-07-07T15:47:35Z,,,,,,,,,,,,4463.0
2026-07-07T15:47:35Z,,,,,,,,,,,,4461.6
2026-07-07T15:47:35Z,51.553368,-0.072833,4.2,1.1,1.7,99.9,9,1,3,0.00,237.0,4462.9
2026-07-07T15:47:35Z,,,,,,,,,,,,4465.0
2026-07-07T15:47:35Z,,,,,,,,,,,,4467.6
2026-07-07T15:47:35Z,,,,,,,,,,,,4469.2
2026-07-07T15:47:35Z,,,,,,,,,,,,4469.3
2026-07-07T15:47:35Z,51.553364,-0.072833,4.2,1.1,1.7,99.9,9,1,3,0.00,237.0,4469.5
2026-07-07T15:47:35Z,,,,,,,,,,,,4468.8
2026-07-07T15:47:36Z,,,,,,,,,,,,4464.8
2026-07-07T15:47:36Z,,,,,,,,,,,,4459.7
2026-07-07T15:47:36Z,,,,,,,,,,,,4454.1
2026-07-07T15:47:36Z,51.553364,-0.072834,4.2,1.1,1.7,99.9,9,1,3,0.00,237.0,4449.3
2026-07-07T15:47:36Z,,,,,,,,,,,,4446.0
2026-07-07T15:47:36Z,,,,,,,,,,,,4444.5
2026-07-07T15:47:36Z,,,,,,,,,,,,4446.1
2026-07-07T15:47:36Z,,,,,,,,,,,,4451.1
2026-07-07T15:47:36Z,51.553364,-0.072834,4.3,1.1,1.7,99.9,9,1,3,0.00,237.0,4459.7
2026-07-07T15:47:36Z,,,,,,,,,,,,4469.3
2026-07-07T15:47:37Z,,,,,,,,,,,,4477.4
2026-07-07T15:47:37Z,,,,,,,,,,,,4488.6
2026-07-07T15:47:37Z,,,,,,,,,,,,4499.8
2026-07-07T15:47:37Z,51.553364,-0.072835,4.4,1.1,1.7,99.9,9,1,3,0.00,237.0,4507.6
2026-07-07T15:47:37Z,,,,,,,,,,,,4509.8
2026-07-07T15:47:37Z,,,,,,,,,,,,4508.0
2026-07-07T15:47:37Z,,,,,,,,,,,,4509.1
2026-07-07T15:47:37Z,,,,,,,,,,,,4512.5
2026-07-07T15:47:37Z,51.553364,-0.072836,4.4,1.1,1.7,99.9,9,1,3,0.00,237.0,4512.5
2026-07-07T15:47:37Z,,,,,,,,,,,,4512.1
2026-07-07T15:47:38Z,,,,,,,,,,,,4512.0
2026-07-07T15:47:38Z,,,,,,,,,,,,4505.2
2026-07-07T15:47:38Z,,,,,,,,,,,,4492.5
2026-07-07T15:47:38Z,51.553364,-0.072837,4.5,1.1,1.7,99.9,9,1,3,0.00,237.0,4479.7
2026-07-07T15:47:38Z,,,,,,,,,,,,4468.3
2026-07-07T15:47:38Z,,,,,,,,,,,,4454.7
2026-07-07T15:47:38Z,,,,,,,,,,,,4444.6
2026-07-07T15:47:38Z,,,,,,,,,,,,4441.5
2026-07-07T15:47:38Z,51.553360,-0.072837,4.6,1.1,1.7,99.9,9,1,3,0.00,237.0,4434.1
2026-07-07T15:47:38Z,,,,,,,,,,,,4425.9
2026-07-07T15:47:39Z,,,,,,,,,,,,4423.7
2026-07-07T15:47:39Z,,,,,,,,,,,,4421.5
2026-07-07T15:47:39Z,,,,,,,,,,,,4418.9
2026-07-07T15:47:39Z,51.553360,-0.072838,4.7,1.1,1.7,99.9,9,1,3,0.00,237.0,4417.1
2026-07-07T15:47:39Z,,,,,,,,,,,,4414.4
2026-07-07T15:47:39Z,,,,,,,,,,,,4409.1
2026-07-07T15:47:39Z,,,,,,,,,,,,4403.5
2026-07-07T15:47:39Z,,,,,,,,,,,,4398.0
2026-07-07T15:47:39Z,51.553360,-0.072839,4.8,1.1,1.7,99.9,9,1,3,0.00,237.0,4392.5
2026-07-07T15:47:39Z,,,,,,,,,,,,4386.2
2026-07-07T15:47:40Z,,,,,,,,,,,,4380.3
2026-07-07T15:47:40Z,,,,,,,,,,,,4374.1
2026-07-07T15:47:40Z,,,,,,,,,,,,4368.4
2026-07-07T15:47:40Z,51.553360,-0.072839,4.9,1.1,1.7,99.9,9,1,3,0.00,237.0,4364.6
2026-07-07T15:47:40Z,,,,,,,,,,,,4362.5
2026-07-07T15:47:40Z,,,,,,,,,,,,4360.4
2026-07-07T15:47:40Z,,,,,,,,,,,,4358.0
2026-07-07T15:47:40Z,,,,,,,,,,,,4354.8
2026-07-07T15:47:40Z,51.553360,-0.072840,5.1,1.1,1.7,99.9,9,1,3,0.00,237.0,4351.8
2026-07-07T15:47:40Z,,,,,,,,,,,,4349.0
2026-07-07T15:47:41Z,,,,,,,,,,,,4345.4
2026-07-07T15:47:41Z,,,,,,,,,,,,4340.7
2026-07-07T15:47:41Z,,,,,,,,,,,,4337.2
2026-07-07T15:47:41Z,51.553360,-0.072840,5.2,0.9,1.7,99.9,10,1,3,0.00,237.0,4335.6
2026-07-07T15:47:41Z,,,,,,,,,,,,4334.1
2026-07-07T15:47:41Z,,,,,,,,,,,,4332.3
2026-07-07T15:47:41Z,,,,,,,,,,,,4330.7
2026-07-07T15:47:41Z,,,,,,,,,,,,4330.2
2026-07-07T15:47:41Z,51.553356,-0.072841,5.3,0.9,1.7,99.9,10,1,3,0.00,237.0,4331.6
2026-07-07T15:47:41Z,,,,,,,,,,,,4332.7
2026-07-07T15:47:42Z,,,,,,,,,,,,4333.4
2026-07-07T15:47:42Z,,,,,,,,,,,,4334.2
2026-07-07T15:47:42Z,,,,,,,,,,,,4335.2
2026-07-07T15:47:42Z,51.553356,-0.072841,5.4,0.9,1.7,99.9,10,1,3,0.00,237.0,4336.3
2026-07-07T15:47:42Z,,,,,,,,,,,,4337.1
2026-07-07T15:47:42Z,,,,,,,,,,,,4337.8
2026-07-07T15:47:42Z,,,,,,,,,,,,4337.4
2026-07-07T15:47:42Z,,,,,,,,,,,,4336.3
2026-07-07T15:47:42Z,51.553356,-0.072841,5.6,0.9,1.7,99.9,10,1,3,0.00,237.0,4334.8
2026-07-07T15:47:42Z,,,,,,,,,,,,4332.1
2026-07-07T15:47:43Z,,,,,,,,,,,,4326.6
2026-07-07T15:47:43Z,,,,,,,,,,,,4318.1
2026-07-07T15:47:43Z,,,,,,,,,,,,4316.7
2026-07-07T15:47:43Z,51.553356,-0.072842,5.7,0.9,1.7,99.9,10,1,3,0.00,237.0,4321.3
2026-07-07T15:47:43Z,,,,,,,,,,,,4321.4
2026-07-07T15:47:43Z,,,,,,,,,,,,4317.9
2026-07-07T15:47:43Z,,,,,,,,,,,,4314.7
2026-07-07T15:47:43Z,,,,,,,,,,,,4310.5
2026-07-07T15:47:43Z,51.553356,-0.072843,5.8,0.9,1.7,99.9,10,1,3,0.00,237.0,4305.4
2026-07-07T15:47:43Z,,,,,,,,,,,,4300.2
2026-07-07T15:47:44Z,,,,,,,,,,,,4294.7
2026-07-07T15:47:44Z,,,,,,,,,,,,4289.0
2026-07-07T15:47:44Z,,,,,,,,,,,,4284.0
2026-07-07T15:47:44Z,51.553356,-0.072843,6.0,0.9,1.7,99.9,10,1,3,0.00,237.0,4280.0
2026-07-07T15:47:44Z,,,,,,,,,,,,4278.5
2026-07-07T15:47:44Z,,,,,,,,,,,,4277.6
2026-07-07T15:47:44Z,,,,,,,,,,,,4279.4
2026-07-07T15:47:44Z,,,,,,,,,,,,4285.9
2026-07-07T15:47:44Z,51.553352,-0.072844,6.1,0.9,1.7,99.9,10,1,3,0.00,237.0,4294.8
2026-07-07T15:47:44Z,,,,,,,,,,,,4304.1
2026-07-07T15:47:45Z,,,,,,,,,,,,4310.6
2026-07-07T15:47:45Z,,,,,,,,,,,,4317.1
2026-07-07T15:47:45Z,,,,,,,,,,,,4321.4
2026-07-07T15:47:45Z,51.553352,-0.072844,6.3,0.9,1.7,99.9,10,1,3,0.00,237.0,4322.7
2026-07-07T15:47:45Z,,,,,,,,,,,,4324.7
2026-07-07T15:47:45Z,,,,,,,,,,,,4326.5
2026-07-07T15:47:45Z,,,,,,,,,,,,4326.0
2026-07-07T15:47:45Z,,,,,,,,,,,,4323.7
2026-07-07T15:47:45Z,51.553352,-0.072845,6.4,0.9,1.7,99.9,10,1,3,0.00,237.0,4321.1
2026-07-07T15:47:45Z,,,,,,,,,,,,4319.6
2026-07-07T15:47:46Z,,,,,,,,,,,,4317.2
2026-07-07T15:47:46Z,,,,,,,,,,,,4313.5
2026-07-07T15:47:46Z,,,,,,,,,,,,4309.1
2026-07-07T15:47:46Z,51.553352,-0.072846,6.6,0.9,1.7,99.9,10,1,3,0.00,237.0,4304.5
2026-07-07T15:47:46Z,,,,,,,,,,,,4301.1
2026-07-07T15:47:46Z,,,,,,,,,,,,4297.7
2026-07-07T15:47:46Z,,,,,,,,,,,,4295.2
2026-07-07T15:47:46Z,,,,,,,,,,,,4294.5
2026-07-07T15:47:46Z,51.553352,-0.072847,6.8,0.9,1.7,99.9,10,1,3,0.00,237.0,4294.6
2026-07-07T15:47:46Z,,,,,,,,,,,,4296.3
2026-07-07T15:47:47Z,,,,,,,,,,,,4298.9
2026-07-07T15:47:47Z,,,,,,,,,,,,4301.9
2026-07-07T15:47:47Z,,,,,,,,,,,,4303.5
2026-07-07T15:47:47Z,51.553349,-0.072848,6.9,0.9,1.7,99.9,10,1,3,0.00,237.0,4304.7
2026-07-07T15:47:47Z,,,,,,,,,,,,4306.7
2026-07-07T15:47:47Z,,,,,,,,,,,,4309.1
2026-07-07T15:47:47Z,,,,,,,,,,,,4311.7
2026-07-07T15:47:47Z,,,,,,,,,,,,4316.0
2026-07-07T15:47:47Z,51.553349,-0.072849,7.1,0.9,1.7,99.9,10,1,3,0.00,237.0,4323.4
2026-07-07T15:47:47Z,,,,,,,,,,,,4333.4
2026-07-07T15:47:48Z,,,,,,,,,,,,4343.5
2026-07-07T15:47:48Z,,,,,,,,,,,,4354.1
2026-07-07T15:47:48Z,,,,,,,,,,,,4362.0
2026-07-07T15:47:48Z,51.553349,-0.072848,7.4,0.9,1.7,99.9,10,1,3,1.06,237.0,4367.8
2026-07-07T15:47:48Z,,,,,,,,,,,,4376.4
2026-07-07T15:47:48Z,,,,,,,,,,,,4386.8
2026-07-07T15:47:48Z,,,,,,,,,,,,4395.3
2026-07-07T15:47:48Z,,,,,,,,,,,,4402.5
2026-07-07T15:47:48Z,51.553345,-0.072842,7.6,0.9,1.7,99.9,10,1,3,1.83,237.0,4407.6
2026-07-07T15:47:48Z,,,,,,,,,,,,4412.2
2026-07-07T15:47:49Z,,,,,,,,,,,,4416.4
2026-07-07T15:47:49Z,,,,,,,,,,,,4418.7
2026-07-07T15:47:49Z,,,,,,,,,,,,4417.6
2026-07-07T15:47:49Z,51.553345,-0.072838,8.3,0.9,1.7,99.9,10,1,3,1.57,237.0,4415.1
2026-07-07T15:47:49Z,,,,,,,,,,,,4411.6
2026-07-07T15:47:49Z,,,,,,,,,,,,4406.6
2026-07-07T15:47:49Z,,,,,,,,,,,,4401.5
2026-07-07T15:47:49Z,,,,,,,,,,,,4395.7
2026-07-07T15:47:49Z,51.553345,-0.072834,8.5,0.9,1.7,99.9,10,1,3,1.72,237.0,4390.2
2026-07-07T15:47:49Z,,,,,,,,,,,,4382.6
2026-07-07T15:47:50Z,,,,,,,,,,,,4375.2
2026-07-07T15:47:50Z,,,,,,,,,,,,4368.4
2026-07-07T15:47:50Z,,,,,,,,,,,,4361.8
2026-07-07T15:47:50Z,51.553345,-0.072831,8.8,0.9,1.7,99.9,10,1,3,1.16,237.0,4355.2
2026-07-07T15:47:50Z,,,,,,,,,,,,4350.1
2026-07-07T15:47:50Z,,,,,,,,,,,,4344.6
2026-07-07T15:47:50Z,,,,,,,,,,,,4339.2
2026-07-07T15:47:50Z,,,,,,,,,,,,4333.6
2026-07-07T15:47:50Z,51.553345,-0.072828,9.1,0.9,1.7,99.9,10,1,3,0.97,237.0,4326.8
2026-07-07T15:47:50Z,,,,,,,,,,,,4320.5
2026-07-07T15:47:51Z,,,,,,,,,,,,4315.0
2026-07-07T15:47:51Z,,,,,,,,,,,,4309.6
2026-07-07T15:47:51Z,,,,,,,,,,,,4304.9
2026-07-07T15:47:51Z,51.553345,-0.072830,9.1,0.9,1.7,99.9,10,1,3,0.00,237.0,4299.8
2026-07-07T15:47:51Z,,,,,,,,,,,,4295.9
2026-07-07T15:47:51Z,,,,,,,,,,,,4294.6
2026-07-07T15:47:51Z,,,,,,,,,,,,4294.0
2026-07-07T15:47:51Z,,,,,,,,,,,,4294.2
2026-07-07T15:47:51Z,51.553345,-0.072831,9.1,0.9,1.7,99.9,10,1,3,0.00,237.0,4294.4
2026-07-07T15:47:51Z,,,,,,,,,,,,4294.1
2026-07-07T15:47:52Z,,,,,,,,,,,,4293.4
2026-07-07T15:47:52Z,,,,,,,,,,,,4291.6
2026-07-07T15:47:52Z,,,,,,,,,,,,4290.6
2026-07-07T15:47:52Z,51.553345,-0.072832,9.1,0.9,1.7,99.9,10,1,3,0.00,237.0,4290.2
2026-07-07T15:47:52Z,,,,,,,,,,,,4287.6
2026-07-07T15:47:52Z,,,,,,,,,,,,4284.7
2026-07-07T15:47:52Z,,,,,,,,,,,,4282.4
2026-07-07T15:47:52Z,,,,,,,,,,,,4280.3
2026-07-07T15:47:52Z,51.553345,-0.072833,9.1,0.9,1.7,99.9,10,1,3,0.00,237.0,4280.1
2026-07-07T15:47:52Z,,,,,,,,,,,,4278.9
2026-07-07T15:47:53Z,,,,,,,,,,,,4277.1
2026-07-07T15:47:53Z,,,,,,,,,,,,4277.0
2026-07-07T15:47:53Z,,,,,,,,,,,,4277.7
2026-07-07T15:47:53Z,51.553345,-0.072834,9.1,0.9,1.7,99.9,10,1,3,0.00,237.0,4279.2
2026-07-07T15:47:53Z,,,,,,,,,,,,4281.3
2026-07-07T15:47:53Z,,,,,,,,,,,,4281.0
2026-07-07T15:47:53Z,,,,,,,,,,,,4280.6
2026-07-07T15:47:53Z,,,,,,,,,,,,4281.7
2026-07-07T15:47:53Z,51.553345,-0.072835,9.2,0.9,1.7,99.9,10,1,3,0.00,237.0,4281.4
2026-07-07T15:47:53Z,,,,,,,,,,,,4279.2
2026-07-07T15:47:54Z,,,,,,,,,,,,4276.2
2026-07-07T15:47:54Z,,,,,,,,,,,,4273.0
2026-07-07T15:47:54Z,,,,,,,,,,,,4271.1
2026-07-07T15:47:54Z,51.553345,-0.072837,9.3,0.9,1.7,99.9,10,1,3,0.00,237.0,4269.0
2026-07-07T15:47:54Z,,,,,,,,,,,,4266.1
2026-07-07T15:47:54Z,,,,,,,,,,,,4263.0
2026-07-07T15:47:54Z,,,,,,,,,,,,4259.1
2026-07-07T15:47:54Z,,,,,,,,,,,,4256.2
2026-07-07T15:47:54Z,51.553345,-0.072838,9.5,0.9,1.7,99.9,10,1,3,0.00,237.0,4254.5
2026-07-07T15:47:54Z,,,,,,,,,,,,4252.3
2026-07-07T15:47:55Z,,,,,,,,,,,,4249.0
2026-07-07T15:47:55Z,,,,,,,,,,,,4244.8
2026-07-07T15:47:55Z,,,,,,,,,,,,4242.0
2026-07-07T15:47:55Z,51.553345,-0.072838,9.6,0.9,1.7,99.9,10,1,3,0.00,237.0,4240.8
2026-07-07T15:47:55Z,,,,,,,,,,,,4239.8
2026-07-07T15:47:55Z,,,,,,,,,,,,4239.5
2026-07-07T15:47:55Z,,,,,,,,,,,,4238.6
2026-07-07T15:47:55Z,,,,,,,,,,,,4237.7
2026-07-07T15:47:55Z,51.553345,-0.072838,9.7,0.9,1.7,99.9,10,1,3,0.00,237.0,4238.7
2026-07-07T15:47:55Z,,,,,,,,,,,,4239.2
2026-07-07T15:47:56Z,,,,,,,,,,,,4238.9
2026-07-07T15:47:56Z,,,,,,,,,,,,4237.8
2026-07-07T15:47:56Z,,,,,,,,,,,,4235.9
2026-07-07T15:47:56Z,51.553341,-0.072839,9.8,0.9,1.7,99.9,10,1,3,0.00,237.0,4234.3
2026-07-07T15:47:56Z,,,,,,,,,,,,4232.9
2026-07-07T15:47:56Z,,,,,,,,,,,,4230.6
2026-07-07T15:47:56Z,,,,,,,,,,,,4228.1
2026-07-07T15:47:56Z,,,,,,,,,,,,4225.1
2026-07-07T15:47:56Z,51.553341,-0.072840,10.0,0.9,1.7,99.9,10,1,3,0.00,237.0,4223.5
2026-07-07T15:47:56Z,,,,,,,,,,,,4224.3
2026-07-07T15:47:57Z,,,,,,,,,,,,4226.1
2026-07-07T15:47:57Z,,,,,,,,,,,,4231.0
2026-07-07T15:47:57Z,,,,,,,,,,,,4237.5
2026-07-07T15:47:57Z,51.553341,-0.072841,10.1,0.9,1.7,99.9,10,1,3,0.00,237.0,4244.7
2026-07-07T15:47:57Z,,,,,,,,,,,,4253.0
2026-07-07T15:47:57Z,,,,,,,,,,,,4260.3
2026-07-07T15:47:57Z,,,,,,,,,,,,4265.4
2026-07-07T15:47:57Z,,,,,,,,,,,,4268.4
2026-07-07T15:47:57Z,51.553337,-0.072844,10.2,0.9,1.7,99.9,10,1,3,2.53,191.3,4271.2
2026-07-07T15:47:57Z,,,,,,,,,,,,4272.9
2026-07-07T15:47:58Z,,,,,,,,,,,,4272.0
2026-07-07T15:47:58Z,,,,,,,,,,,,4269.9
2026-07-07T15:47:58Z,,,,,,,,,,,,4267.8
2026-07-07T15:47:58Z,51.553333,-0.072843,10.3,0.9,1.7,99.9,10,1,3,1.83,191.3,4265.0
2026-07-07T15:47:58Z,,,,,,,,,,,,4263.1
2026-07-07T15:47:58Z,,,,,,,,,,,,4262.2
2026-07-07T15:47:58Z,,,,,,,,,,,,4262.2
2026-07-07T15:47:58Z,,,,,,,,,,,,4262.1
2026-07-07T15:47:58Z,51.553329,-0.072843,10.4,0.9,1.7,99.9,10,1,3,0.00,191.3,4262.0
2026-07-07T15:47:58Z,,,,,,,,,,,,4264.2
2026-07-07T15:47:59Z,,,,,,,,,,,,4267.9
2026-07-07T15:47:59Z,,,,,,,,,,,,4273.6
2026-07-07T15:47:59Z,,,,,,,,,,,,4280.0
2026-07-07T15:47:59Z,51.553329,-0.072843,10.5,0.9,1.7,99.9,10,1,3,0.00,191.3,4283.9
2026-07-07T15:47:59Z,,,,,,,,,,,,4287.7
2026-07-07T15:47:59Z,,,,,,,,,,,,4291.4
2026-07-07T15:47:59Z,,,,,,,,,,,,4293.7
2026-07-07T15:47:59Z,,,,,,,,,,,,4294.5
2026-07-07T15:47:59Z,51.553329,-0.072843,10.5,0.9,1.7,99.9,10,1,3,0.00,191.3,4292.8
2026-07-07T15:47:59Z,,,,,,,,,,,,4290.1
2026-07-07T15:48:00Z,,,,,,,,,,,,4287.7
2026-07-07T15:48:00Z,,,,,,,,,,,,4284.9
2026-07-07T15:48:00Z,,,,,,,,,,,,4281.2
2026-07-07T15:48:00Z,51.553329,-0.072843,10.6,0.9,1.7,99.9,10,1,3,0.00,191.3,4274.9
2026-07-07T15:48:00Z,,,,,,,,,,,,4267.4
2026-07-07T15:48:00Z,,,,,,,,,,,,4259.4
2026-07-07T15:48:00Z,,,,,,,,,,,,4250.6
2026-07-07T15:48:00Z,,,,,,,,,,,,4242.1
2026-07-07T15:48:00Z,51.553329,-0.072842,10.7,0.9,1.7,99.9,10,1,3,0.00,191.3,4234.7
2026-07-07T15:48:00Z,,,,,,,,,,,,4226.9
2026-07-07T15:48:01Z,,,,,,,,,,,,4221.8
2026-07-07T15:48:01Z,,,,,,,,,,,,4219.1
2026-07-07T15:48:01Z,,,,,,,,,,,,4217.5
2026-07-07T15:48:01Z,51.553326,-0.072842,10.8,0.9,1.7,99.9,10,1,3,0.00,191.3,4216.6
2026-07-07T15:48:01Z,,,,,,,,,,,,4216.4
2026-07-07T15:48:01Z,,,,,,,,,,,,4216.8
2026-07-07T15:48:01Z,,,,,,,,,,,,4215.9
2026-07-07T15:48:01Z,,,,,,,,,,,,4215.6
2026-07-07T15:48:01Z,51.553326,-0.072842,10.9,0.9,1.7,99.9,10,1,3,0.00,191.3,4215.0
2026-07-07T15:48:01Z,,,,,,,,,,,,4213.8
2026-07-07T15:48:02Z,,,,,,,,,,,,4214.6
2026-07-07T15:48:02Z,,,,,,,,,,,,4219.7
2026-07-07T15:48:02Z,,,,,,,,,,,,4229.4
2026-07-07T15:48:02Z,51.553326,-0.072842,11.0,0.9,1.7,99.9,10,1,3,0.00,191.3,4243.9
2026-07-07T15:48:02Z,,,,,,,,,,,,4262.5
2026-07-07T15:48:02Z,,,,,,,,,,,,4283.6
2026-07-07T15:48:02Z,,,,,,,,,,,,4303.8
2026-07-07T15:48:02Z,,,,,,,,,,,,4323.2
2026-07-07T15:48:02Z,51.553326,-0.072842,11.1,0.9,1.7,99.9,10,1,3,0.00,191.3,4340.9
2026-07-07T15:48:02Z,,,,,,,,,,,,4355.9
2026-07-07T15:48:03Z,,,,,,,,,,,,4365.1
2026-07-07T15:48:03Z,,,,,,,,,,,,4373.4
2026-07-07T15:48:03Z,,,,,,,,,,,,4379.1
2026-07-07T15:48:03Z,51.553326,-0.072841,11.2,0.9,1.7,99.9,10,1,3,0.00,191.3,4382.5
2026-07-07T15:48:03Z,,,,,,,,,,,,4383.4
2026-07-07T15:48:03Z,,,,,,,,,,,,4380.9
2026-07-07T15:48:03Z,,,,,,,,,,,,4377.7
2026-07-07T15:48:03Z,,,,,,,,,,,,4373.8
2026-07-07T15:48:03Z,51.553326,-0.072841,11.2,0.9,1.7,99.9,10,1,3,0.00,191.3,4369.0
2026-07-07T15:48:03Z,,,,,,,,,,,,4362.4
2026-07-07T15:48:04Z,,,,,,,,,,,,4354.3
2026-07-07T15:48:04Z,,,,,,,,,,,,4344.7
2026-07-07T15:48:04Z,,,,,,,,,,,,4335.6
2026-07-07T15:48:04Z,51.553326,-0.072840,11.3,0.9,1.7,99.9,10,1,3,0.00,191.3,4325.9
2026-07-07T15:48:04Z,,,,,,,,,,,,4316.0
2026-07-07T15:48:04Z,,,,,,,,,,,,4305.5
2026-07-07T15:48:04Z,,,,,,,,,,,,4294.8
2026-07-07T15:48:04Z,,,,,,,,,,,,4285.2
2026-07-07T15:48:04Z,51.553326,-0.072840,11.4,0.9,1.7,99.9,10,1,3,0.00,191.3,4275.8
2026-07-07T15:48:04Z,,,,,,,,,,,,4266.3
2026-07-07T15:48:05Z,,,,,,,,,,,,4257.6
2026-07-07T15:48:05Z,,,,,,,,,,,,4248.3
2026-07-07T15:48:05Z,,,,,,,,,,,,4241.3
2026-07-07T15:48:05Z,51.553326,-0.072840,11.4,0.9,1.7,99.9,10,1,3,0.00,191.3,4235.2
2026-07-07T15:48:05Z,,,,,,,,,,,,4229.3
2026-07-07T15:48:05Z,,,,,,,,,,,,4223.6
2026-07-07T15:48:05Z,,,,,,,,,,,,4217.4
2026-07-07T15:48:05Z,,,,,,,,,,,,4212.4
2026-07-07T15:48:05Z,51.553326,-0.072840,11.5,0.9,1.7,99.9,10,1,3,0.00,191.3,4210.0
2026-07-07T15:48:05Z,,,,,,,,,,,,4206.8
2026-07-07T15:48:06Z,,,,,,,,,,,,4204.0
2026-07-07T15:48:06Z,,,,,,,,,,,,4202.3
2026-07-07T15:48:06Z,,,,,,,,,,,,4202.5
2026-07-07T15:48:06Z,51.553326,-0.072840,11.6,0.9,1.7,99.9,10,1,3,0.00,191.3,4205.3
2026-07-07T15:48:06Z,,,,,,,,,,,,4209.8
2026-07-07T15:48:06Z,,,,,,,,,,,,4215.3
2026-07-07T15:48:06Z,,,,,,,,,,,,4220.0
2026-07-07T15:48:06Z,,,,,,,,,,,,4224.6
2026-07-07T15:48:06Z,51.553322,-0.072840,11.7,0.9,1.7,99.9,10,1,3,0.00,191.3,4229.3
2026-07-07T15:48:06Z,,,,,,,,,,,,4233.1
2026-07-07T15:48:07Z,,,,,,,,,,,,4234.7
2026-07-07T15:48:07Z,,,,,,,,,,,,4235.3
2026-07-07T15:48:07Z,,,,,,,,,,,,4234.0
2026-07-07T15:48:07Z,51.553322,-0.072840,11.8,0.9,1.7,99.9,10,1,3,0.00,191.3,4232.0
2026-07-07T15:48:07Z,,,,,,,,,,,,4229.8
2026-07-07T15:48:07Z,,,,,,,,,,,,4227.0
2026-07-07T15:48:07Z,,,,,,,,,,,,4223.7
2026-07-07T15:48:07Z,,,,,,,,,,,,4219.4
2026-07-07T15:48:07Z,51.553322,-0.072840,11.9,0.9,1.7,99.9,10,1,3,0.00,191.3,4215.2
2026-07-07T15:48:07Z,,,,,,,,,,,,4211.8
2026-07-07T15:48:08Z,,,,,,,,,,,,4208.5
2026-07-07T15:48:08Z,,,,,,,,,,,,4206.7
2026-07-07T15:48:08Z,,,,,,,,,,,,4205.8
2026-07-07T15:48:08Z,51.553322,-0.072841,12.0,0.9,1.7,99.9,10,1,3,0.00,191.3,4205.9
2026-07-07T15:48:08Z,,,,,,,,,,,,4207.6
2026-07-07T15:48:08Z,,,,,,,,,,,,4209.8
2026-07-07T15:48:08Z,,,,,,,,,,,,4211.3
2026-07-07T15:48:08Z,,,,,,,,,,,,4212.0
2026-07-07T15:48:08Z,51.553322,-0.072841,12.0,0.9,1.7,99.9,10,1,3,0.00,191.3,4212.1
2026-07-07T15:48:08Z,,,,,,,,,,,,4211.3
2026-07-07T15:48:09Z,,,,,,,,,,,,4210.0
2026-07-07T15:48:09Z,,,,,,,,,,,,4208.1
2026-07-07T15:48:09Z,,,,,,,,,,,,4205.3
2026-07-07T15:48:09Z,51.553322,-0.072841,12.1,0.9,1.7,99.9,10,1,3,0.00,191.3,4201.6
2026-07-07T15:48:09Z,,,,,,,,,,,,4197.4
2026-07-07T15:48:09Z,,,,,,,,,,,,4193.3
2026-07-07T15:48:09Z,,,,,,,,,,,,4189.0
2026-07-07T15:48:09Z,,,,,,,,,,,,4183.5
2026-07-07T15:48:09Z,51.553322,-0.072841,12.2,0.9,1.7,99.9,10,1,3,0.00,191.3,4177.4
2026-07-07T15:48:09Z,,,,,,,,,,,,4172.1
2026-07-07T15:48:10Z,,,,,,,,,,,,4169.1
2026-07-07T15:48:10Z,,,,,,,,,,,,4167.3
2026-07-07T15:48:10Z,,,,,,,,,,,,4168.2
2026-07-07T15:48:10Z,51.553322,-0.072842,12.3,0.9,1.7,99.9,10,1,3,0.00,191.3,4171.1
2026-07-07T15:48:10Z,,,,,,,,,,,,4175.5
2026-07-07T15:48:10Z,,,,,,,,,,,,4181.7
2026-07-07T15:48:10Z,,,,,,,,,,,,4187.8
2026-07-07T15:48:10Z,,,,,,,,,,,,4193.2
2026-07-07T15:48:10Z,51.553322,-0.072842,12.4,0.9,1.7,99.9,10,1,3,0.00,191.3,4197.8
2026-07-07T15:48:10Z,,,,,,,,,,,,4200.5
2026-07-07T15:48:11Z,,,,,,,,,,,,4201.2
2026-07-07T15:48:11Z,,,,,,,,,,,,4201.1
2026-07-07T15:48:11Z,,,,,,,,,,,,4200.3
2026-07-07T15:48:11Z,51.553322,-0.072842,12.5,0.9,1.7,99.9,10,1,3,0.00,191.3,4198.6
2026-07-07T15:48:11Z,,,,,,,,,,,,4195.2
2026-07-07T15:48:11Z,,,,,,,,,,,,4190.5
2026-07-07T15:48:11Z,,,,,,,,,,,,4185.9
2026-07-07T15:48:11Z,,,,,,,,,,,,4181.0
2026-07-07T15:48:11Z,51.553322,-0.072843,12.6,0.9,1.7,99.9,10,1,3,0.00,191.3,4175.4
2026-07-07T15:48:11Z,,,,,,,,,,,,4169.0
2026-07-07T15:48:12Z,,,,,,,,,,,,4162.8
2026-07-07T15:48:12Z,,,,,,,,,,,,4156.5
2026-07-07T15:48:12Z,,,,,,,,,,,,4150.4
2026-07-07T15:48:12Z,51.553318,-0.072844,12.7,1.0,1.7,99.9,9,1,3,0.00,191.3,4144.1
2026-07-07T15:48:12Z,,,,,,,,,,,,4137.5
2026-07-07T15:48:12Z,,,,,,,,,,,,4131.2
2026-07-07T15:48:12Z,,,,,,,,,,,,4125.2
2026-07-07T15:48:12Z,,,,,,,,,,,,4120.3
2026-07-07T15:48:12Z,51.553318,-0.072844,12.8,1.0,1.7,99.9,9,1,3,0.00,191.3,4115.8
2026-07-07T15:48:12Z,,,,,,,,,,,,4110.6
2026-07-07T15:48:13Z,,,,,,,,,,,,4105.4
2026-07-07T15:48:13Z,,,,,,,,,,,,4100.8
2026-07-07T15:48:13Z,,,,,,,,,,,,4096.4
2026-07-07T15:48:13Z,51.553318,-0.072844,12.9,1.0,1.7,99.9,9,1,3,0.00,191.3,4092.3
2026-07-07T15:48:13Z,,,,,,,,,,,,4088.5
2026-07-07T15:48:13Z,,,,,,,,,,,,4085.7
2026-07-07T15:48:13Z,,,,,,,,,,,,4084.7
2026-07-07T15:48:13Z,,,,,,,,,,,,4083.7
2026-07-07T15:48:13Z,51.553318,-0.072845,13.0,1.0,1.7,99.9,9,1,3,0.00,191.3,4081.2
2026-07-07T15:48:13Z,,,,,,,,,,,,4078.2
2026-07-07T15:48:14Z,,,,,,,,,,,,4076.8
2026-07-07T15:48:14Z,,,,,,,,,,,,4075.5
2026-07-07T15:48:14Z,,,,,,,,,,,,4072.4
2026-07-07T15:48:14Z,51.553318,-0.072845,13.2,1.0,1.7,99.9,9,1,3,0.00,191.3,4068.4
2026-07-07T15:48:14Z,,,,,,,,,,,,4064.6
2026-07-07T15:48:14Z,,,,,,,,,,,,4061.5
2026-07-07T15:48:14Z,,,,,,,,,,,,4059.4
2026-07-07T15:48:14Z,,,,,,,,,,,,4058.4
2026-07-07T15:48:14Z,51.553318,-0.072846,13.3,1.0,1.7,99.9,9,1,3,0.00,191.3,4059.4
2026-07-07T15:48:14Z,,,,,,,,,,,,4063.8
2026-07-07T15:48:15Z,,,,,,,,,,,,4071.8
2026-07-07T15:48:15Z,,,,,,,,,,,,4086.5
2026-07-07T15:48:15Z,,,,,,,,,,,,4104.9
2026-07-07T15:48:15Z,51.553318,-0.072846,13.4,0.9,1.7,99.9,10,1,3,0.00,191.3,4126.4
2026-07-07T15:48:15Z,,,,,,,,,,,,4148.8
2026-07-07T15:48:15Z,,,,,,,,,,,,4169.9
2026-07-07T15:48:15Z,,,,,,,,,,,,4189.1
2026-07-07T15:48:15Z,,,,,,,,,,,,4206.8
2026-07-07T15:48:15Z,51.553318,-0.072847,13.5,0.9,1.7,99.9,10,1,3,0.00,191.3,4219.6
2026-07-07T15:48:15Z,,,,,,,,,,,,4230.6
2026-07-07T15:48:16Z,,,,,,,,,,,,4237.0
2026-07-07T15:48:16Z,,,,,,,,,,,,4240.9
2026-07-07T15:48:16Z,,,,,,,,,,,,4243.3
2026-07-07T15:48:16Z,51.553318,-0.072845,13.6,0.9,1.7,99.9,10,1,3,0.64,191.3,4243.7
2026-07-07T15:48:16Z,,,,,,,,,,,,4242.8
2026-07-07T15:48:16Z,,,,,,,,,,,,4239.2
2026-07-07T15:48:16Z,,,,,,,,,,,,4233.8
2026-07-07T15:48:16Z,,,,,,,,,,,,4228.6
2026-07-07T15:48:16Z,51.553318,-0.072845,13.7,0.9,1.7,99.9,10,1,3,0.00,191.3,4224.7
2026-07-07T15:48:16Z,,,,,,,,,,,,4218.1
2026-07-07T15:48:17Z,,,,,,,,,,,,4209.7
2026-07-07T15:48:17Z,,,,,,,,,,,,4202.7
2026-07-07T15:48:17Z,,,,,,,,,,,,4196.9
2026-07-07T15:48:17Z,51.553318,-0.072845,13.7,0.9,1.7,99.9,10,1,3,0.00,191.3,4196.6
2026-07-07T15:48:17Z,,,,,,,,,,,,4195.6
2026-07-07T15:48:17Z,,,,,,,,,,,,4186.4
2026-07-07T15:48:17Z,,,,,,,,,,,,4177.2
2026-07-07T15:48:17Z,,,,,,,,,,,,4169.6
2026-07-07T15:48:17Z,51.553318,-0.072845,13.8,0.9,1.7,99.9,10,1,3,0.00,191.3,4161.6
2026-07-07T15:48:17Z,,,,,,,,,,,,4153.7
2026-07-07T15:48:18Z,,,,,,,,,,,,4147.4
2026-07-07T15:48:18Z,,,,,,,,,,,,4144.5
2026-07-07T15:48:18Z,,,,,,,,,,,,4149.1
2026-07-07T15:48:18Z,51.553318,-0.072844,14.0,0.9,1.7,99.9,10,1,3,0.24,191.3,4152.5
2026-07-07T15:48:18Z,,,,,,,,,,,,4152.2
2026-07-07T15:48:18Z,,,,,,,,,,,,4154.8
2026-07-07T15:48:18Z,,,,,,,,,,,,4159.5
2026-07-07T15:48:18Z,,,,,,,,,,,,4164.8
2026-07-07T15:48:18Z,51.553314,-0.072844,14.2,0.9,1.7,99.9,10,1,3,0.00,191.3,4171.3
2026-07-07T15:48:18Z,,,,,,,,,,,,4177.8
2026-07-07T15:48:19Z,,,,,,,,,,,,4185.1
2026-07-07T15:48:19Z,,,,,,,,,,,,4191.7
2026-07-07T15:48:19Z,,,,,,,,,,,,4196.1
2026-07-07T15:48:19Z,51.553314,-0.072844,14.3,0.9,1.7,99.9,10,1,3,0.00,191.3,4199.5
2026-07-07T15:48:19Z,,,,,,,,,,,,4203.3
2026-07-07T15:48:19Z,,,,,,,,,,,,4206.7
2026-07-07T15:48:19Z,,,,,,,,,,,,4207.2
2026-07-07T15:48:19Z,,,,,,,,,,,,4204.4
2026-07-07T15:48:19Z,51.553314,-0.072844,14.4,0.9,1.7,99.9,10,1,3,0.00,191.3,4200.5
2026-07-07T15:48:19Z,,,,,,,,,,,,4195.7
2026-07-07T15:48:20Z,,,,,,,,,,,,4189.3
2026-07-07T15:48:20Z,,,,,,,,,,,,4182.0
2026-07-07T15:48:20Z,,,,,,,,,,,,4177.1
2026-07-07T15:48:20Z,51.553314,-0.072844,14.5,0.9,1.7,99.9,10,1,3,0.00,191.3,4172.4
2026-07-07T15:48:20Z,,,,,,,,,,,,4169.3
2026-07-07T15:48:20Z,,,,,,,,,,,,4165.6
2026-07-07T15:48:20Z,,,,,,,,,,,,4160.5
2026-07-07T15:48:20Z,,,,,,,,,,,,4155.8
2026-07-07T15:48:20Z,51.553314,-0.072844,14.6,0.9,1.7,99.9,10,1,3,0.00,191.3,4151.9
2026-07-07T15:48:20Z,,,,,,,,,,,,4149.2
2026-07-07T15:48:21Z,,,,,,,,,,,,4148.4
2026-07-07T15:48:21Z,,,,,,,,,,,,4149.3
2026-07-07T15:48:21Z,,,,,,,,,,,,4151.4
2026-07-07T15:48:21Z,51.553314,-0.072844,14.6,0.9,1.7,99.9,10,1,3,0.00,191.3,4154.5
2026-07-07T15:48:21Z,,,,,,,,,,,,4158.3
2026-07-07T15:48:21Z,,,,,,,,,,,,4161.3
2026-07-07T15:48:21Z,,,,,,,,,,,,4163.5
2026-07-07T15:48:21Z,,,,,,,,,,,,4165.6
2026-07-07T15:48:21Z,51.553314,-0.072844,14.7,0.9,1.7,99.9,10,1,3,0.00,191.3,4166.8
2026-07-07T15:48:21Z,,,,,,,,,,,,4167.3
2026-07-07T15:48:22Z,,,,,,,,,,,,4166.6
2026-07-07T15:48:22Z,,,,,,,,,,,,4164.9
2026-07-07T15:48:22Z,,,,,,,,,,,,4162.0
2026-07-07T15:48:22Z,51.553314,-0.072844,14.8,0.9,1.7,99.9,10,1,3,0.00,191.3,4158.8
2026-07-07T15:48:22Z,,,,,,,,,,,,4155.7
2026-07-07T15:48:22Z,,,,,,,,,,,,4153.0
2026-07-07T15:48:22Z,,,,,,,,,,,,4150.9
2026-07-07T15:48:22Z,,,,,,,,,,,,4149.0
2026-07-07T15:48:22Z,51.553314,-0.072843,14.9,0.9,1.7,99.9,10,1,3,0.54,191.3,4146.9
2026-07-07T15:48:22Z,,,,,,,,,,,,4144.3
2026-07-07T15:48:23Z,,,,,,,,,,,,4141.6
2026-07-07T15:48:23Z,,,,,,,,,,,,4138.0
2026-07-07T15:48:23Z,,,,,,,,,,,,4134.9
2026-07-07T15:48:23Z,51.553314,-0.072844,15.0,0.9,1.7,99.9,10,1,3,0.00,191.3,4133.3
2026-07-07T15:48:23Z,,,,,,,,,,,,4131.4
2026-07-07T15:48:23Z,,,,,,,,,,,,4128.4
2026-07-07T15:48:23Z,,,,,,,,,,,,4124.9
2026-07-07T15:48:23Z,,,,,,,,,,,,4120.3
2026-07-07T15:48:23Z,51.553314,-0.072845,15.1,0.9,1.7,99.9,10,1,3,0.00,191.3,4116.0
2026-07-07T15:48:23Z,,,,,,,,,,,,4114.0
2026-07-07T15:48:24Z,,,,,,,,,,,,4112.7
2026-07-07T15:48:24Z,,,,,,,,,,,,4110.0
2026-07-07T15:48:24Z,,,,,,,,,,,,4106.7
2026-07-07T15:48:24Z,51.553314,-0.072844,15.1,0.9,1.7,99.9,10,1,3,0.00,191.3,4103.6
2026-07-07T15:48:24Z,,,,,,,,,,,,4099.8
2026-07-07T15:48:24Z,,,,,,,,,,,,4093.8
2026-07-07T15:48:24Z,,,,,,,,,,,,4088.4
2026-07-07T15:48:24Z,,,,,,,,,,,,4085.0
2026-07-07T15:48:24Z,51.553314,-0.072844,15.2,0.9,1.7,99.9,10,1,3,0.00,191.3,4082.4
2026-07-07T15:48:24Z,,,,,,,,,,,,4080.9
2026-07-07T15:48:25Z,,,,,,,,,,,,4079.8
2026-07-07T15:48:25Z,,,,,,,,,,,,4077.6
2026-07-07T15:48:25Z,,,,,,,,,,,,4074.5
2026-07-07T15:48:25Z,51.553314,-0.072851,15.1,0.9,1.7,99.9,10,1,3,1.70,191.3,4071.6
2026-07-07T15:48:25Z,,,,,,,,,,,,4070.1
2026-07-07T15:48:25Z,,,,,,,,,,,,4068.9
2026-07-07T15:48:25Z,,,,,,,,,,,,4068.5
2026-07-07T15:48:25Z,,,,,,,,,,,,4069.4
2026-07-07T15:48:25Z,51.553310,-0.072857,15.1,0.9,1.7,99.9,10,1,3,1.76,191.3,4071.0
2026-07-07T15:48:25Z,,,,,,,,,,,,4075.6
2026-07-07T15:48:26Z,,,,,,,,,,,,4082.3
2026-07-07T15:48:26Z,,,,,,,,,,,,4090.6
2026-07-07T15:48:26Z,,,,,,,,,,,,4097.8
2026-07-07T15:48:26Z,51.553310,-0.072864,15.0,0.9,1.7,99.9,10,1,3,1.61,191.3,4104.1
2026-07-07T15:48:26Z,,,,,,,,,,,,4110.4
2026-07-07T15:48:26Z,,,,,,,,,,,,4115.7
2026-07-07T15:48:26Z,,,,,,,,,,,,4119.8
2026-07-07T15:48:26Z,,,,,,,,,,,,4124.2
2026-07-07T15:48:26Z,51.553310,-0.072864,15.1,0.9,1.7,99.9,10,1,3,0.00,191.3,4129.0
2026-07-07T15:48:26Z,,,,,,,,,,,,4133.4
2026-07-07T15:48:27Z,,,,,,,,,,,,4136.8
2026-07-07T15:48:27Z,,,,,,,,,,,,4138.1
2026-07-07T15:48:27Z,,,,,,,,,,,,4138.2
2026-07-07T15:48:27Z,51.553310,-0.072865,15.2,0.9,1.7,99.9,10,1,3,0.00,191.3,4139.4
2026-07-07T15:48:27Z,,,,,,,,,,,,4141.7
2026-07-07T15:48:27Z,,,,,,,,,,,,4142.9
2026-07-07T15:48:27Z,,,,,,,,,,,,4142.0
2026-07-07T15:48:27Z,,,,,,,,,,,,4141.1
2026-07-07T15:48:27Z,51.553310,-0.072866,15.3,0.9,1.7,99.9,10,1,3,0.00,191.3,4141.4
2026-07-07T15:48:27Z,,,,,,,,,,,,4143.0
2026-07-07T15:48:28Z,,,,,,,,,,,,4144.2
2026-07-07T15:48:28Z,,,,,,,,,,,,4145.5
2026-07-07T15:48:28Z,,,,,,,,,,,,4147.1
2026-07-07T15:48:28Z,51.553310,-0.072869,15.5,0.9,1.7,99.9,10,1,3,0.67,191.3,4149.2
2026-07-07T15:48:28Z,,,,,,,,,,,,4153.2
2026-07-07T15:48:28Z,,,,,,,,,,,,4159.2
2026-07-07T15:48:28Z,,,,,,,,,,,,4166.4
2026-07-07T15:48:28Z,,,,,,,,,,,,4173.9
2026-07-07T15:48:28Z,51.553310,-0.072869,15.6,0.9,1.7,99.9,10,1,3,0.00,191.3,4178.2
2026-07-07T15:48:28Z,,,,,,,,,,,,4179.8
2026-07-07T15:48:29Z,,,,,,,,,,,,4180.7
2026-07-07T15:48:29Z,,,,,,,,,,,,4181.0
2026-07-07T15:48:29Z,,,,,,,,,,,,4180.8
2026-07-07T15:48:29Z,51.553310,-0.072870,15.8,0.9,1.7,99.9,10,1,3,0.00,191.3,4178.9
2026-07-07T15:48:29Z,,,,,,,,,,,,4174.5
2026-07-07T15:48:29Z,,,,,,,,,,,,4169.7
2026-07-07T15:48:29Z,,,,,,,,,,,,4165.5
2026-07-07T15:48:29Z,,,,,,,,,,,,4162.2
2026-07-07T15:48:29Z,51.553307,-0.072871,15.8,0.9,1.7,99.9,10,1,3,0.00,191.3,4159.4
2026-07-07T15:48:29Z,,,,,,,,,,,,4154.5
2026-07-07T15:48:30Z,,,,,,,,,,,,4148.9
2026-07-07T15:48:30Z,,,,,,,,,,,,4144.5
2026-07-07T15:48:30Z,,,,,,,,,,,,4141.8
2026-07-07T15:48:30Z,51.553307,-0.072871,15.9,0.9,1.7,99.9,10,1,3,0.00,191.3,4139.4
2026-07-07T15:48:30Z,,,,,,,,,,,,4137.6
2026-07-07T15:48:30Z,,,,,,,,,,,,4136.4
2026-07-07T15:48:30Z,,,,,,,,,,,,4134.3
2026-07-07T15:48:30Z,,,,,,,,,,,,4131.9
2026-07-07T15:48:30Z,51.553307,-0.072872,15.9,0.9,1.5,99.9,11,1,3,0.00,191.3,4129.9
2026-07-07T15:48:30Z,,,,,,,,,,,,4127.8
2026-07-07T15:48:31Z,,,,,,,,,,,,4126.2
2026-07-07T15:48:31Z,,,,,,,,,,,,4124.0
2026-07-07T15:48:31Z,,,,,,,,,,,,4123.1
2026-07-07T15:48:31Z,51.553307,-0.072872,16.0,0.9,1.5,99.9,11,1,3,0.00,191.3,4124.0
2026-07-07T15:48:31Z,,,,,,,,,,,,4126.8
2026-07-07T15:48:31Z,,,,,,,,,,,,4131.5
2026-07-07T15:48:31Z,,,,,,,,,,,,4138.2
2026-07-07T15:48:31Z,,,,,,,,,,,,4147.2
2026-07-07T15:48:31Z,51.553307,-0.072873,16.0,0.9,1.5,99.9,11,1,3,0.00,191.3,4157.6
2026-07-07T15:48:31Z,,,,,,,,,,,,4168.7
2026-07-07T15:48:32Z,,,,,,,,,,,,4176.8
2026-07-07T15:48:32Z,,,,,,,,,,,,4183.9
2026-07-07T15:48:32Z,,,,,,,,,,,,4189.2
2026-07-07T15:48:32Z,51.553310,-0.072876,15.4,0.9,1.5,99.9,11,1,3,1.43,191.3,4194.9
2026-07-07T15:48:32Z,,,,,,,,,,,,4200.3
2026-07-07T15:48:32Z,,,,,,,,,,,,4202.7
2026-07-07T15:48:32Z,,,,,,,,,,,,4203.1
2026-07-07T15:48:32Z,,,,,,,,,,,,4201.5
2026-07-07T15:48:32Z,51.553314,-0.072879,15.0,0.9,1.5,99.9,11,1,3,1.32,191.3,4198.5
2026-07-07T15:48:32Z,,,,,,,,,,,,4194.1
2026-07-07T15:48:33Z,,,,,,,,,,,,4189.5
2026-07-07T15:48:33Z,,,,,,,,,,,,4184.6
2026-07-07T15:48:33Z,,,,,,,,,,,,4178.2
2026-07-07T15:48:33Z,51.553318,-0.072881,14.6,0.9,1.5,99.9,11,1,3,0.97,191.3,4170.2
2026-07-07T15:48:33Z,,,,,,,,,,,,4163.2
2026-07-07T15:48:33Z,,,,,,,,,,,,4158.7
2026-07-07T15:48:33Z,,,,,,,,,,,,4156.0
2026-07-07T15:48:33Z,,,,,,,,,,,,4154.3
2026-07-07T15:48:33Z,51.553322,-0.072883,14.1,0.9,1.5,99.9,11,1,3,1.47,191.3,4151.7
2026-07-07T15:48:33Z,,,,,,,,,,,,4149.0
2026-07-07T15:48:34Z,,,,,,,,,,,,4147.8
2026-07-07T15:48:34Z,,,,,,,,,,,,4148.7
2026-07-07T15:48:34Z,,,,,,,,,,,,4151.8
2026-07-07T15:48:34Z,51.553322,-0.072886,13.9,0.9,1.5,99.9,11,1,3,1.37,191.3,4157.2
2026-07-07T15:48:34Z,,,,,,,,,,,,4164.0
2026-07-07T15:48:34Z,,,,,,,,,,,,4170.9
2026-07-07T15:48:34Z,,,,,,,,,,,,4179.9
2026-07-07T15:48:34Z,,,,,,,,,,,,4190.5
2026-07-07T15:48:34Z,51.553326,-0.072887,13.4,0.9,1.5,99.9,11,1,3,1.29,191.3,4200.5
2026-07-07T15:48:34Z,,,,,,,,,,,,4210.3
2026-07-07T15:48:35Z,,,,,,,,,,,,4215.7
2026-07-07T15:48:35Z,,,,,,,,,,,,4217.9
2026-07-07T15:48:35Z,,,,,,,,,,,,4219.4
2026-07-07T15:48:35Z,51.553329,-0.072889,13.1,0.9,1.5,99.9,11,1,3,1.56,191.3,4219.6
2026-07-07T15:48:35Z,,,,,,,,,,,,4219.5
2026-07-07T15:48:35Z,,,,,,,,,,,,4217.7
2026-07-07T15:48:35Z,,,,,,,,,,,,4214.1
2026-07-07T15:48:35Z,,,,,,,,,,,,4211.6
2026-07-07T15:48:35Z,51.553333,-0.072891,12.8,0.9,1.5,99.9,11,1,3,1.73,191.3,4211.0
2026-07-07T15:48:35Z,,,,,,,,,,,,4210.7
2026-07-07T15:48:36Z,,,,,,,,,,,,4210.5
2026-07-07T15:48:36Z,,,,,,,,,,,,4209.8
2026-07-07T15:48:36Z,,,,,,,,,,,,4208.9
2026-07-07T15:48:36Z,51.553337,-0.072893,12.5,0.9,1.5,99.9,11,1,3,1.64,191.3,4207.7
2026-07-07T15:48:36Z,,,,,,,,,,,,4205.7
2026-07-07T15:48:36Z,,,,,,,,,,,,4203.9
2026-07-07T15:48:36Z,,,,,,,,,,,,4202.5
2026-07-07T15:48:36Z,,,,,,,,,,,,4201.0
2026-07-07T15:48:36Z,51.553341,-0.072894,12.2,0.9,1.5,99.9,11,1,3,1.56,191.3,4197.3
2026-07-07T15:48:36Z,,,,,,,,,,,,4191.7
2026-07-07T15:48:37Z,,,,,,,,,,,,4187.3
2026-07-07T15:48:37Z,,,,,,,,,,,,4183.2
2026-07-07T15:48:37Z,,,,,,,,,,,,4179.1
2026-07-07T15:48:37Z,51.553341,-0.072895,12.3,0.9,1.5,99.9,11,1,3,0.00,191.3,4173.6
2026-07-07T15:48:37Z,,,,,,,,,,,,4166.7
2026-07-07T15:48:37Z,,,,,,,,,,,,4159.4
2026-07-07T15:48:37Z,,,,,,,,,,,,4153.4
2026-07-07T15:48:37Z,,,,,,,,,,,,4147.8
2026-07-07T15:48:37Z,51.553341,-0.072896,12.3,0.9,1.5,99.9,11,1,3,0.00,191.3,4141.8
2026-07-07T15:48:37Z,,,,,,,,,,,,4134.8
2026-07-07T15:48:38Z,,,,,,,,,,,,4128.2
2026-07-07T15:48:38Z,,,,,,,,,,,,4120.8
2026-07-07T15:48:38Z,,,,,,,,,,,,4115.0
2026-07-07T15:48:38Z,51.553341,-0.072897,12.3,0.9,1.5,99.9,11,1,3,0.00,191.3,4110.9
2026-07-07T15:48:38Z,,,,,,,,,,,,4107.3
2026-07-07T15:48:38Z,,,,,,,,,,,,4103.9
2026-07-07T15:48:38Z,,,,,,,,,,,,4100.9
2026-07-07T15:48:38Z,,,,,,,,,,,,4098.2
2026-07-07T15:48:38Z,51.553345,-0.072898,12.4,0.9,1.5,99.9,11,1,3,0.00,191.3,4095.7
2026-07-07T15:48:38Z,,,,,,,,,,,,4093.4
2026-07-07T15:48:39Z,,,,,,,,,,,,4092.0
2026-07-07T15:48:39Z,,,,,,,,,,,,4089.5
2026-07-07T15:48:39Z,,,,,,,,,,,,4087.5
2026-07-07T15:48:39Z,51.553345,-0.072899,12.4,0.9,1.5,99.9,11,1,3,0.00,191.3,4087.6
2026-07-07T15:48:39Z,,,,,,,,,,,,4088.9
2026-07-07T15:48:39Z,,,,,,,,,,,,4090.3
2026-07-07T15:48:39Z,,,,,,,,,,,,4090.4
2026-07-07T15:48:39Z,,,,,,,,,,,,4089.0
2026-07-07T15:48:39Z,51.553345,-0.072900,12.4,0.9,1.5,99.9,11,1,3,0.00,191.3,4087.0
2026-07-07T15:48:39Z,,,,,,,,,,,,4085.2
2026-07-07T15:48:40Z,,,,,,,,,,,,4084.1
2026-07-07T15:48:40Z,,,,,,,,,,,,4082.5
2026-07-07T15:48:40Z,,,,,,,,,,,,4079.7
2026-07-07T15:48:40Z,51.553345,-0.072901,12.5,0.9,1.5,99.9,11,1,3,0.00,191.3,4077.2
2026-07-07T15:48:40Z,,,,,,,,,,,,4076.3
2026-07-07T15:48:40Z,,,,,,,,,,,,4077.6
2026-07-07T15:48:40Z,,,,,,,,,,,,4080.8
2026-07-07T15:48:40Z,,,,,,,,,,,,4084.8
2026-07-07T15:48:40Z,51.553345,-0.072902,12.5,0.9,1.5,99.9,12,1,3,0.00,191.3,4088.3
2026-07-07T15:48:40Z,,,,,,,,,,,,4092.0
2026-07-07T15:48:41Z,,,,,,,,,,,,4095.3
2026-07-07T15:48:41Z,,,,,,,,,,,,4099.1
2026-07-07T15:48:41Z,,,,,,,,,,,,4102.1
2026-07-07T15:48:41Z,51.553345,-0.072903,12.5,0.9,1.5,99.9,12,1,3,0.00,191.3,4102.8
2026-07-07T15:48:41Z,,,,,,,,,,,,4102.4
2026-07-07T15:48:41Z,,,,,,,,,,,,4102.2
2026-07-07T15:48:41Z,,,,,,,,,,,,4103.4
2026-07-07T15:48:41Z,,,,,,,,,,,,4108.0
2026-07-07T15:48:41Z,51.553345,-0.072904,12.5,0.9,1.5,99.9,12,1,3,0.00,191.3,4114.5
2026-07-07T15:48:41Z,,,,,,,,,,,,4122.0
2026-07-07T15:48:42Z,,,,,,,,,,,,4129.2
2026-07-07T15:48:42Z,,,,,,,,,,,,4138.8
2026-07-07T15:48:42Z,,,,,,,,,,,,4150.2
2026-07-07T15:48:42Z,51.553345,-0.072906,12.6,0.9,1.5,99.9,12,1,3,0.00,191.3,4160.6
2026-07-07T15:48:42Z,,,,,,,,,,,,4167.6
2026-07-07T15:48:42Z,,,,,,,,,,,,4170.6
2026-07-07T15:48:42Z,,,,,,,,,,,,4172.2
2026-07-07T15:48:42Z,,,,,,,,,,,,4174.2
2026-07-07T15:48:42Z,51.553345,-0.072907,12.7,0.9,1.5,99.9,12,1,3,0.00,191.3,4175.4
2026-07-07T15:48:42Z,,,,,,,,,,,,4175.0
2026-07-07T15:48:43Z,,,,,,,,,,,,4172.1
2026-07-07T15:48:43Z,,,,,,,,,,,,4166.8
2026-07-07T15:48:43Z,,,,,,,,,,,,4161.9
2026-07-07T15:48:43Z,51.553345,-0.072908,12.6,0.9,1.5,99.9,12,1,3,0.00,191.3,4157.6
2026-07-07T15:48:43Z,,,,,,,,,,,,4152.6
2026-07-07T15:48:43Z,,,,,,,,,,,,4146.2
2026-07-07T15:48:43Z,,,,,,,,,,,,4138.6
2026-07-07T15:48:43Z,,,,,,,,,,,,4130.7
2026-07-07T15:48:43Z,51.553349,-0.072918,12.6,0.9,1.5,99.9,12,1,3,2.42,287.0,4124.7
2026-07-07T15:48:43Z,,,,,,,,,,,,4120.2
2026-07-07T15:48:44Z,,,,,,,,,,,,4116.0
2026-07-07T15:48:44Z,,,,,,,,,,,,4110.4
2026-07-07T15:48:44Z,,,,,,,,,,,,4104.9
2026-07-07T15:48:44Z,51.553352,-0.072928,12.3,0.9,1.5,99.9,12,1,3,2.65,309.5,4101.5
2026-07-07T15:48:44Z,,,,,,,,,,,,4098.5
2026-07-07T15:48:44Z,,,,,,,,,,,,4095.8
2026-07-07T15:48:44Z,,,,,,,,,,,,4094.6
2026-07-07T15:48:44Z,,,,,,,,,,,,4094.9
2026-07-07T15:48:44Z,51.553352,-0.072929,12.2,0.9,1.5,99.9,12,1,3,0.00,309.5,4096.1
2026-07-07T15:48:44Z,,,,,,,,,,,,4098.5
2026-07-07T15:48:45Z,,,,,,,,,,,,4101.5
2026-07-07T15:48:45Z,,,,,,,,,,,,4106.0
2026-07-07T15:48:45Z,,,,,,,,,,,,4111.0
2026-07-07T15:48:45Z,51.553352,-0.072931,12.1,0.9,1.5,99.9,12,1,3,0.00,309.5,4116.6
2026-07-07T15:48:45Z,,,,,,,,,,,,4122.5
2026-07-07T15:48:45Z,,,,,,,,,,,,4127.9
2026-07-07T15:48:45Z,,,,,,,,,,,,4133.5
2026-07-07T15:48:45Z,,,,,,,,,,,,4138.8
2026-07-07T15:48:45Z,51.553352,-0.072932,12.1,0.9,1.5,99.9,12,1,3,0.00,309.5,4142.1
2026-07-07T15:48:45Z,,,,,,,,,,,,4143.0
2026-07-07T15:48:46Z,,,,,,,,,,,,4143.2
2026-07-07T15:48:46Z,,,,,,,,,,,,4143.6
2026-07-07T15:48:46Z,,,,,,,,,,,,4143.6
2026-07-07T15:48:46Z,51.553352,-0.072934,12.2,0.9,1.5,99.9,12,1,3,0.00,309.5,4143.8
2026-07-07T15:48:46Z,,,,,,,,,,,,4143.7
2026-07-07T15:48:46Z,,,,,,,,,,,,4143.2
2026-07-07T15:48:46Z,,,,,,,,,,,,4142.6
2026-07-07T15:48:46Z,,,,,,,,,,,,4141.4
2026-07-07T15:48:46Z,51.553352,-0.072935,12.1,0.9,1.5,99.9,12,1,3,0.00,309.5,4140.1
2026-07-07T15:48:46Z,,,,,,,,,,,,4137.9
2026-07-07T15:48:47Z,,,,,,,,,,,,4133.9
2026-07-07T15:48:47Z,,,,,,,,,,,,4129.0
2026-07-07T15:48:47Z,,,,,,,,,,,,4124.9
2026-07-07T15:48:47Z,51.553352,-0.072936,12.2,0.9,1.5,99.9,12,1,3,0.00,309.5,4121.1
2026-07-07T15:48:47Z,,,,,,,,,,,,4117.5
2026-07-07T15:48:47Z,,,,,,,,,,,,4113.2
2026-07-07T15:48:47Z,,,,,,,,,,,,4107.4
2026-07-07T15:48:47Z,,,,,,,,,,,,4102.2
2026-07-07T15:48:47Z,51.553352,-0.072936,12.2,0.9,1.5,99.9,12,1,3,0.00,309.5,4098.2
2026-07-07T15:48:47Z,,,,,,,,,,,,4093.5
2026-07-07T15:48:48Z,,,,,,,,,,,,4088.7
2026-07-07T15:48:48Z,,,,,,,,,,,,4083.6
2026-07-07T15:48:48Z,,,,,,,,,,,,4077.8
2026-07-07T15:48:48Z,51.553352,-0.072937,12.3,0.9,1.5,99.9,12,1,3,0.00,309.5,4072.9
2026-07-07T15:48:48Z,,,,,,,,,,,,4068.7
2026-07-07T15:48:48Z,,,,,,,,,,,,4064.6
2026-07-07T15:48:48Z,,,,,,,,,,,,4060.6
2026-07-07T15:48:48Z,,,,,,,,,,,,4056.3
2026-07-07T15:48:48Z,51.553352,-0.072938,12.4,0.9,1.5,99.9,12,1,3,0.00,309.5,4052.5
2026-07-07T15:48:48Z,,,,,,,,,,,,4048.9
2026-07-07T15:48:49Z,,,,,,,,,,,,4044.9
2026-07-07T15:48:49Z,,,,,,,,,,,,4040.1
2026-07-07T15:48:49Z,,,,,,,,,,,,4035.9
2026-07-07T15:48:49Z,51.553352,-0.072939,12.4,0.9,1.5,99.9,12,1,3,0.00,309.5,4031.3
2026-07-07T15:48:49Z,,,,,,,,,,,,4026.9
2026-07-07T15:48:49Z,,,,,,,,,,,,4023.8
2026-07-07T15:48:49Z,,,,,,,,,,,,4021.6
2026-07-07T15:48:49Z,,,,,,,,,,,,4021.5
2026-07-07T15:48:49Z,51.553352,-0.072940,12.5,0.9,1.5,99.9,12,1,3,0.00,309.5,4023.1
2026-07-07T15:48:49Z,,,,,,,,,,,,4024.1
2026-07-07T15:48:50Z,,,,,,,,,,,,4025.5
2026-07-07T15:48:50Z,,,,,,,,,,,,4028.7
2026-07-07T15:48:50Z,,,,,,,,,,,,4031.6
2026-07-07T15:48:50Z,51.553352,-0.072940,12.6,0.9,1.5,99.9,12,1,3,0.00,309.5,4034.5
2026-07-07T15:48:50Z,,,,,,,,,,,,4037.2
2026-07-07T15:48:50Z,,,,,,,,,,,,4038.2
2026-07-07T15:48:50Z,,,,,,,,,,,,4039.2
2026-07-07T15:48:50Z,,,,,,,,,,,,4040.0
2026-07-07T15:48:50Z,51.553352,-0.072940,12.7,0.9,1.5,99.9,12,1,3,0.00,309.5,4040.3
2026-07-07T15:48:50Z,,,,,,,,,,,,4039.6
2026-07-07T15:48:51Z,,,,,,,,,,,,4037.1
2026-07-07T15:48:51Z,,,,,,,,,,,,4034.4
2026-07-07T15:48:51Z,,,,,,,,,,,,4032.0
2026-07-07T15:48:51Z,51.553349,-0.072940,12.8,0.9,1.5,99.9,12,1,3,0.00,309.5,4029.2
2026-07-07T15:48:51Z,,,,,,,,,,,,4026.2
2026-07-07T15:48:51Z,,,,,,,,,,,,4023.1
2026-07-07T15:48:51Z,,,,,,,,,,,,4019.4
2026-07-07T15:48:51Z,,,,,,,,,,,,4016.0
2026-07-07T15:48:51Z,51.553349,-0.072940,12.9,0.9,1.5,99.9,12,1,3,0.00,309.5,4014.2
2026-07-07T15:48:51Z,,,,,,,,,,,,4012.5
2026-07-07T15:48:52Z,,,,,,,,,,,,4010.7
2026-07-07T15:48:52Z,,,,,,,,,,,,4008.5
2026-07-07T15:48:52Z,,,,,,,,,,,,4006.2
2026-07-07T15:48:52Z,51.553349,-0.072941,13.0,0.9,1.5,99.9,12,1,3,0.00,309.5,4004.7
2026-07-07T15:48:52Z,,,,,,,,,,,,4003.5
2026-07-07T15:48:52Z,,,,,,,,,,,,4002.3
2026-07-07T15:48:52Z,,,,,,,,,,,,4000.1
2026-07-07T15:48:52Z,,,,,,,,,,,,3997.5
2026-07-07T15:48:52Z,51.553349,-0.072941,13.2,0.9,1.5,99.9,12,1,3,0.00,309.5,3995.5
2026-07-07T15:48:52Z,,,,,,,,,,,,3993.8
2026-07-07T15:48:53Z,,,,,,,,,,,,3991.5
2026-07-07T15:48:53Z,,,,,,,,,,,,3988.9
2026-07-07T15:48:53Z,,,,,,,,,,,,3985.9
2026-07-07T15:48:53Z,51.553349,-0.072942,13.3,1.0,1.5,99.9,11,1,3,0.00,309.5,3983.0
2026-07-07T15:48:53Z,,,,,,,,,,,,3980.4
2026-07-07T15:48:53Z,,,,,,,,,,,,3977.5
2026-07-07T15:48:53Z,,,,,,,,,,,,3974.6
2026-07-07T15:48:53Z,,,,,,,,,,,,3971.3
2026-07-07T15:48:53Z,51.553349,-0.072943,13.4,1.0,1.5,99.9,11,1,3,0.00,309.5,3968.3
2026-07-07T15:48:53Z,,,,,,,,,,,,3965.6
2026-07-07T15:48:54Z,,,,,,,,,,,,3963.3
2026-07-07T15:48:54Z,,,,,,,,,,,,3961.4
2026-07-07T15:48:54Z,,,,,,,,,,,,3960.2
2026-07-07T15:48:54Z,51.553349,-0.072943,13.6,1.0,1.5,99.9,11,1,3,0.00,309.5,3959.0
2026-07-07T15:48:54Z,,,,,,,,,,,,3958.6
2026-07-07T15:48:54Z,,,,,,,,,,,,3958.4
2026-07-07T15:48:54Z,,,,,,,,,,,,3958.4
2026-07-07T15:48:54Z,,,,,,,,,,,,3958.7
2026-07-07T15:48:54Z,51.553349,-0.072944,13.7,1.0,1.5,99.9,11,1,3,0.00,309.5,3958.1
2026-07-07T15:48:54Z,,,,,,,,,,,,3956.7
2026-07-07T15:48:55Z,,,,,,,,,,,,3955.6
2026-07-07T15:48:55Z,,,,,,,,,,,,3954.2
2026-07-07T15:48:55Z,,,,,,,,,,,,3952.7
2026-07-07T15:48:55Z,51.553349,-0.072944,13.9,1.0,1.5,99.9,11,1,3,0.00,309.5,3950.0
2026-07-07T15:48:55Z,,,,,,,,,,,,3946.6
2026-07-07T15:48:55Z,,,,,,,,,,,,3945.3
2026-07-07T15:48:55Z,,,,,,,,,,,,3944.0
2026-07-07T15:48:55Z,,,,,,,,,,,,3941.4
2026-07-07T15:48:55Z,51.553345,-0.072945,14.0,1.0,1.5,99.9,11,1,3,0.00,309.5,3939.3
2026-07-07T15:48:55Z,,,,,,,,,,,,3936.2
2026-07-07T15:48:56Z,,,,,,,,,,,,3932.7
2026-07-07T15:48:56Z,,,,,,,,,,,,3930.1
2026-07-07T15:48:56Z,,,,,,,,,,,,3929.5
2026-07-07T15:48:56Z,51.553345,-0.072945,14.2,1.0,1.5,99.9,11,1,3,0.00,309.5,3928.9
2026-07-07T15:48:56Z,,,,,,,,,,,,3930.3
2026-07-07T15:48:56Z,,,,,,,,,,,,3932.9
2026-07-07T15:48:56Z,,,,,,,,,,,,3933.6
2026-07-07T15:48:56Z,,,,,,,,,,,,3933.3
2026-07-07T15:48:56Z,51.553345,-0.072946,14.4,1.0,1.5,99.9,11,1,3,0.00,309.5,3934.3
2026-07-07T15:48:56Z,,,,,,,,,,,,3936.3
2026-07-07T15:48:57Z,,,,,,,,,,,,3937.8
2026-07-07T15:48:57Z,,,,,,,,,,,,3939.0
2026-07-07T15:48:57Z,,,,,,,,,,,,3940.8
2026-07-07T15:48:57Z,51.553345,-0.072947,14.6,1.0,1.5,99.9,11,1,3,0.00,309.5,3944.8
2026-07-07T15:48:57Z,,,,,,,,,,,,3952.5
2026-07-07T15:48:57Z,,,,,,,,,,,,3962.5
2026-07-07T15:48:57Z,,,,,,,,,,,,3975.3
2026-07-07T15:48:57Z,,,,,,,,,,,,3991.4
2026-07-07T15:48:57Z,51.553345,-0.072947,14.7,1.0,1.5,99.9,11,1,3,0.00,309.5,4009.1
2026-07-07T15:48:57Z,,,,,,,,,,,,4027.5
2026-07-07T15:48:58Z,,,,,,,,,,,,4044.1
2026-07-07T15:48:58Z,,,,,,,,,,,,4060.3
2026-07-07T15:48:58Z,,,,,,,,,,,,4074.0
2026-07-07T15:48:58Z,51.553345,-0.072947,14.9,1.0,1.5,99.9,11,1,3,0.00,309.5,4085.2
2026-07-07T15:48:58Z,,,,,,,,,,,,4094.7
2026-07-07T15:48:58Z,,,,,,,,,,,,4099.9
2026-07-07T15:48:58Z,,,,,,,,,,,,4102.0
2026-07-07T15:48:58Z,,,,,,,,,,,,4103.4
2026-07-07T15:48:58Z,51.553345,-0.072947,15.0,1.0,1.5,99.9,11,1,3,0.00,309.5,4103.1
2026-07-07T15:48:58Z,,,,,,,,,,,,4101.1
2026-07-07T15:48:59Z,,,,,,,,,,,,4098.1
2026-07-07T15:48:59Z,,,,,,,,,,,,4093.2
2026-07-07T15:48:59Z,,,,,,,,,,,,4087.6
2026-07-07T15:48:59Z,51.553345,-0.072948,15.1,1.0,1.5,99.9,11,1,3,0.00,309.5,4081.1
2026-07-07T15:48:59Z,,,,,,,,,,,,4074.5
2026-07-07T15:48:59Z,,,,,,,,,,,,4068.7
2026-07-07T15:48:59Z,,,,,,,,,,,,4062.6
2026-07-07T15:48:59Z,,,,,,,,,,,,4055.9
2026-07-07T15:48:59Z,51.553341,-0.072946,15.3,1.0,1.5,99.9,11,1,3,1.51,309.5,4049.8
2026-07-07T15:48:59Z,,,,,,,,,,,,4043.5
2026-07-07T15:49:00Z,,,,,,,,,,,,4037.7
2026-07-07T15:49:00Z,,,,,,,,,,,,4031.4
2026-07-07T15:49:00Z,,,,,,,,,,,,4025.0
2026-07-07T15:49:00Z,51.553341,-0.072946,16.5,1.0,1.5,99.9,11,1,3,0.70,309.5,4018.1
2026-07-07T15:49:00Z,,,,,,,,,,,,4012.0
2026-07-07T15:49:00Z,,,,,,,,,,,,4006.2
2026-07-07T15:49:00Z,,,,,,,,,,,,4000.3
2026-07-07T15:49:00Z,,,,,,,,,,,,3995.2
2026-07-07T15:49:00Z,51.553337,-0.072946,16.9,1.0,1.5,99.9,11,1,3,0.33,309.5,3990.0
2026-07-07T15:49:00Z,,,,,,,,,,,,3984.0
2026-07-07T15:49:01Z,,,,,,,,,,,,3979.4
2026-07-07T15:49:01Z,,,,,,,,,,,,3974.4
2026-07-07T15:49:01Z,,,,,,,,,,,,3969.7
2026-07-07T15:49:01Z,51.553337,-0.072946,16.9,0.9,1.5,99.9,12,1,3,0.00,309.5,3965.1
2026-07-07T15:49:01Z,,,,,,,,,,,,3959.9
2026-07-07T15:49:01Z,,,,,,,,,,,,3954.8
2026-07-07T15:49:01Z,,,,,,,,,,,,3950.8
2026-07-07T15:49:01Z,,,,,,,,,,,,3947.1
2026-07-07T15:49:01Z,51.553337,-0.072946,16.9,0.9,1.5,99.9,12,1,3,0.00,309.5,3943.6
2026-07-07T15:49:01Z,,,,,,,,,,,,3940.7
2026-07-07T15:49:02Z,,,,,,,,,,,,3937.2
2026-07-07T15:49:02Z,,,,,,,,,,,,3933.4
2026-07-07T15:49:02Z,,,,,,,,,,,,3932.1
2026-07-07T15:49:02Z,51.553337,-0.072946,16.9,0.9,1.5,99.9,12,1,3,0.00,309.5,3932.2
2026-07-07T15:49:02Z,,,,,,,,,,,,3934.8
2026-07-07T15:49:02Z,,,,,,,,,,,,3940.1
2026-07-07T15:49:02Z,,,,,,,,,,,,3946.1
2026-07-07T15:49:02Z,,,,,,,,,,,,3954.0
2026-07-07T15:49:02Z,51.553337,-0.072946,16.9,0.9,1.5,99.9,12,1,3,0.00,309.5,3964.0
2026-07-07T15:49:02Z,,,,,,,,,,,,3975.1
2026-07-07T15:49:03Z,,,,,,,,,,,,3984.1
2026-07-07T15:49:03Z,,,,,,,,,,,,3992.9
2026-07-07T15:49:03Z,,,,,,,,,,,,3999.4
2026-07-07T15:49:03Z,51.553337,-0.072946,16.8,0.9,1.5,99.9,12,1,3,0.00,309.5,4003.9
2026-07-07T15:49:03Z,,,,,,,,,,,,4008.0
2026-07-07T15:49:03Z,,,,,,,,,,,,4010.3
2026-07-07T15:49:03Z,,,,,,,,,,,,4010.8
2026-07-07T15:49:03Z,,,,,,,,,,,,4009.0
2026-07-07T15:49:03Z,51.553337,-0.072947,16.7,0.9,1.5,99.9,12,1,3,0.00,309.5,4007.0
2026-07-07T15:49:03Z,,,,,,,,,,,,4004.6
2026-07-07T15:49:04Z,,,,,,,,,,,,4001.3
2026-07-07T15:49:04Z,,,,,,,,,,,,3997.8
2026-07-07T15:49:04Z,,,,,,,,,,,,3994.8
2026-07-07T15:49:04Z,51.553333,-0.072947,16.7,0.9,1.5,99.9,12,1,3,0.00,309.5,3990.5
2026-07-07T15:49:04Z,,,,,,,,,,,,3985.6
2026-07-07T15:49:04Z,,,,,,,,,,,,3982.1
2026-07-07T15:49:04Z,,,,,,,,,,,,3978.5
2026-07-07T15:49:04Z,,,,,,,,,,,,3974.9
2026-07-07T15:49:04Z,51.553333,-0.072947,16.8,0.9,1.5,99.9,12,1,3,0.00,309.5,3971.9
2026-07-07T15:49:04Z,,,,,,,,,,,,3968.3
2026-07-07T15:49:05Z,,,,,,,,,,,,3966.2
2026-07-07T15:49:05Z,,,,,,,,,,,,3965.6
2026-07-07T15:49:05Z,,,,,,,,,,,,3965.8
2026-07-07T15:49:05Z,51.553333,-0.072947,16.8,0.9,1.5,99.9,12,1,3,0.00,309.5,3965.3
2026-07-07T15:49:05Z,,,,,,,,,,,,3964.0
2026-07-07T15:49:05Z,,,,,,,,,,,,3964.7
2026-07-07T15:49:05Z,,,,,,,,,,,,3968.8
2026-07-07T15:49:05Z,,,,,,,,,,,,3976.1
2026-07-07T15:49:05Z,51.553333,-0.072947,16.9,0.9,1.5,99.9,12,1,3,0.00,309.5,3987.3
2026-07-07T15:49:05Z,,,,,,,,,,,,4001.9
2026-07-07T15:49:06Z,,,,,,,,,,,,4017.9
2026-07-07T15:49:06Z,,,,,,,,,,,,4039.1
2026-07-07T15:49:06Z,,,,,,,,,,,,4060.7
2026-07-07T15:49:06Z,51.553333,-0.072948,16.9,0.9,1.5,99.9,12,1,3,0.00,309.5,4072.8
2026-07-07T15:49:06Z,,,,,,,,,,,,4077.2
2026-07-07T15:49:06Z,,,,,,,,,,,,4081.2
2026-07-07T15:49:06Z,,,,,,,,,,,,4076.4
2026-07-07T15:49:06Z,,,,,,,,,,,,4066.2
2026-07-07T15:49:06Z,51.553333,-0.072948,17.0,0.9,1.5,99.9,12,1,3,0.00,309.5,4044.4
2026-07-07T15:49:06Z,,,,,,,,,,,,4008.9
2026-07-07T15:49:07Z,,,,,,,,,,,,3987.5
2026-07-07T15:49:07Z,,,,,,,,,,,,3976.4
2026-07-07T15:49:07Z,,,,,,,,,,,,3972.2
2026-07-07T15:49:07Z,51.553333,-0.072948,17.0,0.9,1.5,99.9,12,1,3,0.00,309.5,3975.5
2026-07-07T15:49:07Z,,,,,,,,,,,,3986.5
2026-07-07T15:49:07Z,,,,,,,,,,,,3997.1
2026-07-07T15:49:07Z,,,,,,,,,,,,4000.7
2026-07-07T15:49:07Z,,,,,,,,,,,,4002.7
2026-07-07T15:49:07Z,51.553333,-0.072948,17.1,0.9,1.5,99.9,12,1,3,0.00,309.5,4010.0
2026-07-07T15:49:07Z,,,,,,,,,,,,4020.1
2026-07-07T15:49:08Z,,,,,,,,,,,,4028.2
2026-07-07T15:49:08Z,,,,,,,,,,,,4041.5
2026-07-07T15:49:08Z,,,,,,,,,,,,4055.2
2026-07-07T15:49:08Z,51.553333,-0.072949,17.2,0.9,1.5,99.9,12,1,3,0.00,309.5,4066.3
2026-07-07T15:49:08Z,,,,,,,,,,,,4079.9
2026-07-07T15:49:08Z,,,,,,,,,,,,4092.2
2026-07-07T15:49:08Z,,,,,,,,,,,,4101.8
2026-07-07T15:49:08Z,,,,,,,,,,,,4110.1
2026-07-07T15:49:08Z,51.553329,-0.072949,17.3,0.9,1.5,99.9,12,1,3,0.00,309.5,4120.9
2026-07-07T15:49:08Z,,,,,,,,,,,,4131.6
2026-07-07T15:49:09Z,,,,,,,,,,,,4132.2
2026-07-07T15:49:09Z,,,,,,,,,,,,4132.9
2026-07-07T15:49:09Z,,,,,,,,,,,,4141.7
2026-07-07T15:49:09Z,51.553329,-0.072949,17.4,0.9,1.5,99.9,12,1,3,0.00,309.5,4153.8
2026-07-07T15:49:09Z,,,,,,,,,,,,4160.8
2026-07-07T15:49:09Z,,,,,,,,,,,,4162.0
2026-07-07T15:49:09Z,,,,,,,,,,,,4161.2
2026-07-07T15:49:09Z,,,,,,,,,,,,4159.6
2026-07-07T15:49:09Z,51.553329,-0.072950,17.5,0.9,1.5,99.9,12,1,3,0.00,309.5,4155.2
2026-07-07T15:49:09Z,,,,,,,,,,,,4147.6
2026-07-07T15:49:10Z,,,,,,,,,,,,4143.6
2026-07-07T15:49:10Z,,,,,,,,,,,,4139.7
2026-07-07T15:49:10Z,,,,,,,,,,,,4135.1
2026-07-07T15:49:10Z,51.553329,-0.072950,17.6,0.9,1.5,99.9,12,1,3,0.00,309.5,4130.3
2026-07-07T15:49:10Z,,,,,,,,,,,,4124.2
2026-07-07T15:49:10Z,,,,,,,,,,,,4117.4
2026-07-07T15:49:10Z,,,,,,,,,,,,4113.3
2026-07-07T15:49:10Z,,,,,,,,,,,,4113.4
2026-07-07T15:49:10Z,51.553329,-0.072951,17.7,0.9,1.5,99.9,12,1,3,0.00,309.5,4116.2
2026-07-07T15:49:10Z,,,,,,,,,,,,4120.4
2026-07-07T15:49:11Z,,,,,,,,,,,,4126.5
2026-07-07T15:49:11Z,,,,,,,,,,,,4137.6
2026-07-07T15:49:11Z,,,,,,,,,,,,4150.8
2026-07-07T15:49:11Z,51.553329,-0.072952,17.8,0.9,1.5,99.9,12,1,3,0.00,309.5,4164.4
2026-07-07T15:49:11Z,,,,,,,,,,,,4177.7
2026-07-07T15:49:11Z,,,,,,,,,,,,4189.8
2026-07-07T15:49:11Z,,,,,,,,,,,,4201.8
2026-07-07T15:49:11Z,,,,,,,,,,,,4212.9
2026-07-07T15:49:11Z,51.553329,-0.072952,17.9,0.9,1.5,99.9,12,1,3,0.00,309.5,4221.8
2026-07-07T15:49:11Z,,,,,,,,,,,,4228.3
2026-07-07T15:49:12Z,,,,,,,,,,,,4229.9
2026-07-07T15:49:12Z,,,,,,,,,,,,4229.2
2026-07-07T15:49:12Z,,,,,,,,,,,,4227.4
2026-07-07T15:49:12Z,51.553329,-0.072953,18.0,0.9,1.5,99.9,12,1,3,0.00,309.5,4223.7
2026-07-07T15:49:12Z,,,,,,,,,,,,4218.3
2026-07-07T15:49:12Z,,,,,,,,,,,,4211.9
2026-07-07T15:49:12Z,,,,,,,,,,,,4204.4
2026-07-07T15:49:12Z,,,,,,,,,,,,4195.7
2026-07-07T15:49:12Z,51.553329,-0.072953,18.1,0.9,1.5,99.9,12,1,3,0.00,309.5,4187.7
2026-07-07T15:49:12Z,,,,,,,,,,,,4179.4
2026-07-07T15:49:13Z,,,,,,,,,,,,4172.0
2026-07-07T15:49:13Z,,,,,,,,,,,,4163.7
2026-07-07T15:49:13Z,,,,,,,,,,,,4156.8
2026-07-07T15:49:13Z,51.553329,-0.072954,18.2,0.9,1.5,99.9,12,1,3,0.00,309.5,4151.3
2026-07-07T15:49:13Z,,,,,,,,,,,,4148.0
2026-07-07T15:49:13Z,,,,,,,,,,,,4145.7
2026-07-07T15:49:13Z,,,,,,,,,,,,4143.9
2026-07-07T15:49:13Z,,,,,,,,,,,,4141.8
2026-07-07T15:49:13Z,51.553329,-0.072954,18.3,0.9,1.5,99.9,12,1,3,0.00,309.5,4139.6
2026-07-07T15:49:13Z,,,,,,,,,,,,4138.2
2026-07-07T15:49:14Z,,,,,,,,,,,,4136.4
2026-07-07T15:49:14Z,,,,,,,,,,,,4133.7
2026-07-07T15:49:14Z,,,,,,,,,,,,4130.7
2026-07-07T15:49:14Z,51.553329,-0.072955,18.4,0.9,1.5,99.9,12,1,3,0.00,309.5,4126.5
2026-07-07T15:49:14Z,,,,,,,,,,,,4121.8
2026-07-07T15:49:14Z,,,,,,,,,,,,4118.1
2026-07-07T15:49:14Z,,,,,,,,,,,,4113.9
2026-07-07T15:49:14Z,,,,,,,,,,,,4109.1
2026-07-07T15:49:14Z,51.553329,-0.072956,18.5,0.9,1.5,99.9,12,1,3,0.00,309.5,4103.3
2026-07-07T15:49:14Z,,,,,,,,,,,,4096.8
2026-07-07T15:49:15Z,,,,,,,,,,,,4091.6
2026-07-07T15:49:15Z,,,,,,,,,,,,4085.4
2026-07-07T15:49:15Z,,,,,,,,,,,,4079.2
2026-07-07T15:49:15Z,51.553329,-0.072956,18.6,0.9,1.5,99.9,12,1,3,0.00,309.5,4073.0
2026-07-07T15:49:15Z,,,,,,,,,,,,4066.4
2026-07-07T15:49:15Z,,,,,,,,,,,,4060.4
2026-07-07T15:49:15Z,,,,,,,,,,,,4055.2
2026-07-07T15:49:15Z,,,,,,,,,,,,4050.3
2026-07-07T15:49:15Z,51.553329,-0.072957,18.7,0.9,1.5,99.9,12,1,3,0.00,309.5,4046.1
2026-07-07T15:49:15Z,,,,,,,,,,,,4041.5
2026-07-07T15:49:16Z,,,,,,,,,,,,4037.2
2026-07-07T15:49:16Z,,,,,,,,,,,,4033.4
2026-07-07T15:49:16Z,,,,,,,,,,,,4030.2
2026-07-07T15:49:16Z,51.553329,-0.072957,18.8,0.9,1.5,99.9,12,1,3,0.00,309.5,4026.7
2026-07-07T15:49:16Z,,,,,,,,,,,,4023.6
2026-07-07T15:49:16Z,,,,,,,,,,,,4021.0
2026-07-07T15:49:16Z,,,,,,,,,,,,4019.1
2026-07-07T15:49:16Z,,,,,,,,,,,,4018.2
2026-07-07T15:49:16Z,51.553329,-0.072958,18.8,0.9,1.5,99.9,12,1,3,0.00,309.5,4018.7
2026-07-07T15:49:16Z,,,,,,,,,,,,4018.3
2026-07-07T15:49:17Z,,,,,,,,,,,,4017.0
2026-07-07T15:49:17Z,,,,,,,,,,,,4016.6
2026-07-07T15:49:17Z,,,,,,,,,,,,4016.1
2026-07-07T15:49:17Z,51.553329,-0.072958,18.9,0.9,1.5,99.9,12,1,3,0.00,309.5,4016.4
2026-07-07T15:49:17Z,,,,,,,,,,,,4016.6
2026-07-07T15:49:17Z,,,,,,,,,,,,4014.4
2026-07-07T15:49:17Z,,,,,,,,,,,,4011.9
2026-07-07T15:49:17Z,,,,,,,,,,,,4011.0
2026-07-07T15:49:17Z,51.553329,-0.072958,19.0,0.9,1.5,99.9,12,1,3,0.00,309.5,4007.4
2026-07-07T15:49:17Z,,,,,,,,,,,,4004.5
2026-07-07T15:49:18Z,,,,,,,,,,,,4006.9
2026-07-07T15:49:18Z,,,,,,,,,,,,4010.6
2026-07-07T15:49:18Z,,,,,,,,,,,,4016.2
2026-07-07T15:49:18Z,51.553329,-0.072959,19.1,0.9,1.5,99.9,12,1,3,0.00,309.5,4018.2
2026-07-07T15:49:18Z,,,,,,,,,,,,4015.0
2026-07-07T15:49:18Z,,,,,,,,,,,,4012.6
2026-07-07T15:49:18Z,,,,,,,,,,,,4010.1
2026-07-07T15:49:18Z,,,,,,,,,,,,4004.5
2026-07-07T15:49:18Z,51.553329,-0.072959,19.1,0.9,1.5,99.9,12,1,3,0.00,309.5,4001.1
2026-07-07T15:49:18Z,,,,,,,,,,,,4002.4
2026-07-07T15:49:19Z,,,,,,,,,,,,4004.8
2026-07-07T15:49:19Z,,,,,,,,,,,,4006.2
2026-07-07T15:49:19Z,,,,,,,,,,,,4004.6
2026-07-07T15:49:19Z,51.553329,-0.072960,19.1,0.9,1.5,99.9,12,1,3,0.00,309.5,4000.6
2026-07-07T15:49:19Z,,,,,,,,,,,,3997.2
2026-07-07T15:49:19Z,,,,,,,,,,,,3988.0
2026-07-07T15:49:19Z,,,,,,,,,,,,3973.4
2026-07-07T15:49:19Z,,,,,,,,,,,,3958.4
2026-07-07T15:49:19Z,51.553329,-0.072960,19.2,0.9,1.5,99.9,12,1,3,0.00,309.5,3950.5
2026-07-07T15:49:19Z,,,,,,,,,,,,3949.6
2026-07-07T15:49:20Z,,,,,,,,,,,,3955.0
2026-07-07T15:49:20Z,,,,,,,,,,,,3962.5
2026-07-07T15:49:20Z,,,,,,,,,,,,3961.9
2026-07-07T15:49:20Z,51.553329,-0.072960,19.2,0.9,1.5,99.9,12,1,3,0.00,309.5,3958.1
2026-07-07T15:49:20Z,,,,,,,,,,,,3955.8
2026-07-07T15:49:20Z,,,,,,,,,,,,3952.2
2026-07-07T15:49:20Z,,,,,,,,,,,,3949.9
2026-07-07T15:49:20Z,,,,,,,,,,,,3952.6
2026-07-07T15:49:20Z,51.553329,-0.072960,19.2,0.9,1.5,99.9,12,1,3,0.00,309.5,3959.4
2026-07-07T15:49:20Z,,,,,,,,,,,,3963.4
2026-07-07T15:49:21Z,,,,,,,,,,,,3964.8
2026-07-07T15:49:21Z,,,,,,,,,,,,3969.6
2026-07-07T15:49:21Z,,,,,,,,,,,,3977.6
2026-07-07T15:49:21Z,51.553329,-0.072961,19.3,0.9,1.5,99.9,12,1,3,0.00,309.5,3986.8
2026-07-07T15:49:21Z,,,,,,,,,,,,3996.9
2026-07-07T15:49:21Z,,,,,,,,,,,,4005.4
2026-07-07T15:49:21Z,,,,,,,,,,,,4011.7
2026-07-07T15:49:21Z,,,,,,,,,,,,4017.2
2026-07-07T15:49:21Z,51.553329,-0.072961,19.3,0.9,1.5,99.9,12,1,3,0.00,309.5,4022.5
2026-07-07T15:49:21Z,,,,,,,,,,,,4026.9
2026-07-07T15:49:22Z,,,,,,,,,,,,4029.1
2026-07-07T15:49:22Z,,,,,,,,,,,,4029.6
2026-07-07T15:49:22Z,,,,,,,,,,,,4030.1
2026-07-07T15:49:22Z,51.553329,-0.072961,19.3,0.9,1.5,99.9,12,1,3,0.00,309.5,4029.9
2026-07-07T15:49:22Z,,,,,,,,,,,,4027.1
2026-07-07T15:49:22Z,,,,,,,,,,,,4023.2
2026-07-07T15:49:22Z,,,,,,,,,,,,4018.8
2026-07-07T15:49:22Z,,,,,,,,,,,,4014.7
2026-07-07T15:49:22Z,51.553329,-0.072961,19.3,0.9,1.5,99.9,12,1,3,0.00,309.5,4010.1
2026-07-07T15:49:22Z,,,,,,,,,,,,4004.1
2026-07-07T15:49:23Z,,,,,,,,,,,,3998.5
2026-07-07T15:49:23Z,,,,,,,,,,,,3992.7
2026-07-07T15:49:23Z,,,,,,,,,,,,3988.3
2026-07-07T15:49:23Z,51.553329,-0.072961,19.3,0.9,1.5,99.9,12,1,3,0.00,309.5,3983.9
2026-07-07T15:49:23Z,,,,,,,,,,,,3980.3
2026-07-07T15:49:23Z,,,,,,,,,,,,3978.7
2026-07-07T15:49:23Z,,,,,,,,,,,,3978.7
2026-07-07T15:49:23Z,,,,,,,,,,,,3978.8
2026-07-07T15:49:23Z,51.553329,-0.072961,19.3,0.9,1.5,99.9,12,1,3,0.00,309.5,3977.8
2026-07-07T15:49:23Z,,,,,,,,,,,,3977.1
2026-07-07T15:49:24Z,,,,,,,,,,,,3976.8
2026-07-07T15:49:24Z,,,,,,,,,,,,3975.9
2026-07-07T15:49:24Z,,,,,,,,,,,,3973.9
2026-07-07T15:49:24Z,51.553329,-0.072962,19.3,0.9,1.5,99.9,12,1,3,0.00,309.5,3971.9
2026-07-07T15:49:24Z,,,,,,,,,,,,3970.9
2026-07-07T15:49:24Z,,,,,,,,,,,,3970.4
2026-07-07T15:49:24Z,,,,,,,,,,,,3969.6
2026-07-07T15:49:24Z,,,,,,,,,,,,3968.3
2026-07-07T15:49:24Z,51.553329,-0.072962,19.4,0.9,1.5,99.9,12,1,3,0.00,309.5,3967.4
2026-07-07T15:49:24Z,,,,,,,,,,,,3966.2
2026-07-07T15:49:25Z,,,,,,,,,,,,3963.5
2026-07-07T15:49:25Z,,,,,,,,,,,,3959.2
2026-07-07T15:49:25Z,,,,,,,,,,,,3954.5
2026-07-07T15:49:25Z,51.553329,-0.072962,19.4,0.9,1.5,99.9,12,1,3,0.00,309.5,3950.0
2026-07-07T15:49:25Z,,,,,,,,,,,,3945.0
2026-07-07T15:49:25Z,,,,,,,,,,,,3940.0
2026-07-07T15:49:25Z,,,,,,,,,,,,3935.1
2026-07-07T15:49:25Z,,,,,,,,,,,,3930.3
2026-07-07T15:49:25Z,51.553329,-0.072962,19.4,0.9,1.5,99.9,12,1,3,0.00,309.5,3925.7
2026-07-07T15:49:25Z,,,,,,,,,,,,3921.0
2026-07-07T15:49:26Z,,,,,,,,,,,,3916.7
2026-07-07T15:49:26Z,,,,,,,,,,,,3911.1
2026-07-07T15:49:26Z,,,,,,,,,,,,3905.6
2026-07-07T15:49:26Z,51.553329,-0.072962,19.4,0.9,1.5,99.9,12,1,3,0.00,309.5,3900.2
2026-07-07T15:49:26Z,,,,,,,,,,,,3895.7
2026-07-07T15:49:26Z,,,,,,,,,,,,3891.6
2026-07-07T15:49:26Z,,,,,,,,,,,,3887.8
2026-07-07T15:49:26Z,,,,,,,,,,,,3885.0
2026-07-07T15:49:26Z,51.553329,-0.072962,19.4,0.9,1.5,99.9,12,1,3,0.00,309.5,3882.2
2026-07-07T15:49:26Z,,,,,,,,,,,,3879.1
2026-07-07T15:49:27Z,,,,,,,,,,,,3874.2
2026-07-07T15:49:27Z,,,,,,,,,,,,3867.4
2026-07-07T15:49:27Z,,,,,,,,,,,,3863.5
2026-07-07T15:49:27Z,51.553326,-0.072962,19.4,0.9,1.5,99.9,12,1,3,0.00,309.5,3860.0
2026-07-07T15:49:27Z,,,,,,,,,,,,3855.6
2026-07-07T15:49:27Z,,,,,,,,,,,,3850.7
2026-07-07T15:49:27Z,,,,,,,,,,,,3845.7
2026-07-07T15:49:27Z,,,,,,,,,,,,3841.4
2026-07-07T15:49:27Z,51.553326,-0.072962,19.5,0.9,1.5,99.9,12,1,3,0.00,309.5,3838.6
2026-07-07T15:49:27Z,,,,,,,,,,,,3834.8
2026-07-07T15:49:28Z,,,,,,,,,,,,3831.3
2026-07-07T15:49:28Z,,,,,,,,,,,,3829.7
2026-07-07T15:49:28Z,,,,,,,,,,,,3829.8
2026-07-07T15:49:28Z,51.553326,-0.072962,19.5,0.9,1.5,99.9,12,1,3,0.00,309.5,3829.0
2026-07-07T15:49:28Z,,,,,,,,,,,,3827.7
2026-07-07T15:49:28Z,,,,,,,,,,,,3827.3
2026-07-07T15:49:28Z,,,,,,,,,,,,3829.3
2026-07-07T15:49:28Z,,,,,,,,,,,,3833.7
2026-07-07T15:49:28Z,51.553326,-0.072962,19.5,0.9,1.5,99.9,12,1,3,0.00,309.5,3840.7
2026-07-07T15:49:28Z,,,,,,,,,,,,3850.5
2026-07-07T15:49:29Z,,,,,,,,,,,,3858.2
2026-07-07T15:49:29Z,,,,,,,,,,,,3865.5
2026-07-07T15:49:29Z,,,,,,,,,,,,3873.5
2026-07-07T15:49:29Z,51.553326,-0.072962,19.5,0.9,1.5,99.9,12,1,3,0.00,309.5,3880.5
2026-07-07T15:49:29Z,,,,,,,,,,,,3886.1
2026-07-07T15:49:29Z,,,,,,,,,,,,3889.8
2026-07-07T15:49:29Z,,,,,,,,,,,,3890.6
2026-07-07T15:49:29Z,,,,,,,,,,,,3889.7
2026-07-07T15:49:29Z,51.553329,-0.072962,19.4,0.9,1.5,99.9,12,1,3,0.00,309.5,3888.8
2026-07-07T15:49:29Z,,,,,,,,,,,,3887.9
2026-07-07T15:49:30Z,,,,,,,,,,,,3887.4
2026-07-07T15:49:30Z,,,,,,,,,,,,3886.8
2026-07-07T15:49:30Z,,,,,,,,,,,,3885.8
2026-07-07T15:49:30Z,51.553329,-0.072962,19.4,0.9,1.5,99.9,12,1,3,0.00,309.5,3884.7
2026-07-07T15:49:30Z,,,,,,,,,,,,3884.6
2026-07-07T15:49:30Z,,,,,,,,,,,,3884.8
2026-07-07T15:49:30Z,,,,,,,,,,,,3885.1
2026-07-07T15:49:30Z,,,,,,,,,,,,3885.1
2026-07-07T15:49:30Z,51.553329,-0.072962,19.4,0.9,1.5,99.9,12,1,3,0.00,309.5,3885.6
2026-07-07T15:49:30Z,,,,,,,,,,,,3886.4
2026-07-07T15:49:31Z,,,,,,,,,,,,3884.6
2026-07-07T15:49:31Z,,,,,,,,,,,,3881.2
2026-07-07T15:49:31Z,,,,,,,,,,,,3877.1
2026-07-07T15:49:31Z,51.553329,-0.072962,19.3,0.9,1.5,99.9,12,1,3,0.00,309.5,3874.2
2026-07-07T15:49:31Z,,,,,,,,,,,,3875.0
2026-07-07T15:49:31Z,,,,,,,,,,,,3875.3
2026-07-07T15:49:31Z,,,,,,,,,,,,3875.1
2026-07-07T15:49:31Z,,,,,,,,,,,,3877.1
2026-07-07T15:49:31Z,51.553329,-0.072962,19.3,0.9,1.5,99.9,12,1,3,0.00,309.5,3876.8
2026-07-07T15:49:31Z,,,,,,,,,,,,3875.3
2026-07-07T15:49:32Z,,,,,,,,,,,,3875.1
2026-07-07T15:49:32Z,,,,,,,,,,,,3872.6
2026-07-07T15:49:32Z,,,,,,,,,,,,3870.5
2026-07-07T15:49:32Z,51.553329,-0.072962,19.3,0.9,1.5,99.9,12,1,3,0.00,309.5,3871.0
2026-07-07T15:49:32Z,,,,,,,,,,,,3875.2
2026-07-07T15:49:32Z,,,,,,,,,,,,3882.5
2026-07-07T15:49:32Z,,,,,,,,,,,,3897.8
2026-07-07T15:49:32Z,,,,,,,,,,,,3915.2
2026-07-07T15:49:32Z,51.553329,-0.072962,19.4,0.9,1.5,99.9,12,1,3,0.00,309.5,3929.9
2026-07-07T15:49:32Z,,,,,,,,,,,,3946.8
2026-07-07T15:49:33Z,,,,,,,,,,,,3959.9
2026-07-07T15:49:33Z,,,,,,,,,,,,3976.6
2026-07-07T15:49:33Z,,,,,,,,,,,,3994.7
2026-07-07T15:49:33Z,51.553329,-0.072963,19.4,0.9,1.5,99.9,12,1,3,0.00,309.5,4012.9
2026-07-07T15:49:33Z,,,,,,,,,,,,4032.5
2026-07-07T15:49:33Z,,,,,,,,,,,,4050.4
2026-07-07T15:49:33Z,,,,,,,,,,,,4064.6
2026-07-07T15:49:33Z,,,,,,,,,,,,4074.6
2026-07-07T15:49:33Z,51.553329,-0.072963,19.4,0.9,1.5,99.9,12,1,3,0.00,309.5,4078.8
2026-07-07T15:49:33Z,,,,,,,,,,,,4081.5
2026-07-07T15:49:34Z,,,,,,,,,,,,4080.5
2026-07-07T15:49:34Z,,,,,,,,,,,,4075.8
2026-07-07T15:49:34Z,,,,,,,,,,,,4075.4
2026-07-07T15:49:34Z,51.553329,-0.072963,19.4,0.9,1.5,99.9,12,1,3,0.00,309.5,4075.4
2026-07-07T15:49:34Z,,,,,,,,,,,,4073.9
2026-07-07T15:49:34Z,,,,,,,,,,,,4072.7
2026-07-07T15:49:34Z,,,,,,,,,,,,4070.9
2026-07-07T15:49:34Z,,,,,,,,,,,,4073.2
2026-07-07T15:49:34Z,51.553326,-0.072963,19.5,0.9,1.5,99.9,12,1,3,0.00,309.5,4086.0
2026-07-07T15:49:34Z,,,,,,,,,,,,4113.7
2026-07-07T15:49:35Z,,,,,,,,,,,,4138.6
2026-07-07T15:49:35Z,,,,,,,,,,,,4153.4
2026-07-07T15:49:35Z,,,,,,,,,,,,4157.7
2026-07-07T15:49:35Z,51.553326,-0.072963,19.5,0.9,1.5,99.9,12,1,3,0.00,309.5,4158.6
2026-07-07T15:49:35Z,,,,,,,,,,,,4162.7
2026-07-07T15:49:35Z,,,,,,,,,,,,4171.0
2026-07-07T15:49:35Z,,,,,,,,,,,,4190.6
2026-07-07T15:49:35Z,,,,,,,,,,,,4215.8
2026-07-07T15:49:35Z,51.553326,-0.072963,19.5,0.9,1.5,99.9,12,1,3,0.00,309.5,4226.8
2026-07-07T15:49:35Z,,,,,,,,,,,,4240.6
2026-07-07T15:49:36Z,,,,,,,,,,,,4240.9
2026-07-07T15:49:36Z,,,,,,,,,,,,4227.6
2026-07-07T15:49:36Z,,,,,,,,,,,,4227.6
2026-07-07T15:49:36Z,51.553326,-0.072963,19.5,0.9,1.5,99.9,12,1,3,0.00,309.5,4227.8
2026-07-07T15:49:36Z,,,,,,,,,,,,4220.7
2026-07-07T15:49:36Z,,,,,,,,,,,,4217.2
2026-07-07T15:49:36Z,,,,,,,,,,,,4218.4
2026-07-07T15:49:36Z,,,,,,,,,,,,4218.5
2026-07-07T15:49:36Z,51.553326,-0.072964,19.6,0.9,1.5,99.9,12,1,3,0.00,309.5,4216.4
2026-07-07T15:49:36Z,,,,,,,,,,,,4215.8
2026-07-07T15:49:37Z,,,,,,,,,,,,4216.5
2026-07-07T15:49:37Z,,,,,,,,,,,,4219.1
2026-07-07T15:49:37Z,,,,,,,,,,,,4222.6
2026-07-07T15:49:37Z,51.553326,-0.072964,19.6,0.9,1.5,99.9,12,1,3,0.00,309.5,4231.6
2026-07-07T15:49:37Z,,,,,,,,,,,,4241.6
2026-07-07T15:49:37Z,,,,,,,,,,,,4247.8
2026-07-07T15:49:37Z,,,,,,,,,,,,4259.1
2026-07-07T15:49:37Z,,,,,,,,,,,,4274.6
2026-07-07T15:49:37Z,51.553326,-0.072964,19.7,0.9,1.5,99.9,12,1,3,0.00,309.5,4291.9
2026-07-07T15:49:37Z,,,,,,,,,,,,4317.2
2026-07-07T15:49:38Z,,,,,,,,,,,,4343.3
2026-07-07T15:49:38Z,,,,,,,,,,,,4367.1
2026-07-07T15:49:38Z,,,,,,,,,,,,4382.2
2026-07-07T15:49:38Z,51.553329,-0.072964,19.9,0.9,1.5,99.9,12,1,3,1.72,309.5,4391.7
2026-07-07T15:49:38Z,,,,,,,,,,,,4404.8
2026-07-07T15:49:38Z,,,,,,,,,,,,4420.2
2026-07-07T15:49:38Z,,,,,,,,,,,,4429.9
2026-07-07T15:49:38Z,,,,,,,,,,,,4438.8
2026-07-07T15:49:38Z,51.553333,-0.072960,20.1,0.9,1.5,99.9,12,1,3,1.15,309.5,4452.6
2026-07-07T15:49:38Z,,,,,,,,,,,,4467.2
2026-07-07T15:49:39Z,,,,,,,,,,,,4477.5
2026-07-07T15:49:39Z,,,,,,,,,,,,4487.0
2026-07-07T15:49:39Z,,,,,,,,,,,,4496.4
2026-07-07T15:49:39Z,51.553333,-0.072954,20.4,0.9,1.5,99.9,12,1,3,1.82,309.5,4512.1
2026-07-07T15:49:39Z,,,,,,,,,,,,4535.2
2026-07-07T15:49:39Z,,,,,,,,,,,,4559.2
2026-07-07T15:49:39Z,,,,,,,,,,,,4578.9
2026-07-07T15:49:39Z,,,,,,,,,,,,4591.7
2026-07-07T15:49:39Z,51.553333,-0.072949,20.6,0.9,1.5,99.9,12,1,3,1.09,309.5,4596.6
2026-07-07T15:49:39Z,,,,,,,,,,,,4594.8
2026-07-07T15:49:40Z,,,,,,,,,,,,4590.1
2026-07-07T15:49:40Z,,,,,,,,,,,,4590.2
2026-07-07T15:49:40Z,,,,,,,,,,,,4610.2
2026-07-07T15:49:40Z,51.553333,-0.072944,20.6,1.0,1.5,99.9,11,1,3,1.74,309.5,4628.7
2026-07-07T15:49:40Z,,,,,,,,,,,,4630.4
2026-07-07T15:49:40Z,,,,,,,,,,,,4637.5
2026-07-07T15:49:40Z,,,,,,,,,,,,4655.6
2026-07-07T15:49:40Z,,,,,,,,,,,,4673.2
2026-07-07T15:49:40Z,51.553329,-0.072938,20.6,0.9,1.4,99.9,12,1,3,1.85,309.5,4685.8
2026-07-07T15:49:40Z,,,,,,,,,,,,4695.9
2026-07-07T15:49:41Z,,,,,,,,,,,,4701.8
2026-07-07T15:49:41Z,,,,,,,,,,,,4705.1
2026-07-07T15:49:41Z,,,,,,,,,,,,4704.6
2026-07-07T15:49:41Z,51.553329,-0.072930,20.7,0.9,1.4,99.9,12,1,3,2.71,76.5,4701.3
2026-07-07T15:49:41Z,,,,,,,,,,,,4691.3
2026-07-07T15:49:41Z,,,,,,,,,,,,4676.7
2026-07-07T15:49:41Z,,,,,,,,,,,,4665.7
2026-07-07T15:49:41Z,,,,,,,,,,,,4656.7
2026-07-07T15:49:41Z,51.553333,-0.072921,20.7,0.9,1.4,99.9,12,1,3,1.99,88.1,4649.2
2026-07-07T15:49:41Z,,,,,,,,,,,,4639.0
2026-07-07T15:49:42Z,,,,,,,,,,,,4626.6
2026-07-07T15:49:42Z,,,,,,,,,,,,4611.9
2026-07-07T15:49:42Z,,,,,,,,,,,,4593.6
2026-07-07T15:49:42Z,51.553333,-0.072915,20.7,0.9,1.4,99.9,12,1,3,1.84,88.1,4576.3
2026-07-07T15:49:42Z,,,,,,,,,,,,4562.6
2026-07-07T15:49:42Z,,,,,,,,,,,,4554.7
2026-07-07T15:49:42Z,,,,,,,,,,,,4548.5
2026-07-07T15:49:42Z,,,,,,,,,,,,4540.3
2026-07-07T15:49:42Z,51.553333,-0.072908,20.3,0.9,1.4,99.9,12,1,3,2.08,93.5,4536.1
2026-07-07T15:49:42Z,,,,,,,,,,,,4534.4
2026-07-07T15:49:43Z,,,,,,,,,,,,4528.4
2026-07-07T15:49:43Z,,,,,,,,,,,,4518.7
2026-07-07T15:49:43Z,,,,,,,,,,,,4507.6
2026-07-07T15:49:43Z,51.553333,-0.072901,20.1,0.9,1.4,99.9,12,1,3,1.85,93.5,4497.8
2026-07-07T15:49:43Z,,,,,,,,,,,,4493.2
2026-07-07T15:49:43Z,,,,,,,,,,,,4492.9
2026-07-07T15:49:43Z,,,,,,,,,,,,4492.3
2026-07-07T15:49:43Z,,,,,,,,,,,,4493.9
2026-07-07T15:49:43Z,51.553329,-0.072894,19.9,0.9,1.4,99.9,12,1,3,1.95,93.4,4504.5
2026-07-07T15:49:43Z,,,,,,,,,,,,4518.0
2026-07-07T15:49:44Z,,,,,,,,,,,,4524.3
2026-07-07T15:49:44Z,,,,,,,,,,,,4527.0
2026-07-07T15:49:44Z,,,,,,,,,,,,4527.9
2026-07-07T15:49:44Z,51.553329,-0.072888,19.9,0.9,1.4,99.9,13,1,3,1.49,93.4,4529.5
2026-07-07T15:49:44Z,,,,,,,,,,,,4531.0
2026-07-07T15:49:44Z,,,,,,,,,,,,4533.9
2026-07-07T15:49:44Z,,,,,,,,,,,,4536.3
2026-07-07T15:49:44Z,,,,,,,,,,,,4537.2
2026-07-07T15:49:44Z,51.553329,-0.072883,19.8,0.9,1.4,99.9,13,1,3,1.43,93.4,4536.9
2026-07-07T15:49:44Z,,,,,,,,,,,,4535.6
2026-07-07T15:49:45Z,,,,,,,,,,,,4532.8
2026-07-07T15:49:45Z,,,,,,,,,,,,4530.6
2026-07-07T15:49:45Z,,,,,,,,,,,,4530.6
2026-07-07T15:49:45Z,51.553329,-0.072881,19.6,0.9,1.4,99.9,13,1,3,0.89,93.4,4531.3
2026-07-07T15:49:45Z,,,,,,,,,,,,4533.6
2026-07-07T15:49:45Z,,,,,,,,,,,,4538.1
2026-07-07T15:49:45Z,,,,,,,,,,,,4540.0
2026-07-07T15:49:45Z,,,,,,,,,,,,4542.8
2026-07-07T15:49:45Z,51.553326,-0.072880,19.4,0.9,1.4,99.9,13,1,3,1.03,93.4,4547.9
2026-07-07T15:49:45Z,,,,,,,,,,,,4553.7
2026-07-07T15:49:46Z,,,,,,,,,,,,4557.5
2026-07-07T15:49:46Z,,,,,,,,,,,,4560.8
2026-07-07T15:49:46Z,,,,,,,,,,,,4564.8
2026-07-07T15:49:46Z,51.553326,-0.072881,19.2,0.9,1.4,99.9,13,1,3,0.67,93.4,4568.5
2026-07-07T15:49:46Z,,,,,,,,,,,,4574.4
2026-07-07T15:49:46Z,,,,,,,,,,,,4579.8
2026-07-07T15:49:46Z,,,,,,,,,,,,4584.9
2026-07-07T15:49:46Z,,,,,,,,,,,,4591.6
2026-07-07T15:49:46Z,51.553326,-0.072880,18.9,0.9,1.4,99.9,13,1,3,0.64,93.4,4596.7
2026-07-07T15:49:46Z,,,,,,,,,,,,4599.4
2026-07-07T15:49:47Z,,,,,,,,,,,,4596.1
2026-07-07T15:49:47Z,,,,,,,,,,,,4587.8
2026-07-07T15:49:47Z,,,,,,,,,,,,4582.6
2026-07-07T15:49:47Z,51.553326,-0.072879,18.8,0.9,1.4,99.9,13,1,3,0.49,93.4,4578.8
2026-07-07T15:49:47Z,,,,,,,,,,,,4574.5
2026-07-07T15:49:47Z,,,,,,,,,,,,4572.3
2026-07-07T15:49:47Z,,,,,,,,,,,,4570.3
2026-07-07T15:49:47Z,,,,,,,,,,,,4564.5
2026-07-07T15:49:47Z,51.553326,-0.072878,19.1,0.9,1.4,99.9,13,1,3,0.00,93.4,4553.6
2026-07-07T15:49:47Z,,,,,,,,,,,,4543.7
2026-07-07T15:49:48Z,,,,,,,,,,,,4538.8
2026-07-07T15:49:48Z,,,,,,,,,,,,4532.4
2026-07-07T15:49:48Z,,,,,,,,,,,,4529.8
2026-07-07T15:49:48Z,51.553326,-0.072878,19.2,0.9,1.4,99.9,13,1,3,0.00,93.4,4535.6
2026-07-07T15:49:48Z,,,,,,,,,,,,4543.5
2026-07-07T15:49:48Z,,,,,,,,,,,,4543.5
2026-07-07T15:49:48Z,,,,,,,,,,,,4539.8
2026-07-07T15:49:48Z,,,,,,,,,,,,4532.1
2026-07-07T15:49:48Z,51.553326,-0.072879,19.3,0.9,1.4,99.9,13,1,3,0.00,93.4,4518.9
2026-07-07T15:49:48Z,,,,,,,,,,,,4503.0
2026-07-07T15:49:48Z,,,,,,,,,,,,4497.1
2026-07-07T15:49:49Z,,,,,,,,,,,,4496.8
2026-07-07T15:49:49Z,,,,,,,,,,,,4518.9
2026-07-07T15:49:49Z,51.553322,-0.072880,19.4,0.9,1.4,99.9,13,1,3,1.78,93.4,4557.9
2026-07-07T15:49:49Z,,,,,,,,,,,,4567.4
2026-07-07T15:49:49Z,,,,,,,,,,,,4539.0
2026-07-07T15:49:49Z,,,,,,,,,,,,4507.3
2026-07-07T15:49:49Z,,,,,,,,,,,,4482.1
2026-07-07T15:49:49Z,51.553322,-0.072880,19.4,0.9,1.4,99.9,13,1,3,0.00,93.4,4460.5
2026-07-07T15:49:49Z,,,,,,,,,,,,4444.7
2026-07-07T15:49:50Z,,,,,,,,,,,,4434.9
2026-07-07T15:49:50Z,,,,,,,,,,,,4422.8
2026-07-07T15:49:50Z,,,,,,,,,,,,4410.2
2026-07-07T15:49:50Z,51.553322,-0.072880,19.5,0.9,1.4,99.9,13,1,3,0.00,93.4,4415.6
2026-07-07T15:49:50Z,,,,,,,,,,,,4431.2
2026-07-07T15:49:50Z,,,,,,,,,,,,4437.1
2026-07-07T15:49:50Z,,,,,,,,,,,,4439.0
2026-07-07T15:49:50Z,,,,,,,,,,,,4440.1
2026-07-07T15:49:50Z,51.553322,-0.072880,19.6,0.9,1.4,99.9,13,1,3,0.00,93.4,4444.1
2026-07-07T15:49:50Z,,,,,,,,,,,,4451.9
2026-07-07T15:49:51Z,,,,,,,,,,,,4453.7
2026-07-07T15:49:51Z,,,,,,,,,,,,4433.7
2026-07-07T15:49:51Z,,,,,,,,,,,,4424.3
2026-07-07T15:49:51Z,51.553322,-0.072880,19.6,0.9,1.4,99.9,13,1,3,0.00,93.4,4449.6
2026-07-07T15:49:51Z,,,,,,,,,,,,4510.3
2026-07-07T15:49:51Z,,,,,,,,,,,,4566.2
2026-07-07T15:49:51Z,,,,,,,,,,,,4558.4
2026-07-07T15:49:51Z,,,,,,,,,,,,4537.2
2026-07-07T15:49:51Z,51.553322,-0.072880,19.7,0.9,1.4,99.9,13,1,3,0.00,93.4,4544.1
2026-07-07T15:49:51Z,,,,,,,,,,,,4552.9
2026-07-07T15:49:52Z,,,,,,,,,,,,4554.9
2026-07-07T15:49:52Z,,,,,,,,,,,,4607.3
2026-07-07T15:49:52Z,,,,,,,,,,,,4667.4
2026-07-07T15:49:52Z,51.553322,-0.072880,19.7,0.9,1.4,99.9,12,1,3,0.00,93.4,4660.4
2026-07-07T15:49:52Z,,,,,,,,,,,,4638.0
2026-07-07T15:49:52Z,,,,,,,,,,,,4652.0
2026-07-07T15:49:52Z,,,,,,,,,,,,4654.8
2026-07-07T15:49:52Z,,,,,,,,,,,,4627.6
2026-07-07T15:49:52Z,51.553322,-0.072880,19.8,0.9,1.4,99.9,12,1,3,0.00,93.4,4630.7
2026-07-07T15:49:52Z,,,,,,,,,,,,4640.3
2026-07-07T15:49:53Z,,,,,,,,,,,,4633.4
2026-07-07T15:49:53Z,,,,,,,,,,,,4631.2
2026-07-07T15:49:53Z,,,,,,,,,,,,4626.2
2026-07-07T15:49:53Z,51.553322,-0.072880,19.8,0.9,1.4,99.9,12,1,3,0.00,93.4,4615.5
2026-07-07T15:49:53Z,,,,,,,,,,,,4605.4
2026-07-07T15:49:53Z,,,,,,,,,,,,4591.3
2026-07-07T15:49:53Z,,,,,,,,,,,,4578.5
2026-07-07T15:49:53Z,,,,,,,,,,,,4575.6
2026-07-07T15:49:53Z,51.553322,-0.072880,19.8,0.9,1.4,99.9,12,1,3,0.00,93.4,4574.1
2026-07-07T15:49:53Z,,,,,,,,,,,,4566.1
2026-07-07T15:49:54Z,,,,,,,,,,,,4560.3
2026-07-07T15:49:54Z,,,,,,,,,,,,4551.3
2026-07-07T15:49:54Z,,,,,,,,,,,,4543.1
2026-07-07T15:49:54Z,51.553322,-0.072880,19.9,0.9,1.4,99.9,12,1,3,0.00,93.4,4536.4
2026-07-07T15:49:54Z,,,,,,,,,,,,4526.9
2026-07-07T15:49:54Z,,,,,,,,,,,,4521.8
2026-07-07T15:49:54Z,,,,,,,,,,,,4523.0
2026-07-07T15:49:54Z,,,,,,,,,,,,4521.5
2026-07-07T15:49:54Z,51.553322,-0.072879,19.9,0.9,1.4,99.9,12,1,3,0.00,93.4,4516.6
2026-07-07T15:49:54Z,,,,,,,,,,,,4513.3
2026-07-07T15:49:55Z,,,,,,,,,,,,4509.4
2026-07-07T15:49:55Z,,,,,,,,,,,,4502.6
2026-07-07T15:49:55Z,,,,,,,,,,,,4494.0
2026-07-07T15:49:55Z,51.553322,-0.072879,20.0,0.9,1.4,99.9,12,1,3,0.00,93.4,4483.3
2026-07-07T15:49:55Z,,,,,,,,,,,,4477.8
2026-07-07T15:49:55Z,,,,,,,,,,,,4476.2
2026-07-07T15:49:55Z,,,,,,,,,,,,4471.9
2026-07-07T15:49:55Z,,,,,,,,,,,,4468.5
2026-07-07T15:49:55Z,51.553322,-0.072879,20.0,0.9,1.4,99.9,12,1,3,0.00,93.4,4473.6
2026-07-07T15:49:55Z,,,,,,,,,,,,4503.1
2026-07-07T15:49:56Z,,,,,,,,,,,,4530.6
2026-07-07T15:49:56Z,,,,,,,,,,,,4543.1
2026-07-07T15:49:56Z,,,,,,,,,,,,4550.5
2026-07-07T15:49:56Z,51.553322,-0.072879,20.1,0.9,1.4,99.9,12,1,3,0.00,93.4,4554.5
2026-07-07T15:49:56Z,,,,,,,,,,,,4553.3
2026-07-07T15:49:56Z,,,,,,,,,,,,4548.0
2026-07-07T15:49:56Z,,,,,,,,,,,,4540.0
2026-07-07T15:49:56Z,,,,,,,,,,,,4532.8
2026-07-07T15:49:56Z,51.553322,-0.072879,20.2,0.9,1.4,99.9,12,1,3,0.00,93.4,4527.9
2026-07-07T15:49:56Z,,,,,,,,,,,,4523.2
2026-07-07T15:49:57Z,,,,,,,,,,,,4518.9
2026-07-07T15:49:57Z,,,,,,,,,,,,4515.8
2026-07-07T15:49:57Z,,,,,,,,,,,,4514.4
2026-07-07T15:49:57Z,51.553322,-0.072879,20.2,0.9,1.4,99.9,12,1,3,0.00,93.4,4514.3
2026-07-07T15:49:57Z,,,,,,,,,,,,4516.2
2026-07-07T15:49:57Z,,,,,,,,,,,,4519.2
2026-07-07T15:49:57Z,,,,,,,,,,,,4522.7
2026-07-07T15:49:57Z,,,,,,,,,,,,4526.1
2026-07-07T15:49:57Z,51.553322,-0.072879,20.2,0.9,1.4,99.9,12,1,3,0.00,93.4,4529.4
2026-07-07T15:49:57Z,,,,,,,,,,,,4531.5
2026-07-07T15:49:58Z,,,,,,,,,,,,4531.9
2026-07-07T15:49:58Z,,,,,,,,,,,,4528.4
2026-07-07T15:49:58Z,,,,,,,,,,,,4524.2
2026-07-07T15:49:58Z,51.553322,-0.072878,20.2,0.9,1.4,99.9,12,1,3,0.00,93.4,4526.1
2026-07-07T15:49:58Z,,,,,,,,,,,,4528.8
2026-07-07T15:49:58Z,,,,,,,,,,,,4534.3
2026-07-07T15:49:58Z,,,,,,,,,,,,4548.2
2026-07-07T15:49:58Z,,,,,,,,,,,,4561.0
2026-07-07T15:49:58Z,51.553322,-0.072878,20.3,0.9,1.4,99.9,12,1,3,0.00,93.4,4566.6
2026-07-07T15:49:58Z,,,,,,,,,,,,4569.1
2026-07-07T15:49:59Z,,,,,,,,,,,,4567.9
2026-07-07T15:49:59Z,,,,,,,,,,,,4566.0
2026-07-07T15:49:59Z,,,,,,,,,,,,4565.7
2026-07-07T15:49:59Z,51.553322,-0.072878,20.3,0.9,1.4,99.9,12,1,3,0.00,93.4,4563.2
2026-07-07T15:49:59Z,,,,,,,,,,,,4558.5
2026-07-07T15:49:59Z,,,,,,,,,,,,4557.5
2026-07-07T15:49:59Z,,,,,,,,,,,,4558.1
2026-07-07T15:49:59Z,,,,,,,,,,,,4555.1
2026-07-07T15:49:59Z,51.553322,-0.072877,20.3,0.9,1.4,99.9,12,1,3,0.00,93.4,4555.1
2026-07-07T15:49:59Z,,,,,,,,,,,,4559.7
2026-07-07T15:50:00Z,,,,,,,,,,,,4561.1
2026-07-07T15:50:00Z,,,,,,,,,,,,4554.1
2026-07-07T15:50:00Z,,,,,,,,,,,,4541.5
2026-07-07T15:50:00Z,51.553322,-0.072877,20.3,0.9,1.4,99.9,12,1,3,0.00,93.4,4536.4
2026-07-07T15:50:00Z,,,,,,,,,,,,4540.5
2026-07-07T15:50:00Z,,,,,,,,,,,,4549.2
2026-07-07T15:50:00Z,,,,,,,,,,,,4558.6
2026-07-07T15:50:00Z,,,,,,,,,,,,4566.9
2026-07-07T15:50:00Z,51.553322,-0.072877,20.3,0.9,1.4,99.9,12,1,3,0.00,93.4,4574.6
2026-07-07T15:50:00Z,,,,,,,,,,,,4582.0
2026-07-07T15:50:01Z,,,,,,,,,,,,4590.2
2026-07-07T15:50:01Z,,,,,,,,,,,,4598.5
2026-07-07T15:50:01Z,,,,,,,,,,,,4602.7
2026-07-07T15:50:01Z,51.553322,-0.072877,20.3,0.9,1.4,99.9,12,1,3,0.00,93.4,4605.4
2026-07-07T15:50:01Z,,,,,,,,,,,,4608.6
2026-07-07T15:50:01Z,,,,,,,,,,,,4609.9
2026-07-07T15:50:01Z,,,,,,,,,,,,4609.0
2026-07-07T15:50:01Z,,,,,,,,,,,,4606.1
2026-07-07T15:50:01Z,51.553322,-0.072877,20.4,0.9,1.4,99.9,12,1,3,0.00,93.4,4599.8
2026-07-07T15:50:01Z,,,,,,,,,,,,4590.8
2026-07-07T15:50:02Z,,,,,,,,,,,,4582.8
2026-07-07T15:50:02Z,,,,,,,,,,,,4574.2
2026-07-07T15:50:02Z,,,,,,,,,,,,4567.1
2026-07-07T15:50:02Z,51.553322,-0.072876,20.4,0.9,1.4,99.9,12,1,3,0.00,93.4,4562.2
2026-07-07T15:50:02Z,,,,,,,,,,,,4554.9
2026-07-07T15:50:02Z,,,,,,,,,,,,4543.9
2026-07-07T15:50:02Z,,,,,,,,,,,,4535.1
2026-07-07T15:50:02Z,,,,,,,,,,,,4525.1
2026-07-07T15:50:02Z,51.553322,-0.072876,20.4,0.9,1.4,99.9,12,1,3,0.00,93.4,4513.4
2026-07-07T15:50:02Z,,,,,,,,,,,,4499.9
2026-07-07T15:50:03Z,,,,,,,,,,,,4489.2
2026-07-07T15:50:03Z,,,,,,,,,,,,4481.8
2026-07-07T15:50:03Z,,,,,,,,,,,,4475.5
2026-07-07T15:50:03Z,51.553322,-0.072876,20.4,0.9,1.4,99.9,12,1,3,0.00,93.4,4466.5
2026-07-07T15:50:03Z,,,,,,,,,,,,4457.9
2026-07-07T15:50:03Z,,,,,,,,,,,,4452.1
2026-07-07T15:50:03Z,,,,,,,,,,,,4447.7
2026-07-07T15:50:03Z,,,,,,,,,,,,4441.9
2026-07-07T15:50:03Z,51.553322,-0.072876,20.4,0.9,1.4,99.9,12,1,3,0.00,93.4,4435.0
2026-07-07T15:50:03Z,,,,,,,,,,,,4427.7
2026-07-07T15:50:04Z,,,,,,,,,,,,4421.2
2026-07-07T15:50:04Z,,,,,,,,,,,,4416.3
2026-07-07T15:50:04Z,,,,,,,,,,,,4413.4
2026-07-07T15:50:04Z,51.553322,-0.072876,20.4,0.9,1.4,99.9,12,1,3,0.00,93.4,4408.3
2026-07-07T15:50:04Z,,,,,,,,,,,,4400.6
2026-07-07T15:50:04Z,,,,,,,,,,,,4393.7
2026-07-07T15:50:04Z,,,,,,,,,,,,4390.5
2026-07-07T15:50:04Z,,,,,,,,,,,,4387.2
2026-07-07T15:50:04Z,51.553322,-0.072875,20.4,1.2,1.4,99.9,11,1,3,0.00,93.4,4383.1
2026-07-07T15:50:04Z,,,,,,,,,,,,4379.2
2026-07-07T15:50:04Z,,,,,,,,,,,,4375.6
2026-07-07T15:50:05Z,,,,,,,,,,,,4374.0
2026-07-07T15:50:05Z,,,,,,,,,,,,4373.9
2026-07-07T15:50:05Z,51.553322,-0.072875,20.4,1.2,1.4,99.9,11,1,3,0.00,93.4,4374.9
2026-07-07T15:50:05Z,,,,,,,,,,,,4378.1
2026-07-07T15:50:05Z,,,,,,,,,,,,4380.6
2026-07-07T15:50:05Z,,,,,,,,,,,,4381.2
2026-07-07T15:50:05Z,,,,,,,,,,,,4383.4
2026-07-07T15:50:05Z,51.553326,-0.072875,20.5,1.2,1.4,99.9,11,1,3,0.00,93.4,4387.0
2026-07-07T15:50:05Z,,,,,,,,,,,,4386.8
2026-07-07T15:50:06Z,,,,,,,,,,,,4385.6
2026-07-07T15:50:06Z,,,,,,,,,,,,4388.6
2026-07-07T15:50:06Z,,,,,,,,,,,,4393.9
2026-07-07T15:50:06Z,51.553326,-0.072875,20.5,1.2,1.4,99.9,11,1,3,0.00,93.4,4399.7
2026-07-07T15:50:06Z,,,,,,,,,,,,4404.5
2026-07-07T15:50:06Z,,,,,,,,,,,,4408.6
2026-07-07T15:50:06Z,,,,,,,,,,,,4412.9
2026-07-07T15:50:06Z,,,,,,,,,,,,4415.6
2026-07-07T15:50:06Z,51.553326,-0.072875,20.5,1.2,1.4,99.9,11,1,3,0.00,93.4,4416.8
2026-07-07T15:50:06Z,,,,,,,,,,,,4424.0
2026-07-07T15:50:07Z,,,,,,,,,,,,4434.4
2026-07-07T15:50:07Z,,,,,,,,,,,,4443.5
2026-07-07T15:50:07Z,,,,,,,,,,,,4447.1
2026-07-07T15:50:07Z,51.553326,-0.072875,20.5,1.2,1.4,99.9,11,1,3,0.00,93.4,4447.7
2026-07-07T15:50:07Z,,,,,,,,,,,,4449.1
2026-07-07T15:50:07Z,,,,,,,,,,,,4454.1
2026-07-07T15:50:07Z,,,,,,,,,,,,4459.4
2026-07-07T15:50:07Z,,,,,,,,,,,,4465.3
2026-07-07T15:50:07Z,51.553326,-0.072875,20.5,1.2,1.4,99.9,11,1,3,0.00,93.4,4473.6
2026-07-07T15:50:07Z,,,,,,,,,,,,4482.9
2026-07-07T15:50:07Z,,,,,,,,,,,,4490.9
2026-07-07T15:50:08Z,,,,,,,,,,,,4497.6
2026-07-07T15:50:08Z,,,,,,,,,,,,4503.3
2026-07-07T15:50:08Z,51.553326,-0.072869,20.6,0.9,1.4,99.9,12,1,3,1.75,93.4,4508.5
2026-07-07T15:50:08Z,,,,,,,,,,,,4511.7
2026-07-07T15:50:08Z,,,,,,,,,,,,4513.1
2026-07-07T15:50:08Z,,,,,,,,,,,,4513.4
2026-07-07T15:50:08Z,,,,,,,,,,,,4512.1
2026-07-07T15:50:08Z,51.553329,-0.072865,20.5,0.9,1.4,99.9,12,1,3,1.26,93.4,4510.6
2026-07-07T15:50:08Z,,,,,,,,,,,,4510.4
2026-07-07T15:50:08Z,,,,,,,,,,,,4512.1
2026-07-07T15:50:09Z,,,,,,,,,,,,4518.0
2026-07-07T15:50:09Z,,,,,,,,,,,,4527.4
2026-07-07T15:50:09Z,51.553329,-0.072863,20.6,0.9,1.4,99.9,12,1,3,0.92,93.4,4537.0
2026-07-07T15:50:09Z,,,,,,,,,,,,4546.8
2026-07-07T15:50:09Z,,,,,,,,,,,,4557.7
2026-07-07T15:50:09Z,,,,,,,,,,,,4566.2
2026-07-07T15:50:09Z,,,,,,,,,,,,4572.6
2026-07-07T15:50:09Z,51.553333,-0.072860,20.7,0.9,1.4,99.9,12,1,3,1.39,93.4,4576.4
2026-07-07T15:50:09Z,,,,,,,,,,,,4576.9
2026-07-07T15:50:09Z,,,,,,,,,,,,4574.6
2026-07-07T15:50:10Z,,,,,,,,,,,,4572.1
2026-07-07T15:50:10Z,,,,,,,,,,,,4568.9
2026-07-07T15:50:10Z,51.553333,-0.072855,20.9,0.9,1.4,99.9,12,1,3,1.49,93.4,4565.7
2026-07-07T15:50:10Z,,,,,,,,,,,,4561.0
2026-07-07T15:50:10Z,,,,,,,,,,,,4553.6
2026-07-07T15:50:10Z,,,,,,,,,,,,4546.8
2026-07-07T15:50:10Z,,,,,,,,,,,,4541.1
2026-07-07T15:50:10Z,51.553337,-0.072849,20.8,0.9,1.4,99.9,12,1,3,1.73,93.4,4534.8
2026-07-07T15:50:10Z,,,,,,,,,,,,4527.1
2026-07-07T15:50:11Z,,,,,,,,,,,,4519.2
2026-07-07T15:50:11Z,,,,,,,,,,,,4509.5
2026-07-07T15:50:11Z,,,,,,,,,,,,4501.8
2026-07-07T15:50:11Z,51.553337,-0.072842,20.9,0.9,1.4,99.9,12,1,3,1.61,93.4,4496.1
2026-07-07T15:50:11Z,,,,,,,,,,,,4490.9
2026-07-07T15:50:11Z,,,,,,,,,,,,4485.1
2026-07-07T15:50:11Z,,,,,,,,,,,,4478.9
2026-07-07T15:50:11Z,,,,,,,,,,,,4472.7
2026-07-07T15:50:11Z,51.553337,-0.072835,20.8,0.9,1.4,99.9,12,1,3,2.06,77.7,4469.0
2026-07-07T15:50:11Z,,,,,,,,,,,,4466.4
2026-07-07T15:50:12Z,,,,,,,,,,,,4464.2
2026-07-07T15:50:12Z,,,,,,,,,,,,4463.5
2026-07-07T15:50:12Z,,,,,,,,,,,,4464.5
2026-07-07T15:50:12Z,51.553337,-0.072828,20.9,0.9,1.4,99.9,12,1,3,1.82,77.7,4468.6
2026-07-07T15:50:12Z,,,,,,,,,,,,4476.7
2026-07-07T15:50:12Z,,,,,,,,,,,,4485.4
2026-07-07T15:50:12Z,,,,,,,,,,,,4492.5
2026-07-07T15:50:12Z,,,,,,,,,,,,4497.5
2026-07-07T15:50:12Z,51.553337,-0.072820,20.7,0.9,1.4,99.9,12,1,3,2.01,82.0,4500.6
2026-07-07T15:50:12Z,,,,,,,,,,,,4504.2
2026-07-07T15:50:13Z,,,,,,,,,,,,4507.0
2026-07-07T15:50:13Z,,,,,,,,,,,,4507.8
2026-07-07T15:50:13Z,,,,,,,,,,,,4507.3
2026-07-07T15:50:13Z,51.553337,-0.072812,20.6,0.9,1.4,99.9,12,1,3,2.26,87.1,4506.3
2026-07-07T15:50:13Z,,,,,,,,,,,,4504.4
2026-07-07T15:50:13Z,,,,,,,,,,,,4503.0
2026-07-07T15:50:13Z,,,,,,,,,,,,4500.2
2026-07-07T15:50:13Z,,,,,,,,,,,,4494.6
2026-07-07T15:50:13Z,51.553341,-0.072802,20.0,0.9,1.4,99.9,12,1,3,2.49,85.7,4489.0
2026-07-07T15:50:13Z,,,,,,,,,,,,4484.4
2026-07-07T15:50:14Z,,,,,,,,,,,,4479.3
2026-07-07T15:50:14Z,,,,,,,,,,,,4471.3
2026-07-07T15:50:14Z,,,,,,,,,,,,4462.6
2026-07-07T15:50:14Z,51.553337,-0.072792,20.0,0.9,1.4,99.9,12,1,3,2.77,92.9,4453.2
2026-07-07T15:50:14Z,,,,,,,,,,,,4445.9
2026-07-07T15:50:14Z,,,,,,,,,,,,4443.3
2026-07-07T15:50:14Z,,,,,,,,,,,,4444.9
2026-07-07T15:50:14Z,,,,,,,,,,,,4450.4
2026-07-07T15:50:14Z,51.553337,-0.072782,19.8,0.9,1.4,99.9,12,1,3,2.19,91.5,4460.8
2026-07-07T15:50:14Z,,,,,,,,,,,,4477.2
2026-07-07T15:50:15Z,,,,,,,,,,,,4496.7
2026-07-07T15:50:15Z,,,,,,,,,,,,4519.9
2026-07-07T15:50:15Z,,,,,,,,,,,,4540.5
2026-07-07T15:50:15Z,51.553337,-0.072775,19.7,0.9,1.4,99.9,12,1,3,1.90,91.5,4559.9
2026-07-07T15:50:15Z,,,,,,,,,,,,4578.6
2026-07-07T15:50:15Z,,,,,,,,,,,,4595.5
2026-07-07T15:50:15Z,,,,,,,,,,,,4609.7
2026-07-07T15:50:15Z,,,,,,,,,,,,4619.7
2026-07-07T15:50:15Z,51.553337,-0.072774,19.7,0.9,1.4,99.9,12,1,3,0.00,91.5,4625.6
2026-07-07T15:50:15Z,,,,,,,,,,,,4625.9
2026-07-07T15:50:16Z,,,,,,,,,,,,4621.6
2026-07-07T15:50:16Z,,,,,,,,,,,,4619.0
2026-07-07T15:50:16Z,,,,,,,,,,,,4617.9
2026-07-07T15:50:16Z,51.553337,-0.072774,19.8,0.9,1.4,99.9,12,1,3,0.00,91.5,4612.6
2026-07-07T15:50:16Z,,,,,,,,,,,,4603.7
2026-07-07T15:50:16Z,,,,,,,,,,,,4593.8
2026-07-07T15:50:16Z,,,,,,,,,,,,4585.1
2026-07-07T15:50:16Z,,,,,,,,,,,,4578.3
2026-07-07T15:50:16Z,51.553341,-0.072774,19.8,0.9,1.4,99.9,12,1,3,0.00,91.5,4569.6
2026-07-07T15:50:16Z,,,,,,,,,,,,4557.8
2026-07-07T15:50:17Z,,,,,,,,,,,,4545.3
2026-07-07T15:50:17Z,,,,,,,,,,,,4534.3
2026-07-07T15:50:17Z,,,,,,,,,,,,4526.6
2026-07-07T15:50:17Z,51.553337,-0.072760,19.3,0.9,1.4,99.9,12,1,3,4.50,113.4,4518.1
2026-07-07T15:50:17Z,,,,,,,,,,,,4507.6
2026-07-07T15:50:17Z,,,,,,,,,,,,4497.9
2026-07-07T15:50:17Z,,,,,,,,,,,,4490.9
2026-07-07T15:50:17Z,,,,,,,,,,,,4487.3
2026-07-07T15:50:17Z,51.553333,-0.072748,19.2,0.9,1.4,99.9,12,1,3,3.17,118.2,4486.8
2026-07-07T15:50:17Z,,,,,,,,,,,,4487.4
2026-07-07T15:50:18Z,,,,,,,,,,,,4486.8
2026-07-07T15:50:18Z,,,,,,,,,,,,4488.7
2026-07-07T15:50:18Z,,,,,,,,,,,,4493.5
2026-07-07T15:50:18Z,51.553329,-0.072738,19.0,0.9,1.4,99.9,12,1,3,3.18,109.1,4497.8
2026-07-07T15:50:18Z,,,,,,,,,,,,4502.5
2026-07-07T15:50:18Z,,,,,,,,,,,,4506.1
2026-07-07T15:50:18Z,,,,,,,,,,,,4508.0
2026-07-07T15:50:18Z,,,,,,,,,,,,4511.9
2026-07-07T15:50:18Z,51.553329,-0.072728,18.8,0.9,1.4,99.9,12,1,3,2.23,107.7,4516.6
2026-07-07T15:50:18Z,,,,,,,,,,,,4521.3
2026-07-07T15:50:19Z,,,,,,,,,,,,4526.0
2026-07-07T15:50:19Z,,,,,,,,,,,,4531.8
2026-07-07T15:50:19Z,,,,,,,,,,,,4535.4
2026-07-07T15:50:19Z,51.553329,-0.072721,18.6,0.9,1.4,99.9,12,1,3,2.03,120.9,4538.4
2026-07-07T15:50:19Z,,,,,,,,,,,,4543.7
2026-07-07T15:50:19Z,,,,,,,,,,,,4549.1
2026-07-07T15:50:19Z,,,,,,,,,,,,4555.5
2026-07-07T15:50:19Z,,,,,,,,,,,,4563.9
2026-07-07T15:50:19Z,51.553329,-0.072716,18.6,0.9,1.4,99.9,12,1,3,1.64,120.9,4569.3
2026-07-07T15:50:19Z,,,,,,,,,,,,4571.9
2026-07-07T15:50:20Z,,,,,,,,,,,,4574.6
2026-07-07T15:50:20Z,,,,,,,,,,,,4579.2
2026-07-07T15:50:20Z,,,,,,,,,,,,4583.7
2026-07-07T15:50:20Z,51.553329,-0.072710,18.6,0.9,1.4,99.9,12,1,3,1.49,120.9,4586.9
2026-07-07T15:50:20Z,,,,,,,,,,,,4589.6
2026-07-07T15:50:20Z,,,,,,,,,,,,4594.6
2026-07-07T15:50:20Z,,,,,,,,,,,,4603.1
2026-07-07T15:50:20Z,,,,,,,,,,,,4614.8
2026-07-07T15:50:20Z,51.553329,-0.072705,18.5,0.9,1.4,99.9,12,1,3,1.17,120.9,4624.7
2026-07-07T15:50:20Z,,,,,,,,,,,,4627.2
2026-07-07T15:50:20Z,,,,,,,,,,,,4628.9
2026-07-07T15:50:21Z,,,,,,,,,,,,4638.1
2026-07-07T15:50:21Z,,,,,,,,,,,,4646.4
2026-07-07T15:50:21Z,51.553326,-0.072699,18.5,0.9,1.4,99.9,12,1,3,1.69,120.9,4649.0
2026-07-07T15:50:21Z,,,,,,,,,,,,4646.7
2026-07-07T15:50:21Z,,,,,,,,,,,,4641.9
2026-07-07T15:50:21Z,,,,,,,,,,,,4639.2
2026-07-07T15:50:21Z,,,,,,,,,,,,4639.0
2026-07-07T15:50:21Z,51.553326,-0.072692,18.5,0.9,1.4,99.9,12,1,3,1.84,120.9,4637.5
2026-07-07T15:50:21Z,,,,,,,,,,,,4630.1
2026-07-07T15:50:21Z,,,,,,,,,,,,4618.9
2026-07-07T15:50:22Z,,,,,,,,,,,,4610.5
2026-07-07T15:50:22Z,,,,,,,,,,,,4606.1
2026-07-07T15:50:22Z,51.553326,-0.072685,18.3,0.9,1.4,99.9,12,1,3,2.12,98.8,4600.4
2026-07-07T15:50:22Z,,,,,,,,,,,,4589.8
2026-07-07T15:50:22Z,,,,,,,,,,,,4576.7
2026-07-07T15:50:22Z,,,,,,,,,,,,4565.3
2026-07-07T15:50:22Z,,,,,,,,,,,,4556.0
2026-07-07T15:50:22Z,51.553326,-0.072678,18.0,0.9,1.4,99.9,12,1,3,1.50,98.8,4547.3
2026-07-07T15:50:22Z,,,,,,,,,,,,4536.2
2026-07-07T15:50:22Z,,,,,,,,,,,,4522.6
2026-07-07T15:50:23Z,,,,,,,,,,,,4510.8
2026-07-07T15:50:23Z,,,,,,,,,,,,4502.1
2026-07-07T15:50:23Z,51.553322,-0.072671,17.8,0.9,1.4,99.9,12,1,3,2.40,95.0,4493.7
2026-07-07T15:50:23Z,,,,,,,,,,,,4484.7
2026-07-07T15:50:23Z,,,,,,,,,,,,4474.2
2026-07-07T15:50:23Z,,,,,,,,,,,,4463.4
2026-07-07T15:50:23Z,,,,,,,,,,,,4454.7
2026-07-07T15:50:23Z,51.553322,-0.072663,17.8,0.9,1.4,99.9,12,1,3,1.80,95.0,4447.8
2026-07-07T15:50:23Z,,,,,,,,,,,,4440.4
2026-07-07T15:50:24Z,,,,,,,,,,,,4433.9
2026-07-07T15:50:24Z,,,,,,,,,,,,4424.5
2026-07-07T15:50:24Z,,,,,,,,,,,,4416.8
2026-07-07T15:50:24Z,51.553322,-0.072655,17.6,0.9,1.4,99.9,12,1,3,2.09,92.7,4412.9
2026-07-07T15:50:24Z,,,,,,,,,,,,4410.1
2026-07-07T15:50:24Z,,,,,,,,,,,,4408.0
2026-07-07T15:50:24Z,,,,,,,,,,,,4405.5
2026-07-07T15:50:24Z,,,,,,,,,,,,4404.5
2026-07-07T15:50:24Z,51.553322,-0.072648,17.4,0.9,1.4,99.9,12,1,3,1.67,92.7,4409.7
2026-07-07T15:50:24Z,,,,,,,,,,,,4419.1
2026-07-07T15:50:25Z,,,,,,,,,,,,4430.6
2026-07-07T15:50:25Z,,,,,,,,,,,,4447.8
2026-07-07T15:50:25Z,,,,,,,,,,,,4465.8
2026-07-07T15:50:25Z,51.553322,-0.072642,17.1,0.9,1.4,99.9,12,1,3,1.59,92.7,4483.9
2026-07-07T15:50:25Z,,,,,,,,,,,,4503.8
2026-07-07T15:50:25Z,,,,,,,,,,,,4520.7
2026-07-07T15:50:25Z,,,,,,,,,,,,4535.7
2026-07-07T15:50:25Z,,,,,,,,,,,,4549.2
2026-07-07T15:50:25Z,51.553322,-0.072636,16.8,0.9,1.4,99.9,12,1,3,1.39,92.7,4558.5
2026-07-07T15:50:25Z,,,,,,,,,,,,4566.1
2026-07-07T15:50:26Z,,,,,,,,,,,,4570.8
2026-07-07T15:50:26Z,,,,,,,,,,,,4573.6
2026-07-07T15:50:26Z,,,,,,,,,,,,4575.4
2026-07-07T15:50:26Z,51.553322,-0.072630,16.7,0.9,1.4,99.9,12,1,3,1.43,92.7,4575.4
2026-07-07T15:50:26Z,,,,,,,,,,,,4571.9
2026-07-07T15:50:26Z,,,,,,,,,,,,4566.8
2026-07-07T15:50:26Z,,,,,,,,,,,,4561.8
2026-07-07T15:50:26Z,,,,,,,,,,,,4556.2
2026-07-07T15:50:26Z,51.553322,-0.072623,16.5,0.9,1.4,99.9,12,1,3,2.07,93.3,4550.1
2026-07-07T15:50:26Z,,,,,,,,,,,,4541.0
2026-07-07T15:50:27Z,,,,,,,,,,,,4530.2
2026-07-07T15:50:27Z,,,,,,,,,,,,4520.1
2026-07-07T15:50:27Z,,,,,,,,,,,,4510.9
2026-07-07T15:50:27Z,51.553322,-0.072616,16.2,0.9,1.4,99.9,12,1,3,1.86,93.3,4501.5
2026-07-07T15:50:27Z,,,,,,,,,,,,4491.7
2026-07-07T15:50:27Z,,,,,,,,,,,,4480.8
2026-07-07T15:50:27Z,,,,,,,,,,,,4469.9
2026-07-07T15:50:27Z,,,,,,,,,,,,4461.8
2026-07-07T15:50:27Z,51.553322,-0.072608,16.0,0.9,1.4,99.9,12,1,3,2.09,98.7,4456.9
2026-07-07T15:50:27Z,,,,,,,,,,,,4453.5
2026-07-07T15:50:28Z,,,,,,,,,,,,4450.4
2026-07-07T15:50:28Z,,,,,,,,,,,,4446.3
2026-07-07T15:50:28Z,,,,,,,,,,,,4444.1
2026-07-07T15:50:28Z,51.553322,-0.072600,15.8,0.9,1.4,99.9,12,1,3,1.87,98.7,4443.2
2026-07-07T15:50:28Z,,,,,,,,,,,,4442.7
2026-07-07T15:50:28Z,,,,,,,,,,,,4440.5
2026-07-07T15:50:28Z,,,,,,,,,,,,4435.7
2026-07-07T15:50:28Z,,,,,,,,,,,,4430.1
2026-07-07T15:50:28Z,51.553322,-0.072593,15.4,0.9,1.4,99.9,12,1,3,2.29,108.9,4426.1
2026-07-07T15:50:28Z,,,,,,,,,,,,4424.3
2026-07-07T15:50:29Z,,,,,,,,,,,,4422.0
2026-07-07T15:50:29Z,,,,,,,,,,,,4419.2
2026-07-07T15:50:29Z,,,,,,,,,,,,4417.6
2026-07-07T15:50:29Z,51.553318,-0.072585,15.1,0.9,1.4,99.9,12,1,3,2.18,112.0,4419.1
2026-07-07T15:50:29Z,,,,,,,,,,,,4424.2
2026-07-07T15:50:29Z,,,,,,,,,,,,4431.2
2026-07-07T15:50:29Z,,,,,,,,,,,,4437.9
2026-07-07T15:50:29Z,,,,,,,,,,,,4441.3
2026-07-07T15:50:29Z,51.553318,-0.072577,14.8,0.9,1.4,99.9,12,1,3,1.95,105.6,4441.7
2026-07-07T15:50:29Z,,,,,,,,,,,,4442.1
2026-07-07T15:50:30Z,,,,,,,,,,,,4443.7
2026-07-07T15:50:30Z,,,,,,,,,,,,4444.6
2026-07-07T15:50:30Z,,,,,,,,,,,,4442.4
2026-07-07T15:50:30Z,51.553318,-0.072569,14.6,0.9,1.4,99.9,12,1,3,2.04,105.8,4437.7
2026-07-07T15:50:30Z,,,,,,,,,,,,4432.8
2026-07-07T15:50:30Z,,,,,,,,,,,,4428.1
2026-07-07T15:50:30Z,,,,,,,,,,,,4423.9
2026-07-07T15:50:30Z,,,,,,,,,,,,4418.5
2026-07-07T15:50:30Z,51.553314,-0.072562,14.5,0.9,1.2,99.9,13,1,3,2.25,106.8,4410.2
2026-07-07T15:50:30Z,,,,,,,,,,,,4400.9
2026-07-07T15:50:31Z,,,,,,,,,,,,4395.3
2026-07-07T15:50:31Z,,,,,,,,,,,,4391.7
2026-07-07T15:50:31Z,,,,,,,,,,,,4389.4
2026-07-07T15:50:31Z,51.553314,-0.072554,14.3,0.9,1.2,99.9,13,1,3,2.20,108.6,4386.9
2026-07-07T15:50:31Z,,,,,,,,,,,,4383.6
2026-07-07T15:50:31Z,,,,,,,,,,,,4382.8
2026-07-07T15:50:31Z,,,,,,,,,,,,4387.1
2026-07-07T15:50:31Z,,,,,,,,,,,,4393.6
2026-07-07T15:50:31Z,51.553314,-0.072545,14.1,0.9,1.2,99.9,13,1,3,2.26,105.6,4397.9
2026-07-07T15:50:31Z,,,,,,,,,,,,4400.0
2026-07-07T15:50:31Z,,,,,,,,,,,,4400.3
2026-07-07T15:50:32Z,,,,,,,,,,,,4401.6
2026-07-07T15:50:32Z,,,,,,,,,,,,4404.9
2026-07-07T15:50:32Z,51.553314,-0.072537,13.9,0.9,1.2,99.9,13,1,3,2.39,99.3,4406.6
2026-07-07T15:50:32Z,,,,,,,,,,,,4404.0
2026-07-07T15:50:32Z,,,,,,,,,,,,4397.9
2026-07-07T15:50:32Z,,,,,,,,,,,,4392.3
2026-07-07T15:50:32Z,,,,,,,,,,,,4388.0
2026-07-07T15:50:32Z,51.553314,-0.072528,13.8,0.9,1.2,99.9,13,1,3,2.37,86.6,4385.1
2026-07-07T15:50:32Z,,,,,,,,,,,,4380.9
2026-07-07T15:50:32Z,,,,,,,,,,,,4374.8
2026-07-07T15:50:33Z,,,,,,,,,,,,4368.2
2026-07-07T15:50:33Z,,,,,,,,,,,,4363.7
2026-07-07T15:50:33Z,51.553314,-0.072519,13.6,0.9,1.2,99.9,13,1,3,2.55,82.9,4363.5
2026-07-07T15:50:33Z,,,,,,,,,,,,4365.4
2026-07-07T15:50:33Z,,,,,,,,,,,,4364.6
2026-07-07T15:50:33Z,,,,,,,,,,,,4361.1
2026-07-07T15:50:33Z,,,,,,,,,,,,4358.8
2026-07-07T15:50:33Z,51.553314,-0.072511,13.4,0.9,1.2,99.9,13,1,3,2.00,88.4,4359.6
2026-07-07T15:50:33Z,,,,,,,,,,,,4363.4
2026-07-07T15:50:33Z,,,,,,,,,,,,4365.8
2026-07-07T15:50:34Z,,,,,,,,,,,,4367.0
2026-07-07T15:50:34Z,,,,,,,,,,,,4366.9
2026-07-07T15:50:34Z,51.553314,-0.072501,13.3,0.9,1.2,99.9,13,1,3,2.81,97.9,4367.9
2026-07-07T15:50:34Z,,,,,,,,,,,,4371.7
2026-07-07T15:50:34Z,,,,,,,,,,,,4374.8
2026-07-07T15:50:34Z,,,,,,,,,,,,4373.9
2026-07-07T15:50:34Z,,,,,,,,,,,,4370.0
2026-07-07T15:50:34Z,51.553314,-0.072491,13.0,0.9,1.2,99.9,13,1,3,2.76,98.2,4366.6
2026-07-07T15:50:34Z,,,,,,,,,,,,4364.5
2026-07-07T15:50:34Z,,,,,,,,,,,,4362.7
2026-07-07T15:50:35Z,,,,,,,,,,,,4359.0
2026-07-07T15:50:35Z,,,,,,,,,,,,4352.9
2026-07-07T15:50:35Z,51.553314,-0.072480,12.8,0.9,1.2,99.9,13,1,3,2.93,98.1,4345.0
2026-07-07T15:50:35Z,,,,,,,,,,,,4339.2
2026-07-07T15:50:35Z,,,,,,,,,,,,4336.9
2026-07-07T15:50:35Z,,,,,,,,,,,,4336.0
2026-07-07T15:50:35Z,,,,,,,,,,,,4336.2
2026-07-07T15:50:35Z,51.553314,-0.072469,12.7,0.9,1.2,99.9,13,1,3,2.82,93.3,4339.4
2026-07-07T15:50:35Z,,,,,,,,,,,,4349.7
2026-07-07T15:50:36Z,,,,,,,,,,,,4365.5
2026-07-07T15:50:36Z,,,,,,,,,,,,4386.4
2026-07-07T15:50:36Z,,,,,,,,,,,,4406.5
2026-07-07T15:50:36Z,51.553314,-0.072459,12.5,0.9,1.2,99.9,13,1,3,2.82,88.5,4423.7
2026-07-07T15:50:36Z,,,,,,,,,,,,4437.5
2026-07-07T15:50:36Z,,,,,,,,,,,,4451.0
2026-07-07T15:50:36Z,,,,,,,,,,,,4466.7
2026-07-07T15:50:36Z,,,,,,,,,,,,4481.3
2026-07-07T15:50:36Z,51.553314,-0.072448,12.5,0.9,1.2,99.9,13,1,3,2.76,81.1,4491.1
2026-07-07T15:50:36Z,,,,,,,,,,,,4496.4
2026-07-07T15:50:36Z,,,,,,,,,,,,4500.5
2026-07-07T15:50:37Z,,,,,,,,,,,,4505.8
2026-07-07T15:50:37Z,,,,,,,,,,,,4511.0
2026-07-07T15:50:37Z,51.553314,-0.072440,12.4,0.9,1.2,99.9,13,1,3,2.06,80.6,4512.6
2026-07-07T15:50:37Z,,,,,,,,,,,,4508.6
2026-07-07T15:50:37Z,,,,,,,,,,,,4502.0
2026-07-07T15:50:37Z,,,,,,,,,,,,4495.2
2026-07-07T15:50:37Z,,,,,,,,,,,,4489.2
2026-07-07T15:50:37Z,51.553318,-0.072433,12.3,0.9,1.2,99.9,13,1,3,2.04,79.3,4482.0
2026-07-07T15:50:37Z,,,,,,,,,,,,4472.0
2026-07-07T15:50:38Z,,,,,,,,,,,,4461.3
2026-07-07T15:50:38Z,,,,,,,,,,,,4449.8
2026-07-07T15:50:38Z,,,,,,,,,,,,4439.4
2026-07-07T15:50:38Z,51.553318,-0.072426,12.2,0.9,1.2,99.9,13,1,3,1.88,79.3,4432.0
2026-07-07T15:50:38Z,,,,,,,,,,,,4425.1
2026-07-07T15:50:38Z,,,,,,,,,,,,4416.3
2026-07-07T15:50:38Z,,,,,,,,,,,,4407.1
2026-07-07T15:50:38Z,,,,,,,,,,,,4397.9
2026-07-07T15:50:38Z,51.553318,-0.072419,12.1,0.9,1.2,99.9,13,1,3,1.87,79.3,4391.7
2026-07-07T15:50:38Z,,,,,,,,,,,,4386.5
2026-07-07T15:50:39Z,,,,,,,,,,,,4379.5
2026-07-07T15:50:39Z,,,,,,,,,,,,4370.2
2026-07-07T15:50:39Z,,,,,,,,,,,,4360.5
2026-07-07T15:50:39Z,51.553322,-0.072413,12.0,0.9,1.2,99.9,13,1,3,1.61,79.3,4352.3
2026-07-07T15:50:39Z,,,,,,,,,,,,4347.1
2026-07-07T15:50:39Z,,,,,,,,,,,,4340.5
2026-07-07T15:50:39Z,,,,,,,,,,,,4332.2
2026-07-07T15:50:39Z,,,,,,,,,,,,4323.0
2026-07-07T15:50:39Z,51.553322,-0.072408,11.8,0.9,1.2,99.9,13,1,3,1.42,79.3,4315.3
2026-07-07T15:50:39Z,,,,,,,,,,,,4310.5
2026-07-07T15:50:40Z,,,,,,,,,,,,4307.4
2026-07-07T15:50:40Z,,,,,,,,,,,,4304.4
2026-07-07T15:50:40Z,,,,,,,,,,,,4302.6
2026-07-07T15:50:40Z,51.553322,-0.072402,11.5,0.9,1.2,99.9,13,1,3,1.98,83.9,4304.3
2026-07-07T15:50:40Z,,,,,,,,,,,,4310.4
2026-07-07T15:50:40Z,,,,,,,,,,,,4319.3
2026-07-07T15:50:40Z,,,,,,,,,,,,4327.6
2026-07-07T15:50:40Z,,,,,,,,,,,,4334.5
2026-07-07T15:50:40Z,51.553322,-0.072394,11.3,0.9,1.2,99.9,13,1,3,2.04,84.4,4340.6
2026-07-07T15:50:40Z,,,,,,,,,,,,4346.4
2026-07-07T15:50:41Z,,,,,,,,,,,,4350.2
2026-07-07T15:50:41Z,,,,,,,,,,,,4354.6
2026-07-07T15:50:41Z,,,,,,,,,,,,4356.6
2026-07-07T15:50:41Z,51.553322,-0.072387,11.0,0.9,1.2,99.9,13,1,3,2.22,88.3,4354.9
2026-07-07T15:50:41Z,,,,,,,,,,,,4351.5
2026-07-07T15:50:41Z,,,,,,,,,,,,4347.5
2026-07-07T15:50:41Z,,,,,,,,,,,,4346.3
2026-07-07T15:50:41Z,,,,,,,,,,,,4347.4
2026-07-07T15:50:41Z,51.553326,-0.072379,10.8,0.9,1.2,99.9,13,1,3,2.29,89.7,4345.7
2026-07-07T15:50:41Z,,,,,,,,,,,,4339.9
2026-07-07T15:50:42Z,,,,,,,,,,,,4334.9
2026-07-07T15:50:42Z,,,,,,,,,,,,4332.8
2026-07-07T15:50:42Z,,,,,,,,,,,,4333.5
2026-07-07T15:50:42Z,51.553326,-0.072370,10.5,0.9,1.2,99.9,13,1,3,2.43,89.2,4333.5
2026-07-07T15:50:42Z,,,,,,,,,,,,4330.1
2026-07-07T15:50:42Z,,,,,,,,,,,,4326.2
2026-07-07T15:50:42Z,,,,,,,,,,,,4323.5
2026-07-07T15:50:42Z,,,,,,,,,,,,4322.0
2026-07-07T15:50:42Z,51.553326,-0.072361,10.3,0.9,1.2,99.9,13,1,3,2.39,86.0,4320.8
2026-07-07T15:50:42Z,,,,,,,,,,,,4318.7
2026-07-07T15:50:43Z,,,,,,,,,,,,4316.8
2026-07-07T15:50:43Z,,,,,,,,,,,,4317.7
2026-07-07T15:50:43Z,,,,,,,,,,,,4322.5
2026-07-07T15:50:43Z,51.553326,-0.072352,10.3,0.9,1.2,99.9,13,1,3,2.22,88.3,4329.3
2026-07-07T15:50:43Z,,,,,,,,,,,,4336.3
2026-07-07T15:50:43Z,,,,,,,,,,,,4343.8
2026-07-07T15:50:43Z,,,,,,,,,,,,4350.9
2026-07-07T15:50:43Z,,,,,,,,,,,,4358.3
2026-07-07T15:50:43Z,51.553329,-0.072346,10.2,0.9,1.2,99.9,13,1,3,1.89,88.3,4365.2
2026-07-07T15:50:43Z,,,,,,,,,,,,4369.9
2026-07-07T15:50:44Z,,,,,,,,,,,,4371.6
2026-07-07T15:50:44Z,,,,,,,,,,,,4371.4
2026-07-07T15:50:44Z,,,,,,,,,,,,4371.5
2026-07-07T15:50:44Z,51.553329,-0.072339,10.1,0.9,1.2,99.9,13,1,3,1.93,88.3,4371.9
2026-07-07T15:50:44Z,,,,,,,,,,,,4369.4
2026-07-07T15:50:44Z,,,,,,,,,,,,4364.3
2026-07-07T15:50:44Z,,,,,,,,,,,,4358.4
2026-07-07T15:50:44Z,,,,,,,,,,,,4352.2
2026-07-07T15:50:44Z,51.553333,-0.072332,10.1,0.9,1.2,99.9,13,1,3,1.88,88.3,4347.7
2026-07-07T15:50:44Z,,,,,,,,,,,,4342.2
2026-07-07T15:50:45Z,,,,,,,,,,,,4335.1
2026-07-07T15:50:45Z,,,,,,,,,,,,4326.2
2026-07-07T15:50:45Z,,,,,,,,,,,,4319.6
2026-07-07T15:50:45Z,51.553333,-0.072325,10.0,0.9,1.2,99.9,13,1,3,2.18,68.2,4315.4
2026-07-07T15:50:45Z,,,,,,,,,,,,4311.7
2026-07-07T15:50:45Z,,,,,,,,,,,,4305.6
2026-07-07T15:50:45Z,,,,,,,,,,,,4299.1
2026-07-07T15:50:45Z,,,,,,,,,,,,4294.3
2026-07-07T15:50:45Z,51.553337,-0.072316,9.9,0.9,1.2,99.9,13,1,3,2.60,71.0,4292.0
2026-07-07T15:50:45Z,,,,,,,,,,,,4292.9
2026-07-07T15:50:46Z,,,,,,,,,,,,4294.7
2026-07-07T15:50:46Z,,,,,,,,,,,,4293.8
2026-07-07T15:50:46Z,,,,,,,,,,,,4292.6
2026-07-07T15:50:46Z,51.553337,-0.072305,9.8,0.9,1.2,99.9,13,1,3,2.53,84.0,4295.7
2026-07-07T15:50:46Z,,,,,,,,,,,,4303.0
2026-07-07T15:50:46Z,,,,,,,,,,,,4308.5
2026-07-07T15:50:46Z,,,,,,,,,,,,4311.1
2026-07-07T15:50:46Z,,,,,,,,,,,,4313.0
2026-07-07T15:50:46Z,51.553337,-0.072295,9.7,0.9,1.2,99.9,13,1,3,2.54,92.3,4317.5
2026-07-07T15:50:46Z,,,,,,,,,,,,4325.7
2026-07-07T15:50:47Z,,,,,,,,,,,,4330.7
2026-07-07T15:50:47Z,,,,,,,,,,,,4332.3
2026-07-07T15:50:47Z,,,,,,,,,,,,4329.8
2026-07-07T15:50:47Z,51.553337,-0.072285,9.6,0.9,1.2,99.9,13,1,3,2.76,94.3,4320.3
2026-07-07T15:50:47Z,,,,,,,,,,,,4303.5
2026-07-07T15:50:47Z,,,,,,,,,,,,4291.3
2026-07-07T15:50:47Z,,,,,,,,,,,,4280.5
2026-07-07T15:50:47Z,,,,,,,,,,,,4270.0
2026-07-07T15:50:47Z,51.553337,-0.072274,9.6,0.9,1.2,99.9,13,1,3,2.88,92.7,4256.1
2026-07-07T15:50:47Z,,,,,,,,,,,,4239.0
2026-07-07T15:50:48Z,,,,,,,,,,,,4228.0
2026-07-07T15:50:48Z,,,,,,,,,,,,4211.9
2026-07-07T15:50:48Z,,,,,,,,,,,,4190.8
2026-07-07T15:50:48Z,51.553337,-0.072263,9.5,0.9,1.2,99.9,13,1,3,2.68,92.7,4169.2
2026-07-07T15:50:48Z,,,,,,,,,,,,4148.4
2026-07-07T15:50:48Z,,,,,,,,,,,,4133.4
2026-07-07T15:50:48Z,,,,,,,,,,,,4123.6
2026-07-07T15:50:48Z,,,,,,,,,,,,4109.4
2026-07-07T15:50:48Z,51.553337,-0.072255,9.3,0.9,1.2,99.9,13,1,3,2.20,81.6,4102.5
2026-07-07T15:50:48Z,,,,,,,,,,,,4113.4
2026-07-07T15:50:49Z,,,,,,,,,,,,4123.2
2026-07-07T15:50:49Z,,,,,,,,,,,,4120.6
2026-07-07T15:50:49Z,,,,,,,,,,,,4108.3
2026-07-07T15:50:49Z,51.553341,-0.072247,9.2,0.9,1.2,99.9,13,1,3,1.88,81.6,4097.7
2026-07-07T15:50:49Z,,,,,,,,,,,,4092.8
2026-07-07T15:50:49Z,,,,,,,,,,,,4093.2
2026-07-07T15:50:49Z,,,,,,,,,,,,4094.9
2026-07-07T15:50:49Z,,,,,,,,,,,,4092.7
2026-07-07T15:50:49Z,51.553341,-0.072241,9.2,0.9,1.2,99.9,13,1,3,1.71,81.6,4088.6
2026-07-07T15:50:49Z,,,,,,,,,,,,4091.6
2026-07-07T15:50:50Z,,,,,,,,,,,,4102.3
2026-07-07T15:50:50Z,,,,,,,,,,,,4113.6
2026-07-07T15:50:50Z,,,,,,,,,,,,4115.4
2026-07-07T15:50:50Z,51.553345,-0.072234,9.0,0.9,1.2,99.9,13,1,3,1.82,81.6,4114.3
2026-07-07T15:50:50Z,,,,,,,,,,,,4121.7
2026-07-07T15:50:50Z,,,,,,,,,,,,4136.3
2026-07-07T15:50:50Z,,,,,,,,,,,,4150.4
2026-07-07T15:50:50Z,,,,,,,,,,,,4157.7
2026-07-07T15:50:50Z,51.553345,-0.072225,9.0,0.9,1.2,99.9,13,1,3,2.28,83.6,4158.2
2026-07-07T15:50:50Z,,,,,,,,,,,,4159.6
2026-07-07T15:50:51Z,,,,,,,,,,,,4168.6
2026-07-07T15:50:51Z,,,,,,,,,,,,4181.1
2026-07-07T15:50:51Z,,,,,,,,,,,,4188.9
2026-07-07T15:50:51Z,51.553345,-0.072216,9.0,0.9,1.2,99.9,13,1,3,2.45,72.2,4193.7
2026-07-07T15:50:51Z,,,,,,,,,,,,4200.1
2026-07-07T15:50:51Z,,,,,,,,,,,,4210.3
2026-07-07T15:50:51Z,,,,,,,,,,,,4225.3
2026-07-07T15:50:51Z,,,,,,,,,,,,4236.0
2026-07-07T15:50:51Z,51.553349,-0.072208,9.0,0.9,1.2,99.9,13,1,3,2.35,69.9,4237.0
2026-07-07T15:50:51Z,,,,,,,,,,,,4234.5
2026-07-07T15:50:52Z,,,,,,,,,,,,4235.2
2026-07-07T15:50:52Z,,,,,,,,,,,,4239.8
2026-07-07T15:50:52Z,,,,,,,,,,,,4242.0
2026-07-07T15:50:52Z,51.553349,-0.072200,8.9,0.9,1.2,99.9,13,1,3,1.73,69.9,4236.8
2026-07-07T15:50:52Z,,,,,,,,,,,,4228.0
2026-07-07T15:50:52Z,,,,,,,,,,,,4220.0
2026-07-07T15:50:52Z,,,,,,,,,,,,4216.1
2026-07-07T15:50:52Z,,,,,,,,,,,,4215.1
2026-07-07T15:50:52Z,51.553349,-0.072193,8.6,0.9,1.2,99.9,13,1,3,1.71,69.9,4209.1
2026-07-07T15:50:52Z,,,,,,,,,,,,4198.0
2026-07-07T15:50:53Z,,,,,,,,,,,,4187.4
2026-07-07T15:50:53Z,,,,,,,,,,,,4179.0
2026-07-07T15:50:53Z,,,,,,,,,,,,4177.7
2026-07-07T15:50:53Z,51.553349,-0.072187,8.6,0.9,1.2,99.9,13,1,3,1.76,69.9,4174.3
2026-07-07T15:50:53Z,,,,,,,,,,,,4166.5
2026-07-07T15:50:53Z,,,,,,,,,,,,4160.2
2026-07-07T15:50:53Z,,,,,,,,,,,,4158.4
2026-07-07T15:50:53Z,,,,,,,,,,,,4162.7
2026-07-07T15:50:53Z,51.553345,-0.072181,8.4,0.9,1.2,99.9,13,1,3,1.68,69.9,4166.9
2026-07-07T15:50:53Z,,,,,,,,,,,,4163.7
2026-07-07T15:50:54Z,,,,,,,,,,,,4158.2
2026-07-07T15:50:54Z,,,,,,,,,,,,4156.2
2026-07-07T15:50:54Z,,,,,,,,,,,,4161.4
2026-07-07T15:50:54Z,51.553345,-0.072176,8.4,0.9,1.2,99.9,13,1,3,1.55,69.9,4165.8
2026-07-07T15:50:54Z,,,,,,,,,,,,4164.6
2026-07-07T15:50:54Z,,,,,,,,,,,,4160.5
2026-07-07T15:50:54Z,,,,,,,,,,,,4155.8
2026-07-07T15:50:54Z,,,,,,,,,,,,4152.4
2026-07-07T15:50:54Z,51.553345,-0.072173,8.3,0.9,1.2,99.9,13,1,3,0.97,69.9,4150.1
2026-07-07T15:50:54Z,,,,,,,,,,,,4145.7
2026-07-07T15:50:55Z,,,,,,,,,,,,4137.4
2026-07-07T15:50:55Z,,,,,,,,,,,,4127.2
2026-07-07T15:50:55Z,,,,,,,,,,,,4125.1
2026-07-07T15:50:55Z,51.553349,-0.072171,8.4,0.9,1.2,99.9,13,1,3,0.79,69.9,4129.5
2026-07-07T15:50:55Z,,,,,,,,,,,,4134.5
2026-07-07T15:50:55Z,,,,,,,,,,,,4134.5
2026-07-07T15:50:55Z,,,,,,,,,,,,4131.3
2026-07-07T15:50:55Z,,,,,,,,,,,,4128.5
2026-07-07T15:50:55Z,51.553352,-0.072171,8.6,0.9,1.2,99.9,13,1,3,1.24,69.9,4129.5
2026-07-07T15:50:55Z,,,,,,,,,,,,4135.9
2026-07-07T15:50:56Z,,,,,,,,,,,,4138.4
2026-07-07T15:50:56Z,,,,,,,,,,,,4131.9
2026-07-07T15:50:56Z,,,,,,,,,,,,4122.9
2026-07-07T15:50:56Z,51.553356,-0.072170,8.9,0.9,1.2,99.9,13,1,3,1.47,69.9,4117.6
2026-07-07T15:50:56Z,,,,,,,,,,,,4119.7
2026-07-07T15:50:56Z,,,,,,,,,,,,4121.1
2026-07-07T15:50:56Z,,,,,,,,,,,,4113.9
2026-07-07T15:50:56Z,,,,,,,,,,,,4101.2
2026-07-07T15:50:56Z,51.553360,-0.072170,9.1,0.9,1.2,99.9,13,1,3,1.93,69.9,4094.0
2026-07-07T15:50:56Z,,,,,,,,,,,,4093.0
2026-07-07T15:50:57Z,,,,,,,,,,,,4094.6
2026-07-07T15:50:57Z,,,,,,,,,,,,4090.5
2026-07-07T15:50:57Z,,,,,,,,,,,,4078.7
2026-07-07T15:50:57Z,51.553368,-0.072171,9.6,0.9,1.2,99.9,13,1,3,2.25,358.7,4067.0
2026-07-07T15:50:57Z,,,,,,,,,,,,4057.8
2026-07-07T15:50:57Z,,,,,,,,,,,,4054.9
2026-07-07T15:50:57Z,,,,,,,,,,,,4053.0
2026-07-07T15:50:57Z,,,,,,,,,,,,4044.4
2026-07-07T15:50:57Z,51.553371,-0.072169,9.6,0.9,1.2,99.9,13,1,3,2.50,3.5,4035.7
2026-07-07T15:50:57Z,,,,,,,,,,,,4032.9
2026-07-07T15:50:58Z,,,,,,,,,,,,4043.2
2026-07-07T15:50:58Z,,,,,,,,,,,,4057.8
2026-07-07T15:50:58Z,,,,,,,,,,,,4054.7
2026-07-07T15:50:58Z,51.553379,-0.072169,9.8,0.9,1.2,99.9,13,1,3,2.87,3.9,4040.6
2026-07-07T15:50:58Z,,,,,,,,,,,,4032.6
2026-07-07T15:50:58Z,,,,,,,,,,,,4035.1
2026-07-07T15:50:58Z,,,,,,,,,,,,4047.1
2026-07-07T15:50:58Z,,,,,,,,,,,,4052.5
2026-07-07T15:50:58Z,51.553387,-0.072167,10.0,0.9,1.2,99.9,13,1,3,2.90,6.0,4042.2
2026-07-07T15:50:58Z,,,,,,,,,,,,4026.1
2026-07-07T15:50:59Z,,,,,,,,,,,,4016.4
2026-07-07T15:50:59Z,,,,,,,,,,,,4017.3
2026-07-07T15:50:59Z,,,,,,,,,,,,4017.5
2026-07-07T15:50:59Z,51.553394,-0.072168,10.4,0.9,1.2,99.9,13,1,3,2.99,358.0,4007.5
2026-07-07T15:50:59Z,,,,,,,,,,,,3996.1
2026-07-07T15:50:59Z,,,,,,,,,,,,3989.3
2026-07-07T15:50:59Z,,,,,,,,,,,,3985.7
2026-07-07T15:50:59Z,,,,,,,,,,,,3984.0
2026-07-07T15:50:59Z,51.553402,-0.072169,10.6,0.9,1.2,99.9,13,1,3,2.87,346.0,3978.7
2026-07-07T15:50:59Z,,,,,,,,,,,,3969.2
2026-07-07T15:51:00Z,,,,,,,,,,,,3962.3
2026-07-07T15:51:00Z,,,,,,,,,,,,3960.8
2026-07-07T15:51:00Z,,,,,,,,,,,,3969.9
2026-07-07T15:51:00Z,51.553410,-0.072173,11.0,0.9,1.2,99.9,13,1,3,3.19,344.9,3979.4
2026-07-07T15:51:00Z,,,,,,,,,,,,3980.4
2026-07-07T15:51:00Z,,,,,,,,,,,,3983.6
2026-07-07T15:51:00Z,,,,,,,,,,,,3992.5
2026-07-07T15:51:00Z,,,,,,,,,,,,4008.5
2026-07-07T15:51:00Z,51.553413,-0.072173,11.2,0.9,1.2,99.9,13,1,3,2.65,349.9,4024.9
2026-07-07T15:51:00Z,,,,,,,,,,,,4032.1
2026-07-07T15:51:01Z,,,,,,,,,,,,4031.0
2026-07-07T15:51:01Z,,,,,,,,,,,,4031.1
2026-07-07T15:51:01Z,,,,,,,,,,,,4039.3
2026-07-07T15:51:01Z,51.553421,-0.072175,11.5,0.9,1.2,99.9,13,1,3,3.06,352.4,4054.3
2026-07-07T15:51:01Z,,,,,,,,,,,,4066.6
2026-07-07T15:51:01Z,,,,,,,,,,,,4066.4
2026-07-07T15:51:01Z,,,,,,,,,,,,4064.1
2026-07-07T15:51:01Z,,,,,,,,,,,,4068.4
2026-07-07T15:51:01Z,51.553429,-0.072176,11.7,0.9,1.2,99.9,13,1,3,2.79,355.2,4078.3
2026-07-07T15:51:01Z,,,,,,,,,,,,4086.1
2026-07-07T15:51:02Z,,,,,,,,,,,,4083.8
2026-07-07T15:51:02Z,,,,,,,,,,,,4076.3
2026-07-07T15:51:02Z,,,,,,,,,,,,4072.4
2026-07-07T15:51:02Z,51.553436,-0.072177,12.0,0.9,1.2,99.9,13,1,3,2.79,353.6,4080.3
2026-07-07T15:51:02Z,,,,,,,,,,,,4094.0
2026-07-07T15:51:02Z,,,,,,,,,,,,4101.3
2026-07-07T15:51:02Z,,,,,,,,,,,,4103.2
2026-07-07T15:51:02Z,,,,,,,,,,,,4108.6
2026-07-07T15:51:02Z,51.553444,-0.072178,11.9,0.9,1.2,99.9,12,1,3,2.85,352.3,4124.6
2026-07-07T15:51:02Z,,,,,,,,,,,,4152.6
2026-07-07T15:51:03Z,,,,,,,,,,,,4175.5
2026-07-07T15:51:03Z,,,,,,,,,,,,4190.6
2026-07-07T15:51:03Z,,,,,,,,,,,,4200.2
2026-07-07T15:51:03Z,51.553452,-0.072180,12.1,0.9,1.2,99.9,12,1,3,3.28,353.2,4213.7
2026-07-07T15:51:03Z,,,,,,,,,,,,4233.2
2026-07-07T15:51:03Z,,,,,,,,,,,,4249.5
2026-07-07T15:51:03Z,,,,,,,,,,,,4253.0
2026-07-07T15:51:03Z,,,,,,,,,,,,4250.0
2026-07-07T15:51:03Z,51.553459,-0.072182,12.2,0.9,1.2,99.9,12,1,3,3.04,347.4,4246.5
2026-07-07T15:51:03Z,,,,,,,,,,,,4246.2
2026-07-07T15:51:04Z,,,,,,,,,,,,4249.5
2026-07-07T15:51:04Z,,,,,,,,,,,,4249.3
2026-07-07T15:51:04Z,,,,,,,,,,,,4237.2
2026-07-07T15:51:04Z,51.553463,-0.072184,12.2,0.9,1.2,99.9,12,1,3,3.16,348.0,4220.1
2026-07-07T15:51:04Z,,,,,,,,,,,,4208.7
2026-07-07T15:51:04Z,,,,,,,,,,,,4204.6
2026-07-07T15:51:04Z,,,,,,,,,,,,4199.5
2026-07-07T15:51:04Z,,,,,,,,,,,,4184.8
2026-07-07T15:51:04Z,51.553474,-0.072187,12.3,0.9,1.2,99.9,12,1,3,3.15,345.3,4170.8
2026-07-07T15:51:04Z,,,,,,,,,,,,4164.3
2026-07-07T15:51:05Z,,,,,,,,,,,,4166.5
2026-07-07T15:51:05Z,,,,,,,,,,,,4172.6
2026-07-07T15:51:05Z,,,,,,,,,,,,4174.7
2026-07-07T15:51:05Z,51.553482,-0.072191,12.1,0.9,1.2,99.9,12,1,3,3.26,339.2,4171.1
2026-07-07T15:51:05Z,,,,,,,,,,,,4168.5
2026-07-07T15:51:05Z,,,,,,,,,,,,4173.4
2026-07-07T15:51:05Z,,,,,,,,,,,,4189.9
2026-07-07T15:51:05Z,,,,,,,,,,,,4206.2
2026-07-07T15:51:05Z,51.553490,-0.072196,12.0,0.9,1.2,99.9,12,1,3,3.67,342.2,4206.8
2026-07-07T15:51:05Z,,,,,,,,,,,,4201.7
2026-07-07T15:51:06Z,,,,,,,,,,,,4199.5
2026-07-07T15:51:06Z,,,,,,,,,,,,4202.6
2026-07-07T15:51:06Z,,,,,,,,,,,,4206.6
2026-07-07T15:51:06Z,51.553497,-0.072199,12.0,0.9,1.2,99.9,12,1,3,3.63,344.2,4202.9
2026-07-07T15:51:06Z,,,,,,,,,,,,4192.7
2026-07-07T15:51:06Z,,,,,,,,,,,,4184.2
2026-07-07T15:51:06Z,,,,,,,,,,,,4180.0
2026-07-07T15:51:06Z,,,,,,,,,,,,4177.3
2026-07-07T15:51:06Z,51.553505,-0.072202,12.1,0.9,1.2,99.9,12,1,3,3.53,344.2,4171.9
2026-07-07T15:51:06Z,,,,,,,,,,,,4161.7
2026-07-07T15:51:07Z,,,,,,,,,,,,4149.9
2026-07-07T15:51:07Z,,,,,,,,,,,,4141.7
2026-07-07T15:51:07Z,,,,,,,,,,,,4143.7
2026-07-07T15:51:07Z,51.553513,-0.072204,12.2,0.9,1.2,99.9,12,1,3,2.79,342.6,4147.6
2026-07-07T15:51:07Z,,,,,,,,,,,,4145.1
2026-07-07T15:51:07Z,,,,,,,,,,,,4134.2
2026-07-07T15:51:07Z,,,,,,,,,,,,4122.9
2026-07-07T15:51:07Z,,,,,,,,,,,,4115.4
2026-07-07T15:51:07Z,51.553516,-0.072206,12.4,0.9,1.2,99.9,12,1,3,2.62,346.9,4112.3
2026-07-07T15:51:07Z,,,,,,,,,,,,4114.2
2026-07-07T15:51:08Z,,,,,,,,,,,,4112.9
2026-07-07T15:51:08Z,,,,,,,,,,,,4110.6
2026-07-07T15:51:08Z,,,,,,,,,,,,4116.9
2026-07-07T15:51:08Z,51.553524,-0.072208,12.5,0.9,1.2,99.9,13,1,3,2.63,347.3,4134.2
2026-07-07T15:51:08Z,,,,,,,,,,,,4158.7
2026-07-07T15:51:08Z,,,,,,,,,,,,4177.2
2026-07-07T15:51:08Z,,,,,,,,,,,,4183.7
2026-07-07T15:51:08Z,,,,,,,,,,,,4186.3
2026-07-07T15:51:08Z,51.553528,-0.072207,12.7,0.9,1.2,99.9,13,1,3,2.26,356.8,4192.3
2026-07-07T15:51:08Z,,,,,,,,,,,,4202.5
2026-07-07T15:51:09Z,,,,,,,,,,,,4209.4
2026-07-07T15:51:09Z,,,,,,,,,,,,4209.0
2026-07-07T15:51:09Z,,,,,,,,,,,,4200.4
2026-07-07T15:51:09Z,51.553535,-0.072207,12.9,0.9,1.2,99.9,13,1,3,2.53,0.3,4191.4
2026-07-07T15:51:09Z,,,,,,,,,,,,4185.2
2026-07-07T15:51:09Z,,,,,,,,,,,,4181.8
2026-07-07T15:51:09Z,,,,,,,,,,,,4175.8
2026-07-07T15:51:09Z,,,,,,,,,,,,4162.7
2026-07-07T15:51:09Z,51.553539,-0.072208,12.9,0.9,1.2,99.9,13,1,3,2.01,347.5,4146.6
2026-07-07T15:51:09Z,,,,,,,,,,,,4133.1
2026-07-07T15:51:10Z,,,,,,,,,,,,4122.7
2026-07-07T15:51:10Z,,,,,,,,,,,,4112.5
2026-07-07T15:51:10Z,,,,,,,,,,,,4101.4
2026-07-07T15:51:10Z,51.553543,-0.072209,13.0,0.9,1.2,99.9,13,1,3,1.83,347.5,4088.7
2026-07-07T15:51:10Z,,,,,,,,,,,,4078.5
2026-07-07T15:51:10Z,,,,,,,,,,,,4071.7
2026-07-07T15:51:10Z,,,,,,,,,,,,4067.9
2026-07-07T15:51:10Z,,,,,,,,,,,,4064.7
2026-07-07T15:51:10Z,51.553551,-0.072211,13.2,0.9,1.2,99.9,13,1,3,1.69,347.5,4060.7
2026-07-07T15:51:10Z,,,,,,,,,,,,4055.8
2026-07-07T15:51:11Z,,,,,,,,,,,,4052.6
2026-07-07T15:51:11Z,,,,,,,,,,,,4052.4
2026-07-07T15:51:11Z,,,,,,,,,,,,4052.1
2026-07-07T15:51:11Z,51.553555,-0.072212,13.4,0.9,1.2,99.9,13,1,3,1.33,347.5,4050.2
2026-07-07T15:51:11Z,,,,,,,,,,,,4046.9
2026-07-07T15:51:11Z,,,,,,,,,,,,4044.6
2026-07-07T15:51:11Z,,,,,,,,,,,,4044.7
2026-07-07T15:51:11Z,,,,,,,,,,,,4043.9
2026-07-07T15:51:11Z,51.553555,-0.072212,13.4,0.9,1.2,99.9,13,1,3,0.00,347.5,4041.3
2026-07-07T15:51:11Z,,,,,,,,,,,,4035.0
2026-07-07T15:51:12Z,,,,,,,,,,,,4028.3
2026-07-07T15:51:12Z,,,,,,,,,,,,4020.7
2026-07-07T15:51:12Z,,,,,,,,,,,,4009.5
2026-07-07T15:51:12Z,51.553555,-0.072212,13.2,0.9,1.2,99.9,13,1,3,0.00,347.5,3997.1
2026-07-07T15:51:12Z,,,,,,,,,,,,3990.3
2026-07-07T15:51:12Z,,,,,,,,,,,,3987.3
2026-07-07T15:51:12Z,,,,,,,,,,,,3982.3
2026-07-07T15:51:12Z,,,,,,,,,,,,3972.1
2026-07-07T15:51:12Z,51.553555,-0.072212,13.3,0.9,1.2,99.9,13,1,3,0.00,347.5,3960.1
2026-07-07T15:51:12Z,,,,,,,,,,,,3952.3
2026-07-07T15:51:13Z,,,,,,,,,,,,3950.4
2026-07-07T15:51:13Z,,,,,,,,,,,,3948.6
2026-07-07T15:51:13Z,,,,,,,,,,,,3945.6
2026-07-07T15:51:13Z,51.553555,-0.072218,13.6,0.9,1.2,99.9,13,1,3,1.72,347.5,3945.0
2026-07-07T15:51:13Z,,,,,,,,,,,,3950.1
2026-07-07T15:51:13Z,,,,,,,,,,,,3961.8
2026-07-07T15:51:13Z,,,,,,,,,,,,3977.1
2026-07-07T15:51:13Z,,,,,,,,,,,,3989.6
2026-07-07T15:51:13Z,51.553558,-0.072224,13.8,0.9,1.2,99.9,13,1,3,2.16,292.5,3999.2
2026-07-07T15:51:13Z,,,,,,,,,,,,4009.4
2026-07-07T15:51:14Z,,,,,,,,,,,,4020.4
2026-07-07T15:51:14Z,,,,,,,,,,,,4036.7
2026-07-07T15:51:14Z,,,,,,,,,,,,4051.7
2026-07-07T15:51:14Z,51.553558,-0.072230,14.0,0.9,1.2,99.9,13,1,3,1.69,292.5,4059.0
2026-07-07T15:51:14Z,,,,,,,,,,,,4062.4
2026-07-07T15:51:14Z,,,,,,,,,,,,4066.5
2026-07-07T15:51:14Z,,,,,,,,,,,,4067.6
2026-07-07T15:51:14Z,,,,,,,,,,,,4066.3
2026-07-07T15:51:14Z,51.553562,-0.072229,14.0,0.9,1.2,99.9,13,1,3,0.00,292.5,4062.9
2026-07-07T15:51:14Z,,,,,,,,,,,,4055.8
2026-07-07T15:51:15Z,,,,,,,,,,,,4048.5
2026-07-07T15:51:15Z,,,,,,,,,,,,4041.1
2026-07-07T15:51:15Z,,,,,,,,,,,,4033.4
2026-07-07T15:51:15Z,51.553562,-0.072227,13.9,0.9,1.2,99.9,13,1,3,0.00,292.5,4024.9
2026-07-07T15:51:15Z,,,,,,,,,,,,4016.3
2026-07-07T15:51:15Z,,,,,,,,,,,,4008.9
2026-07-07T15:51:15Z,,,,,,,,,,,,4001.3
2026-07-07T15:51:15Z,,,,,,,,,,,,3993.8
2026-07-07T15:51:15Z,51.553562,-0.072227,13.8,0.9,1.2,99.9,13,1,3,0.00,292.5,3987.5
2026-07-07T15:51:15Z,,,,,,,,,,,,3982.4
2026-07-07T15:51:16Z,,,,,,,,,,,,3978.0
2026-07-07T15:51:16Z,,,,,,,,,,,,3973.9
2026-07-07T15:51:16Z,,,,,,,,,,,,3970.2
2026-07-07T15:51:16Z,51.553562,-0.072226,13.9,0.9,1.2,99.9,13,1,3,0.00,292.5,3964.7
2026-07-07T15:51:16Z,,,,,,,,,,,,3959.8
2026-07-07T15:51:16Z,,,,,,,,,,,,3955.3
2026-07-07T15:51:16Z,,,,,,,,,,,,3950.7
2026-07-07T15:51:16Z,,,,,,,,,,,,3945.7
2026-07-07T15:51:16Z,51.553562,-0.072226,14.0,0.9,1.2,99.9,13,1,3,0.00,292.5,3940.9
2026-07-07T15:51:16Z,,,,,,,,,,,,3936.1
2026-07-07T15:51:17Z,,,,,,,,,,,,3931.5
2026-07-07T15:51:17Z,,,,,,,,,,,,3927.4
2026-07-07T15:51:17Z,,,,,,,,,,,,3925.3
2026-07-07T15:51:17Z,51.553562,-0.072225,14.0,0.9,1.2,99.9,13,1,3,0.00,292.5,3925.1
2026-07-07T15:51:17Z,,,,,,,,,,,,3929.0
2026-07-07T15:51:17Z,,,,,,,,,,,,3940.4
2026-07-07T15:51:17Z,,,,,,,,,,,,3959.2
2026-07-07T15:51:17Z,,,,,,,,,,,,3985.7
2026-07-07T15:51:17Z,51.553562,-0.072225,14.0,0.9,1.2,99.9,13,1,3,0.00,292.5,4039.0
2026-07-07T15:51:17Z,,,,,,,,,,,,4115.1
2026-07-07T15:51:18Z,,,,,,,,,,,,4176.5
2026-07-07T15:51:18Z,,,,,,,,,,,,4229.8
2026-07-07T15:51:18Z,,,,,,,,,,,,4262.9
2026-07-07T15:51:18Z,51.553562,-0.072225,14.0,0.9,1.2,99.9,13,1,3,0.00,292.5,4290.3
2026-07-07T15:51:18Z,,,,,,,,,,,,4317.3
2026-07-07T15:51:18Z,,,,,,,,,,,,4335.3
2026-07-07T15:51:18Z,,,,,,,,,,,,4347.4
2026-07-07T15:51:18Z,,,,,,,,,,,,4355.4
2026-07-07T15:51:18Z,51.553562,-0.072224,14.1,0.8,1.2,99.9,14,1,3,0.00,292.5,4356.0
2026-07-07T15:51:18Z,,,,,,,,,,,,4352.9
2026-07-07T15:51:19Z,,,,,,,,,,,,4348.5
2026-07-07T15:51:19Z,,,,,,,,,,,,4342.6
2026-07-07T15:51:19Z,,,,,,,,,,,,4335.5
2026-07-07T15:51:19Z,51.553562,-0.072224,14.1,0.8,1.2,99.9,14,1,3,0.00,292.5,4327.7
2026-07-07T15:51:19Z,,,,,,,,,,,,4320.0
2026-07-07T15:51:19Z,,,,,,,,,,,,4312.3
2026-07-07T15:51:19Z,,,,,,,,,,,,4305.1
2026-07-07T15:51:19Z,,,,,,,,,,,,4298.1
2026-07-07T15:51:19Z,51.553562,-0.072224,14.1,0.8,1.2,99.9,14,1,3,0.00,292.5,4292.3
2026-07-07T15:51:19Z,,,,,,,,,,,,4287.6
2026-07-07T15:51:20Z,,,,,,,,,,,,4283.8
2026-07-07T15:51:20Z,,,,,,,,,,,,4278.7
2026-07-07T15:51:20Z,,,,,,,,,,,,4273.8
2026-07-07T15:51:20Z,51.553562,-0.072224,14.2,0.8,1.2,99.9,14,1,3,0.00,292.5,4268.7
2026-07-07T15:51:20Z,,,,,,,,,,,,4262.9
2026-07-07T15:51:20Z,,,,,,,,,,,,4257.8
2026-07-07T15:51:20Z,,,,,,,,,,,,4253.9
2026-07-07T15:51:20Z,,,,,,,,,,,,4248.8
2026-07-07T15:51:20Z,51.553562,-0.072224,14.2,0.8,1.2,99.9,14,1,3,0.00,292.5,4242.9
2026-07-07T15:51:20Z,,,,,,,,,,,,4236.4
2026-07-07T15:51:21Z,,,,,,,,,,,,4229.7
2026-07-07T15:51:21Z,,,,,,,,,,,,4221.8
2026-07-07T15:51:21Z,,,,,,,,,,,,4214.2
2026-07-07T15:51:21Z,51.553562,-0.072224,14.2,0.8,1.2,99.9,14,1,3,0.00,292.5,4206.0
2026-07-07T15:51:21Z,,,,,,,,,,,,4198.4
2026-07-07T15:51:21Z,,,,,,,,,,,,4191.0
2026-07-07T15:51:21Z,,,,,,,,,,,,4183.3
2026-07-07T15:51:21Z,,,,,,,,,,,,4175.4
2026-07-07T15:51:21Z,51.553562,-0.072223,14.3,0.8,1.2,99.9,14,1,3,0.00,292.5,4168.1
2026-07-07T15:51:21Z,,,,,,,,,,,,4161.6
2026-07-07T15:51:22Z,,,,,,,,,,,,4156.4
2026-07-07T15:51:22Z,,,,,,,,,,,,4151.7
2026-07-07T15:51:22Z,,,,,,,,,,,,4150.0
2026-07-07T15:51:22Z,51.553562,-0.072223,14.3,0.8,1.2,99.9,14,1,3,0.00,292.5,4149.8
2026-07-07T15:51:22Z,,,,,,,,,,,,4149.4
2026-07-07T15:51:22Z,,,,,,,,,,,,4149.5
2026-07-07T15:51:22Z,,,,,,,,,,,,4149.4
2026-07-07T15:51:22Z,,,,,,,,,,,,4150.3
2026-07-07T15:51:22Z,51.553562,-0.072223,14.3,0.8,1.2,99.9,14,1,3,0.00,292.5,4151.4
2026-07-07T15:51:22Z,,,,,,,,,,,,4151.7
2026-07-07T15:51:23Z,,,,,,,,,,,,4151.4
2026-07-07T15:51:23Z,,,,,,,,,,,,4151.0
2026-07-07T15:51:23Z,,,,,,,,,,,,4151.8
2026-07-07T15:51:23Z,51.553562,-0.072223,14.4,0.8,1.2,99.9,14,1,3,0.00,292.5,4152.8
2026-07-07T15:51:23Z,,,,,,,,,,,,4152.3
2026-07-07T15:51:23Z,,,,,,,,,,,,4152.4
2026-07-07T15:51:23Z,,,,,,,,,,,,4143.4
2026-07-07T15:51:23Z,,,,,,,,,,,,4129.9
2026-07-07T15:51:23Z,51.553562,-0.072222,14.4,0.8,1.2,99.9,14,1,3,0.00,292.5,4125.6
2026-07-07T15:51:23Z,,,,,,,,,,,,4126.9
2026-07-07T15:51:24Z,,,,,,,,,,,,4130.6
2026-07-07T15:51:24Z,,,,,,,,,,,,4134.9
2026-07-07T15:51:24Z,,,,,,,,,,,,4136.7
2026-07-07T15:51:24Z,51.553562,-0.072222,14.4,0.8,1.2,99.9,14,1,3,0.00,292.5,4135.2
2026-07-07T15:51:24Z,,,,,,,,,,,,4132.0
2026-07-07T15:51:24Z,,,,,,,,,,,,4128.9
2026-07-07T15:51:24Z,,,,,,,,,,,,4127.6
2026-07-07T15:51:24Z,,,,,,,,,,,,4129.2
2026-07-07T15:51:24Z,51.553566,-0.072222,14.5,0.8,1.2,99.9,14,1,3,0.00,292.5,4137.7
2026-07-07T15:51:24Z,,,,,,,,,,,,4156.4
2026-07-07T15:51:25Z,,,,,,,,,,,,4179.7
2026-07-07T15:51:25Z,,,,,,,,,,,,4213.6
2026-07-07T15:51:25Z,,,,,,,,,,,,4252.7
2026-07-07T15:51:25Z,51.553566,-0.072221,14.5,0.8,1.2,99.9,14,1,3,0.00,292.5,4297.1
2026-07-07T15:51:25Z,,,,,,,,,,,,4341.8
2026-07-07T15:51:25Z,,,,,,,,,,,,4381.2
2026-07-07T15:51:25Z,,,,,,,,,,,,4417.7
2026-07-07T15:51:25Z,,,,,,,,,,,,4450.3
2026-07-07T15:51:25Z,51.553566,-0.072221,14.5,0.8,1.2,99.9,14,1,3,0.00,292.5,4478.4
2026-07-07T15:51:25Z,,,,,,,,,,,,4504.0
2026-07-07T15:51:26Z,,,,,,,,,,,,4522.9
2026-07-07T15:51:26Z,,,,,,,,,,,,4538.1
2026-07-07T15:51:26Z,,,,,,,,,,,,4548.1
2026-07-07T15:51:26Z,51.553566,-0.072221,14.5,0.8,1.2,99.9,14,1,3,0.00,292.5,4555.1
2026-07-07T15:51:26Z,,,,,,,,,,,,4561.1
2026-07-07T15:51:26Z,,,,,,,,,,,,4563.5
2026-07-07T15:51:26Z,,,,,,,,,,,,4561.9
2026-07-07T15:51:26Z,,,,,,,,,,,,4557.9
2026-07-07T15:51:26Z,51.553566,-0.072221,14.5,0.8,1.2,99.9,14,1,3,0.00,292.5,4551.9
2026-07-07T15:51:26Z,,,,,,,,,,,,4542.2
2026-07-07T15:51:27Z,,,,,,,,,,,,4529.9
2026-07-07T15:51:27Z,,,,,,,,,,,,4513.8
2026-07-07T15:51:27Z,,,,,,,,,,,,4497.4
2026-07-07T15:51:27Z,51.553566,-0.072221,14.5,0.8,1.2,99.9,14,1,3,0.00,292.5,4481.3
2026-07-07T15:51:27Z,,,,,,,,,,,,4466.2
2026-07-07T15:51:27Z,,,,,,,,,,,,4453.7
2026-07-07T15:51:27Z,,,,,,,,,,,,4443.3
2026-07-07T15:51:27Z,,,,,,,,,,,,4433.7
2026-07-07T15:51:27Z,51.553566,-0.072221,14.5,0.8,1.2,99.9,14,1,3,0.00,292.5,4426.5
2026-07-07T15:51:27Z,,,,,,,,,,,,4420.1
2026-07-07T15:51:28Z,,,,,,,,,,,,4414.2
2026-07-07T15:51:28Z,,,,,,,,,,,,4407.0
2026-07-07T15:51:28Z,,,,,,,,,,,,4398.7
2026-07-07T15:51:28Z,51.553566,-0.072221,14.5,0.8,1.2,99.9,14,1,3,0.00,292.5,4390.3
2026-07-07T15:51:28Z,,,,,,,,,,,,4379.9
2026-07-07T15:51:28Z,,,,,,,,,,,,4368.4
2026-07-07T15:51:28Z,,,,,,,,,,,,4357.1
2026-07-07T15:51:28Z,,,,,,,,,,,,4345.8
2026-07-07T15:51:28Z,51.553566,-0.072221,14.5,0.8,1.2,99.9,14,1,3,0.00,292.5,4334.7
2026-07-07T15:51:28Z,,,,,,,,,,,,4322.9
2026-07-07T15:51:29Z,,,,,,,,,,,,4312.0
2026-07-07T15:51:29Z,,,,,,,,,,,,4300.3
2026-07-07T15:51:29Z,,,,,,,,,,,,4290.5
2026-07-07T15:51:29Z,51.553566,-0.072221,14.5,0.8,1.2,99.9,14,1,3,0.00,292.5,4281.6
2026-07-07T15:51:29Z,,,,,,,,,,,,4272.0
2026-07-07T15:51:29Z,,,,,,,,,,,,4262.6
2026-07-07T15:51:29Z,,,,,,,,,,,,4254.2
2026-07-07T15:51:29Z,,,,,,,,,,,,4246.4
2026-07-07T15:51:29Z,51.553570,-0.072221,14.6,0.8,1.2,99.9,13,1,3,0.00,292.5,4239.7
2026-07-07T15:51:29Z,,,,,,,,,,,,4231.3
2026-07-07T15:51:30Z,,,,,,,,,,,,4223.3
2026-07-07T15:51:30Z,,,,,,,,,,,,4214.7
2026-07-07T15:51:30Z,,,,,,,,,,,,4205.4
2026-07-07T15:51:30Z,51.553570,-0.072221,14.6,0.8,1.2,99.9,13,1,3,0.00,292.5,4196.6
2026-07-07T15:51:30Z,,,,,,,,,,,,4188.3
2026-07-07T15:51:30Z,,,,,,,,,,,,4180.4
2026-07-07T15:51:30Z,,,,,,,,,,,,4173.1
2026-07-07T15:51:30Z,,,,,,,,,,,,4166.4
2026-07-07T15:51:30Z,51.553570,-0.072221,14.6,0.8,1.2,99.9,13,1,3,0.00,292.5,4160.5
2026-07-07T15:51:30Z,,,,,,,,,,,,4155.0
2026-07-07T15:51:31Z,,,,,,,,,,,,4150.3
2026-07-07T15:51:31Z,,,,,,,,,,,,4144.2
2026-07-07T15:51:31Z,,,,,,,,,,,,4139.3
2026-07-07T15:51:31Z,51.553570,-0.072221,14.6,0.8,1.2,99.9,13,1,3,0.00,292.5,4134.6
2026-07-07T15:51:31Z,,,,,,,,,,,,4130.3
2026-07-07T15:51:31Z,,,,,,,,,,,,4126.9
2026-07-07T15:51:31Z,,,,,,,,,,,,4122.5
2026-07-07T15:51:31Z,,,,,,,,,,,,4117.8
2026-07-07T15:51:31Z,51.553570,-0.072221,14.6,0.8,1.2,99.9,13,1,3,0.00,292.5,4113.7
2026-07-07T15:51:31Z,,,,,,,,,,,,4110.9
2026-07-07T15:51:32Z,,,,,,,,,,,,4109.5
2026-07-07T15:51:32Z,,,,,,,,,,,,4108.7
2026-07-07T15:51:32Z,,,,,,,,,,,,4108.5
2026-07-07T15:51:32Z,51.553570,-0.072221,14.7,0.8,1.2,99.9,13,1,3,0.00,292.5,4108.9
2026-07-07T15:51:32Z,,,,,,,,,,,,4108.3
2026-07-07T15:51:32Z,,,,,,,,,,,,4105.5
2026-07-07T15:51:32Z,,,,,,,,,,,,4100.6
2026-07-07T15:51:32Z,,,,,,,,,,,,4095.6
2026-07-07T15:51:32Z,51.553570,-0.072221,14.7,0.8,1.2,99.9,13,1,3,0.00,292.5,4090.9
2026-07-07T15:51:32Z,,,,,,,,,,,,4085.9
2026-07-07T15:51:33Z,,,,,,,,,,,,4081.9
2026-07-07T15:51:33Z,,,,,,,,,,,,4077.7
2026-07-07T15:51:33Z,,,,,,,,,,,,4073.3
2026-07-07T15:51:33Z,51.553570,-0.072221,14.8,0.8,1.2,99.9,13,1,3,0.00,292.5,4069.6
2026-07-07T15:51:33Z,,,,,,,,,,,,4065.8
2026-07-07T15:51:33Z,,,,,,,,,,,,4061.0
2026-07-07T15:51:33Z,,,,,,,,,,,,4056.6
2026-07-07T15:51:33Z,,,,,,,,,,,,4052.4
2026-07-07T15:51:33Z,51.553570,-0.072220,14.8,0.8,1.2,99.9,13,1,3,0.00,292.5,4048.6
2026-07-07T15:51:33Z,,,,,,,,,,,,4044.0
2026-07-07T15:51:34Z,,,,,,,,,,,,4040.0
2026-07-07T15:51:34Z,,,,,,,,,,,,4035.7
2026-07-07T15:51:34Z,,,,,,,,,,,,4032.0
2026-07-07T15:51:34Z,51.553570,-0.072220,14.8,0.8,1.2,99.9,13,1,3,0.00,292.5,4028.8
2026-07-07T15:51:34Z,,,,,,,,,,,,4025.5
2026-07-07T15:51:34Z,,,,,,,,,,,,4021.5
2026-07-07T15:51:34Z,,,,,,,,,,,,4017.7
2026-07-07T15:51:34Z,,,,,,,,,,,,4013.4
2026-07-07T15:51:34Z,51.553570,-0.072220,14.9,0.8,1.2,99.9,13,1,3,0.00,292.5,4009.7
2026-07-07T15:51:34Z,,,,,,,,,,,,4005.2
2026-07-07T15:51:35Z,,,,,,,,,,,,4000.2
2026-07-07T15:51:35Z,,,,,,,,,,,,3995.6
2026-07-07T15:51:35Z,,,,,,,,,,,,3991.3
2026-07-07T15:51:35Z,51.553570,-0.072220,14.9,0.8,1.2,99.9,13,1,3,0.00,292.5,3987.2
2026-07-07T15:51:35Z,,,,,,,,,,,,3983.5
2026-07-07T15:51:35Z,,,,,,,,,,,,3979.3
2026-07-07T15:51:35Z,,,,,,,,,,,,3975.1
2026-07-07T15:51:35Z,,,,,,,,,,,,3972.0
2026-07-07T15:51:35Z,51.553570,-0.072220,15.0,0.8,1.2,99.9,13,1,3,0.00,292.5,3969.4
2026-07-07T15:51:35Z,,,,,,,,,,,,3966.5
2026-07-07T15:51:36Z,,,,,,,,,,,,3964.1
2026-07-07T15:51:36Z,,,,,,,,,,,,3962.0
2026-07-07T15:51:36Z,,,,,,,,,,,,3960.7
2026-07-07T15:51:36Z,51.553570,-0.072221,15.0,0.8,1.2,99.9,13,1,3,0.00,292.5,3959.3
2026-07-07T15:51:36Z,,,,,,,,,,,,3958.1
2026-07-07T15:51:36Z,,,,,,,,,,,,3957.6
2026-07-07T15:51:36Z,,,,,,,,,,,,3958.2
2026-07-07T15:51:36Z,,,,,,,,,,,,3960.2
2026-07-07T15:51:36Z,51.553570,-0.072220,15.1,0.8,1.2,99.9,13,1,3,0.00,292.5,3962.4
2026-07-07T15:51:36Z,,,,,,,,,,,,3964.5
2026-07-07T15:51:37Z,,,,,,,,,,,,3966.4
2026-07-07T15:51:37Z,,,,,,,,,,,,3968.8
2026-07-07T15:51:37Z,,,,,,,,,,,,3970.7
2026-07-07T15:51:37Z,51.553570,-0.072220,15.1,0.8,1.2,99.9,13,1,3,0.00,292.5,3971.7
2026-07-07T15:51:37Z,,,,,,,,,,,,3972.0
2026-07-07T15:51:37Z,,,,,,,,,,,,3971.8
2026-07-07T15:51:37Z,,,,,,,,,,,,3971.0
2026-07-07T15:51:37Z,,,,,,,,,,,,3969.6
2026-07-07T15:51:37Z,51.553570,-0.072221,15.1,0.8,1.2,99.9,13,1,3,0.00,292.5,3967.9
2026-07-07T15:51:37Z,,,,,,,,,,,,3965.7
2026-07-07T15:51:38Z,,,,,,,,,,,,3963.5
2026-07-07T15:51:38Z,,,,,,,,,,,,3960.1
2026-07-07T15:51:38Z,,,,,,,,,,,,3956.6
2026-07-07T15:51:38Z,51.553570,-0.072221,15.2,0.8,1.2,99.9,13,1,3,0.00,292.5,3954.2
2026-07-07T15:51:38Z,,,,,,,,,,,,3951.9
2026-07-07T15:51:38Z,,,,,,,,,,,,3950.1
2026-07-07T15:51:38Z,,,,,,,,,,,,3949.1
2026-07-07T15:51:38Z,,,,,,,,,,,,3948.9
2026-07-07T15:51:38Z,51.553570,-0.072221,15.2,0.8,1.2,99.9,13,1,3,0.00,292.5,3952.4
2026-07-07T15:51:38Z,,,,,,,,,,,,3963.5
2026-07-07T15:51:39Z,,,,,,,,,,,,3975.9
2026-07-07T15:51:39Z,,,,,,,,,,,,3985.3
2026-07-07T15:51:39Z,,,,,,,,,,,,3987.9
2026-07-07T15:51:39Z,51.553570,-0.072221,15.2,0.8,1.2,99.9,13,1,3,0.00,292.5,3986.9
2026-07-07T15:51:39Z,,,,,,,,,,,,3985.2
2026-07-07T15:51:39Z,,,,,,,,,,,,3983.9
2026-07-07T15:51:39Z,,,,,,,,,,,,3981.4
2026-07-07T15:51:39Z,,,,,,,,,,,,3978.6
2026-07-07T15:51:39Z,51.553570,-0.072221,15.2,0.8,1.2,99.9,13,1,3,0.00,292.5,3978.7
2026-07-07T15:51:39Z,,,,,,,,,,,,3979.7
2026-07-07T15:51:40Z,,,,,,,,,,,,3978.9
2026-07-07T15:51:40Z,,,,,,,,,,,,3982.1
2026-07-07T15:51:40Z,,,,,,,,,,,,4000.7
2026-07-07T15:51:40Z,51.553570,-0.072221,15.2,0.8,1.2,99.9,13,1,3,0.00,292.5,4033.5
2026-07-07T15:51:40Z,,,,,,,,,,,,4066.1
2026-07-07T15:51:40Z,,,,,,,,,,,,4085.3
2026-07-07T15:51:40Z,,,,,,,,,,,,4090.4
2026-07-07T15:51:40Z,,,,,,,,,,,,4090.7
2026-07-07T15:51:40Z,51.553570,-0.072221,15.2,0.8,1.1,99.9,14,1,3,0.00,292.5,4091.2
2026-07-07T15:51:40Z,,,,,,,,,,,,4089.9
2026-07-07T15:51:41Z,,,,,,,,,,,,4090.8
2026-07-07T15:51:41Z,,,,,,,,,,,,4098.2
2026-07-07T15:51:41Z,,,,,,,,,,,,4110.8
2026-07-07T15:51:41Z,51.553570,-0.072221,15.2,0.8,1.1,99.9,14,1,3,0.00,292.5,4145.6
2026-07-07T15:51:41Z,,,,,,,,,,,,4202.2
2026-07-07T15:51:41Z,,,,,,,,,,,,4244.2
2026-07-07T15:51:41Z,,,,,,,,,,,,4271.4
2026-07-07T15:51:41Z,,,,,,,,,,,,4295.7
2026-07-07T15:51:41Z,51.553570,-0.072221,15.2,0.8,1.1,99.9,14,1,3,0.00,292.5,4319.0
2026-07-07T15:51:41Z,,,,,,,,,,,,4346.4
2026-07-07T15:51:42Z,,,,,,,,,,,,4369.8
2026-07-07T15:51:42Z,,,,,,,,,,,,4395.2
2026-07-07T15:51:42Z,,,,,,,,,,,,4420.1
2026-07-07T15:51:42Z,51.553574,-0.072221,15.2,0.8,1.1,99.9,14,1,3,0.00,292.5,4443.0
2026-07-07T15:51:42Z,,,,,,,,,,,,4465.5
2026-07-07T15:51:42Z,,,,,,,,,,,,4487.6
2026-07-07T15:51:42Z,,,,,,,,,,,,4507.0
2026-07-07T15:51:42Z,,,,,,,,,,,,4523.6
2026-07-07T15:51:42Z,51.553574,-0.072221,15.3,0.8,1.1,99.9,14,1,3,0.00,292.5,4536.0
2026-07-07T15:51:42Z,,,,,,,,,,,,4547.6
2026-07-07T15:51:43Z,,,,,,,,,,,,4556.8
2026-07-07T15:51:43Z,,,,,,,,,,,,4566.3
2026-07-07T15:51:43Z,,,,,,,,,,,,4573.6
2026-07-07T15:51:43Z,51.553574,-0.072221,15.3,0.8,1.1,99.9,14,1,3,0.00,292.5,4578.1
2026-07-07T15:51:43Z,,,,,,,,,,,,4581.3
2026-07-07T15:51:43Z,,,,,,,,,,,,4584.4
2026-07-07T15:51:43Z,,,,,,,,,,,,4587.4
2026-07-07T15:51:43Z,,,,,,,,,,,,4589.5
2026-07-07T15:51:43Z,51.553574,-0.072220,15.3,0.8,1.1,99.9,14,1,3,0.00,292.5,4591.1
2026-07-07T15:51:43Z,,,,,,,,,,,,4591.1
2026-07-07T15:51:44Z,,,,,,,,,,,,4588.8
2026-07-07T15:51:44Z,,,,,,,,,,,,4587.2
2026-07-07T15:51:44Z,,,,,,,,,,,,4586.6
2026-07-07T15:51:44Z,51.553574,-0.072220,15.3,0.8,1.1,99.9,14,1,3,0.00,292.5,4584.7
2026-07-07T15:51:44Z,,,,,,,,,,,,4581.4
2026-07-07T15:51:44Z,,,,,,,,,,,,4577.5
2026-07-07T15:51:44Z,,,,,,,,,,,,4572.8
2026-07-07T15:51:44Z,,,,,,,,,,,,4566.5
2026-07-07T15:51:44Z,51.553574,-0.072220,15.3,0.8,1.1,99.9,14,1,3,0.00,292.5,4559.9
2026-07-07T15:51:44Z,,,,,,,,,,,,4552.4
2026-07-07T15:51:45Z,,,,,,,,,,,,4544.3
2026-07-07T15:51:45Z,,,,,,,,,,,,4536.4
2026-07-07T15:51:45Z,,,,,,,,,,,,4528.3
2026-07-07T15:51:45Z,51.553574,-0.072220,15.4,0.8,1.1,99.9,14,1,3,0.00,292.5,4521.2
2026-07-07T15:51:45Z,,,,,,,,,,,,4515.2
2026-07-07T15:51:45Z,,,,,,,,,,,,4510.5
2026-07-07T15:51:45Z,,,,,,,,,,,,4507.9
2026-07-07T15:51:45Z,,,,,,,,,,,,4506.1
2026-07-07T15:51:45Z,51.553574,-0.072220,15.2,0.8,1.1,99.9,15,1,3,0.00,292.5,4505.6
2026-07-07T15:51:45Z,,,,,,,,,,,,4506.0
2026-07-07T15:51:45Z,,,,,,,,,,,,4506.0
2026-07-07T15:51:46Z,,,,,,,,,,,,4506.1
2026-07-07T15:51:46Z,,,,,,,,,,,,4505.8
2026-07-07T15:51:46Z,51.553574,-0.072220,15.3,0.8,1.1,99.9,15,1,3,0.00,292.5,4504.0
2026-07-07T15:51:46Z,,,,,,,,,,,,4502.2
2026-07-07T15:51:46Z,,,,,,,,,,,,4501.1
2026-07-07T15:51:46Z,,,,,,,,,,,,4499.5
2026-07-07T15:51:46Z,,,,,,,,,,,,4499.3
2026-07-07T15:51:46Z,51.553574,-0.072219,15.3,0.8,1.1,99.9,15,1,3,0.00,292.5,4499.9
2026-07-07T15:51:46Z,,,,,,,,,,,,4500.4
2026-07-07T15:51:47Z,,,,,,,,,,,,4500.5
2026-07-07T15:51:47Z,,,,,,,,,,,,4500.1
2026-07-07T15:51:47Z,,,,,,,,,,,,4499.0
2026-07-07T15:51:47Z,51.553574,-0.072219,15.3,0.8,1.1,99.9,15,1,3,0.00,292.5,4497.0
2026-07-07T15:51:47Z,,,,,,,,,,,,4495.2
2026-07-07T15:51:47Z,,,,,,,,,,,,4492.7
2026-07-07T15:51:47Z,,,,,,,,,,,,4489.0
2026-07-07T15:51:47Z,,,,,,,,,,,,4484.3
2026-07-07T15:51:47Z,51.553574,-0.072219,15.3,0.8,1.1,99.9,15,1,3,0.00,292.5,4478.8
2026-07-07T15:51:47Z,,,,,,,,,,,,4472.7
2026-07-07T15:51:48Z,,,,,,,,,,,,4466.7
2026-07-07T15:51:48Z,,,,,,,,,,,,4459.7
2026-07-07T15:51:48Z,,,,,,,,,,,,4453.2
2026-07-07T15:51:48Z,51.553574,-0.072219,15.3,0.8,1.1,99.9,15,1,3,0.00,292.5,4446.4
2026-07-07T15:51:48Z,,,,,,,,,,,,4439.2
2026-07-07T15:51:48Z,,,,,,,,,,,,4432.8
2026-07-07T15:51:48Z,,,,,,,,,,,,4426.5
2026-07-07T15:51:48Z,,,,,,,,,,,,4420.9
2026-07-07T15:51:48Z,51.553574,-0.072218,15.4,0.8,1.1,99.9,15,1,3,0.00,292.5,4417.1
2026-07-07T15:51:48Z,,,,,,,,,,,,4415.8
2026-07-07T15:51:49Z,,,,,,,,,,,,4418.7
2026-07-07T15:51:49Z,,,,,,,,,,,,4425.2
2026-07-07T15:51:49Z,,,,,,,,,,,,4434.7
2026-07-07T15:51:49Z,51.553574,-0.072218,15.4,0.8,1.1,99.9,15,1,3,0.00,292.5,4446.5
2026-07-07T15:51:49Z,,,,,,,,,,,,4459.2
2026-07-07T15:51:49Z,,,,,,,,,,,,4473.3
2026-07-07T15:51:49Z,,,,,,,,,,,,4485.4
2026-07-07T15:51:49Z,,,,,,,,,,,,4493.9
2026-07-07T15:51:49Z,51.553574,-0.072218,15.4,0.8,1.1,99.9,16,1,3,0.00,292.5,4499.8
2026-07-07T15:51:49Z,,,,,,,,,,,,4503.9
2026-07-07T15:51:49Z,,,,,,,,,,,,4505.1
2026-07-07T15:51:50Z,,,,,,,,,,,,4504.4
2026-07-07T15:51:50Z,,,,,,,,,,,,4501.8
2026-07-07T15:51:50Z,51.553574,-0.072218,15.5,0.8,1.1,99.9,16,1,3,0.00,292.5,4498.3
2026-07-07T15:51:50Z,,,,,,,,,,,,4493.4
2026-07-07T15:51:50Z,,,,,,,,,,,,4487.2
2026-07-07T15:51:50Z,,,,,,,,,,,,4481.0
2026-07-07T15:51:50Z,,,,,,,,,,,,4474.3
2026-07-07T15:51:50Z,51.553574,-0.072218,15.5,0.8,1.1,99.9,16,1,3,0.00,292.5,4467.1
2026-07-07T15:51:50Z,,,,,,,,,,,,4457.9
2026-07-07T15:51:51Z,,,,,,,,,,,,4448.8
2026-07-07T15:51:51Z,,,,,,,,,,,,4440.2
2026-07-07T15:51:51Z,,,,,,,,,,,,4432.5
2026-07-07T15:51:51Z,51.553574,-0.072217,15.6,0.8,1.1,99.9,16,1,3,0.00,292.5,4425.8
2026-07-07T15:51:51Z,,,,,,,,,,,,4418.8
2026-07-07T15:51:51Z,,,,,,,,,,,,4412.2
2026-07-07T15:51:51Z,,,,,,,,,,,,4406.2
2026-07-07T15:51:51Z,,,,,,,,,,,,4400.0
2026-07-07T15:51:51Z,51.553574,-0.072217,15.6,0.8,1.1,99.9,16,1,3,0.00,292.5,4393.8
2026-07-07T15:51:51Z,,,,,,,,,,,,4387.6
2026-07-07T15:51:52Z,,,,,,,,,,,,4381.5
2026-07-07T15:51:52Z,,,,,,,,,,,,4375.8
2026-07-07T15:51:52Z,,,,,,,,,,,,4369.9
2026-07-07T15:51:52Z,51.553574,-0.072217,15.7,0.8,1.1,99.9,16,1,3,0.00,292.5,4364.4
2026-07-07T15:51:52Z,,,,,,,,,,,,4359.7
2026-07-07T15:51:52Z,,,,,,,,,,,,4353.9
2026-07-07T15:51:52Z,,,,,,,,,,,,4348.4
2026-07-07T15:51:52Z,,,,,,,,,,,,4344.1
2026-07-07T15:51:52Z,51.553574,-0.072217,15.8,0.8,1.1,99.9,16,1,3,0.00,292.5,4339.8
2026-07-07T15:51:52Z,,,,,,,,,,,,4335.2
2026-07-07T15:51:53Z,,,,,,,,,,,,4330.7
2026-07-07T15:51:53Z,,,,,,,,,,,,4326.1
2026-07-07T15:51:53Z,,,,,,,,,,,,4321.7
2026-07-07T15:51:53Z,51.553570,-0.072217,15.8,0.8,1.1,99.9,16,1,3,0.00,292.5,4318.0
2026-07-07T15:51:53Z,,,,,,,,,,,,4314.7
2026-07-07T15:51:53Z,,,,,,,,,,,,4312.3
2026-07-07T15:51:53Z,,,,,,,,,,,,4311.1
2026-07-07T15:51:53Z,,,,,,,,,,,,4311.6
2026-07-07T15:51:53Z,51.553570,-0.072217,15.9,0.9,1.2,99.9,14,1,3,0.00,292.5,4314.8
2026-07-07T15:51:53Z,,,,,,,,,,,,4320.5
2026-07-07T15:51:54Z,,,,,,,,,,,,4327.4
2026-07-07T15:51:54Z,,,,,,,,,,,,4336.2
2026-07-07T15:51:54Z,,,,,,,,,,,,4345.0
2026-07-07T15:51:54Z,51.553570,-0.072217,16.0,0.9,1.2,99.9,14,1,3,0.00,292.5,4353.7
2026-07-07T15:51:54Z,,,,,,,,,,,,4361.6
2026-07-07T15:51:54Z,,,,,,,,,,,,4367.4
2026-07-07T15:51:54Z,,,,,,,,,,,,4369.9
2026-07-07T15:51:54Z,,,,,,,,,,,,4370.8
2026-07-07T15:51:54Z,51.553570,-0.072217,16.0,0.9,1.2,99.9,14,1,3,0.00,292.5,4370.5
2026-07-07T15:51:54Z,,,,,,,,,,,,4368.6
2026-07-07T15:51:55Z,,,,,,,,,,,,4365.2
2026-07-07T15:51:55Z,,,,,,,,,,,,4361.3
2026-07-07T15:51:55Z,,,,,,,,,,,,4357.1
2026-07-07T15:51:55Z,51.553570,-0.072217,16.1,0.9,1.2,99.9,14,1,3,0.00,292.5,4352.0
2026-07-07T15:51:55Z,,,,,,,,,,,,4346.3
2026-07-07T15:51:55Z,,,,,,,,,,,,4340.8
2026-07-07T15:51:55Z,,,,,,,,,,,,4334.8
2026-07-07T15:51:55Z,,,,,,,,,,,,4328.8
2026-07-07T15:51:55Z,51.553570,-0.072217,16.1,0.9,1.2,99.9,14,1,3,0.00,292.5,4323.0
2026-07-07T15:51:55Z,,,,,,,,,,,,4317.0
2026-07-07T15:51:56Z,,,,,,,,,,,,4311.4
2026-07-07T15:51:56Z,,,,,,,,,,,,4305.8
2026-07-07T15:51:56Z,,,,,,,,,,,,4300.8
2026-07-07T15:51:56Z,51.553570,-0.072217,16.2,0.9,1.2,99.9,14,1,3,0.00,292.5,4295.7
2026-07-07T15:51:56Z,,,,,,,,,,,,4290.8
2026-07-07T15:51:56Z,,,,,,,,,,,,4285.8
2026-07-07T15:51:56Z,,,,,,,,,,,,4281.0
2026-07-07T15:51:56Z,,,,,,,,,,,,4275.9
2026-07-07T15:51:56Z,51.553570,-0.072216,16.2,0.8,1.2,99.9,15,1,3,0.00,292.5,4271.6
2026-07-07T15:51:56Z,,,,,,,,,,,,4267.6
2026-07-07T15:51:57Z,,,,,,,,,,,,4263.5
2026-07-07T15:51:57Z,,,,,,,,,,,,4259.3
2026-07-07T15:51:57Z,,,,,,,,,,,,4255.4
2026-07-07T15:51:57Z,51.553570,-0.072216,16.3,0.8,1.2,99.9,15,1,3,0.00,292.5,4251.3
2026-07-07T15:51:57Z,,,,,,,,,,,,4248.0
2026-07-07T15:51:57Z,,,,,,,,,,,,4244.4
2026-07-07T15:51:57Z,,,,,,,,,,,,4240.8
2026-07-07T15:51:57Z,,,,,,,,,,,,4237.1
2026-07-07T15:51:57Z,51.553570,-0.072216,16.3,0.8,1.2,99.9,15,1,3,0.00,292.5,4233.9
2026-07-07T15:51:57Z,,,,,,,,,,,,4231.1
2026-07-07T15:51:58Z,,,,,,,,,,,,4228.2
2026-07-07T15:51:58Z,,,,,,,,,,,,4225.0
2026-07-07T15:51:58Z,,,,,,,,,,,,4221.8
2026-07-07T15:51:58Z,51.553570,-0.072216,16.4,0.8,1.2,99.9,15,1,3,0.00,292.5,4218.7
2026-07-07T15:51:58Z,,,,,,,,,,,,4216.2
2026-07-07T15:51:58Z,,,,,,,,,,,,4213.1
2026-07-07T15:51:58Z,,,,,,,,,,,,4210.6
2026-07-07T15:51:58Z,,,,,,,,,,,,4209.8
2026-07-07T15:51:58Z,51.553570,-0.072216,16.4,0.8,1.2,99.9,15,1,3,0.00,292.5,4211.1
2026-07-07T15:51:58Z,,,,,,,,,,,,4215.7
2026-07-07T15:51:59Z,,,,,,,,,,,,4222.3
2026-07-07T15:51:59Z,,,,,,,,,,,,4231.0
2026-07-07T15:51:59Z,,,,,,,,,,,,4241.4
2026-07-07T15:51:59Z,51.553570,-0.072216,16.4,0.8,1.2,99.9,15,1,3,0.00,292.5,4252.7
2026-07-07T15:51:59Z,,,,,,,,,,,,4263.1
2026-07-07T15:51:59Z,,,,,,,,,,,,4271.3
2026-07-07T15:51:59Z,,,,,,,,,,,,4277.2
2026-07-07T15:51:59Z,,,,,,,,,,,,4282.1
2026-07-07T15:51:59Z,51.553570,-0.072215,16.5,0.8,1.2,99.9,15,1,3,0.00,292.5,4285.4
2026-07-07T15:51:59Z,,,,,,,,,,,,4286.7
2026-07-07T15:51:59Z,,,,,,,,,,,,4286.9
2026-07-07T15:52:00Z,,,,,,,,,,,,4285.5
2026-07-07T15:52:00Z,,,,,,,,,,,,4283.5
2026-07-07T15:52:00Z,51.553570,-0.072215,16.5,0.8,1.2,99.9,15,1,3,0.00,292.5,4280.9
2026-07-07T15:52:00Z,,,,,,,,,,,,4277.0
2026-07-07T15:52:00Z,,,,,,,,,,,,4272.8
2026-07-07T15:52:00Z,,,,,,,,,,,,4268.9
2026-07-07T15:52:00Z,,,,,,,,,,,,4265.7
2026-07-07T15:52:00Z,51.553570,-0.072215,16.6,0.8,1.2,99.9,15,1,3,0.00,292.5,4264.2
2026-07-07T15:52:00Z,,,,,,,,,,,,4263.3
2026-07-07T15:52:00Z,,,,,,,,,,,,4264.6
2026-07-07T15:52:01Z,,,,,,,,,,,,4269.8
2026-07-07T15:52:01Z,,,,,,,,,,,,4278.0
2026-07-07T15:52:01Z,51.553570,-0.072215,16.6,0.8,1.2,99.9,15,1,3,0.00,292.5,4288.4
2026-07-07T15:52:01Z,,,,,,,,,,,,4300.0
2026-07-07T15:52:01Z,,,,,,,,,,,,4310.5
2026-07-07T15:52:01Z,,,,,,,,,,,,4319.6
2026-07-07T15:52:01Z,,,,,,,,,,,,4328.5
2026-07-07T15:52:01Z,51.553570,-0.072215,16.7,0.8,1.2,99.9,15,1,3,0.00,292.5,4335.4
2026-07-07T15:52:01Z,,,,,,,,,,,,4340.7
2026-07-07T15:52:01Z,,,,,,,,,,,,4343.0
2026-07-07T15:52:02Z,,,,,,,,,,,,4344.4
2026-07-07T15:52:02Z,,,,,,,,,,,,4347.2
2026-07-07T15:52:02Z,51.553570,-0.072215,16.7,0.8,1.2,99.9,15,1,3,0.00,292.5,4349.2
2026-07-07T15:52:02Z,,,,,,,,,,,,4349.1
2026-07-07T15:52:02Z,,,,,,,,,,,,4348.5
2026-07-07T15:52:02Z,,,,,,,,,,,,4350.5
2026-07-07T15:52:02Z,,,,,,,,,,,,4350.9
2026-07-07T15:52:02Z,51.553574,-0.072214,16.8,0.8,1.2,99.9,15,1,3,0.00,292.5,4346.1
2026-07-07T15:52:02Z,,,,,,,,,,,,4340.5
2026-07-07T15:52:02Z,,,,,,,,,,,,4336.2
2026-07-07T15:52:03Z,,,,,,,,,,,,4331.4
2026-07-07T15:52:03Z,,,,,,,,,,,,4328.5
2026-07-07T15:52:03Z,51.553574,-0.072214,16.8,0.8,1.2,99.9,15,1,3,0.00,292.5,4327.0
2026-07-07T15:52:03Z,,,,,,,,,,,,4325.1
2026-07-07T15:52:03Z,,,,,,,,,,,,4322.2
2026-07-07T15:52:03Z,,,,,,,,,,,,4318.2
2026-07-07T15:52:03Z,,,,,,,,,,,,4315.3
2026-07-07T15:52:03Z,51.553574,-0.072213,16.8,0.8,1.2,99.9,15,1,3,0.00,292.5,4313.0
2026-07-07T15:52:03Z,,,,,,,,,,,,4310.2
2026-07-07T15:52:03Z,,,,,,,,,,,,4307.6
2026-07-07T15:52:04Z,,,,,,,,,,,,4304.5
2026-07-07T15:52:04Z,,,,,,,,,,,,4302.1
2026-07-07T15:52:04Z,51.553574,-0.072213,16.8,0.8,1.2,99.9,15,1,3,0.00,292.5,4302.8
2026-07-07T15:52:04Z,,,,,,,,,,,,4304.5
2026-07-07T15:52:04Z,,,,,,,,,,,,4305.5
2026-07-07T15:52:04Z,,,,,,,,,,,,4310.0
2026-07-07T15:52:04Z,,,,,,,,,,,,4316.9
2026-07-07T15:52:04Z,51.553574,-0.072213,16.9,0.9,1.2,99.9,14,1,3,0.00,292.5,4323.9
2026-07-07T15:52:04Z,,,,,,,,,,,,4331.6
2026-07-07T15:52:05Z,,,,,,,,,,,,4337.2
2026-07-07T15:52:05Z,,,,,,,,,,,,4342.3
2026-07-07T15:52:05Z,,,,,,,,,,,,4344.8
2026-07-07T15:52:05Z,51.553574,-0.072212,17.0,0.9,1.2,99.9,14,1,3,0.00,292.5,4345.4
2026-07-07T15:52:05Z,,,,,,,,,,,,4344.7
2026-07-07T15:52:05Z,,,,,,,,,,,,4343.1
2026-07-07T15:52:05Z,,,,,,,,,,,,4340.9
2026-07-07T15:52:05Z,,,,,,,,,,,,4338.4
2026-07-07T15:52:05Z,51.553574,-0.072212,17.0,0.9,1.2,99.9,14,1,3,0.00,292.5,4334.8
2026-07-07T15:52:05Z,,,,,,,,,,,,4330.0
2026-07-07T15:52:06Z,,,,,,,,,,,,4324.8
2026-07-07T15:52:06Z,,,,,,,,,,,,4319.1
2026-07-07T15:52:06Z,,,,,,,,,,,,4313.5
2026-07-07T15:52:06Z,51.553574,-0.072211,17.0,0.9,1.2,99.9,14,1,3,0.00,292.5,4307.8
2026-07-07T15:52:06Z,,,,,,,,,,,,4302.4
2026-07-07T15:52:06Z,,,,,,,,,,,,4297.7
2026-07-07T15:52:06Z,,,,,,,,,,,,4293.4
2026-07-07T15:52:06Z,,,,,,,,,,,,4290.7
2026-07-07T15:52:06Z,51.553574,-0.072211,17.1,0.9,1.2,99.9,14,1,3,0.00,292.5,4289.8
2026-07-07T15:52:06Z,,,,,,,,,,,,4286.8
2026-07-07T15:52:07Z,,,,,,,,,,,,4283.6
2026-07-07T15:52:07Z,,,,,,,,,,,,4282.1
2026-07-07T15:52:07Z,,,,,,,,,,,,4280.5
2026-07-07T15:52:07Z,51.553574,-0.072210,17.1,0.9,1.2,99.9,14,1,3,0.00,292.5,4278.5
2026-07-07T15:52:07Z,,,,,,,,,,,,4274.8
2026-07-07T15:52:07Z,,,,,,,,,,,,4270.7
2026-07-07T15:52:07Z,,,,,,,,,,,,4267.7
2026-07-07T15:52:07Z,,,,,,,,,,,,4265.0
2026-07-07T15:52:07Z,51.553574,-0.072210,17.1,0.9,1.2,99.9,14,1,3,0.00,292.5,4263.1
2026-07-07T15:52:07Z,,,,,,,,,,,,4261.2
2026-07-07T15:52:07Z,,,,,,,,,,,,4258.8
2026-07-07T15:52:08Z,,,,,,,,,,,,4257.0
2026-07-07T15:52:08Z,,,,,,,,,,,,4255.9
2026-07-07T15:52:08Z,51.553574,-0.072209,17.2,0.9,1.2,99.9,14,1,3,0.00,292.5,4255.1
2026-07-07T15:52:08Z,,,,,,,,,,,,4255.0
2026-07-07T15:52:08Z,,,,,,,,,,,,4254.5
2026-07-07T15:52:08Z,,,,,,,,,,,,4254.4
2026-07-07T15:52:08Z,,,,,,,,,,,,4256.9
2026-07-07T15:52:08Z,51.553574,-0.072209,17.2,0.9,1.2,99.9,14,1,3,0.00,292.5,4261.6
2026-07-07T15:52:08Z,,,,,,,,,,,,4268.5
2026-07-07T15:52:09Z,,,,,,,,,,,,4277.5
2026-07-07T15:52:09Z,,,,,,,,,,,,4287.1
2026-07-07T15:52:09Z,,,,,,,,,,,,4297.3
2026-07-07T15:52:09Z,51.553574,-0.072209,17.3,0.9,1.2,99.9,14,1,3,0.00,292.5,4307.4
2026-07-07T15:52:09Z,,,,,,,,,,,,4315.6
2026-07-07T15:52:09Z,,,,,,,,,,,,4322.1
2026-07-07T15:52:09Z,,,,,,,,,,,,4325.4
2026-07-07T15:52:09Z,,,,,,,,,,,,4326.3
2026-07-07T15:52:09Z,51.553574,-0.072209,17.3,0.9,1.2,99.9,14,1,3,0.00,292.5,4327.1
2026-07-07T15:52:09Z,,,,,,,,,,,,4326.2
2026-07-07T15:52:10Z,,,,,,,,,,,,4323.4
2026-07-07T15:52:10Z,,,,,,,,,,,,4319.7
2026-07-07T15:52:10Z,,,,,,,,,,,,4313.7
2026-07-07T15:52:10Z,51.553574,-0.072209,17.3,0.9,1.2,99.9,14,1,3,0.00,292.5,4307.4
2026-07-07T15:52:10Z,,,,,,,,,,,,4301.3
2026-07-07T15:52:10Z,,,,,,,,,,,,4294.0
2026-07-07T15:52:10Z,,,,,,,,,,,,4286.4
2026-07-07T15:52:10Z,,,,,,,,,,,,4278.7
2026-07-07T15:52:10Z,51.553574,-0.072209,17.4,0.8,1.2,99.9,15,1,3,0.00,292.5,4270.6
2026-07-07T15:52:10Z,,,,,,,,,,,,4263.1
2026-07-07T15:52:10Z,,,,,,,,,,,,4256.9
2026-07-07T15:52:11Z,,,,,,,,,,,,4250.6
2026-07-07T15:52:11Z,,,,,,,,,,,,4245.7
2026-07-07T15:52:11Z,51.553574,-0.072208,17.1,0.8,1.2,99.9,15,1,3,0.47,292.5,4240.7
2026-07-07T15:52:11Z,,,,,,,,,,,,4235.9
2026-07-07T15:52:11Z,,,,,,,,,,,,4231.5
2026-07-07T15:52:11Z,,,,,,,,,,,,4227.3
2026-07-07T15:52:11Z,,,,,,,,,,,,4223.5
2026-07-07T15:52:11Z,51.553574,-0.072207,17.2,0.8,1.2,99.9,15,1,3,0.00,292.5,4220.1
2026-07-07T15:52:11Z,,,,,,,,,,,,4216.4
2026-07-07T15:52:12Z,,,,,,,,,,,,4213.2
2026-07-07T15:52:12Z,,,,,,,,,,,,4210.6
2026-07-07T15:52:12Z,,,,,,,,,,,,4208.4
2026-07-07T15:52:12Z,51.553574,-0.072207,17.2,0.8,1.2,99.9,15,1,3,0.00,292.5,4206.3
2026-07-07T15:52:12Z,,,,,,,,,,,,4203.7
2026-07-07T15:52:12Z,,,,,,,,,,,,4200.3
2026-07-07T15:52:12Z,,,,,,,,,,,,4197.3
2026-07-07T15:52:12Z,,,,,,,,,,,,4193.8
2026-07-07T15:52:12Z,51.553574,-0.072207,17.2,0.8,1.2,99.9,15,1,3,0.00,292.5,4190.6
2026-07-07T15:52:12Z,,,,,,,,,,,,4187.0
2026-07-07T15:52:13Z,,,,,,,,,,,,4182.5
2026-07-07T15:52:13Z,,,,,,,,,,,,4178.4
2026-07-07T15:52:13Z,,,,,,,,,,,,4175.7
2026-07-07T15:52:13Z,51.553574,-0.072207,17.3,0.8,1.2,99.9,15,1,3,0.00,292.5,4174.0
2026-07-07T15:52:13Z,,,,,,,,,,,,4174.0
2026-07-07T15:52:13Z,,,,,,,,,,,,4176.2
2026-07-07T15:52:13Z,,,,,,,,,,,,4180.8
2026-07-07T15:52:13Z,,,,,,,,,,,,4188.5
2026-07-07T15:52:13Z,51.553574,-0.072206,17.3,0.8,1.1,99.9,16,1,3,0.00,292.5,4199.0
2026-07-07T15:52:13Z,,,,,,,,,,,,4210.9
2026-07-07T15:52:13Z,,,,,,,,,,,,4221.8
2026-07-07T15:52:14Z,,,,,,,,,,,,4231.7
2026-07-07T15:52:14Z,,,,,,,,,,,,4239.9
2026-07-07T15:52:14Z,51.553574,-0.072206,17.3,0.8,1.1,99.9,16,1,3,0.00,292.5,4247.6
2026-07-07T15:52:14Z,,,,,,,,,,,,4254.6
2026-07-07T15:52:14Z,,,,,,,,,,,,4259.8
2026-07-07T15:52:14Z,,,,,,,,,,,,4263.1
2026-07-07T15:52:14Z,,,,,,,,,,,,4264.1
2026-07-07T15:52:14Z,51.553574,-0.072206,17.3,0.8,1.1,99.9,16,1,3,0.00,292.5,4263.9
2026-07-07T15:52:14Z,,,,,,,,,,,,4263.1
2026-07-07T15:52:14Z,,,,,,,,,,,,4261.0
2026-07-07T15:52:15Z,,,,,,,,,,,,4258.0
2026-07-07T15:52:15Z,,,,,,,,,,,,4254.5
2026-07-07T15:52:15Z,51.553574,-0.072205,17.4,0.8,1.1,99.9,17,1,3,0.00,292.5,4250.4
2026-07-07T15:52:15Z,,,,,,,,,,,,4246.6
2026-07-07T15:52:15Z,,,,,,,,,,,,4243.0
2026-07-07T15:52:15Z,,,,,,,,,,,,4238.8
2026-07-07T15:52:15Z,,,,,,,,,,,,4235.0
2026-07-07T15:52:15Z,51.553574,-0.072205,17.4,0.8,1.1,99.9,17,1,3,0.00,292.5,4230.9
2026-07-07T15:52:15Z,,,,,,,,,,,,4225.4
2026-07-07T15:52:15Z,,,,,,,,,,,,4220.5
2026-07-07T15:52:16Z,,,,,,,,,,,,4215.0
2026-07-07T15:52:16Z,,,,,,,,,,,,4209.6
2026-07-07T15:52:16Z,51.553574,-0.072205,17.5,0.8,1.1,99.9,17,1,3,0.00,292.5,4204.0
2026-07-07T15:52:16Z,,,,,,,,,,,,4197.6
2026-07-07T15:52:16Z,,,,,,,,,,,,4191.9
2026-07-07T15:52:16Z,,,,,,,,,,,,4186.3
2026-07-07T15:52:16Z,,,,,,,,,,,,4180.3
2026-07-07T15:52:16Z,51.553577,-0.072204,17.5,0.8,1.1,99.9,17,1,3,0.00,292.5,4175.4
2026-07-07T15:52:16Z,,,,,,,,,,,,4169.7
2026-07-07T15:52:16Z,,,,,,,,,,,,4163.9
2026-07-07T15:52:17Z,,,,,,,,,,,,4157.9
2026-07-07T15:52:17Z,,,,,,,,,,,,4152.5
2026-07-07T15:52:17Z,51.553577,-0.072204,17.5,0.8,1.1,99.9,17,1,3,0.00,292.5,4146.9
2026-07-07T15:52:17Z,,,,,,,,,,,,4142.2
2026-07-07T15:52:17Z,,,,,,,,,,,,4137.2
2026-07-07T15:52:17Z,,,,,,,,,,,,4132.3
2026-07-07T15:52:17Z,,,,,,,,,,,,4127.5
2026-07-07T15:52:17Z,51.553577,-0.072204,17.6,0.8,1.1,99.9,17,1,3,0.12,292.5,4123.3
2026-07-07T15:52:17Z,,,,,,,,,,,,4119.1
2026-07-07T15:52:17Z,,,,,,,,,,,,4115.0
2026-07-07T15:52:18Z,,,,,,,,,,,,4110.6
2026-07-07T15:52:18Z,,,,,,,,,,,,4106.9
2026-07-07T15:52:18Z,51.553577,-0.072204,17.6,0.8,1.1,99.9,17,1,3,0.00,292.5,4103.5
2026-07-07T15:52:18Z,,,,,,,,,,,,4099.9
2026-07-07T15:52:18Z,,,,,,,,,,,,4096.3
2026-07-07T15:52:18Z,,,,,,,,,,,,4092.6
2026-07-07T15:52:18Z,,,,,,,,,,,,4088.8
2026-07-07T15:52:18Z,51.553577,-0.072203,17.6,0.8,1.1,99.9,17,1,3,0.00,292.5,4085.4
2026-07-07T15:52:18Z,,,,,,,,,,,,4082.1
2026-07-07T15:52:19Z,,,,,,,,,,,,4079.0
2026-07-07T15:52:19Z,,,,,,,,,,,,4075.7
2026-07-07T15:52:19Z,,,,,,,,,,,,4072.6
2026-07-07T15:52:19Z,51.553577,-0.072203,17.7,0.8,1.1,99.9,17,1,3,0.00,292.5,4069.4
2026-07-07T15:52:19Z,,,,,,,,,,,,4067.1
2026-07-07T15:52:19Z,,,,,,,,,,,,4065.3
2026-07-07T15:52:19Z,,,,,,,,,,,,4064.3
2026-07-07T15:52:19Z,,,,,,,,,,,,4062.5
2026-07-07T15:52:19Z,51.553577,-0.072203,17.7,0.8,1.1,99.9,17,1,3,0.00,292.5,4060.6
2026-07-07T15:52:19Z,,,,,,,,,,,,4059.5
2026-07-07T15:52:20Z,,,,,,,,,,,,4059.0
2026-07-07T15:52:20Z,,,,,,,,,,,,4058.1
2026-07-07T15:52:20Z,,,,,,,,,,,,4056.8
2026-07-07T15:52:20Z,51.553577,-0.072202,17.7,0.8,1.1,99.9,17,1,3,0.00,292.5,4055.0
2026-07-07T15:52:20Z,,,,,,,,,,,,4053.1
2026-07-07T15:52:20Z,,,,,,,,,,,,4051.1
2026-07-07T15:52:20Z,,,,,,,,,,,,4049.2
2026-07-07T15:52:20Z,,,,,,,,,,,,4047.7
2026-07-07T15:52:20Z,51.553577,-0.072202,17.7,0.8,1.1,99.9,17,1,3,0.00,292.5,4046.1
2026-07-07T15:52:20Z,,,,,,,,,,,,4043.2
2026-07-07T15:52:21Z,,,,,,,,,,,,4040.5
2026-07-07T15:52:21Z,,,,,,,,,,,,4038.3
2026-07-07T15:52:21Z,,,,,,,,,,,,4035.7
2026-07-07T15:52:21Z,51.553577,-0.072202,17.8,0.8,1.1,99.9,17,1,3,0.00,292.5,4033.4
2026-07-07T15:52:21Z,,,,,,,,,,,,4030.7
2026-07-07T15:52:21Z,,,,,,,,,,,,4027.9
2026-07-07T15:52:21Z,,,,,,,,,,,,4025.2
2026-07-07T15:52:21Z,,,,,,,,,,,,4022.4
2026-07-07T15:52:21Z,51.553577,-0.072201,17.8,0.8,1.1,99.9,17,1,3,0.00,292.5,4020.3
2026-07-07T15:52:21Z,,,,,,,,,,,,4018.3
2026-07-07T15:52:21Z,,,,,,,,,,,,4015.3
2026-07-07T15:52:22Z,,,,,,,,,,,,4012.5
2026-07-07T15:52:22Z,,,,,,,,,,,,4011.1
2026-07-07T15:52:22Z,51.553577,-0.072201,17.8,0.8,1.1,99.9,17,1,3,0.00,292.5,4010.1
2026-07-07T15:52:22Z,,,,,,,,,,,,4010.7
2026-07-07T15:52:22Z,,,,,,,,,,,,4012.3
2026-07-07T15:52:22Z,,,,,,,,,,,,4013.9
2026-07-07T15:52:22Z,,,,,,,,,,,,4017.1
2026-07-07T15:52:22Z,51.553577,-0.072201,17.9,0.8,1.1,99.9,17,1,3,0.00,292.5,4021.0
2026-07-07T15:52:22Z,,,,,,,,,,,,4025.0
2026-07-07T15:52:22Z,,,,,,,,,,,,4027.9
2026-07-07T15:52:23Z,,,,,,,,,,,,4030.1
2026-07-07T15:52:23Z,,,,,,,,,,,,4032.0
2026-07-07T15:52:23Z,51.553577,-0.072201,17.9,0.8,1.1,99.9,17,1,3,0.00,292.5,4033.1
2026-07-07T15:52:23Z,,,,,,,,,,,,4033.4
2026-07-07T15:52:23Z,,,,,,,,,,,,4033.6
2026-07-07T15:52:23Z,,,,,,,,,,,,4033.1
2026-07-07T15:52:23Z,,,,,,,,,,,,4032.2
2026-07-07T15:52:23Z,51.553577,-0.072200,17.9,0.9,1.1,99.9,16,1,3,0.00,292.5,4031.7
2026-07-07T15:52:23Z,,,,,,,,,,,,4031.0
2026-07-07T15:52:24Z,,,,,,,,,,,,4030.2
2026-07-07T15:52:24Z,,,,,,,,,,,,4029.5
2026-07-07T15:52:24Z,,,,,,,,,,,,4028.6
2026-07-07T15:52:24Z,51.553577,-0.072200,17.9,0.9,1.1,99.9,16,1,3,0.00,292.5,4026.9
2026-07-07T15:52:24Z,,,,,,,,,,,,4025.3
2026-07-07T15:52:24Z,,,,,,,,,,,,4023.8
2026-07-07T15:52:24Z,,,,,,,,,,,,4021.8
2026-07-07T15:52:24Z,,,,,,,,,,,,4019.5
2026-07-07T15:52:24Z,51.553577,-0.072200,18.0,0.9,1.1,99.9,16,1,3,0.00,292.5,4017.2
2026-07-07T15:52:24Z,,,,,,,,,,,,4014.7
2026-07-07T15:52:24Z,,,,,,,,,,,,4012.3
2026-07-07T15:52:25Z,,,,,,,,,,,,4009.4
2026-07-07T15:52:25Z,,,,,,,,,,,,4007.2
2026-07-07T15:52:25Z,51.553577,-0.072200,18.0,0.9,1.1,99.9,16,1,3,0.00,292.5,4004.6
2026-07-07T15:52:25Z,,,,,,,,,,,,4001.3
2026-07-07T15:52:25Z,,,,,,,,,,,,3998.7
2026-07-07T15:52:25Z,,,,,,,,,,,,3996.8
2026-07-07T15:52:25Z,,,,,,,,,,,,3995.4
2026-07-07T15:52:25Z,51.553577,-0.072200,18.0,0.9,1.2,99.9,15,1,3,0.00,292.5,3995.1
2026-07-07T15:52:25Z,,,,,,,,,,,,3997.1
2026-07-07T15:52:25Z,,,,,,,,,,,,4001.6
2026-07-07T15:52:26Z,,,,,,,,,,,,4003.7
2026-07-07T15:52:26Z,,,,,,,,,,,,4004.3
2026-07-07T15:52:26Z,51.553577,-0.072200,18.0,0.9,1.2,99.9,15,1,3,0.00,292.5,4001.4
2026-07-07T15:52:26Z,,,,,,,,,,,,3993.7
2026-07-07T15:52:26Z,,,,,,,,,,,,3985.1
2026-07-07T15:52:26Z,,,,,,,,,,,,3977.2
2026-07-07T15:52:26Z,,,,,,,,,,,,3972.2
2026-07-07T15:52:26Z,51.553577,-0.072199,18.0,0.9,1.2,99.9,15,1,3,0.00,292.5,3970.0
2026-07-07T15:52:26Z,,,,,,,,,,,,3969.5
2026-07-07T15:52:26Z,,,,,,,,,,,,3969.3
2026-07-07T15:52:27Z,,,,,,,,,,,,3967.8
2026-07-07T15:52:27Z,,,,,,,,,,,,3967.1
2026-07-07T15:52:27Z,51.553577,-0.072199,18.1,0.9,1.2,99.9,15,1,3,0.00,292.5,3969.8
2026-07-07T15:52:27Z,,,,,,,,,,,,3977.8
2026-07-07T15:52:27Z,,,,,,,,,,,,3984.3
2026-07-07T15:52:27Z,,,,,,,,,,,,3985.8
2026-07-07T15:52:27Z,,,,,,,,,,,,3987.5
2026-07-07T15:52:27Z,51.553577,-0.072199,18.1,0.9,1.2,99.9,15,1,3,0.00,292.5,3989.9
2026-07-07T15:52:27Z,,,,,,,,,,,,3992.7
2026-07-07T15:52:27Z,,,,,,,,,,,,3995.6
2026-07-07T15:52:28Z,,,,,,,,,,,,3999.9
2026-07-07T15:52:28Z,,,,,,,,,,,,4005.9
2026-07-07T15:52:28Z,51.553577,-0.072199,18.1,0.9,1.2,99.9,15,1,3,0.00,292.5,4014.2
2026-07-07T15:52:28Z,,,,,,,,,,,,4024.9
2026-07-07T15:52:28Z,,,,,,,,,,,,4037.9
2026-07-07T15:52:28Z,,,,,,,,,,,,4052.1
2026-07-07T15:52:28Z,,,,,,,,,,,,4068.4
2026-07-07T15:52:28Z,51.553577,-0.072199,18.1,0.9,1.2,99.9,15,1,3,0.00,292.5,4084.4
2026-07-07T15:52:28Z,,,,,,,,,,,,4100.5
2026-07-07T15:52:28Z,,,,,,,,,,,,4114.4
2026-07-07T15:52:29Z,,,,,,,,,,,,4127.8
2026-07-07T15:52:29Z,,,,,,,,,,,,4139.7
2026-07-07T15:52:29Z,51.553577,-0.072199,18.1,0.9,1.2,99.9,15,1,3,0.00,292.5,4149.8
2026-07-07T15:52:29Z,,,,,,,,,,,,4159.7
2026-07-07T15:52:29Z,,,,,,,,,,,,4169.1
2026-07-07T15:52:29Z,,,,,,,,,,,,4177.1
2026-07-07T15:52:29Z,,,,,,,,,,,,4184.9
2026-07-07T15:52:29Z,51.553577,-0.072198,18.2,0.9,1.2,99.9,15,1,3,0.00,292.5,4191.0
2026-07-07T15:52:29Z,,,,,,,,,,,,4195.6
2026-07-07T15:52:29Z,,,,,,,,,,,,4198.8
2026-07-07T15:52:30Z,,,,,,,,,,,,4201.6
2026-07-07T15:52:30Z,,,,,,,,,,,,4205.3
2026-07-07T15:52:30Z,51.553581,-0.072198,18.2,0.9,1.2,99.9,15,1,3,0.00,292.5,4208.9
2026-07-07T15:52:30Z,,,,,,,,,,,,4210.3
2026-07-07T15:52:30Z,,,,,,,,,,,,4211.0
2026-07-07T15:52:30Z,,,,,,,,,,,,4210.8
2026-07-07T15:52:30Z,,,,,,,,,,,,4209.7
2026-07-07T15:52:30Z,51.553581,-0.072198,18.2,0.9,1.2,99.9,15,1,3,0.00,292.5,4209.3
2026-07-07T15:52:30Z,,,,,,,,,,,,4209.7
2026-07-07T15:52:30Z,,,,,,,,,,,,4210.1
2026-07-07T15:52:31Z,,,,,,,,,,,,4212.5
2026-07-07T15:52:31Z,,,,,,,,,,,,4217.2
2026-07-07T15:52:31Z,51.553581,-0.072198,18.2,0.9,1.2,99.9,15,1,3,0.00,292.5,4223.6
2026-07-07T15:52:31Z,,,,,,,,,,,,4230.7
2026-07-07T15:52:31Z,,,,,,,,,,,,4237.9
2026-07-07T15:52:31Z,,,,,,,,,,,,4242.5
2026-07-07T15:52:31Z,,,,,,,,,,,,4244.9
2026-07-07T15:52:31Z,51.553581,-0.072198,18.2,0.9,1.2,99.9,15,1,3,0.00,292.5,4246.6
2026-07-07T15:52:31Z,,,,,,,,,,,,4247.8
2026-07-07T15:52:31Z,,,,,,,,,,,,4248.2
2026-07-07T15:52:32Z,,,,,,,,,,,,4248.6
2026-07-07T15:52:32Z,,,,,,,,,,,,4249.1
2026-07-07T15:52:32Z,51.553581,-0.072198,18.3,0.9,1.2,99.9,15,1,3,0.00,292.5,4251.4
2026-07-07T15:52:32Z,,,,,,,,,,,,4254.9
2026-07-07T15:52:32Z,,,,,,,,,,,,4255.8
2026-07-07T15:52:32Z,,,,,,,,,,,,4258.0
2026-07-07T15:52:32Z,,,,,,,,,,,,4261.3
2026-07-07T15:52:32Z,51.553581,-0.072197,18.3,0.9,1.2,99.9,15,1,3,0.00,292.5,4264.0
2026-07-07T15:52:32Z,,,,,,,,,,,,4266.7
2026-07-07T15:52:32Z,,,,,,,,,,,,4266.3
2026-07-07T15:52:33Z,,,,,,,,,,,,4266.2
2026-07-07T15:52:33Z,,,,,,,,,,,,4265.2
2026-07-07T15:52:33Z,51.553581,-0.072197,18.3,0.9,1.2,99.9,15,1,3,0.00,292.5,4266.7
2026-07-07T15:52:33Z,,,,,,,,,,,,4276.5
2026-07-07T15:52:33Z,,,,,,,,,,,,4292.8
2026-07-07T15:52:33Z,,,,,,,,,,,,4306.0
2026-07-07T15:52:33Z,,,,,,,,,,,,4309.9
2026-07-07T15:52:33Z,51.553581,-0.072197,18.3,0.9,1.2,99.9,15,1,3,0.00,292.5,4312.5
2026-07-07T15:52:33Z,,,,,,,,,,,,4315.7
2026-07-07T15:52:34Z,,,,,,,,,,,,4315.0
2026-07-07T15:52:34Z,,,,,,,,,,,,4307.5
2026-07-07T15:52:34Z,,,,,,,,,,,,4296.1
2026-07-07T15:52:34Z,51.553581,-0.072197,18.4,0.9,1.2,99.9,15,1,3,0.00,292.5,4297.9
2026-07-07T15:52:34Z,,,,,,,,,,,,4319.4
2026-07-07T15:52:34Z,,,,,,,,,,,,4344.5
2026-07-07T15:52:34Z,,,,,,,,,,,,4366.1
2026-07-07T15:52:34Z,,,,,,,,,,,,4382.1
2026-07-07T15:52:34Z,51.553581,-0.072197,18.4,0.9,1.2,99.9,15,1,3,0.00,292.5,4398.1
2026-07-07T15:52:34Z,,,,,,,,,,,,4409.7
2026-07-07T15:52:34Z,,,,,,,,,,,,4379.1
2026-07-07T15:52:35Z,,,,,,,,,,,,4341.4
2026-07-07T15:52:35Z,,,,,,,,,,,,4332.0
2026-07-07T15:52:35Z,51.553581,-0.072197,18.4,0.9,1.2,99.9,15,1,3,0.00,292.5,4325.4
2026-07-07T15:52:35Z,,,,,,,,,,,,4325.3
2026-07-07T15:52:35Z,,,,,,,,,,,,4338.2
2026-07-07T15:52:35Z,,,,,,,,,,,,4355.1
2026-07-07T15:52:35Z,,,,,,,,,,,,4370.3
2026-07-07T15:52:35Z,51.553581,-0.072196,18.5,0.9,1.2,99.9,15,1,3,0.00,292.5,4380.3
2026-07-07T15:52:35Z,,,,,,,,,,,,4385.5
2026-07-07T15:52:35Z,,,,,,,,,,,,4394.8
2026-07-07T15:52:36Z,,,,,,,,,,,,4403.1
2026-07-07T15:52:36Z,,,,,,,,,,,,4401.0
2026-07-07T15:52:36Z,51.553581,-0.072196,18.5,0.9,1.2,99.9,15,1,3,0.00,292.5,4395.3
2026-07-07T15:52:36Z,,,,,,,,,,,,4394.6
2026-07-07T15:52:36Z,,,,,,,,,,,,4394.4
2026-07-07T15:52:36Z,,,,,,,,,,,,4386.8
2026-07-07T15:52:36Z,,,,,,,,,,,,4376.9
2026-07-07T15:52:36Z,51.553581,-0.072196,18.5,0.9,1.2,99.9,15,1,3,0.00,292.5,4370.6
2026-07-07T15:52:36Z,,,,,,,,,,,,4365.0
2026-07-07T15:52:36Z,,,,,,,,,,,,4360.5
2026-07-07T15:52:37Z,,,,,,,,,,,,4351.9
2026-07-07T15:52:37Z,,,,,,,,,,,,4341.8
2026-07-07T15:52:37Z,51.553581,-0.072196,18.6,0.9,1.2,99.9,15,1,3,0.00,292.5,4331.4
2026-07-07T15:52:37Z,,,,,,,,,,,,4318.3
2026-07-07T15:52:37Z,,,,,,,,,,,,4315.8
2026-07-07T15:52:37Z,,,,,,,,,,,,4331.6
2026-07-07T15:52:37Z,,,,,,,,,,,,4350.5
2026-07-07T15:52:37Z,51.553581,-0.072196,18.6,0.9,1.2,99.9,15,1,3,0.00,292.5,4358.5
2026-07-07T15:52:37Z,,,,,,,,,,,,4356.0
2026-07-07T15:52:37Z,,,,,,,,,,,,4342.1
2026-07-07T15:52:38Z,,,,,,,,,,,,4321.7
2026-07-07T15:52:38Z,,,,,,,,,,,,4300.9
2026-07-07T15:52:38Z,51.553581,-0.072195,18.6,0.9,1.2,99.9,15,1,3,0.00,292.5,4290.2
2026-07-07T15:52:38Z,,,,,,,,,,,,4290.8
2026-07-07T15:52:38Z,,,,,,,,,,,,4297.8
2026-07-07T15:52:38Z,,,,,,,,,,,,4304.0
2026-07-07T15:52:38Z,,,,,,,,,,,,4309.4
2026-07-07T15:52:38Z,51.553581,-0.072195,18.7,0.9,1.2,99.9,15,1,3,0.00,292.5,4322.3
2026-07-07T15:52:38Z,,,,,,,,,,,,4336.6
2026-07-07T15:52:38Z,,,,,,,,,,,,4336.7
2026-07-07T15:52:39Z,,,,,,,,,,,,4329.9
2026-07-07T15:52:39Z,,,,,,,,,,,,4326.3
2026-07-07T15:52:39Z,51.553581,-0.072195,18.7,0.9,1.2,99.9,15,1,3,0.00,292.5,4328.1
2026-07-07T15:52:39Z,,,,,,,,,,,,4330.0
2026-07-07T15:52:39Z,,,,,,,,,,,,4324.2
2026-07-07T15:52:39Z,,,,,,,,,,,,4324.8
2026-07-07T15:52:39Z,,,,,,,,,,,,4328.7
2026-07-07T15:52:39Z,51.553581,-0.072195,18.7,0.9,1.2,99.9,15,1,3,0.00,292.5,4327.8
2026-07-07T15:52:39Z,,,,,,,,,,,,4323.6
2026-07-07T15:52:39Z,,,,,,,,,,,,4320.0
2026-07-07T15:52:40Z,,,,,,,,,,,,4315.9
2026-07-07T15:52:40Z,,,,,,,,,,,,4311.1
2026-07-07T15:52:40Z,51.553581,-0.072195,18.8,0.9,1.2,99.9,15,1,3,0.00,292.5,4306.4
2026-07-07T15:52:40Z,,,,,,,,,,,,4302.2
2026-07-07T15:52:40Z,,,,,,,,,,,,4298.0
2026-07-07T15:52:40Z,,,,,,,,,,,,4294.9
2026-07-07T15:52:40Z,,,,,,,,,,,,4294.9
2026-07-07T15:52:40Z,51.553581,-0.072194,18.8,0.9,1.2,99.9,15,1,3,0.00,292.5,4297.8
2026-07-07T15:52:40Z,,,,,,,,,,,,4302.9
2026-07-07T15:52:40Z,,,,,,,,,,,,4307.6
2026-07-07T15:52:41Z,,,,,,,,,,,,4312.5
2026-07-07T15:52:41Z,,,,,,,,,,,,4316.8
2026-07-07T15:52:41Z,51.553585,-0.072194,18.8,0.9,1.2,99.9,15,1,3,0.00,292.5,4320.6
2026-07-07T15:52:41Z,,,,,,,,,,,,4323.3
2026-07-07T15:52:41Z,,,,,,,,,,,,4324.4
2026-07-07T15:52:41Z,,,,,,,,,,,,4325.0
2026-07-07T15:52:41Z,,,,,,,,,,,,4324.5
2026-07-07T15:52:41Z,51.553585,-0.072194,18.8,0.9,1.2,99.9,15,1,3,0.00,292.5,4322.9
2026-07-07T15:52:41Z,,,,,,,,,,,,4319.9
2026-07-07T15:52:41Z,,,,,,,,,,,,4315.9
2026-07-07T15:52:42Z,,,,,,,,,,,,4311.4
2026-07-07T15:52:42Z,,,,,,,,,,,,4307.1
2026-07-07T15:52:42Z,51.553585,-0.072194,18.8,0.9,1.2,99.9,15,1,3,0.00,292.5,4302.6
2026-07-07T15:52:42Z,,,,,,,,,,,,4298.3
2026-07-07T15:52:42Z,,,,,,,,,,,,4294.5
2026-07-07T15:52:42Z,,,,,,,,,,,,4290.9
2026-07-07T15:52:42Z,,,,,,,,,,,,4288.2
2026-07-07T15:52:42Z,51.553585,-0.072193,18.8,0.9,1.2,99.9,15,1,3,0.00,292.5,4286.8
2026-07-07T15:52:42Z,,,,,,,,,,,,4287.1
2026-07-07T15:52:42Z,,,,,,,,,,,,4288.5
2026-07-07T15:52:43Z,,,,,,,,,,,,4291.5
2026-07-07T15:52:43Z,,,,,,,,,,,,4296.6
2026-07-07T15:52:43Z,51.553585,-0.072193,18.9,0.9,1.2,99.9,15,1,3,0.00,292.5,4305.1
2026-07-07T15:52:43Z,,,,,,,,,,,,4315.9
2026-07-07T15:52:43Z,,,,,,,,,,,,4328.5
2026-07-07T15:52:43Z,,,,,,,,,,,,4342.5
2026-07-07T15:52:43Z,,,,,,,,,,,,4357.5
2026-07-07T15:52:43Z,51.553585,-0.072193,18.9,0.9,1.2,99.9,15,1,3,0.00,292.5,4371.8
2026-07-07T15:52:43Z,,,,,,,,,,,,4385.8
2026-07-07T15:52:43Z,,,,,,,,,,,,4396.5
2026-07-07T15:52:44Z,,,,,,,,,,,,4405.8
2026-07-07T15:52:44Z,,,,,,,,,,,,4412.1
2026-07-07T15:52:44Z,51.553585,-0.072192,18.9,0.9,1.2,99.9,15,1,3,0.00,292.5,4414.6
2026-07-07T15:52:44Z,,,,,,,,,,,,4415.1
2026-07-07T15:52:44Z,,,,,,,,,,,,4414.0
2026-07-07T15:52:44Z,,,,,,,,,,,,4411.1
2026-07-07T15:52:44Z,,,,,,,,,,,,4407.1
2026-07-07T15:52:44Z,51.553585,-0.072192,18.9,0.9,1.2,99.9,15,1,3,0.00,292.5,4402.6
2026-07-07T15:52:44Z,,,,,,,,,,,,4396.5
2026-07-07T15:52:45Z,,,,,,,,,,,,4390.4
2026-07-07T15:52:45Z,,,,,,,,,,,,4383.5
2026-07-07T15:52:45Z,,,,,,,,,,,,4376.6
2026-07-07T15:52:45Z,51.553585,-0.072192,18.9,0.9,1.2,99.9,15,1,3,0.00,292.5,4369.7
2026-07-07T15:52:45Z,,,,,,,,,,,,4362.5
2026-07-07T15:52:45Z,,,,,,,,,,,,4355.1
2026-07-07T15:52:45Z,,,,,,,,,,,,4348.6
2026-07-07T15:52:45Z,,,,,,,,,,,,4342.7
2026-07-07T15:52:45Z,51.553585,-0.072191,18.9,0.9,1.2,99.9,15,1,3,0.00,292.5,4337.1
2026-07-07T15:52:45Z,,,,,,,,,,,,4332.0
2026-07-07T15:52:45Z,,,,,,,,,,,,4327.5
2026-07-07T15:52:46Z,,,,,,,,,,,,4321.7
2026-07-07T15:52:46Z,,,,,,,,,,,,4316.1
2026-07-07T15:52:46Z,51.553585,-0.072191,18.9,0.9,1.2,99.9,15,1,3,0.00,292.5,4310.9
2026-07-07T15:52:46Z,,,,,,,,,,,,4304.1
2026-07-07T15:52:46Z,,,,,,,,,,,,4296.4
2026-07-07T15:52:46Z,,,,,,,,,,,,4289.3
2026-07-07T15:52:46Z,,,,,,,,,,,,4282.1
2026-07-07T15:52:46Z,51.553585,-0.072191,18.9,0.9,1.2,99.9,15,1,3,0.00,292.5,4275.5
2026-07-07T15:52:46Z,,,,,,,,,,,,4268.4
2026-07-07T15:52:46Z,,,,,,,,,,,,4261.7
2026-07-07T15:52:47Z,,,,,,,,,,,,4255.9
2026-07-07T15:52:47Z,,,,,,,,,,,,4250.8
2026-07-07T15:52:47Z,51.553585,-0.072190,19.0,0.9,1.2,99.9,15,1,3,0.00,292.5,4243.9
2026-07-07T15:52:47Z,,,,,,,,,,,,4236.7
2026-07-07T15:52:47Z,,,,,,,,,,,,4231.4
2026-07-07T15:52:47Z,,,,,,,,,,,,4230.5
2026-07-07T15:52:47Z,,,,,,,,,,,,4234.1
2026-07-07T15:52:47Z,51.553585,-0.072190,19.0,0.9,1.2,99.9,15,1,3,0.00,292.5,4240.4
2026-07-07T15:52:47Z,,,,,,,,,,,,4249.2
2026-07-07T15:52:47Z,,,,,,,,,,,,4261.3
2026-07-07T15:52:48Z,,,,,,,,,,,,4279.4
2026-07-07T15:52:48Z,,,,,,,,,,,,4299.6
2026-07-07T15:52:48Z,51.553585,-0.072189,19.0,0.9,1.2,99.9,15,1,3,0.00,292.5,4320.6
2026-07-07T15:52:48Z,,,,,,,,,,,,4341.9
2026-07-07T15:52:48Z,,,,,,,,,,,,4361.2
2026-07-07T15:52:48Z,,,,,,,,,,,,4377.2
2026-07-07T15:52:48Z,,,,,,,,,,,,4390.3
2026-07-07T15:52:48Z,51.553585,-0.072189,19.0,0.9,1.2,99.9,15,1,3,0.00,292.5,4400.6
2026-07-07T15:52:48Z,,,,,,,,,,,,4409.2
2026-07-07T15:52:48Z,,,,,,,,,,,,4414.5
2026-07-07T15:52:49Z,,,,,,,,,,,,4417.0
2026-07-07T15:52:49Z,,,,,,,,,,,,4417.0
2026-07-07T15:52:49Z,51.553585,-0.072188,19.1,0.9,1.2,99.9,15,1,3,0.00,292.5,4416.5
2026-07-07T15:52:49Z,,,,,,,,,,,,4416.6
2026-07-07T15:52:49Z,,,,,,,,,,,,4416.9
2026-07-07T15:52:49Z,,,,,,,,,,,,4417.0
2026-07-07T15:52:49Z,,,,,,,,,,,,4414.9
2026-07-07T15:52:49Z,51.553585,-0.072188,19.1,0.9,1.2,99.9,15,1,3,0.00,292.5,4411.7
2026-07-07T15:52:49Z,,,,,,,,,,,,4407.9
2026-07-07T15:52:49Z,,,,,,,,,,,,4403.8
2026-07-07T15:52:50Z,,,,,,,,,,,,4400.2
2026-07-07T15:52:50Z,,,,,,,,,,,,4398.0
2026-07-07T15:52:50Z,51.553585,-0.072188,19.1,0.9,1.2,99.9,15,1,3,0.00,292.5,4396.3
2026-07-07T15:52:50Z,,,,,,,,,,,,4396.6
2026-07-07T15:52:50Z,,,,,,,,,,,,4400.5
2026-07-07T15:52:50Z,,,,,,,,,,,,4406.3
2026-07-07T15:52:50Z,,,,,,,,,,,,4414.0
2026-07-07T15:52:50Z,51.553585,-0.072187,19.1,0.9,1.2,99.9,15,1,3,0.00,292.5,4422.7
2026-07-07T15:52:50Z,,,,,,,,,,,,4431.2
2026-07-07T15:52:50Z,,,,,,,,,,,,4438.4
2026-07-07T15:52:51Z,,,,,,,,,,,,4445.8
2026-07-07T15:52:51Z,,,,,,,,,,,,4453.9
2026-07-07T15:52:51Z,51.553585,-0.072187,19.2,0.9,1.2,99.9,15,1,3,0.00,292.5,4463.7
2026-07-07T15:52:51Z,,,,,,,,,,,,4473.6
2026-07-07T15:52:51Z,,,,,,,,,,,,4481.9
2026-07-07T15:52:51Z,,,,,,,,,,,,4492.0
2026-07-07T15:52:51Z,,,,,,,,,,,,4506.1
2026-07-07T15:52:51Z,51.553585,-0.072187,19.2,0.9,1.2,99.9,15,1,3,0.00,292.5,4521.1
2026-07-07T15:52:51Z,,,,,,,,,,,,4537.4
2026-07-07T15:52:51Z,,,,,,,,,,,,4550.5
2026-07-07T15:52:52Z,,,,,,,,,,,,4563.2
2026-07-07T15:52:52Z,,,,,,,,,,,,4578.0
2026-07-07T15:52:52Z,51.553585,-0.072186,19.2,0.9,1.2,99.9,15,1,3,0.00,292.5,4594.4
2026-07-07T15:52:52Z,,,,,,,,,,,,4608.6
2026-07-07T15:52:52Z,,,,,,,,,,,,4613.6
2026-07-07T15:52:52Z,,,,,,,,,,,,4610.8
2026-07-07T15:52:52Z,,,,,,,,,,,,4607.7
2026-07-07T15:52:52Z,51.553585,-0.072186,19.2,0.9,1.2,99.9,15,1,3,0.00,292.5,4606.7
2026-07-07T15:52:52Z,,,,,,,,,,,,4602.1
2026-07-07T15:52:52Z,,,,,,,,,,,,4593.4
2026-07-07T15:52:53Z,,,,,,,,,,,,4583.0
2026-07-07T15:52:53Z,,,,,,,,,,,,4568.3
2026-07-07T15:52:53Z,51.553585,-0.072186,19.3,0.9,1.2,99.9,15,1,3,0.00,292.5,4551.2
2026-07-07T15:52:53Z,,,,,,,,,,,,4537.1
2026-07-07T15:52:53Z,,,,,,,,,,,,4525.5
2026-07-07T15:52:53Z,,,,,,,,,,,,4514.3
2026-07-07T15:52:53Z,,,,,,,,,,,,4503.8
2026-07-07T15:52:53Z,51.553585,-0.072180,19.4,0.9,1.2,99.9,15,1,3,1.87,292.5,4494.2
2026-07-07T15:52:53Z,,,,,,,,,,,,4483.7
2026-07-07T15:52:53Z,,,,,,,,,,,,4472.4
2026-07-07T15:52:54Z,,,,,,,,,,,,4459.7
2026-07-07T15:52:54Z,,,,,,,,,,,,4450.1
2026-07-07T15:52:54Z,51.553585,-0.072172,19.2,0.9,1.2,99.9,15,1,3,1.78,292.5,4443.7
2026-07-07T15:52:54Z,,,,,,,,,,,,4440.3
2026-07-07T15:52:54Z,,,,,,,,,,,,4439.3
2026-07-07T15:52:54Z,,,,,,,,,,,,4436.5
2026-07-07T15:52:54Z,,,,,,,,,,,,4431.8
2026-07-07T15:52:54Z,51.553585,-0.072165,19.1,0.9,1.2,99.9,15,1,3,1.85,292.5,4429.0
2026-07-07T15:52:54Z,,,,,,,,,,,,4426.3
2026-07-07T15:52:54Z,,,,,,,,,,,,4422.9
2026-07-07T15:52:55Z,,,,,,,,,,,,4418.8
2026-07-07T15:52:55Z,,,,,,,,,,,,4413.7
2026-07-07T15:52:55Z,51.553589,-0.072158,19.1,0.9,1.2,99.9,15,1,3,1.98,89.9,4408.2
2026-07-07T15:52:55Z,,,,,,,,,,,,4402.2
2026-07-07T15:52:55Z,,,,,,,,,,,,4396.5
2026-07-07T15:52:55Z,,,,,,,,,,,,4390.8
2026-07-07T15:52:55Z,,,,,,,,,,,,4382.2
2026-07-07T15:52:55Z,51.553589,-0.072149,19.1,0.8,1.2,99.9,16,1,3,2.42,95.8,4373.3
2026-07-07T15:52:55Z,,,,,,,,,,,,4365.7
2026-07-07T15:52:55Z,,,,,,,,,,,,4359.1
2026-07-07T15:52:56Z,,,,,,,,,,,,4352.5
2026-07-07T15:52:56Z,,,,,,,,,,,,4346.0
2026-07-07T15:52:56Z,51.553585,-0.072139,19.1,0.8,1.2,99.9,16,1,3,2.84,110.3,4339.2
2026-07-07T15:52:56Z,,,,,,,,,,,,4331.6
2026-07-07T15:52:56Z,,,,,,,,,,,,4323.2
2026-07-07T15:52:56Z,,,,,,,,,,,,4314.7
2026-07-07T15:52:56Z,,,,,,,,,,,,4307.2
2026-07-07T15:52:56Z,51.553581,-0.072128,18.9,0.8,1.2,99.9,16,1,3,2.92,106.8,4301.4
2026-07-07T15:52:56Z,,,,,,,,,,,,4296.2
2026-07-07T15:52:56Z,,,,,,,,,,,,4290.1
2026-07-07T15:52:57Z,,,,,,,,,,,,4283.8
2026-07-07T15:52:57Z,,,,,,,,,,,,4279.0
2026-07-07T15:52:57Z,51.553581,-0.072118,18.9,0.8,1.2,99.9,16,1,3,2.64,100.1,4274.7
2026-07-07T15:52:57Z,,,,,,,,,,,,4271.8
2026-07-07T15:52:57Z,,,,,,,,,,,,4268.1
2026-07-07T15:52:57Z,,,,,,,,,,,,4262.8
2026-07-07T15:52:57Z,,,,,,,,,,,,4257.7
2026-07-07T15:52:57Z,51.553581,-0.072108,18.8,0.8,1.2,99.9,16,1,3,2.95,103.5,4255.2
2026-07-07T15:52:57Z,,,,,,,,,,,,4253.8
2026-07-07T15:52:57Z,,,,,,,,,,,,4253.5
2026-07-07T15:52:58Z,,,,,,,,,,,,4253.9
2026-07-07T15:52:58Z,,,,,,,,,,,,4254.5
2026-07-07T15:52:58Z,51.553581,-0.072097,18.8,0.8,1.2,99.9,16,1,3,2.82,101.0,4256.4
2026-07-07T15:52:58Z,,,,,,,,,,,,4258.6
2026-07-07T15:52:58Z,,,,,,,,,,,,4260.2
2026-07-07T15:52:58Z,,,,,,,,,,,,4261.0
2026-07-07T15:52:58Z,,,,,,,,,,,,4260.5
2026-07-07T15:52:58Z,51.553581,-0.072086,18.9,0.8,1.2,99.9,16,1,3,2.81,96.9,4258.8
2026-07-07T15:52:58Z,,,,,,,,,,,,4257.4
2026-07-07T15:52:58Z,,,,,,,,,,,,4256.6
2026-07-07T15:52:59Z,,,,,,,,,,,,4255.9
2026-07-07T15:52:59Z,,,,,,,,,,,,4255.0
2026-07-07T15:52:59Z,51.553577,-0.072076,18.9,0.8,1.2,99.9,16,1,3,2.88,95.4,4254.9
2026-07-07T15:52:59Z,,,,,,,,,,,,4254.9
2026-07-07T15:52:59Z,,,,,,,,,,,,4257.2
2026-07-07T15:52:59Z,,,,,,,,,,,,4263.2
2026-07-07T15:52:59Z,,,,,,,,,,,,4271.4
2026-07-07T15:52:59Z,51.553581,-0.072065,18.9,0.8,1.2,99.9,16,1,3,2.76,89.8,4281.5
2026-07-07T15:52:59Z,,,,,,,,,,,,4296.2
2026-07-07T15:52:59Z,,,,,,,,,,,,4310.6
2026-07-07T15:53:00Z,,,,,,,,,,,,4328.1
2026-07-07T15:53:00Z,,,,,,,,,,,,4347.2
2026-07-07T15:53:00Z,51.553581,-0.072055,19.0,0.8,1.2,99.9,16,1,3,2.68,94.6,4365.9
2026-07-07T15:53:00Z,,,,,,,,,,,,4385.5
2026-07-07T15:53:00Z,,,,,,,,,,,,4403.8
2026-07-07T15:53:00Z,,,,,,,,,,,,4417.9
2026-07-07T15:53:00Z,,,,,,,,,,,,4429.5
2026-07-07T15:53:00Z,51.553577,-0.072045,18.9,0.8,1.2,99.9,16,1,3,2.83,104.5,4441.7
2026-07-07T15:53:00Z,,,,,,,,,,,,4451.5
2026-07-07T15:53:00Z,,,,,,,,,,,,4456.5
2026-07-07T15:53:01Z,,,,,,,,,,,,4460.4
2026-07-07T15:53:01Z,,,,,,,,,,,,4459.7
2026-07-07T15:53:01Z,51.553577,-0.072034,18.8,0.8,1.2,99.9,16,1,3,3.23,102.5,4456.9
2026-07-07T15:53:01Z,,,,,,,,,,,,4456.2
2026-07-07T15:53:01Z,,,,,,,,,,,,4453.6
2026-07-07T15:53:01Z,,,,,,,,,,,,4447.0
2026-07-07T15:53:01Z,,,,,,,,,,,,4439.2
2026-07-07T15:53:01Z,51.553574,-0.072023,18.8,0.8,1.2,99.9,16,1,3,2.91,103.9,4430.6
2026-07-07T15:53:01Z,,,,,,,,,,,,4418.8
2026-07-07T15:53:01Z,,,,,,,,,,,,4408.2
2026-07-07T15:53:02Z,,,,,,,,,,,,4399.2
2026-07-07T15:53:02Z,,,,,,,,,,,,4389.5
2026-07-07T15:53:02Z,51.553574,-0.072012,18.9,0.8,1.2,99.9,16,1,3,2.94,103.4,4379.7
2026-07-07T15:53:02Z,,,,,,,,,,,,4370.1
2026-07-07T15:53:02Z,,,,,,,,,,,,4360.7
2026-07-07T15:53:02Z,,,,,,,,,,,,4353.5
2026-07-07T15:53:02Z,,,,,,,,,,,,4345.6
2026-07-07T15:53:02Z,51.553574,-0.072002,18.8,0.8,1.2,99.9,16,1,3,2.78,97.7,4336.6
2026-07-07T15:53:02Z,,,,,,,,,,,,4329.4
2026-07-07T15:53:02Z,,,,,,,,,,,,4323.9
2026-07-07T15:53:03Z,,,,,,,,,,,,4317.2
2026-07-07T15:53:03Z,,,,,,,,,,,,4310.8
2026-07-07T15:53:03Z,51.553574,-0.071991,18.9,0.8,1.2,99.9,16,1,3,3.09,97.4,4308.5
2026-07-07T15:53:03Z,,,,,,,,,,,,4312.4
2026-07-07T15:53:03Z,,,,,,,,,,,,4324.4
2026-07-07T15:53:03Z,,,,,,,,,,,,4343.9
2026-07-07T15:53:03Z,,,,,,,,,,,,4370.1
2026-07-07T15:53:03Z,51.553570,-0.071981,18.8,0.8,1.2,99.9,16,1,3,2.53,103.3,4402.8
2026-07-07T15:53:03Z,,,,,,,,,,,,4439.9
2026-07-07T15:53:03Z,,,,,,,,,,,,4477.6
2026-07-07T15:53:04Z,,,,,,,,,,,,4521.5
2026-07-07T15:53:04Z,,,,,,,,,,,,4559.1
2026-07-07T15:53:04Z,51.553570,-0.071971,18.8,0.8,1.2,99.9,16,1,3,2.95,103.6,4587.4
2026-07-07T15:53:04Z,,,,,,,,,,,,4611.2
2026-07-07T15:53:04Z,,,,,,,,,,,,4630.8
2026-07-07T15:53:04Z,,,,,,,,,,,,4646.0
2026-07-07T15:53:04Z,,,,,,,,,,,,4657.2
2026-07-07T15:53:04Z,51.553570,-0.071961,18.8,0.8,1.2,99.9,16,1,3,2.47,96.6,4660.1
2026-07-07T15:53:04Z,,,,,,,,,,,,4656.1
2026-07-07T15:53:04Z,,,,,,,,,,,,4649.2
2026-07-07T15:53:05Z,,,,,,,,,,,,4642.7
2026-07-07T15:53:05Z,,,,,,,,,,,,4633.1
2026-07-07T15:53:05Z,51.553570,-0.071950,19.0,0.8,1.2,99.9,16,1,3,2.91,92.3,4620.2
2026-07-07T15:53:05Z,,,,,,,,,,,,4604.2
2026-07-07T15:53:05Z,,,,,,,,,,,,4585.7
2026-07-07T15:53:05Z,,,,,,,,,,,,4567.3
2026-07-07T15:53:05Z,,,,,,,,,,,,4549.9
2026-07-07T15:53:05Z,51.553570,-0.071940,19.0,0.8,1.2,99.9,16,1,3,2.65,94.4,4533.1
2026-07-07T15:53:05Z,,,,,,,,,,,,4515.9
2026-07-07T15:53:05Z,,,,,,,,,,,,4498.8
2026-07-07T15:53:06Z,,,,,,,,,,,,4481.7
2026-07-07T15:53:06Z,,,,,,,,,,,,4466.3
2026-07-07T15:53:06Z,51.553570,-0.071929,19.1,0.8,1.2,99.9,16,1,3,3.07,98.3,4452.3
2026-07-07T15:53:06Z,,,,,,,,,,,,4438.8
2026-07-07T15:53:06Z,,,,,,,,,,,,4425.8
2026-07-07T15:53:06Z,,,,,,,,,,,,4414.7
2026-07-07T15:53:06Z,,,,,,,,,,,,4402.0
2026-07-07T15:53:06Z,51.553570,-0.071919,19.2,0.8,1.2,99.9,16,1,3,2.66,98.9,4389.2
2026-07-07T15:53:06Z,,,,,,,,,,,,4377.1
2026-07-07T15:53:06Z,,,,,,,,,,,,4366.3
2026-07-07T15:53:07Z,,,,,,,,,,,,4355.9
2026-07-07T15:53:07Z,,,,,,,,,,,,4347.4
2026-07-07T15:53:07Z,51.553570,-0.071910,19.3,0.8,1.2,99.9,16,1,3,2.44,103.6,4337.4
2026-07-07T15:53:07Z,,,,,,,,,,,,4327.6
2026-07-07T15:53:07Z,,,,,,,,,,,,4320.8
2026-07-07T15:53:07Z,,,,,,,,,,,,4317.5
2026-07-07T15:53:07Z,,,,,,,,,,,,4316.5
2026-07-07T15:53:07Z,51.553570,-0.071902,19.4,0.8,1.2,99.9,16,1,3,2.35,102.4,4317.1
2026-07-07T15:53:07Z,,,,,,,,,,,,4318.0
2026-07-07T15:53:07Z,,,,,,,,,,,,4319.4
2026-07-07T15:53:08Z,,,,,,,,,,,,4323.2
2026-07-07T15:53:08Z,,,,,,,,,,,,4328.2
2026-07-07T15:53:08Z,51.553570,-0.071894,19.6,0.8,1.2,99.9,16,1,3,2.51,65.0,4331.8
2026-07-07T15:53:08Z,,,,,,,,,,,,4334.6
2026-07-07T15:53:08Z,,,,,,,,,,,,4335.6
2026-07-07T15:53:08Z,,,,,,,,,,,,4334.7
2026-07-07T15:53:08Z,,,,,,,,,,,,4333.4
2026-07-07T15:53:08Z,51.553574,-0.071885,19.6,0.8,1.2,99.9,16,1,3,2.66,56.6,4331.6
2026-07-07T15:53:08Z,,,,,,,,,,,,4327.8
2026-07-07T15:53:08Z,,,,,,,,,,,,4324.0
2026-07-07T15:53:09Z,,,,,,,,,,,,4321.0
2026-07-07T15:53:09Z,,,,,,,,,,,,4318.6
2026-07-07T15:53:09Z,51.553577,-0.071875,19.8,0.8,1.2,99.9,16,1,3,3.36,62.8,4318.8
2026-07-07T15:53:09Z,,,,,,,,,,,,4322.6
2026-07-07T15:53:09Z,,,,,,,,,,,,4330.0
2026-07-07T15:53:09Z,,,,,,,,,,,,4341.1
2026-07-07T15:53:09Z,,,,,,,,,,,,4354.9
2026-07-07T15:53:09Z,51.553581,-0.071864,19.7,0.8,1.2,99.9,16,1,3,3.10,75.7,4366.8
2026-07-07T15:53:09Z,,,,,,,,,,,,4378.6
2026-07-07T15:53:09Z,,,,,,,,,,,,4389.9
2026-07-07T15:53:10Z,,,,,,,,,,,,4401.3
2026-07-07T15:53:10Z,,,,,,,,,,,,4412.9
2026-07-07T15:53:10Z,51.553581,-0.071851,19.6,0.8,1.2,99.9,16,1,3,3.39,81.3,4423.3
2026-07-07T15:53:10Z,,,,,,,,,,,,4428.9
2026-07-07T15:53:10Z,,,,,,,,,,,,4432.3
2026-07-07T15:53:10Z,,,,,,,,,,,,4437.6
2026-07-07T15:53:10Z,,,,,,,,,,,,4444.9
2026-07-07T15:53:10Z,51.553585,-0.071840,19.6,0.8,1.2,99.9,16,1,3,2.80,86.2,4453.3
2026-07-07T15:53:10Z,,,,,,,,,,,,4462.3
2026-07-07T15:53:10Z,,,,,,,,,,,,4467.4
2026-07-07T15:53:11Z,,,,,,,,,,,,4471.9
2026-07-07T15:53:11Z,,,,,,,,,,,,4478.0
2026-07-07T15:53:11Z,51.553585,-0.071829,19.6,0.8,1.2,99.9,16,1,3,3.08,86.1,4482.8
2026-07-07T15:53:11Z,,,,,,,,,,,,4484.0
2026-07-07T15:53:11Z,,,,,,,,,,,,4481.6
2026-07-07T15:53:11Z,,,,,,,,,,,,4476.7
2026-07-07T15:53:11Z,,,,,,,,,,,,4469.8
2026-07-07T15:53:11Z,51.553585,-0.071819,19.7,0.8,1.2,99.9,16,1,3,2.73,88.4,4463.8
2026-07-07T15:53:11Z,,,,,,,,,,,,4456.7
2026-07-07T15:53:11Z,,,,,,,,,,,,4448.3
2026-07-07T15:53:12Z,,,,,,,,,,,,4439.2
2026-07-07T15:53:12Z,,,,,,,,,,,,4428.6
2026-07-07T15:53:12Z,51.553585,-0.071808,19.8,0.8,1.2,99.9,16,1,3,3.08,89.4,4418.4
2026-07-07T15:53:12Z,,,,,,,,,,,,4408.9
2026-07-07T15:53:12Z,,,,,,,,,,,,4398.4
2026-07-07T15:53:12Z,,,,,,,,,,,,4388.6
2026-07-07T15:53:12Z,,,,,,,,,,,,4379.2
2026-07-07T15:53:12Z,51.553585,-0.071799,19.8,0.8,1.2,99.9,16,1,3,2.11,94.0,4369.4
2026-07-07T15:53:12Z,,,,,,,,,,,,4358.7
2026-07-07T15:53:12Z,,,,,,,,,,,,4350.9
2026-07-07T15:53:13Z,,,,,,,,,,,,4343.3
2026-07-07T15:53:13Z,,,,,,,,,,,,4334.4
2026-07-07T15:53:13Z,51.553585,-0.071790,19.8,0.8,1.2,99.9,16,1,3,2.27,83.4,4326.5
2026-07-07T15:53:13Z,,,,,,,,,,,,4318.5
2026-07-07T15:53:13Z,,,,,,,,,,,,4311.4
2026-07-07T15:53:13Z,,,,,,,,,,,,4306.1
2026-07-07T15:53:13Z,,,,,,,,,,,,4300.7
2026-07-07T15:53:13Z,51.553589,-0.071783,19.7,0.8,1.2,99.9,16,1,3,1.66,83.4,4296.0
2026-07-07T15:53:13Z,,,,,,,,,,,,4291.7
2026-07-07T15:53:13Z,,,,,,,,,,,,4286.8
2026-07-07T15:53:14Z,,,,,,,,,,,,4281.7
2026-07-07T15:53:14Z,,,,,,,,,,,,4277.8
2026-07-07T15:53:14Z,51.553589,-0.071776,19.6,0.8,1.2,99.9,16,1,3,1.95,72.2,4273.4
2026-07-07T15:53:14Z,,,,,,,,,,,,4269.4
2026-07-07T15:53:14Z,,,,,,,,,,,,4266.6
2026-07-07T15:53:14Z,,,,,,,,,,,,4262.3
2026-07-07T15:53:14Z,,,,,,,,,,,,4257.8
2026-07-07T15:53:14Z,51.553593,-0.071769,19.7,0.8,1.2,99.9,16,1,3,2.16,73.1,4256.0
2026-07-07T15:53:14Z,,,,,,,,,,,,4253.9
2026-07-07T15:53:14Z,,,,,,,,,,,,4251.3
2026-07-07T15:53:15Z,,,,,,,,,,,,4249.0
2026-07-07T15:53:15Z,,,,,,,,,,,,4245.8
2026-07-07T15:53:15Z,51.553593,-0.071762,19.8,0.8,1.2,99.9,16,1,3,1.86,73.1,4242.5
2026-07-07T15:53:15Z,,,,,,,,,,,,4240.1
2026-07-07T15:53:15Z,,,,,,,,,,,,4237.7
2026-07-07T15:53:15Z,,,,,,,,,,,,4235.7
2026-07-07T15:53:15Z,,,,,,,,,,,,4234.5
2026-07-07T15:53:15Z,51.553593,-0.071755,19.8,0.8,1.2,99.9,16,1,3,1.96,65.1,4233.3
2026-07-07T15:53:15Z,,,,,,,,,,,,4232.2
2026-07-07T15:53:15Z,,,,,,,,,,,,4232.0
2026-07-07T15:53:16Z,,,,,,,,,,,,4232.8
2026-07-07T15:53:16Z,,,,,,,,,,,,4234.8
2026-07-07T15:53:16Z,51.553596,-0.071749,19.8,0.8,1.2,99.9,16,1,3,1.78,65.1,4237.6
2026-07-07T15:53:16Z,,,,,,,,,,,,4240.2
2026-07-07T15:53:16Z,,,,,,,,,,,,4242.6
2026-07-07T15:53:16Z,,,,,,,,,,,,4244.6
2026-07-07T15:53:16Z,,,,,,,,,,,,4245.7
2026-07-07T15:53:16Z,51.553596,-0.071743,19.8,0.8,1.2,99.9,16,1,3,1.78,65.1,4246.1
2026-07-07T15:53:16Z,,,,,,,,,,,,4246.9
2026-07-07T15:53:16Z,,,,,,,,,,,,4246.1
2026-07-07T15:53:17Z,,,,,,,,,,,,4244.1
2026-07-07T15:53:17Z,,,,,,,,,,,,4242.1
2026-07-07T15:53:17Z,51.553600,-0.071737,19.9,0.8,1.2,99.9,16,1,3,1.77,65.1,4239.6
2026-07-07T15:53:17Z,,,,,,,,,,,,4237.8
2026-07-07T15:53:17Z,,,,,,,,,,,,4236.0
2026-07-07T15:53:17Z,,,,,,,,,,,,4232.1
2026-07-07T15:53:17Z,,,,,,,,,,,,4228.0
2026-07-07T15:53:17Z,51.553604,-0.071730,20.0,0.8,1.1,99.9,17,1,3,1.90,65.1,4225.6
2026-07-07T15:53:17Z,,,,,,,,,,,,4223.0
2026-07-07T15:53:17Z,,,,,,,,,,,,4220.0
2026-07-07T15:53:18Z,,,,,,,,,,,,4215.2
2026-07-07T15:53:18Z,,,,,,,,,,,,4209.8
2026-07-07T15:53:18Z,51.553604,-0.071730,20.0,0.8,1.1,99.9,17,1,3,0.00,65.1,4205.0
2026-07-07T15:53:18Z,,,,,,,,,,,,4201.1
2026-07-07T15:53:18Z,,,,,,,,,,,,4197.2
2026-07-07T15:53:18Z,,,,,,,,,,,,4193.5
2026-07-07T15:53:18Z,,,,,,,,,,,,4188.7
2026-07-07T15:53:18Z,51.553604,-0.071731,20.0,0.8,1.1,99.9,17,1,3,0.00,65.1,4182.6
2026-07-07T15:53:18Z,,,,,,,,,,,,4177.1
2026-07-07T15:53:18Z,,,,,,,,,,,,4173.1
2026-07-07T15:53:19Z,,,,,,,,,,,,4169.0
2026-07-07T15:53:19Z,,,,,,,,,,,,4165.2
2026-07-07T15:53:19Z,51.553604,-0.071731,20.0,0.8,1.1,99.9,17,1,3,0.00,65.1,4161.1
2026-07-07T15:53:19Z,,,,,,,,,,,,4156.7
2026-07-07T15:53:19Z,,,,,,,,,,,,4154.3
2026-07-07T15:53:19Z,,,,,,,,,,,,4153.3
2026-07-07T15:53:19Z,,,,,,,,,,,,4152.9
2026-07-07T15:53:19Z,51.553604,-0.071731,20.0,0.8,1.1,99.9,17,1,3,0.00,65.1,4153.6
2026-07-07T15:53:19Z,,,,,,,,,,,,4154.1
2026-07-07T15:53:19Z,,,,,,,,,,,,4153.4
2026-07-07T15:53:20Z,,,,,,,,,,,,4154.0
2026-07-07T15:53:20Z,,,,,,,,,,,,4155.9
2026-07-07T15:53:20Z,51.553604,-0.071731,20.1,0.8,1.1,99.9,17,1,3,0.00,65.1,4158.4
2026-07-07T15:53:20Z,,,,,,,,,,,,4162.0
2026-07-07T15:53:20Z,,,,,,,,,,,,4165.5
2026-07-07T15:53:20Z,,,,,,,,,,,,4169.3
2026-07-07T15:53:20Z,,,,,,,,,,,,4175.4
2026-07-07T15:53:20Z,51.553604,-0.071731,20.1,0.8,1.1,99.9,17,1,3,0.00,65.1,4183.1
2026-07-07T15:53:20Z,,,,,,,,,,,,4191.2
2026-07-07T15:53:20Z,,,,,,,,,,,,4198.7
2026-07-07T15:53:21Z,,,,,,,,,,,,4205.4
2026-07-07T15:53:21Z,,,,,,,,,,,,4211.2
2026-07-07T15:53:21Z,51.553604,-0.071731,20.1,0.8,1.1,99.9,17,1,3,0.00,65.1,4217.6
2026-07-07T15:53:21Z,,,,,,,,,,,,4224.3
2026-07-07T15:53:21Z,,,,,,,,,,,,4230.7
2026-07-07T15:53:21Z,,,,,,,,,,,,4237.1
2026-07-07T15:53:21Z,,,,,,,,,,,,4242.5
2026-07-07T15:53:21Z,51.553604,-0.071731,20.1,0.8,1.1,99.9,17,1,3,0.00,65.1,4247.9
2026-07-07T15:53:21Z,,,,,,,,,,,,4254.1
2026-07-07T15:53:21Z,,,,,,,,,,,,4259.0
2026-07-07T15:53:22Z,,,,,,,,,,,,4262.8
2026-07-07T15:53:22Z,,,,,,,,,,,,4266.2
2026-07-07T15:53:22Z,51.553604,-0.071731,20.1,0.8,1.1,99.9,17,1,3,0.00,65.1,4266.3
2026-07-07T15:53:22Z,,,,,,,,,,,,4264.1
2026-07-07T15:53:22Z,,,,,,,,,,,,4262.2
2026-07-07T15:53:22Z,,,,,,,,,,,,4259.7
2026-07-07T15:53:22Z,,,,,,,,,,,,4256.1
2026-07-07T15:53:22Z,51.553604,-0.071731,20.2,0.8,1.1,99.9,17,1,3,0.00,65.1,4251.6
2026-07-07T15:53:22Z,,,,,,,,,,,,4245.3
2026-07-07T15:53:22Z,,,,,,,,,,,,4240.1
2026-07-07T15:53:23Z,,,,,,,,,,,,4235.4
2026-07-07T15:53:23Z,,,,,,,,,,,,4230.1
2026-07-07T15:53:23Z,51.553604,-0.071730,20.2,0.8,1.1,99.9,17,1,3,0.00,65.1,4224.8
2026-07-07T15:53:23Z,,,,,,,,,,,,4219.7
2026-07-07T15:53:23Z,,,,,,,,,,,,4215.2
2026-07-07T15:53:23Z,,,,,,,,,,,,4214.7
2026-07-07T15:53:23Z,,,,,,,,,,,,4218.3
2026-07-07T15:53:23Z,51.553604,-0.071730,20.2,0.8,1.1,99.9,17,1,3,0.00,65.1,4224.6
2026-07-07T15:53:23Z,,,,,,,,,,,,4234.9
2026-07-07T15:53:23Z,,,,,,,,,,,,4245.2
2026-07-07T15:53:24Z,,,,,,,,,,,,4258.0
2026-07-07T15:53:24Z,,,,,,,,,,,,4272.3
2026-07-07T15:53:24Z,51.553608,-0.071730,20.2,0.8,1.1,99.9,17,1,3,0.00,65.1,4285.5
2026-07-07T15:53:24Z,,,,,,,,,,,,4296.2
2026-07-07T15:53:24Z,,,,,,,,,,,,4304.3
2026-07-07T15:53:24Z,,,,,,,,,,,,4308.2
2026-07-07T15:53:24Z,,,,,,,,,,,,4310.9
2026-07-07T15:53:24Z,51.553604,-0.071727,20.1,0.8,1.1,99.9,17,1,3,1.39,65.1,4313.4
2026-07-07T15:53:24Z,,,,,,,,,,,,4314.0
2026-07-07T15:53:24Z,,,,,,,,,,,,4313.3
2026-07-07T15:53:25Z,,,,,,,,,,,,4310.9
2026-07-07T15:53:25Z,,,,,,,,,,,,4307.4
2026-07-07T15:53:25Z,51.553604,-0.071727,20.2,0.8,1.1,99.9,17,1,3,0.00,65.1,4304.8
2026-07-07T15:53:25Z,,,,,,,,,,,,4303.2
2026-07-07T15:53:25Z,,,,,,,,,,,,4302.8
2026-07-07T15:53:25Z,,,,,,,,,,,,4304.2
2026-07-07T15:53:25Z,,,,,,,,,,,,4306.6
2026-07-07T15:53:25Z,51.553604,-0.071727,20.2,0.8,1.1,99.9,17,1,3,0.00,65.1,4311.7
2026-07-07T15:53:25Z,,,,,,,,,,,,4319.5
2026-07-07T15:53:25Z,,,,,,,,,,,,4326.8
2026-07-07T15:53:26Z,,,,,,,,,,,,4334.8
2026-07-07T15:53:26Z,,,,,,,,,,,,4341.4
2026-07-07T15:53:26Z,51.553604,-0.071727,20.2,0.8,1.1,99.9,17,1,3,0.00,65.1,4345.4
2026-07-07T15:53:26Z,,,,,,,,,,,,4348.7
2026-07-07T15:53:26Z,,,,,,,,,,,,4350.9
2026-07-07T15:53:26Z,,,,,,,,,,,,4350.5
2026-07-07T15:53:26Z,,,,,,,,,,,,4348.6
2026-07-07T15:53:26Z,51.553604,-0.071727,20.2,0.8,1.1,99.9,17,1,3,0.00,65.1,4345.1
2026-07-07T15:53:26Z,,,,,,,,,,,,4342.0
2026-07-07T15:53:26Z,,,,,,,,,,,,4340.6
2026-07-07T15:53:27Z,,,,,,,,,,,,4339.1
2026-07-07T15:53:27Z,,,,,,,,,,,,4338.3
2026-07-07T15:53:27Z,51.553604,-0.071727,20.3,0.8,1.1,99.9,17,1,3,0.00,65.1,4338.1
2026-07-07T15:53:27Z,,,,,,,,,,,,4337.9
2026-07-07T15:53:27Z,,,,,,,,,,,,4339.6
2026-07-07T15:53:27Z,,,,,,,,,,,,4341.2
2026-07-07T15:53:27Z,,,,,,,,,,,,4341.9
2026-07-07T15:53:27Z,51.553604,-0.071728,20.3,0.8,1.1,99.9,17,1,3,0.00,65.1,4342.1
2026-07-07T15:53:27Z,,,,,,,,,,,,4341.1
2026-07-07T15:53:27Z,,,,,,,,,,,,4339.7
2026-07-07T15:53:28Z,,,,,,,,,,,,4338.4
2026-07-07T15:53:28Z,,,,,,,,,,,,4337.0
2026-07-07T15:53:28Z,51.553612,-0.071727,20.5,0.8,1.1,99.9,17,1,3,2.74,8.5,4336.0
2026-07-07T15:53:28Z,,,,,,,,,,,,4333.8
2026-07-07T15:53:28Z,,,,,,,,,,,,4329.8
2026-07-07T15:53:28Z,,,,,,,,,,,,4327.6
2026-07-07T15:53:28Z,,,,,,,,,,,,4326.7
2026-07-07T15:53:28Z,51.553619,-0.071725,20.4,0.8,1.1,99.9,17,1,3,2.44,8.1,4326.2
2026-07-07T15:53:28Z,,,,,,,,,,,,4326.1
2026-07-07T15:53:28Z,,,,,,,,,,,,4324.3
2026-07-07T15:53:29Z,,,,,,,,,,,,4321.2
2026-07-07T15:53:29Z,,,,,,,,,,,,4319.3
2026-07-07T15:53:29Z,51.553623,-0.071724,20.5,0.8,1.1,99.9,17,1,3,2.06,10.8,4317.4
2026-07-07T15:53:29Z,,,,,,,,,,,,4314.6
2026-07-07T15:53:29Z,,,,,,,,,,,,4311.3
2026-07-07T15:53:29Z,,,,,,,,,,,,4306.9
2026-07-07T15:53:29Z,,,,,,,,,,,,4301.3
2026-07-07T15:53:29Z,51.553627,-0.071724,20.6,0.8,1.1,99.9,17,1,3,2.00,4.4,4297.5
2026-07-07T15:53:29Z,,,,,,,,,,,,4294.7
2026-07-07T15:53:29Z,,,,,,,,,,,,4291.9
2026-07-07T15:53:30Z,,,,,,,,,,,,4288.2
2026-07-07T15:53:30Z,,,,,,,,,,,,4284.1
2026-07-07T15:53:30Z,51.553635,-0.071724,20.7,0.8,1.1,99.9,17,1,3,2.32,3.8,4281.0
2026-07-07T15:53:30Z,,,,,,,,,,,,4277.5
2026-07-07T15:53:30Z,,,,,,,,,,,,4273.0
2026-07-07T15:53:30Z,,,,,,,,,,,,4268.3
2026-07-07T15:53:30Z,,,,,,,,,,,,4262.6
2026-07-07T15:53:30Z,51.553638,-0.071723,20.6,0.8,1.1,99.9,17,1,3,2.31,359.7,4257.0
2026-07-07T15:53:30Z,,,,,,,,,,,,4251.6
2026-07-07T15:53:30Z,,,,,,,,,,,,4245.8
2026-07-07T15:53:31Z,,,,,,,,,,,,4240.5
2026-07-07T15:53:31Z,,,,,,,,,,,,4235.6
2026-07-07T15:53:31Z,51.553646,-0.071723,20.7,0.8,1.1,99.9,17,1,3,2.45,4.8,4229.8
2026-07-07T15:53:31Z,,,,,,,,,,,,4224.8
2026-07-07T15:53:31Z,,,,,,,,,,,,4220.7
2026-07-07T15:53:31Z,,,,,,,,,,,,4216.6
2026-07-07T15:53:31Z,,,,,,,,,,,,4214.4
2026-07-07T15:53:31Z,51.553650,-0.071725,21.0,0.8,1.1,99.9,17,1,3,2.30,355.4,4213.9
2026-07-07T15:53:31Z,,,,,,,,,,,,4213.7
2026-07-07T15:53:31Z,,,,,,,,,,,,4215.3
2026-07-07T15:53:32Z,,,,,,,,,,,,4220.2
2026-07-07T15:53:32Z,,,,,,,,,,,,4227.9
2026-07-07T15:53:32Z,51.553658,-0.071726,21.0,0.8,1.1,99.9,17,1,3,2.28,355.0,4238.4
2026-07-07T15:53:32Z,,,,,,,,,,,,4249.5
2026-07-07T15:53:32Z,,,,,,,,,,,,4258.8
2026-07-07T15:53:32Z,,,,,,,,,,,,4266.7
2026-07-07T15:53:32Z,,,,,,,,,,,,4274.9
2026-07-07T15:53:32Z,51.553661,-0.071726,21.1,0.8,1.1,99.9,17,1,3,2.15,359.2,4282.8
2026-07-07T15:53:32Z,,,,,,,,,,,,4289.6
2026-07-07T15:53:32Z,,,,,,,,,,,,4294.8
2026-07-07T15:53:33Z,,,,,,,,,,,,4298.5
2026-07-07T15:53:33Z,,,,,,,,,,,,4301.1
2026-07-07T15:53:33Z,51.553669,-0.071726,21.1,0.8,1.1,99.9,17,1,3,2.26,6.6,4305.2
2026-07-07T15:53:33Z,,,,,,,,,,,,4309.6
2026-07-07T15:53:33Z,,,,,,,,,,,,4313.1
2026-07-07T15:53:33Z,,,,,,,,,,,,4317.8
2026-07-07T15:53:33Z,,,,,,,,,,,,4322.8
2026-07-07T15:53:33Z,51.553673,-0.071725,21.2,0.8,1.1,99.9,17,1,3,2.21,5.9,4326.8
2026-07-07T15:53:33Z,,,,,,,,,,,,4334.6
2026-07-07T15:53:33Z,,,,,,,,,,,,4345.4
2026-07-07T15:53:34Z,,,,,,,,,,,,4358.4
2026-07-07T15:53:34Z,,,,,,,,,,,,4370.8
2026-07-07T15:53:34Z,51.553680,-0.071724,21.2,0.8,1.1,99.9,17,1,3,2.15,7.2,4380.3
2026-07-07T15:53:34Z,,,,,,,,,,,,4389.0
2026-07-07T15:53:34Z,,,,,,,,,,,,4398.0
2026-07-07T15:53:34Z,,,,,,,,,,,,4404.1
2026-07-07T15:53:34Z,,,,,,,,,,,,4407.5
2026-07-07T15:53:34Z,51.553684,-0.071723,21.3,0.8,1.1,99.9,17,1,3,2.43,9.6,4409.3
2026-07-07T15:53:34Z,,,,,,,,,,,,4407.4
2026-07-07T15:53:34Z,,,,,,,,,,,,4404.5
2026-07-07T15:53:35Z,,,,,,,,,,,,4404.3
2026-07-07T15:53:35Z,,,,,,,,,,,,4404.6
2026-07-07T15:53:35Z,51.553692,-0.071724,21.4,0.8,1.1,99.9,17,1,3,1.96,355.1,4406.3
2026-07-07T15:53:35Z,,,,,,,,,,,,4409.9
2026-07-07T15:53:35Z,,,,,,,,,,,,4412.9
2026-07-07T15:53:35Z,,,,,,,,,,,,4415.8
2026-07-07T15:53:35Z,,,,,,,,,,,,4421.3
2026-07-07T15:53:35Z,51.553696,-0.071724,21.5,0.8,1.1,99.9,17,1,3,2.40,356.3,4426.4
2026-07-07T15:53:35Z,,,,,,,,,,,,4430.9
2026-07-07T15:53:35Z,,,,,,,,,,,,4432.1
2026-07-07T15:53:36Z,,,,,,,,,,,,4428.5
2026-07-07T15:53:36Z,,,,,,,,,,,,4425.2
2026-07-07T15:53:36Z,51.553703,-0.071724,21.6,0.8,1.1,99.9,17,1,3,2.26,5.2,4423.4
2026-07-07T15:53:36Z,,,,,,,,,,,,4420.4
2026-07-07T15:53:36Z,,,,,,,,,,,,4415.9
2026-07-07T15:53:36Z,,,,,,,,,,,,4409.6
2026-07-07T15:53:36Z,,,,,,,,,,,,4400.6
2026-07-07T15:53:36Z,51.553711,-0.071723,21.5,0.8,1.1,99.9,17,1,3,2.52,8.5,4390.9
2026-07-07T15:53:36Z,,,,,,,,,,,,4382.5
2026-07-07T15:53:36Z,,,,,,,,,,,,4375.3
2026-07-07T15:53:37Z,,,,,,,,,,,,4365.9
2026-07-07T15:53:37Z,,,,,,,,,,,,4355.6
2026-07-07T15:53:37Z,51.553715,-0.071722,21.6,0.8,1.1,99.9,17,1,3,2.45,10.9,4345.0
2026-07-07T15:53:37Z,,,,,,,,,,,,4335.8
2026-07-07T15:53:37Z,,,,,,,,,,,,4329.0
2026-07-07T15:53:37Z,,,,,,,,,,,,4322.0
2026-07-07T15:53:37Z,,,,,,,,,,,,4315.0
2026-07-07T15:53:37Z,51.553722,-0.071721,21.6,0.8,1.1,99.9,17,1,3,2.57,7.3,4309.0
2026-07-07T15:53:37Z,,,,,,,,,,,,4302.0
2026-07-07T15:53:37Z,,,,,,,,,,,,4295.7
2026-07-07T15:53:38Z,,,,,,,,,,,,4291.6
2026-07-07T15:53:38Z,,,,,,,,,,,,4287.8
2026-07-07T15:53:38Z,51.553730,-0.071720,21.7,0.8,1.1,99.9,17,1,3,2.84,9.1,4284.7
2026-07-07T15:53:38Z,,,,,,,,,,,,4284.2
2026-07-07T15:53:38Z,,,,,,,,,,,,4285.8
2026-07-07T15:53:38Z,,,,,,,,,,,,4290.3
2026-07-07T15:53:38Z,,,,,,,,,,,,4297.4
2026-07-07T15:53:38Z,51.553738,-0.071719,21.7,0.8,1.1,99.9,17,1,3,2.59,5.3,4305.3
2026-07-07T15:53:38Z,,,,,,,,,,,,4313.0
2026-07-07T15:53:38Z,,,,,,,,,,,,4322.9
2026-07-07T15:53:39Z,,,,,,,,,,,,4332.4
2026-07-07T15:53:39Z,,,,,,,,,,,,4339.4
2026-07-07T15:53:39Z,51.553741,-0.071719,21.8,0.8,1.1,99.9,17,1,3,2.88,0.2,4346.0
2026-07-07T15:53:39Z,,,,,,,,,,,,4352.1
2026-07-07T15:53:39Z,,,,,,,,,,,,4358.4
2026-07-07T15:53:39Z,,,,,,,,,,,,4364.2
2026-07-07T15:53:39Z,,,,,,,,,,,,4368.7
2026-07-07T15:53:39Z,51.553749,-0.071720,21.9,0.8,1.1,99.9,17,1,3,2.74,359.1,4372.0
2026-07-07T15:53:39Z,,,,,,,,,,,,4377.0
2026-07-07T15:53:39Z,,,,,,,,,,,,4382.5
2026-07-07T15:53:40Z,,,,,,,,,,,,4388.9
2026-07-07T15:53:40Z,,,,,,,,,,,,4396.0
2026-07-07T15:53:40Z,51.553757,-0.071720,22.0,0.8,1.1,99.9,17,1,3,2.71,5.6,4400.4
2026-07-07T15:53:40Z,,,,,,,,,,,,4404.9
2026-07-07T15:53:40Z,,,,,,,,,,,,4412.8
2026-07-07T15:53:40Z,,,,,,,,,,,,4420.8
2026-07-07T15:53:40Z,,,,,,,,,,,,4428.5
2026-07-07T15:53:40Z,51.553764,-0.071718,22.1,0.8,1.1,99.9,17,1,3,2.35,14.1,4434.5
2026-07-07T15:53:40Z,,,,,,,,,,,,4437.1
2026-07-07T15:53:40Z,,,,,,,,,,,,4438.5
2026-07-07T15:53:41Z,,,,,,,,,,,,4440.0
2026-07-07T15:53:41Z,,,,,,,,,,,,4440.9
2026-07-07T15:53:41Z,51.553768,-0.071715,22.2,0.8,1.1,99.9,17,1,3,2.86,24.1,4442.2
2026-07-07T15:53:41Z,,,,,,,,,,,,4439.9
2026-07-07T15:53:41Z,,,,,,,,,,,,4434.9
2026-07-07T15:53:41Z,,,,,,,,,,,,4431.9
2026-07-07T15:53:41Z,,,,,,,,,,,,4430.2
2026-07-07T15:53:41Z,51.553776,-0.071712,22.2,0.8,1.1,99.9,17,1,3,2.43,29.6,4429.3
2026-07-07T15:53:41Z,,,,,,,,,,,,4429.6
2026-07-07T15:53:41Z,,,,,,,,,,,,4428.8
2026-07-07T15:53:42Z,,,,,,,,,,,,4425.1
2026-07-07T15:53:42Z,,,,,,,,,,,,4421.2
2026-07-07T15:53:42Z,51.553780,-0.071708,22.3,0.8,1.1,99.9,17,1,3,2.57,21.7,4418.6
2026-07-07T15:53:42Z,,,,,,,,,,,,4416.0
2026-07-07T15:53:42Z,,,,,,,,,,,,4411.8
2026-07-07T15:53:42Z,,,,,,,,,,,,4406.8
2026-07-07T15:53:42Z,,,,,,,,,,,,4402.9
2026-07-07T15:53:42Z,51.553787,-0.071705,22.2,0.8,1.1,99.9,17,1,3,2.44,18.5,4402.1
2026-07-07T15:53:42Z,,,,,,,,,,,,4401.8
2026-07-07T15:53:42Z,,,,,,,,,,,,4401.6
2026-07-07T15:53:43Z,,,,,,,,,,,,4400.8
2026-07-07T15:53:43Z,,,,,,,,,,,,4398.5
2026-07-07T15:53:43Z,51.553795,-0.071704,22.1,0.8,1.1,99.9,17,1,3,2.35,352.9,4396.2
2026-07-07T15:53:43Z,,,,,,,,,,,,4394.4
2026-07-07T15:53:43Z,,,,,,,,,,,,4392.2
2026-07-07T15:53:43Z,,,,,,,,,,,,4388.6
2026-07-07T15:53:43Z,,,,,,,,,,,,4384.5
2026-07-07T15:53:43Z,51.553799,-0.071705,22.1,0.8,1.1,99.9,17,1,3,2.46,358.1,4380.4
2026-07-07T15:53:43Z,,,,,,,,,,,,4378.6
2026-07-07T15:53:43Z,,,,,,,,,,,,4380.5
2026-07-07T15:53:44Z,,,,,,,,,,,,4384.7
2026-07-07T15:53:44Z,,,,,,,,,,,,4390.6
2026-07-07T15:53:44Z,51.553806,-0.071705,22.0,0.8,1.1,99.9,17,1,3,2.65,4.0,4396.0
2026-07-07T15:53:44Z,,,,,,,,,,,,4399.8
2026-07-07T15:53:44Z,,,,,,,,,,,,4404.1
2026-07-07T15:53:44Z,,,,,,,,,,,,4408.6
2026-07-07T15:53:44Z,,,,,,,,,,,,4410.9
2026-07-07T15:53:44Z,51.553814,-0.071703,21.9,0.8,1.1,99.9,17,1,3,2.92,14.6,4411.8
2026-07-07T15:53:44Z,,,,,,,,,,,,4410.7
2026-07-07T15:53:44Z,,,,,,,,,,,,4407.5
2026-07-07T15:53:45Z,,,,,,,,,,,,4404.3
2026-07-07T15:53:45Z,,,,,,,,,,,,4401.2
2026-07-07T15:53:45Z,51.553822,-0.071701,21.8,0.8,1.1,99.9,17,1,3,2.71,11.5,4396.8
2026-07-07T15:53:45Z,,,,,,,,,,,,4391.4
2026-07-07T15:53:45Z,,,,,,,,,,,,4384.5
2026-07-07T15:53:45Z,,,,,,,,,,,,4376.7
2026-07-07T15:53:45Z,,,,,,,,,,,,4369.2
2026-07-07T15:53:45Z,51.553829,-0.071699,21.8,0.8,1.1,99.9,17,1,3,2.93,18.7,4363.9
2026-07-07T15:53:45Z,,,,,,,,,,,,4358.7
2026-07-07T15:53:45Z,,,,,,,,,,,,4353.4
2026-07-07T15:53:46Z,,,,,,,,,,,,4348.7
2026-07-07T15:53:46Z,,,,,,,,,,,,4345.1
2026-07-07T15:53:46Z,51.553837,-0.071695,21.5,0.8,1.1,99.9,17,1,3,2.87,18.4,4343.2
2026-07-07T15:53:46Z,,,,,,,,,,,,4344.1
2026-07-07T15:53:46Z,,,,,,,,,,,,4346.5
2026-07-07T15:53:46Z,,,,,,,,,,,,4350.9
2026-07-07T15:53:46Z,,,,,,,,,,,,4355.2
2026-07-07T15:53:46Z,51.553841,-0.071692,21.5,0.8,1.1,99.9,17,1,3,3.17,12.6,4356.8
2026-07-07T15:53:46Z,,,,,,,,,,,,4359.2
2026-07-07T15:53:46Z,,,,,,,,,,,,4363.3
2026-07-07T15:53:47Z,,,,,,,,,,,,4365.7
2026-07-07T15:53:47Z,,,,,,,,,,,,4366.9
2026-07-07T15:53:47Z,51.553848,-0.071690,21.4,0.8,1.1,99.9,17,1,3,2.82,11.8,4366.7
2026-07-07T15:53:47Z,,,,,,,,,,,,4365.9
2026-07-07T15:53:47Z,,,,,,,,,,,,4366.7
2026-07-07T15:53:47Z,,,,,,,,,,,,4368.7
2026-07-07T15:53:47Z,,,,,,,,,,,,4371.3
2026-07-07T15:53:47Z,51.553860,-0.071690,21.3,0.8,1.1,99.9,17,1,3,3.24,5.0,4374.3
2026-07-07T15:53:47Z,,,,,,,,,,,,4375.3
2026-07-07T15:53:47Z,,,,,,,,,,,,4376.0
2026-07-07T15:53:48Z,,,,,,,,,,,,4377.8
2026-07-07T15:53:48Z,,,,,,,,,,,,4380.9
2026-07-07T15:53:48Z,51.553867,-0.071690,21.3,0.8,1.1,99.9,17,1,3,2.58,4.6,4384.2
2026-07-07T15:53:48Z,,,,,,,,,,,,4386.2
2026-07-07T15:53:48Z,,,,,,,,,,,,4386.2
2026-07-07T15:53:48Z,,,,,,,,,,,,4384.3
2026-07-07T15:53:48Z,,,,,,,,,,,,4383.3
2026-07-07T15:53:48Z,51.553875,-0.071690,21.6,0.8,1.1,99.9,17,1,3,2.58,4.6,4382.4
2026-07-07T15:53:48Z,,,,,,,,,,,,4379.9
2026-07-07T15:53:48Z,,,,,,,,,,,,4376.5
2026-07-07T15:53:48Z,,,,,,,,,,,,4371.5
2026-07-07T15:53:49Z,,,,,,,,,,,,4366.5
2026-07-07T15:53:49Z,51.553883,-0.071689,21.5,0.8,1.1,99.9,17,1,3,3.24,5.7,4362.2
2026-07-07T15:53:49Z,,,,,,,,,,,,4356.9
2026-07-07T15:53:49Z,,,,,,,,,,,,4352.4
2026-07-07T15:53:49Z,,,,,,,,,,,,4349.7
2026-07-07T15:53:49Z,,,,,,,,,,,,4347.3
2026-07-07T15:53:49Z,51.553886,-0.071689,21.6,0.8,1.1,99.9,17,1,3,2.49,0.5,4347.2
2026-07-07T15:53:49Z,,,,,,,,,,,,4350.4
2026-07-07T15:53:49Z,,,,,,,,,,,,4356.5
2026-07-07T15:53:50Z,,,,,,,,,,,,4366.1
2026-07-07T15:53:50Z,,,,,,,,,,,,4377.4
2026-07-07T15:53:50Z,51.553894,-0.071689,21.5,0.8,1.1,99.9,17,1,3,2.92,6.1,4387.6
2026-07-07T15:53:50Z,,,,,,,,,,,,4397.2
2026-07-07T15:53:50Z,,,,,,,,,,,,4406.7
2026-07-07T15:53:50Z,,,,,,,,,,,,4414.3
2026-07-07T15:53:50Z,,,,,,,,,,,,4421.6
2026-07-07T15:53:50Z,51.553902,-0.071690,21.4,0.8,1.1,99.9,17,1,3,2.58,359.2,4427.8
2026-07-07T15:53:50Z,,,,,,,,,,,,4429.1
2026-07-07T15:53:50Z,,,,,,,,,,,,4426.2
2026-07-07T15:53:51Z,,,,,,,,,,,,4425.9
2026-07-07T15:53:51Z,,,,,,,,,,,,4424.9
2026-07-07T15:53:51Z,51.553909,-0.071690,21.5,0.8,1.1,99.9,17,1,3,3.13,356.1,4421.9
2026-07-07T15:53:51Z,,,,,,,,,,,,4416.8
2026-07-07T15:53:51Z,,,,,,,,,,,,4411.6
2026-07-07T15:53:51Z,,,,,,,,,,,,4408.6
2026-07-07T15:53:51Z,,,,,,,,,,,,4408.1
2026-07-07T15:53:51Z,51.553917,-0.071690,21.4,0.8,1.1,99.9,17,1,3,2.61,5.0,4410.5
2026-07-07T15:53:51Z,,,,,,,,,,,,4413.9
2026-07-07T15:53:51Z,,,,,,,,,,,,4416.3
2026-07-07T15:53:51Z,,,,,,,,,,,,4419.2
2026-07-07T15:53:52Z,,,,,,,,,,,,4424.4
2026-07-07T15:53:52Z,51.553925,-0.071689,21.3,0.8,1.1,99.9,17,1,3,2.61,6.5,4432.3
2026-07-07T15:53:52Z,,,,,,,,,,,,4441.3
2026-07-07T15:53:52Z,,,,,,,,,,,,4452.0
2026-07-07T15:53:52Z,,,,,,,,,,,,4460.4
2026-07-07T15:53:52Z,,,,,,,,,,,,4467.2
2026-07-07T15:53:52Z,51.553928,-0.071686,21.3,0.8,1.1,99.9,17,1,3,2.55,12.7,4476.6
2026-07-07T15:53:52Z,,,,,,,,,,,,4488.3
2026-07-07T15:53:52Z,,,,,,,,,,,,4497.7
2026-07-07T15:53:52Z,,,,,,,,,,,,4505.7
2026-07-07T15:53:53Z,,,,,,,,,,,,4510.8
2026-07-07T15:53:53Z,51.553936,-0.071685,21.1,0.8,1.1,99.9,17,1,3,2.72,19.9,4513.9
2026-07-07T15:53:53Z,,,,,,,,,,,,4516.6
2026-07-07T15:53:53Z,,,,,,,,,,,,4516.9
2026-07-07T15:53:53Z,,,,,,,,,,,,4515.3
2026-07-07T15:53:53Z,,,,,,,,,,,,4511.8
2026-07-07T15:53:53Z,51.553944,-0.071684,21.0,0.8,1.1,99.9,17,1,3,2.83,6.5,4505.4
2026-07-07T15:53:53Z,,,,,,,,,,,,4497.7
2026-07-07T15:53:53Z,,,,,,,,,,,,4491.9
2026-07-07T15:53:53Z,,,,,,,,,,,,4486.0
2026-07-07T15:53:54Z,,,,,,,,,,,,4479.3
2026-07-07T15:53:54Z,51.553951,-0.071683,20.8,0.8,1.1,99.9,17,1,3,2.75,5.4,4471.1
2026-07-07T15:53:54Z,,,,,,,,,,,,4461.7
2026-07-07T15:53:54Z,,,,,,,,,,,,4453.2
2026-07-07T15:53:54Z,,,,,,,,,,,,4447.1
2026-07-07T15:53:54Z,,,,,,,,,,,,4442.5
2026-07-07T15:53:54Z,51.553955,-0.071681,20.7,0.8,1.1,99.9,17,1,3,2.69,10.2,4441.2
2026-07-07T15:53:54Z,,,,,,,,,,,,4443.0
2026-07-07T15:53:54Z,,,,,,,,,,,,4447.3
2026-07-07T15:53:55Z,,,,,,,,,,,,4456.2
2026-07-07T15:53:55Z,,,,,,,,,,,,4468.8
2026-07-07T15:53:55Z,51.553963,-0.071680,20.6,0.8,1.1,99.9,17,1,3,2.78,16.5,4482.2
2026-07-07T15:53:55Z,,,,,,,,,,,,4494.9
2026-07-07T15:53:55Z,,,,,,,,,,,,4504.8
2026-07-07T15:53:55Z,,,,,,,,,,,,4509.5
2026-07-07T15:53:55Z,,,,,,,,,,,,4513.0
2026-07-07T15:53:55Z,51.553970,-0.071679,20.6,0.8,1.1,99.9,17,1,3,2.69,10.6,4516.2
2026-07-07T15:53:55Z,,,,,,,,,,,,4516.5
2026-07-07T15:53:55Z,,,,,,,,,,,,4514.9
2026-07-07T15:53:56Z,,,,,,,,,,,,4513.0
2026-07-07T15:53:56Z,,,,,,,,,,,,4510.7
2026-07-07T15:53:56Z,51.553978,-0.071678,20.6,0.8,1.1,99.9,17,1,3,2.30,11.7,4508.9
2026-07-07T15:53:56Z,,,,,,,,,,,,4509.2
2026-07-07T15:53:56Z,,,,,,,,,,,,4511.9
2026-07-07T15:53:56Z,,,,,,,,,,,,4518.0
2026-07-07T15:53:56Z,,,,,,,,,,,,4527.9
2026-07-07T15:53:56Z,51.553982,-0.071678,20.4,0.8,1.1,99.9,17,1,3,2.93,7.0,4539.1
2026-07-07T15:53:56Z,,,,,,,,,,,,4553.3
2026-07-07T15:53:56Z,,,,,,,,,,,,4569.4
2026-07-07T15:53:56Z,,,,,,,,,,,,4584.0
2026-07-07T15:53:57Z,,,,,,,,,,,,4597.8
2026-07-07T15:53:57Z,51.553989,-0.071678,20.3,0.8,1.1,99.9,17,1,3,2.61,5.8,4610.1
2026-07-07T15:53:57Z,,,,,,,,,,,,4617.4
2026-07-07T15:53:57Z,,,,,,,,,,,,4621.7
2026-07-07T15:53:57Z,,,,,,,,,,,,4624.1
2026-07-07T15:53:57Z,,,,,,,,,,,,4625.2
2026-07-07T15:53:57Z,51.553997,-0.071678,20.2,0.8,1.1,99.9,17,1,3,2.87,3.1,4625.5
2026-07-07T15:53:57Z,,,,,,,,,,,,4621.6
2026-07-07T15:53:57Z,,,,,,,,,,,,4615.9
2026-07-07T15:53:57Z,,,,,,,,,,,,4610.3
2026-07-07T15:53:58Z,,,,,,,,,,,,4604.8
2026-07-07T15:53:58Z,51.554001,-0.071678,20.2,0.8,1.1,99.9,17,1,3,2.43,0.7,4600.7
2026-07-07T15:53:58Z,,,,,,,,,,,,4595.9
2026-07-07T15:53:58Z,,,,,,,,,,,,4586.9
2026-07-07T15:53:58Z,,,,,,,,,,,,4577.6
2026-07-07T15:53:58Z,,,,,,,,,,,,4570.2
2026-07-07T15:53:58Z,51.554008,-0.071676,20.2,0.8,1.1,99.9,17,1,3,2.60,10.9,4563.7
2026-07-07T15:53:58Z,,,,,,,,,,,,4557.8
2026-07-07T15:53:58Z,,,,,,,,,,,,4552.0
2026-07-07T15:53:59Z,,,,,,,,,,,,4545.8
2026-07-07T15:53:59Z,,,,,,,,,,,,4541.7
2026-07-07T15:53:59Z,51.554016,-0.071674,20.3,0.8,1.1,99.9,17,1,3,2.70,15.0,4542.0
2026-07-07T15:53:59Z,,,,,,,,,,,,4543.3
2026-07-07T15:53:59Z,,,,,,,,,,,,4543.9
2026-07-07T15:53:59Z,,,,,,,,,,,,4544.2
2026-07-07T15:53:59Z,,,,,,,,,,,,4543.0
2026-07-07T15:53:59Z,51.554024,-0.071670,20.0,0.8,1.1,99.9,17,1,3,2.76,16.7,4542.1
2026-07-07T15:53:59Z,,,,,,,,,,,,4541.7
2026-07-07T15:53:59Z,,,,,,,,,,,,4539.8
2026-07-07T15:53:59Z,,,,,,,,,,,,4535.6
2026-07-07T15:54:00Z,,,,,,,,,,,,4529.8
2026-07-07T15:54:00Z,51.554028,-0.071668,20.0,0.8,1.1,99.9,17,1,3,2.78,19.7,4523.0
2026-07-07T15:54:00Z,,,,,,,,,,,,4517.8
2026-07-07T15:54:00Z,,,,,,,,,,,,4514.5
2026-07-07T15:54:00Z,,,,,,,,,,,,4511.8
2026-07-07T15:54:00Z,,,,,,,,,,,,4511.4
2026-07-07T15:54:00Z,51.554035,-0.071665,19.9,0.8,1.1,99.9,17,1,3,2.96,16.4,4514.3
2026-07-07T15:54:00Z,,,,,,,,,,,,4518.7
2026-07-07T15:54:00Z,,,,,,,,,,,,4524.2
2026-07-07T15:54:01Z,,,,,,,,,,,,4530.1
2026-07-07T15:54:01Z,,,,,,,,,,,,4535.1
2026-07-07T15:54:01Z,51.554043,-0.071662,19.9,0.8,1.1,99.9,17,1,3,3.10,17.5,4539.9
2026-07-07T15:54:01Z,,,,,,,,,,,,4543.9
2026-07-07T15:54:01Z,,,,,,,,,,,,4545.2
2026-07-07T15:54:01Z,,,,,,,,,,,,4543.6
2026-07-07T15:54:01Z,,,,,,,,,,,,4541.2
2026-07-07T15:54:01Z,51.554050,-0.071657,19.9,0.8,1.1,99.9,17,1,3,2.96,21.6,4537.4
2026-07-07T15:54:01Z,,,,,,,,,,,,4531.8
2026-07-07T15:54:01Z,,,,,,,,,,,,4524.4
2026-07-07T15:54:02Z,,,,,,,,,,,,4516.3
2026-07-07T15:54:02Z,,,,,,,,,,,,4509.0
2026-07-07T15:54:02Z,51.554054,-0.071652,20.0,0.8,1.1,99.9,17,1,3,2.62,33.8,4500.9
2026-07-07T15:54:02Z,,,,,,,,,,,,4492.0
2026-07-07T15:54:02Z,,,,,,,,,,,,4484.1
2026-07-07T15:54:02Z,,,,,,,,,,,,4476.8
2026-07-07T15:54:02Z,,,,,,,,,,,,4467.4
2026-07-07T15:54:02Z,51.554058,-0.071646,20.1,0.8,1.1,99.9,17,1,3,2.15,42.2,4459.0
2026-07-07T15:54:02Z,,,,,,,,,,,,4452.1
2026-07-07T15:54:02Z,,,,,,,,,,,,4445.1
2026-07-07T15:54:03Z,,,,,,,,,,,,4439.4
2026-07-07T15:54:03Z,,,,,,,,,,,,4432.0
2026-07-07T15:54:03Z,51.554062,-0.071637,20.1,0.8,1.1,99.9,17,1,3,2.54,55.0,4424.1
2026-07-07T15:54:03Z,,,,,,,,,,,,4418.7
2026-07-07T15:54:03Z,,,,,,,,,,,,4414.0
2026-07-07T15:54:03Z,,,,,,,,,,,,4410.3
2026-07-07T15:54:03Z,,,,,,,,,,,,4407.6
2026-07-07T15:54:03Z,51.554066,-0.071629,20.2,0.8,1.1,99.9,17,1,3,2.90,61.3,4403.2
2026-07-07T15:54:03Z,,,,,,,,,,,,4399.3
2026-07-07T15:54:03Z,,,,,,,,,,,,4398.8
2026-07-07T15:54:03Z,,,,,,,,,,,,4401.2
2026-07-07T15:54:04Z,,,,,,,,,,,,4404.4
2026-07-07T15:54:04Z,51.554066,-0.071620,20.3,0.8,1.1,99.9,17,1,3,2.79,70.3,4410.1
2026-07-07T15:54:04Z,,,,,,,,,,,,4416.1
2026-07-07T15:54:04Z,,,,,,,,,,,,4421.2
2026-07-07T15:54:04Z,,,,,,,,,,,,4428.0
2026-07-07T15:54:04Z,,,,,,,,,,,,4437.0
2026-07-07T15:54:04Z,51.554070,-0.071612,20.4,0.8,1.1,99.9,17,1,3,2.32,68.1,4447.1
2026-07-07T15:54:04Z,,,,,,,,,,,,4456.3
2026-07-07T15:54:04Z,,,,,,,,,,,,4461.8
2026-07-07T15:54:04Z,,,,,,,,,,,,4466.8
2026-07-07T15:54:05Z,,,,,,,,,,,,4472.3
2026-07-07T15:54:05Z,51.554073,-0.071605,20.3,0.8,1.1,99.9,17,1,3,2.75,70.2,4476.2
2026-07-07T15:54:05Z,,,,,,,,,,,,4478.0
2026-07-07T15:54:05Z,,,,,,,,,,,,4479.3
2026-07-07T15:54:05Z,,,,,,,,,,,,4477.7
2026-07-07T15:54:05Z,,,,,,,,,,,,4475.1
2026-07-07T15:54:05Z,51.554077,-0.071599,20.4,0.8,1.1,99.9,17,1,3,1.91,70.2,4474.7
2026-07-07T15:54:05Z,,,,,,,,,,,,4475.6
2026-07-07T15:54:05Z,,,,,,,,,,,,4477.1
2026-07-07T15:54:05Z,,,,,,,,,,,,4479.2
2026-07-07T15:54:06Z,,,,,,,,,,,,4481.5
2026-07-07T15:54:06Z,51.554081,-0.071594,20.3,0.8,1.1,99.9,17,1,3,2.75,37.6,4485.0
2026-07-07T15:54:06Z,,,,,,,,,,,,4490.5
2026-07-07T15:54:06Z,,,,,,,,,,,,4496.6
2026-07-07T15:54:06Z,,,,,,,,,,,,4502.2
2026-07-07T15:54:06Z,,,,,,,,,,,,4508.5
2026-07-07T15:54:06Z,51.554089,-0.071589,20.2,0.8,1.1,99.9,17,1,3,2.20,37.0,4514.7
2026-07-07T15:54:06Z,,,,,,,,,,,,4522.0
2026-07-07T15:54:06Z,,,,,,,,,,,,4530.9
2026-07-07T15:54:06Z,,,,,,,,,,,,4539.0
2026-07-07T15:54:07Z,,,,,,,,,,,,4546.0
2026-07-07T15:54:07Z,51.554092,-0.071583,20.3,0.8,1.1,99.9,17,1,3,2.46,49.5,4551.7
2026-07-07T15:54:07Z,,,,,,,,,,,,4554.1
2026-07-07T15:54:07Z,,,,,,,,,,,,4556.1
2026-07-07T15:54:07Z,,,,,,,,,,,,4558.1
2026-07-07T15:54:07Z,,,,,,,,,,,,4557.3
2026-07-07T15:54:07Z,51.554096,-0.071578,20.4,0.8,1.1,99.9,17,1,3,2.13,40.8,4557.3
2026-07-07T15:54:07Z,,,,,,,,,,,,4555.9
2026-07-07T15:54:07Z,,,,,,,,,,,,4550.5
2026-07-07T15:54:08Z,,,,,,,,,,,,4546.7
2026-07-07T15:54:08Z,,,,,,,,,,,,4544.8
2026-07-07T15:54:08Z,51.554104,-0.071572,20.4,0.8,1.1,99.9,17,1,3,2.93,33.3,4542.9
2026-07-07T15:54:08Z,,,,,,,,,,,,4543.1
2026-07-07T15:54:08Z,,,,,,,,,,,,4543.8
2026-07-07T15:54:08Z,,,,,,,,,,,,4545.7
2026-07-07T15:54:08Z,,,,,,,,,,,,4550.4
2026-07-07T15:54:08Z,51.554108,-0.071565,20.4,0.8,1.1,99.9,17,1,3,2.37,51.2,4558.1
2026-07-07T15:54:08Z,,,,,,,,,,,,4570.8
2026-07-07T15:54:08Z,,,,,,,,,,,,4585.0
2026-07-07T15:54:09Z,,,,,,,,,,,,4598.3
2026-07-07T15:54:09Z,,,,,,,,,,,,4612.8
2026-07-07T15:54:09Z,51.554111,-0.071559,20.4,0.8,1.1,99.9,17,1,3,2.57,56.7,4630.6
2026-07-07T15:54:09Z,,,,,,,,,,,,4645.0
2026-07-07T15:54:09Z,,,,,,,,,,,,4655.4
2026-07-07T15:54:09Z,,,,,,,,,,,,4660.4
2026-07-07T15:54:09Z,,,,,,,,,,,,4660.1
2026-07-07T15:54:09Z,51.554111,-0.071553,20.4,0.8,1.1,99.9,17,1,3,1.77,56.7,4658.4
2026-07-07T15:54:09Z,,,,,,,,,,,,4658.8
2026-07-07T15:54:09Z,,,,,,,,,,,,4659.3
2026-07-07T15:54:10Z,,,,,,,,,,,,4660.3
2026-07-07T15:54:10Z,,,,,,,,,,,,4661.8
2026-07-07T15:54:10Z,51.554111,-0.071545,20.3,0.8,1.1,99.9,17,1,3,2.09,71.9,4663.6
2026-07-07T15:54:10Z,,,,,,,,,,,,4669.0
2026-07-07T15:54:10Z,,,,,,,,,,,,4678.5
2026-07-07T15:54:10Z,,,,,,,,,,,,4688.8
2026-07-07T15:54:10Z,,,,,,,,,,,,4700.7
2026-07-07T15:54:10Z,51.554115,-0.071536,20.3,0.8,1.1,99.9,17,1,3,2.42,85.5,4709.9
2026-07-07T15:54:10Z,,,,,,,,,,,,4716.0
2026-07-07T15:54:10Z,,,,,,,,,,,,4724.0
2026-07-07T15:54:11Z,,,,,,,,,,,,4734.2
2026-07-07T15:54:11Z,,,,,,,,,,,,4744.1
2026-07-07T15:54:11Z,51.554115,-0.071526,20.2,0.8,1.1,99.9,17,1,3,2.66,85.7,4751.6
2026-07-07T15:54:11Z,,,,,,,,,,,,4753.4
2026-07-07T15:54:11Z,,,,,,,,,,,,4750.2
2026-07-07T15:54:11Z,,,,,,,,,,,,4748.0
2026-07-07T15:54:11Z,,,,,,,,,,,,4744.7
2026-07-07T15:54:11Z,51.554115,-0.071517,20.2,0.8,1.1,99.9,17,1,3,2.69,92.6,4741.7
2026-07-07T15:54:11Z,,,,,,,,,,,,4743.1
2026-07-07T15:54:11Z,,,,,,,,,,,,4743.0
2026-07-07T15:54:12Z,,,,,,,,,,,,4742.1
2026-07-07T15:54:12Z,,,,,,,,,,,,4747.0
2026-07-07T15:54:12Z,51.554119,-0.071507,20.3,0.8,1.1,99.9,17,1,3,2.50,84.7,4757.2
2026-07-07T15:54:12Z,,,,,,,,,,,,4769.1
2026-07-07T15:54:12Z,,,,,,,,,,,,4780.1
2026-07-07T15:54:12Z,,,,,,,,,,,,4786.2
2026-07-07T15:54:12Z,,,,,,,,,,,,4791.2
2026-07-07T15:54:12Z,51.554119,-0.071499,20.4,0.8,1.1,99.9,17,1,3,2.40,86.0,4798.9
2026-07-07T15:54:12Z,,,,,,,,,,,,4807.2
2026-07-07T15:54:12Z,,,,,,,,,,,,4816.6
2026-07-07T15:54:13Z,,,,,,,,,,,,4824.6
2026-07-07T15:54:13Z,,,,,,,,,,,,4828.9
2026-07-07T15:54:13Z,51.554119,-0.071490,20.4,0.8,1.1,99.9,17,1,3,1.90,86.0,4832.7
2026-07-07T15:54:13Z,,,,,,,,,,,,4838.0
2026-07-07T15:54:13Z,,,,,,,,,,,,4841.0
2026-07-07T15:54:13Z,,,,,,,,,,,,4839.9
2026-07-07T15:54:13Z,,,,,,,,,,,,4834.6
2026-07-07T15:54:13Z,51.554119,-0.071480,20.3,0.8,1.1,99.9,17,1,3,3.11,91.6,4824.4
2026-07-07T15:54:13Z,,,,,,,,,,,,4814.2
2026-07-07T15:54:13Z,,,,,,,,,,,,4805.0
2026-07-07T15:54:14Z,,,,,,,,,,,,4795.4
2026-07-07T15:54:14Z,,,,,,,,,,,,4784.3
2026-07-07T15:54:14Z,51.554123,-0.071470,20.3,0.8,1.1,99.9,17,1,3,2.15,86.1,4770.0
2026-07-07T15:54:14Z,,,,,,,,,,,,4753.9
2026-07-07T15:54:14Z,,,,,,,,,,,,4739.5
2026-07-07T15:54:14Z,,,,,,,,,,,,4726.7
2026-07-07T15:54:14Z,,,,,,,,,,,,4712.2
2026-07-07T15:54:14Z,51.554123,-0.071459,20.3,0.8,1.1,99.9,17,1,3,3.18,89.7,4698.4
2026-07-07T15:54:14Z,,,,,,,,,,,,4683.3
2026-07-07T15:54:14Z,,,,,,,,,,,,4666.8
2026-07-07T15:54:15Z,,,,,,,,,,,,4652.3
2026-07-07T15:54:15Z,,,,,,,,,,,,4639.7
2026-07-07T15:54:15Z,51.554123,-0.071450,20.3,0.8,1.1,99.9,17,1,3,2.50,96.9,4626.1
2026-07-07T15:54:15Z,,,,,,,,,,,,4613.8
2026-07-07T15:54:15Z,,,,,,,,,,,,4602.1
2026-07-07T15:54:15Z,,,,,,,,,,,,4590.2
2026-07-07T15:54:15Z,,,,,,,,,,,,4579.3
2026-07-07T15:54:15Z,51.554123,-0.071441,20.3,0.8,1.1,99.9,17,1,3,2.37,96.9,4571.1
2026-07-07T15:54:15Z,,,,,,,,,,,,4563.0
2026-07-07T15:54:15Z,,,,,,,,,,,,4555.7
2026-07-07T15:54:16Z,,,,,,,,,,,,4549.8
2026-07-07T15:54:16Z,,,,,,,,,,,,4546.6
2026-07-07T15:54:16Z,51.554123,-0.071430,20.4,0.8,1.1,99.9,17,1,3,2.81,94.0,4547.6
2026-07-07T15:54:16Z,,,,,,,,,,,,4550.8
2026-07-07T15:54:16Z,,,,,,,,,,,,4555.6
2026-07-07T15:54:16Z,,,,,,,,,,,,4562.3
2026-07-07T15:54:16Z,,,,,,,,,,,,4568.3
2026-07-07T15:54:16Z,51.554119,-0.071421,20.4,0.8,1.1,99.9,17,1,3,2.62,100.6,4573.8
2026-07-07T15:54:16Z,,,,,,,,,,,,4580.3
2026-07-07T15:54:16Z,,,,,,,,,,,,4585.9
2026-07-07T15:54:17Z,,,,,,,,,,,,4589.6
2026-07-07T15:54:17Z,,,,,,,,,,,,4591.4
2026-07-07T15:54:17Z,51.554119,-0.071411,20.3,0.8,1.1,99.9,17,1,3,2.94,102.9,4591.5
2026-07-07T15:54:17Z,,,,,,,,,,,,4592.4
2026-07-07T15:54:17Z,,,,,,,,,,,,4596.2
2026-07-07T15:54:17Z,,,,,,,,,,,,4604.2
2026-07-07T15:54:17Z,,,,,,,,,,,,4618.7
2026-07-07T15:54:17Z,51.554115,-0.071401,20.3,0.8,1.1,99.9,17,1,3,2.49,109.4,4635.5
2026-07-07T15:54:17Z,,,,,,,,,,,,4654.4
2026-07-07T15:54:17Z,,,,,,,,,,,,4675.8
2026-07-07T15:54:18Z,,,,,,,,,,,,4700.2
2026-07-07T15:54:18Z,,,,,,,,,,,,4723.2
2026-07-07T15:54:18Z,51.554115,-0.071390,20.2,0.8,1.1,99.9,17,1,3,3.37,110.9,4746.0
2026-07-07T15:54:18Z,,,,,,,,,,,,4765.4
2026-07-07T15:54:18Z,,,,,,,,,,,,4779.5
2026-07-07T15:54:18Z,,,,,,,,,,,,4790.6
2026-07-07T15:54:18Z,,,,,,,,,,,,4803.0
2026-07-07T15:54:18Z,51.554111,-0.071379,20.1,0.8,1.1,99.9,17,1,3,2.65,112.9,4815.9
2026-07-07T15:54:18Z,,,,,,,,,,,,4828.6
2026-07-07T15:54:18Z,,,,,,,,,,,,4836.9
2026-07-07T15:54:19Z,,,,,,,,,,,,4843.1
2026-07-07T15:54:19Z,,,,,,,,,,,,4851.1
2026-07-07T15:54:19Z,51.554111,-0.071369,20.0,0.8,1.1,99.9,17,1,3,3.07,108.2,4857.2
2026-07-07T15:54:19Z,,,,,,,,,,,,4859.6
2026-07-07T15:54:19Z,,,,,,,,,,,,4860.7
2026-07-07T15:54:19Z,,,,,,,,,,,,4856.7
2026-07-07T15:54:19Z,,,,,,,,,,,,4848.2
2026-07-07T15:54:19Z,51.554111,-0.071359,19.9,0.8,1.1,99.9,17,1,3,2.41,101.9,4842.9
2026-07-07T15:54:19Z,,,,,,,,,,,,4835.5
2026-07-07T15:54:19Z,,,,,,,,,,,,4824.0
2026-07-07T15:54:20Z,,,,,,,,,,,,4811.8
2026-07-07T15:54:20Z,,,,,,,,,,,,4799.5
2026-07-07T15:54:20Z,51.554111,-0.071348,20.0,0.8,1.1,99.9,17,1,3,2.68,100.2,4789.6
2026-07-07T15:54:20Z,,,,,,,,,,,,4785.3
2026-07-07T15:54:20Z,,,,,,,,,,,,4785.8
2026-07-07T15:54:20Z,,,,,,,,,,,,4790.9
2026-07-07T15:54:20Z,,,,,,,,,,,,4798.8
2026-07-07T15:54:20Z,51.554111,-0.071337,19.9,0.8,1.1,99.9,17,1,3,2.58,100.3,4808.4
2026-07-07T15:54:20Z,,,,,,,,,,,,4822.8
2026-07-07T15:54:20Z,,,,,,,,,,,,4837.4
2026-07-07T15:54:20Z,,,,,,,,,,,,4850.5
2026-07-07T15:54:21Z,,,,,,,,,,,,4859.9
2026-07-07T15:54:21Z,51.554111,-0.071326,19.8,0.8,1.1,99.9,17,1,3,3.05,97.2,4865.0
2026-07-07T15:54:21Z,,,,,,,,,,,,4868.5
2026-07-07T15:54:21Z,,,,,,,,,,,,4872.6
2026-07-07T15:54:21Z,,,,,,,,,,,,4874.1
2026-07-07T15:54:21Z,,,,,,,,,,,,4871.5
2026-07-07T15:54:21Z,51.554115,-0.071315,19.7,0.8,1.1,99.9,17,1,3,2.49,91.0,4865.0
2026-07-07T15:54:21Z,,,,,,,,,,,,4854.6
2026-07-07T15:54:21Z,,,,,,,,,,,,4842.4
2026-07-07T15:54:21Z,,,,,,,,,,,,4830.9
2026-07-07T15:54:22Z,,,,,,,,,,,,4818.2
2026-07-07T15:54:22Z,51.554115,-0.071304,19.7,0.8,1.1,99.9,17,1,3,2.95,90.1,4803.7
2026-07-07T15:54:22Z,,,,,,,,,,,,4790.0
2026-07-07T15:54:22Z,,,,,,,,,,,,4772.9
2026-07-07T15:54:22Z,,,,,,,,,,,,4757.3
2026-07-07T15:54:22Z,,,,,,,,,,,,4744.9
2026-07-07T15:54:22Z,51.554115,-0.071293,19.6,0.8,1.1,99.9,17,1,3,2.79,94.2,4733.0
2026-07-07T15:54:22Z,,,,,,,,,,,,4722.4
2026-07-07T15:54:22Z,,,,,,,,,,,,4715.3
2026-07-07T15:54:23Z,,,,,,,,,,,,4710.9
2026-07-07T15:54:23Z,,,,,,,,,,,,4710.6
2026-07-07T15:54:23Z,51.554115,-0.071282,19.5,0.8,1.1,99.9,17,1,3,2.97,96.8,4714.1
2026-07-07T15:54:23Z,,,,,,,,,,,,4720.6
2026-07-07T15:54:23Z,,,,,,,,,,,,4731.0
2026-07-07T15:54:23Z,,,,,,,,,,,,4742.2
2026-07-07T15:54:23Z,,,,,,,,,,,,4754.9
2026-07-07T15:54:23Z,51.554111,-0.071271,19.4,0.8,1.1,99.9,17,1,3,2.92,98.4,4771.0
2026-07-07T15:54:23Z,,,,,,,,,,,,4788.0
2026-07-07T15:54:23Z,,,,,,,,,,,,4804.1
2026-07-07T15:54:24Z,,,,,,,,,,,,4819.6
2026-07-07T15:54:24Z,,,,,,,,,,,,4829.7
2026-07-07T15:54:24Z,51.554111,-0.071260,19.4,0.8,1.1,99.9,17,1,3,2.77,98.9,4835.3
2026-07-07T15:54:24Z,,,,,,,,,,,,4840.2
2026-07-07T15:54:24Z,,,,,,,,,,,,4843.5
2026-07-07T15:54:24Z,,,,,,,,,,,,4844.6
2026-07-07T15:54:24Z,,,,,,,,,,,,4842.2
2026-07-07T15:54:24Z,51.554111,-0.071250,19.3,0.8,1.1,99.9,17,1,3,2.87,102.0,4834.7
2026-07-07T15:54:24Z,,,,,,,,,,,,4825.0
2026-07-07T15:54:24Z,,,,,,,,,,,,4817.4
2026-07-07T15:54:25Z,,,,,,,,,,,,4810.8
2026-07-07T15:54:25Z,,,,,,,,,,,,4804.3
2026-07-07T15:54:25Z,51.554111,-0.071240,19.3,0.8,1.1,99.9,17,1,3,2.60,100.9,4795.6
2026-07-07T15:54:25Z,,,,,,,,,,,,4785.4
2026-07-07T15:54:25Z,,,,,,,,,,,,4778.5
2026-07-07T15:54:25Z,,,,,,,,,,,,4776.1
2026-07-07T15:54:25Z,,,,,,,,,,,,4777.3
2026-07-07T15:54:25Z,51.554111,-0.071230,19.2,0.8,1.1,99.9,17,1,3,2.79,96.5,4782.9
2026-07-07T15:54:25Z,,,,,,,,,,,,4789.1
2026-07-07T15:54:25Z,,,,,,,,,,,,4798.1
2026-07-07T15:54:26Z,,,,,,,,,,,,4812.0
2026-07-07T15:54:26Z,,,,,,,,,,,,4827.6
2026-07-07T15:54:26Z,51.554111,-0.071219,19.2,0.8,1.1,99.9,17,1,3,2.56,99.5,4843.9
2026-07-07T15:54:26Z,,,,,,,,,,,,4856.5
2026-07-07T15:54:26Z,,,,,,,,,,,,4862.3
2026-07-07T15:54:26Z,,,,,,,,,,,,4864.0
2026-07-07T15:54:26Z,,,,,,,,,,,,4866.3
2026-07-07T15:54:26Z,51.554111,-0.071208,19.1,0.8,1.1,99.9,17,1,3,3.06,103.1,4867.1
2026-07-07T15:54:26Z,,,,,,,,,,,,4866.3
2026-07-07T15:54:26Z,,,,,,,,,,,,4862.9
2026-07-07T15:54:27Z,,,,,,,,,,,,4854.7
2026-07-07T15:54:27Z,,,,,,,,,,,,4845.3
2026-07-07T15:54:27Z,51.554108,-0.071198,19.0,0.8,1.1,99.9,17,1,3,2.73,105.9,4838.3
2026-07-07T15:54:27Z,,,,,,,,,,,,4829.1
2026-07-07T15:54:27Z,,,,,,,,,,,,4817.6
2026-07-07T15:54:27Z,,,,,,,,,,,,4805.7
2026-07-07T15:54:27Z,,,,,,,,,,,,4793.1
2026-07-07T15:54:27Z,51.554108,-0.071188,19.0,0.8,1.1,99.9,17,1,3,2.93,106.2,4783.0
2026-07-07T15:54:27Z,,,,,,,,,,,,4773.7
2026-07-07T15:54:27Z,,,,,,,,,,,,4764.3
2026-07-07T15:54:28Z,,,,,,,,,,,,4755.4
2026-07-07T15:54:28Z,,,,,,,,,,,,4746.5
2026-07-07T15:54:28Z,51.554108,-0.071179,19.0,0.8,1.1,99.9,17,1,3,2.46,111.5,4738.6
2026-07-07T15:54:28Z,,,,,,,,,,,,4734.2
2026-07-07T15:54:28Z,,,,,,,,,,,,4731.3
2026-07-07T15:54:28Z,,,,,,,,,,,,4728.7
2026-07-07T15:54:28Z,,,,,,,,,,,,4728.5
2026-07-07T15:54:28Z,51.554104,-0.071169,19.0,0.8,1.1,99.9,17,1,3,2.78,108.4,4728.0
2026-07-07T15:54:28Z,,,,,,,,,,,,4728.4
2026-07-07T15:54:28Z,,,,,,,,,,,,4731.7
2026-07-07T15:54:29Z,,,,,,,,,,,,4733.9
2026-07-07T15:54:29Z,,,,,,,,,,,,4734.2
2026-07-07T15:54:29Z,51.554104,-0.071158,18.9,0.8,1.1,99.9,17,1,3,2.62,104.6,4734.1
2026-07-07T15:54:29Z,,,,,,,,,,,,4733.0
2026-07-07T15:54:29Z,,,,,,,,,,,,4730.7
2026-07-07T15:54:29Z,,,,,,,,,,,,4729.3
2026-07-07T15:54:29Z,,,,,,,,,,,,4727.6
2026-07-07T15:54:29Z,51.554104,-0.071147,18.9,0.8,1.1,99.9,17,1,3,2.85,101.7,4726.5
2026-07-07T15:54:29Z,,,,,,,,,,,,4726.4
2026-07-07T15:54:29Z,,,,,,,,,,,,4726.2
2026-07-07T15:54:30Z,,,,,,,,,,,,4727.9
2026-07-07T15:54:30Z,,,,,,,,,,,,4731.2
2026-07-07T15:54:30Z,51.554104,-0.071135,19.0,0.8,1.1,99.9,17,1,3,3.21,93.9,4734.2
2026-07-07T15:54:30Z,,,,,,,,,,,,4737.4
2026-07-07T15:54:30Z,,,,,,,,,,,,4738.3
2026-07-07T15:54:30Z,,,,,,,,,,,,4736.5
2026-07-07T15:54:30Z,,,,,,,,,,,,4735.4
2026-07-07T15:54:30Z,51.554108,-0.071123,19.0,0.8,1.1,99.9,17,1,3,3.02,91.4,4734.7
2026-07-07T15:54:30Z,,,,,,,,,,,,4733.4
2026-07-07T15:54:30Z,,,,,,,,,,,,4732.1
2026-07-07T15:54:31Z,,,,,,,,,,,,4728.5
2026-07-07T15:54:31Z,,,,,,,,,,,,4726.3
2026-07-07T15:54:31Z,51.554108,-0.071111,19.1,0.8,1.1,99.9,17,1,3,3.13,86.9,4728.6
2026-07-07T15:54:31Z,,,,,,,,,,,,4733.5
2026-07-07T15:54:31Z,,,,,,,,,,,,4740.0
2026-07-07T15:54:31Z,,,,,,,,,,,,4743.9
2026-07-07T15:54:31Z,,,,,,,,,,,,4745.2
2026-07-07T15:54:31Z,51.554108,-0.071099,19.2,0.8,1.1,99.9,17,1,3,2.95,93.6,4746.7
2026-07-07T15:54:31Z,,,,,,,,,,,,4748.6
2026-07-07T15:54:31Z,,,,,,,,,,,,4750.0
2026-07-07T15:54:32Z,,,,,,,,,,,,4750.5
2026-07-07T15:54:32Z,,,,,,,,,,,,4746.9
2026-07-07T15:54:32Z,51.554108,-0.071088,19.1,0.8,1.1,99.9,17,1,3,2.94,91.6,4740.8
2026-07-07T15:54:32Z,,,,,,,,,,,,4738.7
2026-07-07T15:54:32Z,,,,,,,,,,,,4740.3
2026-07-07T15:54:32Z,,,,,,,,,,,,4743.5
2026-07-07T15:54:32Z,,,,,,,,,,,,4749.4
2026-07-07T15:54:32Z,51.554108,-0.071077,19.1,0.8,1.1,99.9,17,1,3,2.73,95.0,4756.6
2026-07-07T15:54:32Z,,,,,,,,,,,,4767.7
2026-07-07T15:54:32Z,,,,,,,,,,,,4781.7
2026-07-07T15:54:33Z,,,,,,,,,,,,4793.6
2026-07-07T15:54:33Z,,,,,,,,,,,,4803.1
2026-07-07T15:54:33Z,51.554108,-0.071066,19.1,0.8,1.1,99.9,17,1,3,2.67,92.8,4806.1
2026-07-07T15:54:33Z,,,,,,,,,,,,4805.1
2026-07-07T15:54:33Z,,,,,,,,,,,,4805.2
2026-07-07T15:54:33Z,,,,,,,,,,,,4806.1
2026-07-07T15:54:33Z,,,,,,,,,,,,4805.8
2026-07-07T15:54:33Z,51.554108,-0.071056,19.1,0.8,1.1,99.9,17,1,3,2.90,94.5,4807.4
2026-07-07T15:54:33Z,,,,,,,,,,,,4813.7
2026-07-07T15:54:33Z,,,,,,,,,,,,4824.7
2026-07-07T15:54:34Z,,,,,,,,,,,,4841.8
2026-07-07T15:54:34Z,,,,,,,,,,,,4862.9
2026-07-07T15:54:34Z,51.554108,-0.071045,19.1,0.8,1.1,99.9,17,1,3,2.72,93.2,4882.5
2026-07-07T15:54:34Z,,,,,,,,,,,,4899.4
2026-07-07T15:54:34Z,,,,,,,,,,,,4912.7
2026-07-07T15:54:34Z,,,,,,,,,,,,4923.4
2026-07-07T15:54:34Z,,,,,,,,,,,,4932.7
2026-07-07T15:54:34Z,51.554108,-0.071035,19.2,0.8,1.1,99.9,17,1,3,2.34,95.8,4938.5
2026-07-07T15:54:34Z,,,,,,,,,,,,4941.2
2026-07-07T15:54:34Z,,,,,,,,,,,,4938.9
2026-07-07T15:54:35Z,,,,,,,,,,,,4933.5
2026-07-07T15:54:35Z,,,,,,,,,,,,4929.3
2026-07-07T15:54:35Z,51.554108,-0.071026,19.1,0.8,1.1,99.9,17,1,3,2.57,96.6,4928.1
2026-07-07T15:54:35Z,,,,,,,,,,,,4928.1
2026-07-07T15:54:35Z,,,,,,,,,,,,4928.3
2026-07-07T15:54:35Z,,,,,,,,,,,,4929.0
2026-07-07T15:54:35Z,,,,,,,,,,,,4933.1
2026-07-07T15:54:35Z,51.554108,-0.071015,19.0,0.8,1.1,99.9,17,1,3,2.93,102.1,4940.2
2026-07-07T15:54:35Z,,,,,,,,,,,,4946.1
2026-07-07T15:54:35Z,,,,,,,,,,,,4948.6
2026-07-07T15:54:36Z,,,,,,,,,,,,4948.7
2026-07-07T15:54:36Z,,,,,,,,,,,,4945.5
2026-07-07T15:54:36Z,51.554108,-0.071005,19.1,0.8,1.1,99.9,17,1,3,2.49,91.4,4941.2
2026-07-07T15:54:36Z,,,,,,,,,,,,4936.4
2026-07-07T15:54:36Z,,,,,,,,,,,,4928.3
2026-07-07T15:54:36Z,,,,,,,,,,,,4920.0
2026-07-07T15:54:36Z,,,,,,,,,,,,4912.2
2026-07-07T15:54:36Z,51.554108,-0.070994,19.1,0.8,1.1,99.9,17,1,3,2.82,94.0,4905.8
2026-07-07T15:54:36Z,,,,,,,,,,,,4900.7
2026-07-07T15:54:36Z,,,,,,,,,,,,4896.8
2026-07-07T15:54:37Z,,,,,,,,,,,,4892.9
2026-07-07T15:54:37Z,,,,,,,,,,,,4888.1
2026-07-07T15:54:37Z,51.554108,-0.070984,19.1,0.8,1.1,99.9,17,1,3,2.60,94.2,4882.0
2026-07-07T15:54:37Z,,,,,,,,,,,,4875.4
2026-07-07T15:54:37Z,,,,,,,,,,,,4869.0
2026-07-07T15:54:37Z,,,,,,,,,,,,4860.9
2026-07-07T15:54:37Z,,,,,,,,,,,,4851.9
2026-07-07T15:54:37Z,51.554108,-0.070973,19.1,0.8,1.1,99.9,17,1,3,2.82,98.4,4844.2
2026-07-07T15:54:37Z,,,,,,,,,,,,4833.5
2026-07-07T15:54:37Z,,,,,,,,,,,,4820.6
2026-07-07T15:54:38Z,,,,,,,,,,,,4809.8
2026-07-07T15:54:38Z,,,,,,,,,,,,4798.5
2026-07-07T15:54:38Z,51.554108,-0.070963,19.1,0.8,1.1,99.9,17,1,3,2.71,95.1,4786.0
2026-07-07T15:54:38Z,,,,,,,,,,,,4772.8
2026-07-07T15:54:38Z,,,,,,,,,,,,4757.9
2026-07-07T15:54:38Z,,,,,,,,,,,,4744.5
2026-07-07T15:54:38Z,,,,,,,,,,,,4731.8
2026-07-07T15:54:38Z,51.554108,-0.070952,19.2,0.8,1.1,99.9,17,1,3,3.07,99.5,4721.0
2026-07-07T15:54:38Z,,,,,,,,,,,,4711.2
2026-07-07T15:54:38Z,,,,,,,,,,,,4699.1
2026-07-07T15:54:39Z,,,,,,,,,,,,4686.3
2026-07-07T15:54:39Z,,,,,,,,,,,,4676.9
2026-07-07T15:54:39Z,51.554108,-0.070941,19.2,0.8,1.1,99.9,17,1,3,2.60,91.7,4667.5
2026-07-07T15:54:39Z,,,,,,,,,,,,4658.9
2026-07-07T15:54:39Z,,,,,,,,,,,,4649.9
2026-07-07T15:54:39Z,,,,,,,,,,,,4639.3
2026-07-07T15:54:39Z,,,,,,,,,,,,4629.7
2026-07-07T15:54:39Z,51.554108,-0.070931,19.2,0.8,1.1,99.9,17,1,3,2.60,91.7,4623.1
2026-07-07T15:54:39Z,,,,,,,,,,,,4617.0
2026-07-07T15:54:39Z,,,,,,,,,,,,4610.0
2026-07-07T15:54:40Z,,,,,,,,,,,,4602.0
2026-07-07T15:54:40Z,,,,,,,,,,,,4595.0
2026-07-07T15:54:40Z,51.554108,-0.070920,19.3,0.8,1.1,99.9,17,1,3,2.77,98.5,4590.1
2026-07-07T15:54:40Z,,,,,,,,,,,,4585.5
2026-07-07T15:54:40Z,,,,,,,,,,,,4580.2
2026-07-07T15:54:40Z,,,,,,,,,,,,4573.8
2026-07-07T15:54:40Z,,,,,,,,,,,,4567.1
2026-07-07T15:54:40Z,51.554108,-0.070909,19.4,0.8,1.1,99.9,17,1,3,2.95,100.1,4561.6
2026-07-07T15:54:40Z,,,,,,,,,,,,4557.5
2026-07-07T15:54:40Z,,,,,,,,,,,,4554.2
2026-07-07T15:54:41Z,,,,,,,,,,,,4550.2
2026-07-07T15:54:41Z,,,,,,,,,,,,4545.8
2026-07-07T15:54:41Z,51.554108,-0.070898,19.4,0.8,1.1,99.9,17,1,3,2.82,98.6,4541.8
2026-07-07T15:54:41Z,,,,,,,,,,,,4538.3
2026-07-07T15:54:41Z,,,,,,,,,,,,4535.6
2026-07-07T15:54:41Z,,,,,,,,,,,,4533.1
2026-07-07T15:54:41Z,,,,,,,,,,,,4531.0
2026-07-07T15:54:41Z,51.554108,-0.070887,19.4,0.8,1.1,99.9,17,1,3,2.97,94.0,4531.5
2026-07-07T15:54:41Z,,,,,,,,,,,,4531.5
2026-07-07T15:54:41Z,,,,,,,,,,,,4533.2
2026-07-07T15:54:42Z,,,,,,,,,,,,4538.4
2026-07-07T15:54:42Z,,,,,,,,,,,,4544.1
2026-07-07T15:54:42Z,51.554108,-0.070876,19.5,0.8,1.1,99.9,17,1,3,3.06,94.7,4550.4
2026-07-07T15:54:42Z,,,,,,,,,,,,4555.5
2026-07-07T15:54:42Z,,,,,,,,,,,,4560.7
2026-07-07T15:54:42Z,,,,,,,,,,,,4566.1
2026-07-07T15:54:42Z,,,,,,,,,,,,4570.5
2026-07-07T15:54:42Z,51.554108,-0.070864,19.5,0.8,1.1,99.9,17,1,3,2.84,91.3,4573.0
2026-07-07T15:54:42Z,,,,,,,,,,,,4575.2
2026-07-07T15:54:42Z,,,,,,,,,,,,4577.5
2026-07-07T15:54:43Z,,,,,,,,,,,,4581.1
2026-07-07T15:54:43Z,,,,,,,,,,,,4587.5
2026-07-07T15:54:43Z,51.554108,-0.070853,19.5,0.8,1.1,99.9,17,1,3,2.84,91.3,4597.6
2026-07-07T15:54:43Z,,,,,,,,,,,,4611.4
2026-07-07T15:54:43Z,,,,,,,,,,,,4627.5
2026-07-07T15:54:43Z,,,,,,,,,,,,4644.7
2026-07-07T15:54:43Z,,,,,,,,,,,,4666.2
2026-07-07T15:54:43Z,51.554108,-0.070842,19.5,0.8,1.1,99.9,17,1,3,2.91,102.2,4686.3
2026-07-07T15:54:43Z,,,,,,,,,,,,4706.5
2026-07-07T15:54:43Z,,,,,,,,,,,,4725.9
2026-07-07T15:54:44Z,,,,,,,,,,,,4739.0
2026-07-07T15:54:44Z,,,,,,,,,,,,4747.7
2026-07-07T15:54:44Z,51.554108,-0.070831,19.7,0.8,1.1,99.9,17,1,3,2.89,97.3,4757.6
2026-07-07T15:54:44Z,,,,,,,,,,,,4767.3
2026-07-07T15:54:44Z,,,,,,,,,,,,4775.8
2026-07-07T15:54:44Z,,,,,,,,,,,,4780.9
2026-07-07T15:54:44Z,,,,,,,,,,,,4784.6
2026-07-07T15:54:44Z,51.554108,-0.070820,19.6,0.8,1.1,99.9,17,1,3,3.04,90.8,4791.8
2026-07-07T15:54:44Z,,,,,,,,,,,,4800.4
2026-07-07T15:54:44Z,,,,,,,,,,,,4808.8
2026-07-07T15:54:45Z,,,,,,,,,,,,4814.7
2026-07-07T15:54:45Z,,,,,,,,,,,,4814.0
2026-07-07T15:54:45Z,51.554108,-0.070809,19.6,0.8,1.1,99.9,17,1,3,2.95,92.9,4809.3
2026-07-07T15:54:45Z,,,,,,,,,,,,4805.9
2026-07-07T15:54:45Z,,,,,,,,,,,,4800.5
2026-07-07T15:54:45Z,,,,,,,,,,,,4792.8
2026-07-07T15:54:45Z,,,,,,,,,,,,4783.6
2026-07-07T15:54:45Z,51.554111,-0.070798,19.6,0.8,1.1,99.9,17,1,3,2.93,90.7,4770.5
2026-07-07T15:54:45Z,,,,,,,,,,,,4757.4
2026-07-07T15:54:45Z,,,,,,,,,,,,4746.4
2026-07-07T15:54:46Z,,,,,,,,,,,,4734.7
2026-07-07T15:54:46Z,,,,,,,,,,,,4721.6
2026-07-07T15:54:46Z,51.554111,-0.070786,19.7,0.8,1.1,99.9,17,1,3,2.93,90.7,4706.8
2026-07-07T15:54:46Z,,,,,,,,,,,,4691.5
2026-07-07T15:54:46Z,,,,,,,,,,,,4678.6
2026-07-07T15:54:46Z,,,,,,,,,,,,4666.8
2026-07-07T15:54:46Z,,,,,,,,,,,,4654.6
2026-07-07T15:54:46Z,51.554111,-0.070775,19.7,0.8,1.1,99.9,17,1,3,3.04,89.7,4643.1
2026-07-07T15:54:46Z,,,,,,,,,,,,4630.4
2026-07-07T15:54:46Z,,,,,,,,,,,,4618.8
2026-07-07T15:54:47Z,,,,,,,,,,,,4610.3
2026-07-07T15:54:47Z,,,,,,,,,,,,4602.3
2026-07-07T15:54:47Z,51.554111,-0.070764,19.8,0.8,1.1,99.9,17,1,3,2.71,87.4,4593.7
2026-07-07T15:54:47Z,,,,,,,,,,,,4586.0
2026-07-07T15:54:47Z,,,,,,,,,,,,4576.6
2026-07-07T15:54:47Z,,,,,,,,,,,,4567.9
2026-07-07T15:54:47Z,,,,,,,,,,,,4560.8
2026-07-07T15:54:47Z,51.554111,-0.070754,19.9,0.8,1.1,99.9,17,1,3,3.00,87.4,4554.2
2026-07-07T15:54:47Z,,,,,,,,,,,,4547.6
2026-07-07T15:54:47Z,,,,,,,,,,,,4540.8
2026-07-07T15:54:48Z,,,,,,,,,,,,4533.9
2026-07-07T15:54:48Z,,,,,,,,,,,,4528.7
2026-07-07T15:54:48Z,51.554111,-0.070744,19.9,0.8,1.1,99.9,17,1,3,2.54,103.0,4525.0
2026-07-07T15:54:48Z,,,,,,,,,,,,4521.5
2026-07-07T15:54:48Z,,,,,,,,,,,,4517.4
2026-07-07T15:54:48Z,,,,,,,,,,,,4512.3
2026-07-07T15:54:48Z,,,,,,,,,,,,4506.7
2026-07-07T15:54:48Z,51.554111,-0.070733,20.0,0.8,1.1,99.9,17,1,3,3.03,100.3,4503.3
2026-07-07T15:54:48Z,,,,,,,,,,,,4499.7
2026-07-07T15:54:48Z,,,,,,,,,,,,4494.7
2026-07-07T15:54:49Z,,,,,,,,,,,,4489.1
2026-07-07T15:54:49Z,,,,,,,,,,,,4482.8
2026-07-07T15:54:49Z,51.554111,-0.070722,20.0,0.8,1.1,99.9,17,1,3,3.05,96.4,4478.1
2026-07-07T15:54:49Z,,,,,,,,,,,,4475.4
2026-07-07T15:54:49Z,,,,,,,,,,,,4471.6
2026-07-07T15:54:49Z,,,,,,,,,,,,4466.8
2026-07-07T15:54:49Z,,,,,,,,,,,,4462.5
2026-07-07T15:54:49Z,51.554111,-0.070712,19.9,0.8,1.1,99.9,17,1,3,2.38,93.6,4458.6
2026-07-07T15:54:49Z,,,,,,,,,,,,4454.7
2026-07-07T15:54:49Z,,,,,,,,,,,,4451.0
2026-07-07T15:54:50Z,,,,,,,,,,,,4447.3
2026-07-07T15:54:50Z,,,,,,,,,,,,4444.0
2026-07-07T15:54:50Z,51.554111,-0.070701,19.9,0.8,1.1,99.9,17,1,3,3.07,92.2,4440.5
2026-07-07T15:54:50Z,,,,,,,,,,,,4437.2
2026-07-07T15:54:50Z,,,,,,,,,,,,4435.3
2026-07-07T15:54:50Z,,,,,,,,,,,,4434.3
2026-07-07T15:54:50Z,,,,,,,,,,,,4432.8
2026-07-07T15:54:50Z,51.554111,-0.070690,19.8,0.8,1.1,99.9,17,1,3,2.59,92.5,4431.4
2026-07-07T15:54:50Z,,,,,,,,,,,,4428.2
2026-07-07T15:54:50Z,,,,,,,,,,,,4423.8
2026-07-07T15:54:51Z,,,,,,,,,,,,4421.1
2026-07-07T15:54:51Z,,,,,,,,,,,,4418.8
2026-07-07T15:54:51Z,51.554111,-0.070680,19.9,0.8,1.1,99.9,17,1,3,2.92,96.2,4416.4
2026-07-07T15:54:51Z,,,,,,,,,,,,4413.9
2026-07-07T15:54:51Z,,,,,,,,,,,,4409.5
2026-07-07T15:54:51Z,,,,,,,,,,,,4405.4
2026-07-07T15:54:51Z,,,,,,,,,,,,4403.6
2026-07-07T15:54:51Z,51.554111,-0.070669,19.8,0.8,1.1,99.9,17,1,3,2.56,96.5,4403.2
2026-07-07T15:54:51Z,,,,,,,,,,,,4403.0
2026-07-07T15:54:51Z,,,,,,,,,,,,4402.4
2026-07-07T15:54:52Z,,,,,,,,,,,,4401.6
2026-07-07T15:54:52Z,,,,,,,,,,,,4402.7
2026-07-07T15:54:52Z,51.554111,-0.070659,19.8,0.8,1.1,99.9,17,1,3,2.56,96.5,4405.0
2026-07-07T15:54:52Z,,,,,,,,,,,,4407.6
2026-07-07T15:54:52Z,,,,,,,,,,,,4410.1
2026-07-07T15:54:52Z,,,,,,,,,,,,4410.3
2026-07-07T15:54:52Z,,,,,,,,,,,,4409.9
2026-07-07T15:54:52Z,51.554111,-0.070648,19.7,0.8,1.1,99.9,17,1,3,2.54,93.6,4410.3
2026-07-07T15:54:52Z,,,,,,,,,,,,4410.1
2026-07-07T15:54:52Z,,,,,,,,,,,,4410.0
2026-07-07T15:54:53Z,,,,,,,,,,,,4408.9
2026-07-07T15:54:53Z,,,,,,,,,,,,4405.7
2026-07-07T15:54:53Z,51.554111,-0.070637,19.7,0.8,1.1,99.9,17,1,3,3.00,96.8,4401.7
2026-07-07T15:54:53Z,,,,,,,,,,,,4398.8
2026-07-07T15:54:53Z,,,,,,,,,,,,4396.6
2026-07-07T15:54:53Z,,,,,,,,,,,,4394.2
2026-07-07T15:54:53Z,,,,,,,,,,,,4389.4
2026-07-07T15:54:53Z,51.554111,-0.070626,19.8,0.8,1.1,99.9,17,1,3,2.85,96.3,4384.7
2026-07-07T15:54:53Z,,,,,,,,,,,,4381.2
2026-07-07T15:54:53Z,,,,,,,,,,,,4377.5
2026-07-07T15:54:54Z,,,,,,,,,,,,4373.8
2026-07-07T15:54:54Z,,,,,,,,,,,,4370.5
2026-07-07T15:54:54Z,51.554111,-0.070615,19.8,0.8,1.1,99.9,17,1,3,2.80,99.0,4366.0
2026-07-07T15:54:54Z,,,,,,,,,,,,4362.0
2026-07-07T15:54:54Z,,,,,,,,,,,,4359.5
2026-07-07T15:54:54Z,,,,,,,,,,,,4357.5
2026-07-07T15:54:54Z,,,,,,,,,,,,4355.7
2026-07-07T15:54:54Z,51.554111,-0.070604,19.9,0.8,1.1,99.9,17,1,3,2.83,93.2,4353.6
2026-07-07T15:54:54Z,,,,,,,,,,,,4350.8
2026-07-07T15:54:54Z,,,,,,,,,,,,4348.9
2026-07-07T15:54:55Z,,,,,,,,,,,,4347.8
2026-07-07T15:54:55Z,,,,,,,,,,,,4346.2
2026-07-07T15:54:55Z,51.554111,-0.070593,19.8,0.8,1.1,99.9,17,1,3,2.99,94.1,4344.1
2026-07-07T15:54:55Z,,,,,,,,,,,,4341.1
2026-07-07T15:54:55Z,,,,,,,,,,,,4337.8
2026-07-07T15:54:55Z,,,,,,,,,,,,4336.0
2026-07-07T15:54:55Z,,,,,,,,,,,,4334.5
2026-07-07T15:54:55Z,51.554111,-0.070582,19.8,0.8,1.1,99.9,17,1,3,2.68,90.4,4332.2
2026-07-07T15:54:55Z,,,,,,,,,,,,4329.9
2026-07-07T15:54:55Z,,,,,,,,,,,,4327.0
2026-07-07T15:54:56Z,,,,,,,,,,,,4324.5
2026-07-07T15:54:56Z,,,,,,,,,,,,4322.1
2026-07-07T15:54:56Z,51.554111,-0.070572,19.7,0.8,1.1,99.9,17,1,3,2.97,90.9,4319.3
2026-07-07T15:54:56Z,,,,,,,,,,,,4316.3
2026-07-07T15:54:56Z,,,,,,,,,,,,4313.2
2026-07-07T15:54:56Z,,,,,,,,,,,,4310.3
2026-07-07T15:54:56Z,,,,,,,,,,,,4307.8
2026-07-07T15:54:56Z,51.554111,-0.070562,19.8,0.8,1.1,99.9,17,1,3,2.59,98.6,4306.2
2026-07-07T15:54:56Z,,,,,,,,,,,,4304.2
2026-07-07T15:54:56Z,,,,,,,,,,,,4301.7
2026-07-07T15:54:57Z,,,,,,,,,,,,4299.3
2026-07-07T15:54:57Z,,,,,,,,,,,,4297.1
2026-07-07T15:54:57Z,51.554111,-0.070552,19.8,0.8,1.1,99.9,17,1,3,2.75,103.2,4295.6
2026-07-07T15:54:57Z,,,,,,,,,,,,4293.6
2026-07-07T15:54:57Z,,,,,,,,,,,,4290.6
2026-07-07T15:54:57Z,,,,,,,,,,,,4287.9
2026-07-07T15:54:57Z,,,,,,,,,,,,4285.1
2026-07-07T15:54:57Z,51.554111,-0.070542,19.8,0.8,1.1,99.9,17,1,3,2.37,96.0,4282.5
2026-07-07T15:54:57Z,,,,,,,,,,,,4281.7
2026-07-07T15:54:57Z,,,,,,,,,,,,4281.3
2026-07-07T15:54:58Z,,,,,,,,,,,,4281.1
2026-07-07T15:54:58Z,,,,,,,,,,,,4281.5
2026-07-07T15:54:58Z,51.554111,-0.070532,19.6,0.8,1.1,99.9,17,1,3,2.70,97.3,4281.0
2026-07-07T15:54:58Z,,,,,,,,,,,,4280.7
2026-07-07T15:54:58Z,,,,,,,,,,,,4281.6
2026-07-07T15:54:58Z,,,,,,,,,,,,4282.0
2026-07-07T15:54:58Z,,,,,,,,,,,,4282.7
2026-07-07T15:54:58Z,51.554111,-0.070522,19.6,0.8,1.1,99.9,17,1,3,2.53,100.1,4282.8
2026-07-07T15:54:58Z,,,,,,,,,,,,4281.6
2026-07-07T15:54:58Z,,,,,,,,,,,,4281.4
2026-07-07T15:54:59Z,,,,,,,,,,,,4281.4
2026-07-07T15:54:59Z,,,,,,,,,,,,4281.4
2026-07-07T15:54:59Z,51.554111,-0.070512,19.5,0.8,1.1,99.9,17,1,3,2.79,99.9,4281.3
2026-07-07T15:54:59Z,,,,,,,,,,,,4280.6
2026-07-07T15:54:59Z,,,,,,,,,,,,4280.5
2026-07-07T15:54:59Z,,,,,,,,,,,,4281.7
2026-07-07T15:54:59Z,,,,,,,,,,,,4284.0
2026-07-07T15:54:59Z,51.554111,-0.070501,19.6,0.8,1.1,99.9,17,1,3,2.65,98.7,4287.6
2026-07-07T15:54:59Z,,,,,,,,,,,,4292.6
2026-07-07T15:54:59Z,,,,,,,,,,,,4297.8
2026-07-07T15:55:00Z,,,,,,,,,,,,4304.3
2026-07-07T15:55:00Z,,,,,,,,,,,,4312.5
2026-07-07T15:55:00Z,51.554108,-0.070490,19.6,0.8,1.1,99.9,17,1,3,3.19,101.4,4320.5
2026-07-07T15:55:00Z,,,,,,,,,,,,4327.5
2026-07-07T15:55:00Z,,,,,,,,,,,,4333.9
2026-07-07T15:55:00Z,,,,,,,,,,,,4338.9
2026-07-07T15:55:00Z,,,,,,,,,,,,4343.9
2026-07-07T15:55:00Z,51.554108,-0.070480,19.6,0.8,1.1,99.9,17,1,3,2.67,103.5,4348.8
2026-07-07T15:55:00Z,,,,,,,,,,,,4353.1
2026-07-07T15:55:00Z,,,,,,,,,,,,4356.1
2026-07-07T15:55:01Z,,,,,,,,,,,,4357.7
2026-07-07T15:55:01Z,,,,,,,,,,,,4359.4
2026-07-07T15:55:01Z,51.554108,-0.070469,19.5,0.8,1.1,99.9,17,1,3,2.72,107.4,4362.2
2026-07-07T15:55:01Z,,,,,,,,,,,,4364.6
2026-07-07T15:55:01Z,,,,,,,,,,,,4367.6
2026-07-07T15:55:01Z,,,,,,,,,,,,4370.6
2026-07-07T15:55:01Z,,,,,,,,,,,,4371.1
2026-07-07T15:55:01Z,51.554108,-0.070458,19.5,0.8,1.1,99.9,17,1,3,2.81,100.6,4370.9
2026-07-07T15:55:01Z,,,,,,,,,,,,4371.1
2026-07-07T15:55:01Z,,,,,,,,,,,,4370.1
2026-07-07T15:55:02Z,,,,,,,,,,,,4368.4
2026-07-07T15:55:02Z,,,,,,,,,,,,4365.3
2026-07-07T15:55:02Z,51.554108,-0.070447,19.5,0.8,1.1,99.9,17,1,3,3.01,99.0,4361.6
2026-07-07T15:55:02Z,,,,,,,,,,,,4358.9
2026-07-07T15:55:02Z,,,,,,,,,,,,4355.7
2026-07-07T15:55:02Z,,,,,,,,,,,,4352.1
2026-07-07T15:55:02Z,,,,,,,,,,,,4347.6
2026-07-07T15:55:02Z,51.554104,-0.070437,19.4,0.8,1.1,99.9,17,1,3,2.73,103.9,4341.9
2026-07-07T15:55:02Z,,,,,,,,,,,,4336.7
2026-07-07T15:55:02Z,,,,,,,,,,,,4333.5
2026-07-07T15:55:03Z,,,,,,,,,,,,4329.8
2026-07-07T15:55:03Z,,,,,,,,,,,,4324.8
2026-07-07T15:55:03Z,51.554104,-0.070427,19.4,0.8,1.1,99.9,17,1,3,3.02,106.1,4319.4
2026-07-07T15:55:03Z,,,,,,,,,,,,4313.9
2026-07-07T15:55:03Z,,,,,,,,,,,,4308.2
2026-07-07T15:55:03Z,,,,,,,,,,,,4303.8
2026-07-07T15:55:03Z,,,,,,,,,,,,4300.0
2026-07-07T15:55:03Z,51.554104,-0.070416,19.3,0.8,1.1,99.9,17,1,3,2.67,102.2,4296.5
2026-07-07T15:55:03Z,,,,,,,,,,,,4291.5
2026-07-07T15:55:03Z,,,,,,,,,,,,4286.0
2026-07-07T15:55:04Z,,,,,,,,,,,,4282.8
2026-07-07T15:55:04Z,,,,,,,,,,,,4280.5
2026-07-07T15:55:04Z,51.554104,-0.070406,19.3,0.8,1.1,99.9,17,1,3,2.71,108.6,4276.3
2026-07-07T15:55:04Z,,,,,,,,,,,,4271.6
2026-07-07T15:55:04Z,,,,,,,,,,,,4267.0
2026-07-07T15:55:04Z,,,,,,,,,,,,4263.2
2026-07-07T15:55:04Z,,,,,,,,,,,,4261.2
2026-07-07T15:55:04Z,51.554100,-0.070396,19.2,0.8,1.1,99.9,17,1,3,2.71,108.6,4258.9
2026-07-07T15:55:04Z,,,,,,,,,,,,4255.2
2026-07-07T15:55:04Z,,,,,,,,,,,,4251.8
2026-07-07T15:55:05Z,,,,,,,,,,,,4249.1
2026-07-07T15:55:05Z,,,,,,,,,,,,4247.6
2026-07-07T15:55:05Z,51.554100,-0.070386,19.3,0.8,1.1,99.9,17,1,3,2.60,101.8,4246.9
2026-07-07T15:55:05Z,,,,,,,,,,,,4245.0
2026-07-07T15:55:05Z,,,,,,,,,,,,4242.0
2026-07-07T15:55:05Z,,,,,,,,,,,,4239.9
2026-07-07T15:55:05Z,,,,,,,,,,,,4238.8
2026-07-07T15:55:05Z,51.554100,-0.070376,19.2,0.8,1.1,99.9,17,1,3,2.76,99.0,4239.2
2026-07-07T15:55:05Z,,,,,,,,,,,,4239.7
2026-07-07T15:55:05Z,,,,,,,,,,,,4240.4
2026-07-07T15:55:06Z,,,,,,,,,,,,4243.2
2026-07-07T15:55:06Z,,,,,,,,,,,,4248.1
2026-07-07T15:55:06Z,51.554104,-0.070365,19.1,0.8,1.1,99.9,17,1,3,2.60,98.1,4256.4
2026-07-07T15:55:06Z,,,,,,,,,,,,4267.5
2026-07-07T15:55:06Z,,,,,,,,,,,,4281.0
2026-07-07T15:55:06Z,,,,,,,,,,,,4295.5
2026-07-07T15:55:06Z,,,,,,,,,,,,4310.6
2026-07-07T15:55:06Z,51.554100,-0.070355,19.1,0.8,1.1,99.9,17,1,3,3.11,93.8,4325.6
2026-07-07T15:55:06Z,,,,,,,,,,,,4340.4
2026-07-07T15:55:06Z,,,,,,,,,,,,4355.0
2026-07-07T15:55:07Z,,,,,,,,,,,,4368.3
2026-07-07T15:55:07Z,,,,,,,,,,,,4378.8
2026-07-07T15:55:07Z,51.554100,-0.070346,19.1,0.8,1.1,99.9,17,1,3,2.25,106.0,4386.3
2026-07-07T15:55:07Z,,,,,,,,,,,,4391.0
2026-07-07T15:55:07Z,,,,,,,,,,,,4395.0
2026-07-07T15:55:07Z,,,,,,,,,,,,4396.0
2026-07-07T15:55:07Z,,,,,,,,,,,,4395.1
2026-07-07T15:55:07Z,51.554100,-0.070336,19.0,0.8,1.1,99.9,17,1,3,2.92,103.5,4393.4
2026-07-07T15:55:07Z,,,,,,,,,,,,4391.2
2026-07-07T15:55:07Z,,,,,,,,,,,,4391.1
2026-07-07T15:55:08Z,,,,,,,,,,,,4392.0
2026-07-07T15:55:08Z,,,,,,,,,,,,4394.3
2026-07-07T15:55:08Z,51.554100,-0.070325,19.0,0.8,1.1,99.9,17,1,3,2.44,99.5,4399.0
2026-07-07T15:55:08Z,,,,,,,,,,,,4402.6
2026-07-07T15:55:08Z,,,,,,,,,,,,4407.1
2026-07-07T15:55:08Z,,,,,,,,,,,,4414.3
2026-07-07T15:55:08Z,,,,,,,,,,,,4425.4
2026-07-07T15:55:08Z,51.554100,-0.070315,18.9,0.8,1.1,99.9,17,1,3,3.23,97.9,4440.0
2026-07-07T15:55:08Z,,,,,,,,,,,,4452.8
2026-07-07T15:55:08Z,,,,,,,,,,,,4460.5
2026-07-07T15:55:09Z,,,,,,,,,,,,4467.5
2026-07-07T15:55:09Z,,,,,,,,,,,,4473.6
2026-07-07T15:55:09Z,51.554100,-0.070305,18.9,0.8,1.1,99.9,17,1,3,2.31,98.7,4478.9
2026-07-07T15:55:09Z,,,,,,,,,,,,4483.1
2026-07-07T15:55:09Z,,,,,,,,,,,,4483.3
2026-07-07T15:55:09Z,,,,,,,,,,,,4480.2
2026-07-07T15:55:09Z,,,,,,,,,,,,4477.0
2026-07-07T15:55:09Z,51.554100,-0.070295,18.8,0.8,1.1,99.9,17,1,3,2.92,99.0,4472.5
2026-07-07T15:55:09Z,,,,,,,,,,,,4466.3
2026-07-07T15:55:09Z,,,,,,,,,,,,4457.5
2026-07-07T15:55:09Z,,,,,,,,,,,,4448.5
2026-07-07T15:55:10Z,,,,,,,,,,,,4440.3
2026-07-07T15:55:10Z,51.554100,-0.070285,18.8,0.8,1.1,99.9,17,1,3,2.54,102.2,4432.5
2026-07-07T15:55:10Z,,,,,,,,,,,,4427.1
2026-07-07T15:55:10Z,,,,,,,,,,,,4423.2
2026-07-07T15:55:10Z,,,,,,,,,,,,4419.0
2026-07-07T15:55:10Z,,,,,,,,,,,,4417.0
2026-07-07T15:55:10Z,51.554100,-0.070276,18.9,0.8,1.1,99.9,17,1,3,3.00,99.2,4420.4
2026-07-07T15:55:10Z,,,,,,,,,,,,4427.6
2026-07-07T15:55:10Z,,,,,,,,,,,,4437.8
2026-07-07T15:55:11Z,,,,,,,,,,,,4448.2
2026-07-07T15:55:11Z,,,,,,,,,,,,4456.8
2026-07-07T15:55:11Z,51.554100,-0.070266,18.9,0.8,1.1,99.9,17,1,3,2.46,97.2,4466.3
2026-07-07T15:55:11Z,,,,,,,,,,,,4476.1
2026-07-07T15:55:11Z,,,,,,,,,,,,4485.6
2026-07-07T15:55:11Z,,,,,,,,,,,,4492.7
2026-07-07T15:55:11Z,,,,,,,,,,,,4495.3
2026-07-07T15:55:11Z,51.554100,-0.070255,19.0,0.8,1.1,99.9,17,1,3,2.69,92.2,4494.5
2026-07-07T15:55:11Z,,,,,,,,,,,,4492.5
2026-07-07T15:55:11Z,,,,,,,,,,,,4489.7
2026-07-07T15:55:12Z,,,,,,,,,,,,4487.0
2026-07-07T15:55:12Z,,,,,,,,,,,,4482.5
2026-07-07T15:55:12Z,51.554100,-0.070245,19.0,0.8,1.1,99.9,17,1,3,3.15,90.9,4474.7
2026-07-07T15:55:12Z,,,,,,,,,,,,4466.2
2026-07-07T15:55:12Z,,,,,,,,,,,,4459.6
2026-07-07T15:55:12Z,,,,,,,,,,,,4453.9
2026-07-07T15:55:12Z,,,,,,,,,,,,4447.6
2026-07-07T15:55:12Z,51.554104,-0.070236,19.0,0.8,1.1,99.9,17,1,3,2.34,84.1,4442.0
2026-07-07T15:55:12Z,,,,,,,,,,,,4435.1
2026-07-07T15:55:12Z,,,,,,,,,,,,4429.3
2026-07-07T15:55:13Z,,,,,,,,,,,,4425.4
2026-07-07T15:55:13Z,,,,,,,,,,,,4420.6
2026-07-07T15:55:13Z,51.554100,-0.070227,19.1,0.8,1.1,99.9,17,1,3,2.55,87.4,4415.7
2026-07-07T15:55:13Z,,,,,,,,,,,,4410.6
2026-07-07T15:55:13Z,,,,,,,,,,,,4404.3
2026-07-07T15:55:13Z,,,,,,,,,,,,4397.7
2026-07-07T15:55:13Z,,,,,,,,,,,,4391.4
2026-07-07T15:55:13Z,51.554100,-0.070218,19.1,0.8,1.1,99.9,17,1,3,2.48,100.8,4386.5
2026-07-07T15:55:13Z,,,,,,,,,,,,4381.2
2026-07-07T15:55:13Z,,,,,,,,,,,,4374.6
2026-07-07T15:55:14Z,,,,,,,,,,,,4367.6
2026-07-07T15:55:14Z,,,,,,,,,,,,4362.4
2026-07-07T15:55:14Z,51.554100,-0.070208,19.2,0.8,1.1,99.9,17,1,3,2.69,97.1,4358.2
2026-07-07T15:55:14Z,,,,,,,,,,,,4354.2
2026-07-07T15:55:14Z,,,,,,,,,,,,4350.5
2026-07-07T15:55:14Z,,,,,,,,,,,,4347.5
2026-07-07T15:55:14Z,,,,,,,,,,,,4346.9
2026-07-07T15:55:14Z,51.554104,-0.070199,19.4,0.8,1.1,99.9,17,1,3,2.36,96.8,4350.6
2026-07-07T15:55:14Z,,,,,,,,,,,,4357.2
2026-07-07T15:55:14Z,,,,,,,,,,,,4366.4
2026-07-07T15:55:15Z,,,,,,,,,,,,4377.3
2026-07-07T15:55:15Z,,,,,,,,,,,,4389.5
2026-07-07T15:55:15Z,51.554104,-0.070189,19.3,0.8,1.1,99.9,17,1,3,2.65,88.0,4403.0
2026-07-07T15:55:15Z,,,,,,,,,,,,4418.5
2026-07-07T15:55:15Z,,,,,,,,,,,,4433.2
2026-07-07T15:55:15Z,,,,,,,,,,,,4443.6
2026-07-07T15:55:15Z,,,,,,,,,,,,4451.6
2026-07-07T15:55:15Z,51.554104,-0.070180,19.3,0.8,1.1,99.9,17,1,3,2.31,92.2,4457.1
2026-07-07T15:55:15Z,,,,,,,,,,,,4461.7
2026-07-07T15:55:15Z,,,,,,,,,,,,4465.1
2026-07-07T15:55:16Z,,,,,,,,,,,,4466.6
2026-07-07T15:55:16Z,,,,,,,,,,,,4466.5
2026-07-07T15:55:16Z,51.554104,-0.070170,19.3,0.8,1.1,99.9,17,1,3,2.60,91.9,4465.0
2026-07-07T15:55:16Z,,,,,,,,,,,,4462.8
2026-07-07T15:55:16Z,,,,,,,,,,,,4463.1
2026-07-07T15:55:16Z,,,,,,,,,,,,4467.0
2026-07-07T15:55:16Z,,,,,,,,,,,,4472.7
2026-07-07T15:55:16Z,51.554104,-0.070159,19.3,0.8,1.1,99.9,17,1,3,2.60,92.3,4479.4
2026-07-07T15:55:16Z,,,,,,,,,,,,4487.7
2026-07-07T15:55:16Z,,,,,,,,,,,,4497.8
2026-07-07T15:55:17Z,,,,,,,,,,,,4509.9
2026-07-07T15:55:17Z,,,,,,,,,,,,4520.7
2026-07-07T15:55:17Z,51.554104,-0.070148,19.3,0.8,1.1,99.9,17,1,3,2.86,97.0,4528.5
2026-07-07T15:55:17Z,,,,,,,,,,,,4533.3
2026-07-07T15:55:17Z,,,,,,,,,,,,4535.1
2026-07-07T15:55:17Z,,,,,,,,,,,,4534.6
2026-07-07T15:55:17Z,,,,,,,,,,,,4533.0
2026-07-07T15:55:17Z,51.554104,-0.070137,19.4,0.8,1.1,99.9,17,1,3,3.12,96.5,4530.3
2026-07-07T15:55:17Z,,,,,,,,,,,,4525.0
2026-07-07T15:55:17Z,,,,,,,,,,,,4517.4
2026-07-07T15:55:18Z,,,,,,,,,,,,4510.0
2026-07-07T15:55:18Z,,,,,,,,,,,,4506.1
2026-07-07T15:55:18Z,51.554104,-0.070126,19.4,0.8,1.1,99.9,17,1,3,3.01,96.9,4506.4
2026-07-07T15:55:18Z,,,,,,,,,,,,4511.5
2026-07-07T15:55:18Z,,,,,,,,,,,,4523.2
2026-07-07T15:55:18Z,,,,,,,,,,,,4538.5
2026-07-07T15:55:18Z,,,,,,,,,,,,4557.7
2026-07-07T15:55:18Z,51.554100,-0.070116,19.6,0.8,1.1,99.9,17,1,3,2.77,105.9,4581.2
2026-07-07T15:55:18Z,,,,,,,,,,,,4606.7
2026-07-07T15:55:18Z,,,,,,,,,,,,4630.8
2026-07-07T15:55:19Z,,,,,,,,,,,,4649.7
2026-07-07T15:55:19Z,,,,,,,,,,,,4663.0
2026-07-07T15:55:19Z,51.554104,-0.070116,19.5,0.8,1.1,99.9,17,1,3,0.00,99.5,4672.1
2026-07-07T15:55:19Z,,,,,,,,,,,,4678.1
2026-07-07T15:55:19Z,,,,,,,,,,,,4678.9
2026-07-07T15:55:19Z,,,,,,,,,,,,4676.0
2026-07-07T15:55:19Z,,,,,,,,,,,,4669.3
2026-07-07T15:55:19Z,51.554104,-0.070115,19.6,0.8,1.1,99.9,17,1,3,0.00,99.5,4660.0
2026-07-07T15:55:19Z,,,,,,,,,,,,4651.9
2026-07-07T15:55:19Z,,,,,,,,,,,,4642.0
2026-07-07T15:55:20Z,,,,,,,,,,,,4631.2
2026-07-07T15:55:20Z,,,,,,,,,,,,4621.8
2026-07-07T15:55:20Z,51.554104,-0.070115,19.6,0.8,1.1,99.9,17,1,3,0.00,99.5,4609.6
2026-07-07T15:55:20Z,,,,,,,,,,,,4597.3
2026-07-07T15:55:20Z,,,,,,,,,,,,4585.6
2026-07-07T15:55:20Z,,,,,,,,,,,,4574.7
2026-07-07T15:55:20Z,,,,,,,,,,,,4564.5
2026-07-07T15:55:20Z,51.554104,-0.070107,19.6,0.8,1.1,99.9,17,1,3,0.00,99.5,4556.7
2026-07-07T15:55:20Z,,,,,,,,,,,,4547.5
2026-07-07T15:55:20Z,,,,,,,,,,,,4540.6
2026-07-07T15:55:21Z,,,,,,,,,,,,4535.6
2026-07-07T15:55:21Z,,,,,,,,,,,,4529.5
2026-07-07T15:55:21Z,51.554104,-0.070099,19.7,0.8,1.1,99.9,17,1,3,2.11,89.3,4524.8
2026-07-07T15:55:21Z,,,,,,,,,,,,4521.2
2026-07-07T15:55:21Z,,,,,,,,,,,,4518.6
2026-07-07T15:55:21Z,,,,,,,,,,,,4519.1
2026-07-07T15:55:21Z,,,,,,,,,,,,4520.6
2026-07-07T15:55:21Z,51.554108,-0.070091,19.7,0.8,1.1,99.9,17,1,3,2.10,86.6,4523.7
2026-07-07T15:55:21Z,,,,,,,,,,,,4528.6
2026-07-07T15:55:21Z,,,,,,,,,,,,4535.0
2026-07-07T15:55:22Z,,,,,,,,,,,,4543.4
2026-07-07T15:55:22Z,,,,,,,,,,,,4552.8
2026-07-07T15:55:22Z,51.554104,-0.070083,20.0,0.8,1.1,99.9,17,1,3,2.13,89.8,4561.9
2026-07-07T15:55:22Z,,,,,,,,,,,,4571.1
2026-07-07T15:55:22Z,,,,,,,,,,,,4579.4
2026-07-07T15:55:22Z,,,,,,,,,,,,4584.6
2026-07-07T15:55:22Z,,,,,,,,,,,,4590.1
2026-07-07T15:55:22Z,51.554104,-0.070074,20.1,0.8,1.1,99.9,17,1,3,2.35,96.0,4596.3
2026-07-07T15:55:22Z,,,,,,,,,,,,4603.3
2026-07-07T15:55:22Z,,,,,,,,,,,,4611.6
2026-07-07T15:55:23Z,,,,,,,,,,,,4621.9
2026-07-07T15:55:23Z,,,,,,,,,,,,4635.9
2026-07-07T15:55:23Z,51.554104,-0.070066,20.0,0.8,1.1,99.9,17,1,3,2.16,99.2,4654.2
2026-07-07T15:55:23Z,,,,,,,,,,,,4674.3
2026-07-07T15:55:23Z,,,,,,,,,,,,4696.2
2026-07-07T15:55:23Z,,,,,,,,,,,,4714.9
2026-07-07T15:55:23Z,,,,,,,,,,,,4729.9
2026-07-07T15:55:23Z,51.554104,-0.070058,20.1,0.8,1.1,99.9,17,1,3,2.09,98.6,4744.3
2026-07-07T15:55:23Z,,,,,,,,,,,,4761.8
2026-07-07T15:55:23Z,,,,,,,,,,,,4776.9
2026-07-07T15:55:24Z,,,,,,,,,,,,4788.6
2026-07-07T15:55:24Z,,,,,,,,,,,,4795.8
2026-07-07T15:55:24Z,51.554104,-0.070050,20.3,0.8,1.1,99.9,17,1,3,2.07,95.6,4799.8
2026-07-07T15:55:24Z,,,,,,,,,,,,4804.3
2026-07-07T15:55:24Z,,,,,,,,,,,,4808.6
2026-07-07T15:55:24Z,,,,,,,,,,,,4811.1
2026-07-07T15:55:24Z,,,,,,,,,,,,4809.1
2026-07-07T15:55:24Z,51.554104,-0.070040,20.3,0.8,1.1,99.9,17,1,3,2.24,98.4,4802.1
2026-07-07T15:55:24Z,,,,,,,,,,,,4796.8
2026-07-07T15:55:24Z,,,,,,,,,,,,4797.2
2026-07-07T15:55:25Z,,,,,,,,,,,,4804.5
2026-07-07T15:55:25Z,,,,,,,,,,,,4817.2
2026-07-07T15:55:25Z,51.554104,-0.070030,20.1,0.8,1.1,99.9,17,1,3,2.69,100.5,4831.1
2026-07-07T15:55:25Z,,,,,,,,,,,,4843.8
2026-07-07T15:55:25Z,,,,,,,,,,,,4858.9
2026-07-07T15:55:25Z,,,,,,,,,,,,4873.5
2026-07-07T15:55:25Z,,,,,,,,,,,,4886.9
2026-07-07T15:55:25Z,51.554104,-0.070019,20.1,0.8,1.1,99.9,17,1,3,2.74,93.1,4896.5
2026-07-07T15:55:25Z,,,,,,,,,,,,4899.1
2026-07-07T15:55:25Z,,,,,,,,,,,,4898.2
2026-07-07T15:55:26Z,,,,,,,,,,,,4899.3
2026-07-07T15:55:26Z,,,,,,,,,,,,4902.1
2026-07-07T15:55:26Z,51.554104,-0.070009,20.3,0.8,1.1,99.9,17,1,3,3.03,97.7,4906.5
2026-07-07T15:55:26Z,,,,,,,,,,,,4909.6
2026-07-07T15:55:26Z,,,,,,,,,,,,4907.6
2026-07-07T15:55:26Z,,,,,,,,,,,,4904.2
2026-07-07T15:55:26Z,,,,,,,,,,,,4901.6
2026-07-07T15:55:26Z,51.554104,-0.070000,20.4,0.8,1.1,99.9,17,1,3,2.51,105.9,4897.5
2026-07-07T15:55:26Z,,,,,,,,,,,,4889.0
2026-07-07T15:55:26Z,,,,,,,,,,,,4875.7
2026-07-07T15:55:27Z,,,,,,,,,,,,4859.6
2026-07-07T15:55:27Z,,,,,,,,,,,,4845.5
2026-07-07T15:55:27Z,51.554104,-0.069990,20.3,0.8,1.1,99.9,17,1,3,2.65,98.1,4833.2
2026-07-07T15:55:27Z,,,,,,,,,,,,4821.0
2026-07-07T15:55:27Z,,,,,,,,,,,,4809.4
2026-07-07T15:55:27Z,,,,,,,,,,,,4799.3
2026-07-07T15:55:27Z,,,,,,,,,,,,4792.1
2026-07-07T15:55:27Z,51.554104,-0.069981,20.3,0.8,1.1,99.9,17,1,3,2.28,95.9,4789.9
2026-07-07T15:55:27Z,,,,,,,,,,,,4787.9
2026-07-07T15:55:27Z,,,,,,,,,,,,4783.5
2026-07-07T15:55:28Z,,,,,,,,,,,,4777.6
2026-07-07T15:55:28Z,,,,,,,,,,,,4770.5
2026-07-07T15:55:28Z,51.554104,-0.069972,20.4,0.8,1.1,99.9,17,1,3,2.57,95.1,4764.5
2026-07-07T15:55:28Z,,,,,,,,,,,,4761.2
2026-07-07T15:55:28Z,,,,,,,,,,,,4758.5
2026-07-07T15:55:28Z,,,,,,,,,,,,4755.6
2026-07-07T15:55:28Z,,,,,,,,,,,,4751.9
2026-07-07T15:55:28Z,51.554104,-0.069962,20.4,0.8,1.1,99.9,17,1,3,2.34,95.5,4749.2
2026-07-07T15:55:28Z,,,,,,,,,,,,4748.4
2026-07-07T15:55:28Z,,,,,,,,,,,,4746.9
2026-07-07T15:55:29Z,,,,,,,,,,,,4744.5
2026-07-07T15:55:29Z,,,,,,,,,,,,4742.1
2026-07-07T15:55:29Z,51.554100,-0.069951,20.6,0.8,1.1,99.9,17,1,3,2.65,92.7,4737.9
2026-07-07T15:55:29Z,,,,,,,,,,,,4732.9
2026-07-07T15:55:29Z,,,,,,,,,,,,4728.6
2026-07-07T15:55:29Z,,,,,,,,,,,,4724.0
2026-07-07T15:55:29Z,,,,,,,,,,,,4718.2
2026-07-07T15:55:29Z,51.554100,-0.069940,20.8,0.8,1.1,99.9,17,1,3,2.93,102.7,4714.4
2026-07-07T15:55:29Z,,,,,,,,,,,,4709.5
2026-07-07T15:55:29Z,,,,,,,,,,,,4707.9
2026-07-07T15:55:30Z,,,,,,,,,,,,4711.4
2026-07-07T15:55:30Z,,,,,,,,,,,,4714.1
2026-07-07T15:55:30Z,51.554100,-0.069929,20.9,0.8,1.1,99.9,17,1,3,3.07,101.2,4717.0
2026-07-07T15:55:30Z,,,,,,,,,,,,4720.7
2026-07-07T15:55:30Z,,,,,,,,,,,,4723.8
2026-07-07T15:55:30Z,,,,,,,,,,,,4726.6
2026-07-07T15:55:30Z,,,,,,,,,,,,4729.2
2026-07-07T15:55:30Z,51.554096,-0.069918,20.9,0.8,1.1,99.9,17,1,3,2.97,107.9,4729.1
2026-07-07T15:55:30Z,,,,,,,,,,,,4727.5
2026-07-07T15:55:30Z,,,,,,,,,,,,4725.2
2026-07-07T15:55:31Z,,,,,,,,,,,,4723.3
2026-07-07T15:55:31Z,,,,,,,,,,,,4726.2
2026-07-07T15:55:31Z,51.554096,-0.069909,21.2,0.8,1.1,99.9,17,1,3,2.73,102.1,4733.6
2026-07-07T15:55:31Z,,,,,,,,,,,,4743.9
2026-07-07T15:55:31Z,,,,,,,,,,,,4757.5
2026-07-07T15:55:31Z,,,,,,,,,,,,4771.1
2026-07-07T15:55:31Z,,,,,,,,,,,,4784.7
2026-07-07T15:55:31Z,51.554092,-0.069901,21.3,0.8,1.1,99.9,17,1,3,2.20,110.7,4799.5
2026-07-07T15:55:31Z,,,,,,,,,,,,4811.8
2026-07-07T15:55:31Z,,,,,,,,,,,,4822.4
2026-07-07T15:55:32Z,,,,,,,,,,,,4831.2
2026-07-07T15:55:32Z,,,,,,,,,,,,4835.8
2026-07-07T15:55:32Z,51.554092,-0.069893,21.5,0.8,1.1,99.9,17,1,3,2.25,111.8,4839.1
2026-07-07T15:55:32Z,,,,,,,,,,,,4841.2
2026-07-07T15:55:32Z,,,,,,,,,,,,4841.7
2026-07-07T15:55:32Z,,,,,,,,,,,,4840.9
2026-07-07T15:55:32Z,,,,,,,,,,,,4837.2
2026-07-07T15:55:32Z,51.554089,-0.069885,21.7,0.8,1.1,99.9,17,1,3,2.34,114.7,4832.4
2026-07-07T15:55:32Z,,,,,,,,,,,,4827.9
2026-07-07T15:55:32Z,,,,,,,,,,,,4822.8
2026-07-07T15:55:33Z,,,,,,,,,,,,4817.3
2026-07-07T15:55:33Z,,,,,,,,,,,,4810.6
2026-07-07T15:55:33Z,51.554089,-0.069877,21.9,0.8,1.1,99.9,17,1,3,2.18,117.4,4801.1
2026-07-07T15:55:33Z,,,,,,,,,,,,4791.7
2026-07-07T15:55:33Z,,,,,,,,,,,,4786.2
2026-07-07T15:55:33Z,,,,,,,,,,,,4782.2
2026-07-07T15:55:33Z,,,,,,,,,,,,4779.3
2026-07-07T15:55:33Z,51.554085,-0.069869,22.1,0.8,1.1,99.9,17,1,3,2.36,119.1,4776.6
2026-07-07T15:55:33Z,,,,,,,,,,,,4772.9
2026-07-07T15:55:33Z,,,,,,,,,,,,4770.8
2026-07-07T15:55:34Z,,,,,,,,,,,,4769.1
2026-07-07T15:55:34Z,,,,,,,,,,,,4767.1
2026-07-07T15:55:34Z,51.554081,-0.069862,22.3,0.8,1.1,99.9,17,1,3,2.05,120.5,4764.8
2026-07-07T15:55:34Z,,,,,,,,,,,,4759.3
2026-07-07T15:55:34Z,,,,,,,,,,,,4753.1
2026-07-07T15:55:34Z,,,,,,,,,,,,4749.0
2026-07-07T15:55:34Z,,,,,,,,,,,,4744.1
2026-07-07T15:55:34Z,51.554081,-0.069853,22.1,0.8,1.1,99.9,17,1,3,2.33,123.7,4739.1
2026-07-07T15:55:34Z,,,,,,,,,,,,4732.4
2026-07-07T15:55:34Z,,,,,,,,,,,,4723.6
2026-07-07T15:55:35Z,,,,,,,,,,,,4715.4
2026-07-07T15:55:35Z,,,,,,,,,,,,4708.1
2026-07-07T15:55:35Z,51.554077,-0.069844,22.0,0.8,1.1,99.9,17,1,3,2.05,115.2,4701.3
2026-07-07T15:55:35Z,,,,,,,,,,,,4695.1
2026-07-07T15:55:35Z,,,,,,,,,,,,4688.0
2026-07-07T15:55:35Z,,,,,,,,,,,,4681.6
2026-07-07T15:55:35Z,,,,,,,,,,,,4679.9
2026-07-07T15:55:35Z,51.554077,-0.069835,22.0,0.8,1.1,99.9,17,1,3,2.58,115.2,4683.1
2026-07-07T15:55:35Z,,,,,,,,,,,,4689.5
2026-07-07T15:55:35Z,,,,,,,,,,,,4698.1
2026-07-07T15:55:36Z,,,,,,,,,,,,4707.9
2026-07-07T15:55:36Z,,,,,,,,,,,,4720.3
2026-07-07T15:55:36Z,51.554073,-0.069824,21.9,0.8,1.1,99.9,17,1,3,2.67,115.5,4734.3
2026-07-07T15:55:36Z,,,,,,,,,,,,4747.2
2026-07-07T15:55:36Z,,,,,,,,,,,,4758.4
2026-07-07T15:55:36Z,,,,,,,,,,,,4764.4
2026-07-07T15:55:36Z,,,,,,,,,,,,4767.1
2026-07-07T15:55:36Z,51.554073,-0.069813,21.8,0.8,1.1,99.9,17,1,3,3.03,112.6,4769.0
2026-07-07T15:55:36Z,,,,,,,,,,,,4770.1
2026-07-07T15:55:36Z,,,,,,,,,,,,4768.5
2026-07-07T15:55:36Z,,,,,,,,,,,,4763.9
2026-07-07T15:55:37Z,,,,,,,,,,,,4756.8
2026-07-07T15:55:37Z,51.554073,-0.069802,21.8,0.8,1.1,99.9,17,1,3,2.89,103.8,4748.6
2026-07-07T15:55:37Z,,,,,,,,,,,,4741.4
2026-07-07T15:55:37Z,,,,,,,,,,,,4735.0
2026-07-07T15:55:37Z,,,,,,,,,,,,4729.6
2026-07-07T15:55:37Z,,,,,,,,,,,,4724.3
2026-07-07T15:55:37Z,51.554073,-0.069793,21.6,0.8,1.1,99.9,17,1,3,2.71,98.1,4720.4
2026-07-07T15:55:37Z,,,,,,,,,,,,4719.9
2026-07-07T15:55:37Z,,,,,,,,,,,,4721.3
2026-07-07T15:55:38Z,,,,,,,,,,,,4722.3
2026-07-07T15:55:38Z,,,,,,,,,,,,4722.8
2026-07-07T15:55:38Z,51.554077,-0.069784,21.5,0.8,1.1,99.9,17,1,3,2.17,75.6,4721.5
2026-07-07T15:55:38Z,,,,,,,,,,,,4720.5
2026-07-07T15:55:38Z,,,,,,,,,,,,4720.5
2026-07-07T15:55:38Z,,,,,,,,,,,,4719.3
2026-07-07T15:55:38Z,,,,,,,,,,,,4715.9
2026-07-07T15:55:38Z,51.554073,-0.069773,21.4,0.8,1.1,99.9,17,1,3,2.55,77.8,4710.0
2026-07-07T15:55:38Z,,,,,,,,,,,,4703.2
2026-07-07T15:55:38Z,,,,,,,,,,,,4697.0
2026-07-07T15:55:39Z,,,,,,,,,,,,4691.3
2026-07-07T15:55:39Z,,,,,,,,,,,,4685.1
2026-07-07T15:55:39Z,51.554073,-0.069762,21.2,0.8,1.1,99.9,17,1,3,2.76,94.5,4678.1
2026-07-07T15:55:39Z,,,,,,,,,,,,4670.1
2026-07-07T15:55:39Z,,,,,,,,,,,,4662.2
2026-07-07T15:55:39Z,,,,,,,,,,,,4656.3
2026-07-07T15:55:39Z,,,,,,,,,,,,4649.7
2026-07-07T15:55:39Z,51.554073,-0.069751,21.2,0.8,1.1,99.9,17,1,3,2.88,98.6,4643.1
2026-07-07T15:55:39Z,,,,,,,,,,,,4637.0
2026-07-07T15:55:39Z,,,,,,,,,,,,4630.3
2026-07-07T15:55:40Z,,,,,,,,,,,,4624.3
2026-07-07T15:55:40Z,,,,,,,,,,,,4619.2
2026-07-07T15:55:40Z,51.554073,-0.069739,21.2,0.8,1.1,99.9,17,1,3,3.04,95.3,4614.1
2026-07-07T15:55:40Z,,,,,,,,,,,,4608.4
2026-07-07T15:55:40Z,,,,,,,,,,,,4602.4
2026-07-07T15:55:40Z,,,,,,,,,,,,4597.5
2026-07-07T15:55:40Z,,,,,,,,,,,,4593.3
2026-07-07T15:55:40Z,51.554073,-0.069728,21.1,0.8,1.1,99.9,17,1,3,2.91,93.7,4588.7
2026-07-07T15:55:40Z,,,,,,,,,,,,4583.7
2026-07-07T15:55:40Z,,,,,,,,,,,,4579.3
2026-07-07T15:55:41Z,,,,,,,,,,,,4575.3
2026-07-07T15:55:41Z,,,,,,,,,,,,4572.5
2026-07-07T15:55:41Z,51.554073,-0.069717,21.0,0.8,1.1,99.9,17,1,3,3.05,105.8,4570.3
2026-07-07T15:55:41Z,,,,,,,,,,,,4566.5
2026-07-07T15:55:41Z,,,,,,,,,,,,4561.0
2026-07-07T15:55:41Z,,,,,,,,,,,,4556.3
2026-07-07T15:55:41Z,,,,,,,,,,,,4553.8
2026-07-07T15:55:41Z,51.554073,-0.069706,20.9,0.8,1.1,99.9,17,1,3,2.60,87.5,4553.9
2026-07-07T15:55:41Z,,,,,,,,,,,,4553.9
2026-07-07T15:55:41Z,,,,,,,,,,,,4553.5
2026-07-07T15:55:42Z,,,,,,,,,,,,4554.9
2026-07-07T15:55:42Z,,,,,,,,,,,,4557.4
2026-07-07T15:55:42Z,51.554070,-0.069696,20.9,0.8,1.1,99.9,17,1,3,2.96,94.0,4561.5
2026-07-07T15:55:42Z,,,,,,,,,,,,4565.9
2026-07-07T15:55:42Z,,,,,,,,,,,,4567.6
2026-07-07T15:55:42Z,,,,,,,,,,,,4568.9
2026-07-07T15:55:42Z,,,,,,,,,,,,4571.6
2026-07-07T15:55:42Z,51.554070,-0.069685,20.8,0.8,1.1,99.9,17,1,3,2.46,100.9,4572.8
2026-07-07T15:55:42Z,,,,,,,,,,,,4572.8
2026-07-07T15:55:42Z,,,,,,,,,,,,4572.3
2026-07-07T15:55:43Z,,,,,,,,,,,,4570.7
2026-07-07T15:55:43Z,,,,,,,,,,,,4569.9
2026-07-07T15:55:43Z,51.554070,-0.069673,20.7,0.8,1.1,99.9,17,1,3,3.08,99.9,4566.6
2026-07-07T15:55:43Z,,,,,,,,,,,,4562.2
2026-07-07T15:55:43Z,,,,,,,,,,,,4558.1
2026-07-07T15:55:43Z,,,,,,,,,,,,4553.7
2026-07-07T15:55:43Z,,,,,,,,,,,,4550.3
2026-07-07T15:55:43Z,51.554070,-0.069662,20.6,0.8,1.1,99.9,17,1,3,2.77,98.9,4547.5
2026-07-07T15:55:43Z,,,,,,,,,,,,4542.5
2026-07-07T15:55:43Z,,,,,,,,,,,,4537.5
2026-07-07T15:55:44Z,,,,,,,,,,,,4535.0
2026-07-07T15:55:44Z,,,,,,,,,,,,4535.0
2026-07-07T15:55:44Z,51.554066,-0.069651,20.5,0.8,1.1,99.9,17,1,3,2.90,98.1,4536.7
2026-07-07T15:55:44Z,,,,,,,,,,,,4540.0
2026-07-07T15:55:44Z,,,,,,,,,,,,4547.9
2026-07-07T15:55:44Z,,,,,,,,,,,,4561.2
2026-07-07T15:55:44Z,,,,,,,,,,,,4579.0
2026-07-07T15:55:44Z,51.554066,-0.069640,20.3,0.8,1.1,99.9,17,1,3,2.67,99.4,4601.6
2026-07-07T15:55:44Z,,,,,,,,,,,,4627.8
2026-07-07T15:55:44Z,,,,,,,,,,,,4652.3
2026-07-07T15:55:45Z,,,,,,,,,,,,4677.7
2026-07-07T15:55:45Z,,,,,,,,,,,,4702.0
2026-07-07T15:55:45Z,51.554066,-0.069629,20.2,0.8,1.1,99.9,17,1,3,3.07,102.8,4726.6
2026-07-07T15:55:45Z,,,,,,,,,,,,4746.9
2026-07-07T15:55:45Z,,,,,,,,,,,,4761.7
2026-07-07T15:55:45Z,,,,,,,,,,,,4771.6
2026-07-07T15:55:45Z,,,,,,,,,,,,4778.4
2026-07-07T15:55:45Z,51.554062,-0.069618,20.0,0.8,1.1,99.9,17,1,3,2.75,105.1,4781.5
2026-07-07T15:55:45Z,,,,,,,,,,,,4783.0
2026-07-07T15:55:45Z,,,,,,,,,,,,4780.3
2026-07-07T15:55:46Z,,,,,,,,,,,,4776.1
2026-07-07T15:55:46Z,,,,,,,,,,,,4775.1
2026-07-07T15:55:46Z,51.554062,-0.069605,19.7,0.8,1.1,99.9,17,1,3,3.13,105.8,4776.8
2026-07-07T15:55:46Z,,,,,,,,,,,,4782.1
2026-07-07T15:55:46Z,,,,,,,,,,,,4790.3
2026-07-07T15:55:46Z,,,,,,,,,,,,4799.7
2026-07-07T15:55:46Z,,,,,,,,,,,,4813.5
2026-07-07T15:55:46Z,51.554058,-0.069592,19.4,0.8,1.1,99.9,17,1,3,3.49,100.2,4831.6
2026-07-07T15:55:46Z,,,,,,,,,,,,4853.2
2026-07-07T15:55:46Z,,,,,,,,,,,,4874.8
2026-07-07T15:55:47Z,,,,,,,,,,,,4886.5
2026-07-07T15:55:47Z,,,,,,,,,,,,4890.3
2026-07-07T15:55:47Z,51.554054,-0.069582,19.0,0.8,1.1,99.9,17,1,3,3.03,103.9,4894.6
2026-07-07T15:55:47Z,,,,,,,,,,,,4896.0
2026-07-07T15:55:47Z,,,,,,,,,,,,4895.1
2026-07-07T15:55:47Z,,,,,,,,,,,,4889.9
2026-07-07T15:55:47Z,,,,,,,,,,,,4879.4
2026-07-07T15:55:47Z,51.554054,-0.069571,18.7,0.8,1.1,99.9,17,1,3,2.91,113.0,4868.7
2026-07-07T15:55:47Z,,,,,,,,,,,,4859.3
2026-07-07T15:55:47Z,,,,,,,,,,,,4849.8
2026-07-07T15:55:48Z,,,,,,,,,,,,4838.4
2026-07-07T15:55:48Z,,,,,,,,,,,,4823.7
2026-07-07T15:55:48Z,51.554050,-0.069560,18.5,0.8,1.1,99.9,17,1,3,3.06,115.6,4809.4
2026-07-07T15:55:48Z,,,,,,,,,,,,4799.5
2026-07-07T15:55:48Z,,,,,,,,,,,,4793.6
2026-07-07T15:55:48Z,,,,,,,,,,,,4792.9
2026-07-07T15:55:48Z,,,,,,,,,,,,4794.3
2026-07-07T15:55:48Z,51.554047,-0.069549,18.3,0.8,1.1,99.9,17,1,3,3.00,116.0,4798.2
2026-07-07T15:55:48Z,,,,,,,,,,,,4809.6
2026-07-07T15:55:48Z,,,,,,,,,,,,4829.9
2026-07-07T15:55:49Z,,,,,,,,,,,,4853.2
2026-07-07T15:55:49Z,,,,,,,,,,,,4876.5
2026-07-07T15:55:49Z,51.554047,-0.069539,18.1,0.8,1.1,99.9,17,1,3,2.92,113.0,4897.5
2026-07-07T15:55:49Z,,,,,,,,,,,,4917.2
2026-07-07T15:55:49Z,,,,,,,,,,,,4938.8
2026-07-07T15:55:49Z,,,,,,,,,,,,4954.8
2026-07-07T15:55:49Z,,,,,,,,,,,,4966.7
2026-07-07T15:55:49Z,51.554047,-0.069529,17.9,0.8,1.1,99.9,17,1,3,2.56,110.5,4973.3
2026-07-07T15:55:49Z,,,,,,,,,,,,4972.3
2026-07-07T15:55:49Z,,,,,,,,,,,,4967.9
2026-07-07T15:55:50Z,,,,,,,,,,,,4964.2
2026-07-07T15:55:50Z,,,,,,,,,,,,4958.2
2026-07-07T15:55:50Z,51.554043,-0.069516,17.7,0.8,1.1,99.9,17,1,3,2.78,99.7,4949.5
2026-07-07T15:55:50Z,,,,,,,,,,,,4937.1
2026-07-07T15:55:50Z,,,,,,,,,,,,4922.3
2026-07-07T15:55:50Z,,,,,,,,,,,,4911.2
2026-07-07T15:55:50Z,,,,,,,,,,,,4903.0
2026-07-07T15:55:50Z,51.554043,-0.069503,17.4,0.8,1.1,99.9,17,1,3,3.50,102.9,4895.6
2026-07-07T15:55:50Z,,,,,,,,,,,,4889.6
2026-07-07T15:55:50Z,,,,,,,,,,,,4885.0
2026-07-07T15:55:51Z,,,,,,,,,,,,4883.5
2026-07-07T15:55:51Z,,,,,,,,,,,,4887.0
2026-07-07T15:55:51Z,51.554039,-0.069491,17.2,0.8,1.1,99.9,17,1,3,3.37,106.9,4891.7
2026-07-07T15:55:51Z,,,,,,,,,,,,4896.4
2026-07-07T15:55:51Z,,,,,,,,,,,,4902.5
2026-07-07T15:55:51Z,,,,,,,,,,,,4910.1
2026-07-07T15:55:51Z,,,,,,,,,,,,4922.3
2026-07-07T15:55:51Z,51.554039,-0.069480,17.1,0.8,1.1,99.9,17,1,3,3.22,106.2,4938.0
2026-07-07T15:55:51Z,,,,,,,,,,,,4954.3
2026-07-07T15:55:51Z,,,,,,,,,,,,4971.6
2026-07-07T15:55:52Z,,,,,,,,,,,,4986.3
2026-07-07T15:55:52Z,,,,,,,,,,,,4998.9
2026-07-07T15:55:52Z,51.554039,-0.069468,16.9,0.8,1.1,99.9,17,1,3,2.78,106.8,5012.0
2026-07-07T15:55:52Z,,,,,,,,,,,,5021.6
2026-07-07T15:55:52Z,,,,,,,,,,,,5027.8
2026-07-07T15:55:52Z,,,,,,,,,,,,5030.6
2026-07-07T15:55:52Z,,,,,,,,,,,,5029.4
2026-07-07T15:55:52Z,51.554035,-0.069457,16.7,0.8,1.1,99.9,17,1,3,3.10,103.7,5027.0
2026-07-07T15:55:52Z,,,,,,,,,,,,5025.6
2026-07-07T15:55:52Z,,,,,,,,,,,,5020.9
2026-07-07T15:55:53Z,,,,,,,,,,,,5012.0
2026-07-07T15:55:53Z,,,,,,,,,,,,5002.2
2026-07-07T15:55:53Z,51.554035,-0.069446,16.4,0.8,1.1,99.9,17,1,3,2.68,103.3,4992.2
2026-07-07T15:55:53Z,,,,,,,,,,,,4983.1
2026-07-07T15:55:53Z,,,,,,,,,,,,4973.2
2026-07-07T15:55:53Z,,,,,,,,,,,,4962.1
2026-07-07T15:55:53Z,,,,,,,,,,,,4949.7
2026-07-07T15:55:53Z,51.554035,-0.069437,16.2,0.8,1.1,99.9,17,1,3,2.97,103.2,4939.0
2026-07-07T15:55:53Z,,,,,,,,,,,,4932.6
2026-07-07T15:55:53Z,,,,,,,,,,,,4932.1
2026-07-07T15:55:54Z,,,,,,,,,,,,4932.9
2026-07-07T15:55:54Z,,,,,,,,,,,,4933.2
2026-07-07T15:55:54Z,51.554031,-0.069429,15.9,0.8,1.1,99.9,17,1,3,1.86,103.2,4936.0
2026-07-07T15:55:54Z,,,,,,,,,,,,4941.4
2026-07-07T15:55:54Z,,,,,,,,,,,,4950.2
2026-07-07T15:55:54Z,,,,,,,,,,,,4960.3
2026-07-07T15:55:54Z,,,,,,,,,,,,4968.9
2026-07-07T15:55:54Z,51.554031,-0.069421,15.6,0.8,1.1,99.9,17,1,3,1.95,105.3,4976.0
2026-07-07T15:55:54Z,,,,,,,,,,,,4980.6
2026-07-07T15:55:54Z,,,,,,,,,,,,4983.3
2026-07-07T15:55:55Z,,,,,,,,,,,,4985.8
2026-07-07T15:55:55Z,,,,,,,,,,,,4984.3
2026-07-07T15:55:55Z,51.554031,-0.069411,15.4,0.8,1.1,99.9,17,1,3,2.29,108.3,4978.7
2026-07-07T15:55:55Z,,,,,,,,,,,,4971.0
2026-07-07T15:55:55Z,,,,,,,,,,,,4959.2
2026-07-07T15:55:55Z,,,,,,,,,,,,4947.4
2026-07-07T15:55:55Z,,,,,,,,,,,,4935.7
2026-07-07T15:55:55Z,51.554028,-0.069399,15.2,0.8,1.1,99.9,17,1,3,2.69,106.1,4923.2
2026-07-07T15:55:55Z,,,,,,,,,,,,4909.3
2026-07-07T15:55:55Z,,,,,,,,,,,,4893.3
2026-07-07T15:55:56Z,,,,,,,,,,,,4877.3
2026-07-07T15:55:56Z,,,,,,,,,,,,4863.7
2026-07-07T15:55:56Z,51.554028,-0.069387,15.0,0.8,1.1,99.9,17,1,3,2.98,103.3,4849.4
2026-07-07T15:55:56Z,,,,,,,,,,,,4835.4
2026-07-07T15:55:56Z,,,,,,,,,,,,4822.3
2026-07-07T15:55:56Z,,,,,,,,,,,,4808.7
2026-07-07T15:55:56Z,,,,,,,,,,,,4796.1
2026-07-07T15:55:56Z,51.554024,-0.069376,14.8,0.8,1.1,99.9,17,1,3,2.98,100.9,4787.0
2026-07-07T15:55:56Z,,,,,,,,,,,,4779.1
2026-07-07T15:55:56Z,,,,,,,,,,,,4773.2
2026-07-07T15:55:56Z,,,,,,,,,,,,4767.0
2026-07-07T15:55:57Z,,,,,,,,,,,,4762.3
2026-07-07T15:55:57Z,51.554020,-0.069365,14.3,0.8,1.1,99.9,17,1,3,2.92,115.0,4761.4
2026-07-07T15:55:57Z,,,,,,,,,,,,4761.8
2026-07-07T15:55:57Z,,,,,,,,,,,,4762.7
2026-07-07T15:55:57Z,,,,,,,,,,,,4764.4
2026-07-07T15:55:57Z,,,,,,,,,,,,4766.2
2026-07-07T15:55:57Z,51.554020,-0.069354,14.2,0.8,1.1,99.9,17,1,3,3.07,118.5,4771.4
2026-07-07T15:55:57Z,,,,,,,,,,,,4782.3
2026-07-07T15:55:57Z,,,,,,,,,,,,4796.8
2026-07-07T15:55:58Z,,,,,,,,,,,,4814.9
2026-07-07T15:55:58Z,,,,,,,,,,,,4834.6
2026-07-07T15:55:58Z,51.554016,-0.069343,13.9,0.8,1.1,99.9,17,1,3,3.22,117.2,4857.2
2026-07-07T15:55:58Z,,,,,,,,,,,,4883.0
2026-07-07T15:55:58Z,,,,,,,,,,,,4910.6
2026-07-07T15:55:58Z,,,,,,,,,,,,4937.3
2026-07-07T15:55:58Z,,,,,,,,,,,,4960.1
2026-07-07T15:55:58Z,51.554012,-0.069332,13.7,0.8,1.1,99.9,17,1,3,2.77,114.4,4976.3
2026-07-07T15:55:58Z,,,,,,,,,,,,4990.5
2026-07-07T15:55:58Z,,,,,,,,,,,,5003.5
2026-07-07T15:55:59Z,,,,,,,,,,,,5013.5
2026-07-07T15:55:59Z,,,,,,,,,,,,5020.3
2026-07-07T15:55:59Z,51.554012,-0.069322,13.6,0.8,1.1,99.9,17,1,3,2.85,107.6,5020.1
2026-07-07T15:55:59Z,,,,,,,,,,,,5014.7
2026-07-07T15:55:59Z,,,,,,,,,,,,5010.9
2026-07-07T15:55:59Z,,,,,,,,,,,,5007.5
2026-07-07T15:55:59Z,,,,,,,,,,,,5001.9
2026-07-07T15:55:59Z,51.554008,-0.069309,13.4,0.8,1.1,99.9,17,1,3,2.63,109.3,4992.6
2026-07-07T15:55:59Z,,,,,,,,,,,,4979.4
2026-07-07T15:55:59Z,,,,,,,,,,,,4967.5
2026-07-07T15:56:00Z,,,,,,,,,,,,4957.7
2026-07-07T15:56:00Z,,,,,,,,,,,,4948.5
2026-07-07T15:56:00Z,51.554008,-0.069296,13.1,0.8,1.1,99.9,17,1,3,3.80,104.1,4940.7
2026-07-07T15:56:00Z,,,,,,,,,,,,4935.1
2026-07-07T15:56:00Z,,,,,,,,,,,,4936.0
2026-07-07T15:56:00Z,,,,,,,,,,,,4947.1
2026-07-07T15:56:00Z,,,,,,,,,,,,4964.9
2026-07-07T15:56:00Z,51.554008,-0.069284,12.9,0.8,1.1,99.9,17,1,3,3.15,104.3,4984.5
2026-07-07T15:56:00Z,,,,,,,,,,,,5003.5
2026-07-07T15:56:00Z,,,,,,,,,,,,5022.0
2026-07-07T15:56:01Z,,,,,,,,,,,,5042.5
2026-07-07T15:56:01Z,,,,,,,,,,,,5060.9
2026-07-07T15:56:01Z,51.554005,-0.069273,12.8,0.8,1.1,99.9,17,1,3,3.16,106.2,5076.1
2026-07-07T15:56:01Z,,,,,,,,,,,,5085.9
2026-07-07T15:56:01Z,,,,,,,,,,,,5088.3
2026-07-07T15:56:01Z,,,,,,,,,,,,5087.6
2026-07-07T15:56:01Z,,,,,,,,,,,,5086.9
2026-07-07T15:56:01Z,51.554005,-0.069261,12.7,0.8,1.1,99.9,17,1,3,2.79,100.8,5083.5
2026-07-07T15:56:01Z,,,,,,,,,,,,5074.9
2026-07-07T15:56:01Z,,,,,,,,,,,,5058.6
2026-07-07T15:56:02Z,,,,,,,,,,,,5039.3
2026-07-07T15:56:02Z,,,,,,,,,,,,5022.8
2026-07-07T15:56:02Z,51.554005,-0.069250,12.5,0.8,1.1,99.9,17,1,3,3.13,105.0,5006.8
2026-07-07T15:56:02Z,,,,,,,,,,,,4989.7
2026-07-07T15:56:02Z,,,,,,,,,,,,4970.4
2026-07-07T15:56:02Z,,,,,,,,,,,,4949.9
2026-07-07T15:56:02Z,,,,,,,,,,,,4932.7
2026-07-07T15:56:02Z,51.554001,-0.069239,12.3,0.8,1.1,99.9,17,1,3,2.46,101.4,4920.0
2026-07-07T15:56:02Z,,,,,,,,,,,,4906.1
2026-07-07T15:56:02Z,,,,,,,,,,,,4891.0
2026-07-07T15:56:03Z,,,,,,,,,,,,4875.0
2026-07-07T15:56:03Z,,,,,,,,,,,,4861.0
2026-07-07T15:56:03Z,51.554001,-0.069228,12.1,0.8,1.1,99.9,17,1,3,2.83,102.4,4850.0
2026-07-07T15:56:03Z,,,,,,,,,,,,4840.2
2026-07-07T15:56:03Z,,,,,,,,,,,,4829.7
2026-07-07T15:56:03Z,,,,,,,,,,,,4819.0
2026-07-07T15:56:03Z,,,,,,,,,,,,4809.1
2026-07-07T15:56:03Z,51.554001,-0.069217,11.9,0.8,1.1,99.9,17,1,3,2.63,97.7,4805.0
2026-07-07T15:56:03Z,,,,,,,,,,,,4806.3
2026-07-07T15:56:03Z,,,,,,,,,,,,4809.6
2026-07-07T15:56:04Z,,,,,,,,,,,,4813.8
2026-07-07T15:56:04Z,,,,,,,,,,,,4820.3
2026-07-07T15:56:04Z,51.554001,-0.069206,11.8,0.8,1.1,99.9,17,1,3,2.83,105.8,4831.3
2026-07-07T15:56:04Z,,,,,,,,,,,,4845.7
2026-07-07T15:56:04Z,,,,,,,,,,,,4860.6
2026-07-07T15:56:04Z,,,,,,,,,,,,4873.3
2026-07-07T15:56:04Z,,,,,,,,,,,,4884.2
2026-07-07T15:56:04Z,51.553997,-0.069195,11.7,0.8,1.1,99.9,17,1,3,2.79,99.9,4892.9
2026-07-07T15:56:04Z,,,,,,,,,,,,4901.5
2026-07-07T15:56:04Z,,,,,,,,,,,,4907.7
2026-07-07T15:56:05Z,,,,,,,,,,,,4911.2
2026-07-07T15:56:05Z,,,,,,,,,,,,4912.9
2026-07-07T15:56:05Z,51.553993,-0.069183,11.6,0.8,1.1,99.9,17,1,3,2.92,105.3,4912.1
2026-07-07T15:56:05Z,,,,,,,,,,,,4911.1
2026-07-07T15:56:05Z,,,,,,,,,,,,4912.2
2026-07-07T15:56:05Z,,,,,,,,,,,,4912.5
2026-07-07T15:56:05Z,,,,,,,,,,,,4911.0
2026-07-07T15:56:05Z,51.553989,-0.069172,11.3,0.8,1.1,99.9,17,1,3,3.22,119.8,4909.0
2026-07-07T15:56:05Z,,,,,,,,,,,,4906.9
2026-07-07T15:56:05Z,,,,,,,,,,,,4907.0
2026-07-07T15:56:06Z,,,,,,,,,,,,4908.0
2026-07-07T15:56:06Z,,,,,,,,,,,,4908.5
2026-07-07T15:56:06Z,51.553989,-0.069161,11.1,0.8,1.1,99.9,17,1,3,3.13,117.8,4910.8
2026-07-07T15:56:06Z,,,,,,,,,,,,4914.1
2026-07-07T15:56:06Z,,,,,,,,,,,,4920.0
2026-07-07T15:56:06Z,,,,,,,,,,,,4928.6
2026-07-07T15:56:06Z,,,,,,,,,,,,4935.8
2026-07-07T15:56:06Z,51.553986,-0.069149,11.0,0.8,1.1,99.9,17,1,3,2.97,113.1,4940.4
2026-07-07T15:56:06Z,,,,,,,,,,,,4943.1
2026-07-07T15:56:06Z,,,,,,,,,,,,4944.1
2026-07-07T15:56:07Z,,,,,,,,,,,,4946.3
2026-07-07T15:56:07Z,,,,,,,,,,,,4947.3
2026-07-07T15:56:07Z,51.553986,-0.069138,10.9,0.8,1.1,99.9,17,1,3,2.99,109.3,4945.7
2026-07-07T15:56:07Z,,,,,,,,,,,,4942.2
2026-07-07T15:56:07Z,,,,,,,,,,,,4938.0
2026-07-07T15:56:07Z,,,,,,,,,,,,4936.0
2026-07-07T15:56:07Z,,,,,,,,,,,,4933.7
2026-07-07T15:56:07Z,51.553986,-0.069125,10.8,0.8,1.1,99.9,17,1,3,3.16,109.9,4928.6
2026-07-07T15:56:07Z,,,,,,,,,,,,4921.6
2026-07-07T15:56:07Z,,,,,,,,,,,,4913.1
2026-07-07T15:56:07Z,,,,,,,,,,,,4904.2
2026-07-07T15:56:08Z,,,,,,,,,,,,4897.1
2026-07-07T15:56:08Z,51.553982,-0.069114,10.9,0.8,1.1,99.9,17,1,3,3.23,106.1,4888.0
2026-07-07T15:56:08Z,,,,,,,,,,,,4877.7
2026-07-07T15:56:08Z,,,,,,,,,,,,4866.1
2026-07-07T15:56:08Z,,,,,,,,,,,,4854.9
2026-07-07T15:56:08Z,,,,,,,,,,,,4845.7
2026-07-07T15:56:08Z,51.553982,-0.069104,10.8,0.8,1.1,99.9,17,1,3,2.77,107.3,4836.6
2026-07-07T15:56:08Z,,,,,,,,,,,,4826.4
2026-07-07T15:56:08Z,,,,,,,,,,,,4816.1
2026-07-07T15:56:09Z,,,,,,,,,,,,4806.3
2026-07-07T15:56:09Z,,,,,,,,,,,,4798.6
2026-07-07T15:56:09Z,51.553978,-0.069093,11.0,0.8,1.1,99.9,17,1,3,2.74,111.4,4794.0
2026-07-07T15:56:09Z,,,,,,,,,,,,4793.3
2026-07-07T15:56:09Z,,,,,,,,,,,,4796.2
2026-07-07T15:56:09Z,,,,,,,,,,,,4801.5
2026-07-07T15:56:09Z,,,,,,,,,,,,4809.4
2026-07-07T15:56:09Z,51.553978,-0.069082,10.9,0.8,1.1,99.9,17,1,3,3.01,112.5,4819.9
2026-07-07T15:56:09Z,,,,,,,,,,,,4829.9
2026-07-07T15:56:09Z,,,,,,,,,,,,4836.6
2026-07-07T15:56:10Z,,,,,,,,,,,,4842.5
2026-07-07T15:56:10Z,,,,,,,,,,,,4845.6
2026-07-07T15:56:10Z,51.553978,-0.069071,10.9,0.8,1.1,99.9,17,1,3,2.84,103.5,4847.8
2026-07-07T15:56:10Z,,,,,,,,,,,,4850.7
2026-07-07T15:56:10Z,,,,,,,,,,,,4852.6
2026-07-07T15:56:10Z,,,,,,,,,,,,4854.6
2026-07-07T15:56:10Z,,,,,,,,,,,,4855.5
2026-07-07T15:56:10Z,51.553978,-0.069060,10.9,0.8,1.1,99.9,17,1,3,2.94,103.9,4855.8
2026-07-07T15:56:10Z,,,,,,,,,,,,4856.0
2026-07-07T15:56:10Z,,,,,,,,,,,,4855.3
2026-07-07T15:56:11Z,,,,,,,,,,,,4855.0
2026-07-07T15:56:11Z,,,,,,,,,,,,4854.8
2026-07-07T15:56:11Z,51.553978,-0.069050,10.9,0.8,1.1,99.9,17,1,3,2.51,98.8,4852.4
2026-07-07T15:56:11Z,,,,,,,,,,,,4849.7
2026-07-07T15:56:11Z,,,,,,,,,,,,4847.0
2026-07-07T15:56:11Z,,,,,,,,,,,,4843.1
2026-07-07T15:56:11Z,,,,,,,,,,,,4839.0
2026-07-07T15:56:11Z,51.553978,-0.069040,10.7,0.8,1.1,99.9,17,1,3,2.54,102.4,4834.3
2026-07-07T15:56:11Z,,,,,,,,,,,,4829.3
2026-07-07T15:56:11Z,,,,,,,,,,,,4826.3
2026-07-07T15:56:11Z,,,,,,,,,,,,4824.5
2026-07-07T15:56:12Z,,,,,,,,,,,,4825.2
2026-07-07T15:56:12Z,51.553978,-0.069029,10.7,0.8,1.1,99.9,17,1,3,2.56,92.9,4826.2
2026-07-07T15:56:12Z,,,,,,,,,,,,4826.4
2026-07-07T15:56:12Z,,,,,,,,,,,,4829.5
2026-07-07T15:56:12Z,,,,,,,,,,,,4834.0
2026-07-07T15:56:12Z,,,,,,,,,,,,4838.0
2026-07-07T15:56:12Z,51.553978,-0.069019,10.4,0.8,1.1,99.9,17,1,3,2.84,93.3,4841.1
2026-07-07T15:56:12Z,,,,,,,,,,,,4842.9
2026-07-07T15:56:12Z,,,,,,,,,,,,4845.3
2026-07-07T15:56:12Z,,,,,,,,,,,,4850.5
2026-07-07T15:56:12Z,,,,,,,,,,,,4857.8
2026-07-07T15:56:13Z,51.553974,-0.069008,10.1,0.8,1.1,99.9,17,1,3,2.45,98.1,4868.2
2026-07-07T15:56:13Z,,,,,,,,,,,,4877.2
2026-07-07T15:56:13Z,,,,,,,,,,,,4886.3
2026-07-07T15:56:13Z,,,,,,,,,,,,4898.2
2026-07-07T15:56:13Z,,,,,,,,,,,,4910.6
2026-07-07T15:56:13Z,51.553974,-0.068998,9.9,0.8,1.1,99.9,17,1,3,2.62,103.0,4923.4
2026-07-07T15:56:13Z,,,,,,,,,,,,4934.0
2026-07-07T15:56:13Z,,,,,,,,,,,,4940.4
2026-07-07T15:56:13Z,,,,,,,,,,,,4946.5
2026-07-07T15:56:14Z,,,,,,,,,,,,4953.8
2026-07-07T15:56:14Z,51.553974,-0.068988,9.6,0.8,1.1,99.9,17,1,3,2.59,103.8,4961.5
2026-07-07T15:56:14Z,,,,,,,,,,,,4968.8
2026-07-07T15:56:14Z,,,,,,,,,,,,4973.4
2026-07-07T15:56:14Z,,,,,,,,,,,,4976.4
2026-07-07T15:56:14Z,,,,,,,,,,,,4981.4
2026-07-07T15:56:14Z,51.553974,-0.068978,9.3,0.8,1.1,99.9,17,1,3,2.53,103.2,4985.2
2026-07-07T15:56:14Z,,,,,,,,,,,,4986.6
2026-07-07T15:56:14Z,,,,,,,,,,,,4982.3
2026-07-07T15:56:14Z,,,,,,,,,,,,4973.7
2026-07-07T15:56:15Z,,,,,,,,,,,,4966.9
2026-07-07T15:56:15Z,51.553970,-0.068967,9.0,0.8,1.1,99.9,17,1,3,2.66,105.7,4960.2
2026-07-07T15:56:15Z,,,,,,,,,,,,4952.4
2026-07-07T15:56:15Z,,,,,,,,,,,,4942.1
2026-07-07T15:56:15Z,,,,,,,,,,,,4928.5
2026-07-07T15:56:15Z,,,,,,,,,,,,4916.1
2026-07-07T15:56:15Z,51.553970,-0.068956,8.8,0.8,1.1,99.9,17,1,3,2.87,102.0,4905.6
2026-07-07T15:56:15Z,,,,,,,,,,,,4895.2
2026-07-07T15:56:15Z,,,,,,,,,,,,4885.2
2026-07-07T15:56:15Z,,,,,,,,,,,,4874.0
2026-07-07T15:56:16Z,,,,,,,,,,,,4862.2
2026-07-07T15:56:16Z,51.553970,-0.068943,8.6,0.8,1.1,99.9,17,1,3,3.05,102.2,4853.1
2026-07-07T15:56:16Z,,,,,,,,,,,,4847.0
2026-07-07T15:56:16Z,,,,,,,,,,,,4840.4
2026-07-07T15:56:16Z,,,,,,,,,,,,4832.8
2026-07-07T15:56:16Z,,,,,,,,,,,,4824.2
2026-07-07T15:56:16Z,51.553967,-0.068931,8.4,0.8,1.1,99.9,17,1,3,3.24,102.9,4819.0
2026-07-07T15:56:16Z,,,,,,,,,,,,4813.0
2026-07-07T15:56:16Z,,,,,,,,,,,,4806.6
2026-07-07T15:56:16Z,,,,,,,,,,,,4801.8
2026-07-07T15:56:17Z,,,,,,,,,,,,4794.8
2026-07-07T15:56:17Z,51.553967,-0.068921,8.2,0.8,1.1,99.9,17,1,3,2.78,100.5,4787.5
2026-07-07T15:56:17Z,,,,,,,,,,,,4783.9
2026-07-07T15:56:17Z,,,,,,,,,,,,4779.6
2026-07-07T15:56:17Z,,,,,,,,,,,,4773.2
2026-07-07T15:56:17Z,,,,,,,,,,,,4766.3
2026-07-07T15:56:17Z,51.553967,-0.068909,8.0,0.8,1.1,99.9,17,1,3,2.76,101.2,4758.5
2026-07-07T15:56:17Z,,,,,,,,,,,,4752.1
2026-07-07T15:56:17Z,,,,,,,,,,,,4748.8
2026-07-07T15:56:17Z,,,,,,,,,,,,4745.9
2026-07-07T15:56:18Z,,,,,,,,,,,,4743.1
2026-07-07T15:56:18Z,51.553967,-0.068898,8.0,0.8,1.1,99.9,17,1,3,2.84,98.8,4739.7
2026-07-07T15:56:18Z,,,,,,,,,,,,4738.1
2026-07-07T15:56:18Z,,,,,,,,,,,,4740.2
2026-07-07T15:56:18Z,,,,,,,,,,,,4744.0
2026-07-07T15:56:18Z,,,,,,,,,,,,4748.1
2026-07-07T15:56:18Z,51.553967,-0.068886,8.0,0.8,1.1,99.9,17,1,3,2.81,88.9,4752.5
2026-07-07T15:56:18Z,,,,,,,,,,,,4758.2
2026-07-07T15:56:18Z,,,,,,,,,,,,4766.7
2026-07-07T15:56:18Z,,,,,,,,,,,,4776.4
2026-07-07T15:56:19Z,,,,,,,,,,,,4782.9
2026-07-07T15:56:19Z,51.553967,-0.068874,7.9,0.8,1.1,99.9,17,1,3,2.94,95.1,4787.2
2026-07-07T15:56:19Z,,,,,,,,,,,,4789.2
2026-07-07T15:56:19Z,,,,,,,,,,,,4789.6
2026-07-07T15:56:19Z,,,,,,,,,,,,4791.6
2026-07-07T15:56:19Z,,,,,,,,,,,,4792.4
2026-07-07T15:56:19Z,51.553970,-0.068862,7.7,0.8,1.1,99.9,17,1,3,3.20,89.5,4791.6
2026-07-07T15:56:19Z,,,,,,,,,,,,4789.7
2026-07-07T15:56:19Z,,,,,,,,,,,,4787.5
2026-07-07T15:56:19Z,,,,,,,,,,,,4788.9
2026-07-07T15:56:20Z,,,,,,,,,,,,4792.7
2026-07-07T15:56:20Z,51.553970,-0.068850,7.6,0.8,1.1,99.9,17,1,3,3.19,82.9,4795.5
2026-07-07T15:56:20Z,,,,,,,,,,,,4796.9
2026-07-07T15:56:20Z,,,,,,,,,,,,4798.5
2026-07-07T15:56:20Z,,,,,,,,,,,,4802.3
2026-07-07T15:56:20Z,,,,,,,,,,,,4807.9
2026-07-07T15:56:20Z,51.553974,-0.068839,7.6,0.8,1.1,99.9,17,1,3,2.89,81.1,4811.3
2026-07-07T15:56:20Z,,,,,,,,,,,,4811.9
2026-07-07T15:56:20Z,,,,,,,,,,,,4810.4
2026-07-07T15:56:21Z,,,,,,,,,,,,4808.4
2026-07-07T15:56:21Z,,,,,,,,,,,,4808.3
2026-07-07T15:56:21Z,51.553974,-0.068829,7.6,0.8,1.1,99.9,17,1,3,2.71,78.8,4806.6
2026-07-07T15:56:21Z,,,,,,,,,,,,4801.3
2026-07-07T15:56:21Z,,,,,,,,,,,,4794.2
2026-07-07T15:56:21Z,,,,,,,,,,,,4786.5
2026-07-07T15:56:21Z,,,,,,,,,,,,4779.9
2026-07-07T15:56:21Z,51.553974,-0.068820,7.6,0.8,1.1,99.9,17,1,3,2.48,80.1,4774.5
2026-07-07T15:56:21Z,,,,,,,,,,,,4767.6
2026-07-07T15:56:21Z,,,,,,,,,,,,4760.2
2026-07-07T15:56:22Z,,,,,,,,,,,,4752.2
2026-07-07T15:56:22Z,,,,,,,,,,,,4746.8
2026-07-07T15:56:22Z,51.553978,-0.068811,7.4,0.8,1.1,99.9,17,1,3,2.46,79.2,4744.3
2026-07-07T15:56:22Z,,,,,,,,,,,,4740.8
2026-07-07T15:56:22Z,,,,,,,,,,,,4737.2
2026-07-07T15:56:22Z,,,,,,,,,,,,4734.5
2026-07-07T15:56:22Z,,,,,,,,,,,,4731.0
2026-07-07T15:56:22Z,51.553982,-0.068802,7.4,0.8,1.1,99.9,17,1,3,2.56,66.1,4729.2
2026-07-07T15:56:22Z,,,,,,,,,,,,4728.4
2026-07-07T15:56:22Z,,,,,,,,,,,,4727.8
2026-07-07T15:56:23Z,,,,,,,,,,,,4729.8
2026-07-07T15:56:23Z,,,,,,,,,,,,4734.9
2026-07-07T15:56:23Z,51.553989,-0.068794,7.2,0.8,1.1,99.9,17,1,3,2.75,57.2,4743.9
2026-07-07T15:56:23Z,,,,,,,,,,,,4756.6
2026-07-07T15:56:23Z,,,,,,,,,,,,4771.7
2026-07-07T15:56:23Z,,,,,,,,,,,,4788.7
2026-07-07T15:56:23Z,,,,,,,,,,,,4805.4
2026-07-07T15:56:23Z,51.553993,-0.068787,7.0,0.8,1.1,99.9,17,1,3,2.70,43.6,4821.2
2026-07-07T15:56:23Z,,,,,,,,,,,,4840.4
2026-07-07T15:56:23Z,,,,,,,,,,,,4859.5
2026-07-07T15:56:24Z,,,,,,,,,,,,4877.1
2026-07-07T15:56:24Z,,,,,,,,,,,,4891.5
2026-07-07T15:56:24Z,51.553997,-0.068780,6.9,0.8,1.1,99.9,17,1,3,2.70,40.3,4903.4
2026-07-07T15:56:24Z,,,,,,,,,,,,4916.3
2026-07-07T15:56:24Z,,,,,,,,,,,,4930.2
2026-07-07T15:56:24Z,,,,,,,,,,,,4941.9
2026-07-07T15:56:24Z,,,,,,,,,,,,4951.5
2026-07-07T15:56:24Z,51.554005,-0.068772,6.7,0.8,1.1,99.9,17,1,3,2.58,45.0,4954.8
2026-07-07T15:56:24Z,,,,,,,,,,,,4954.7
2026-07-07T15:56:24Z,,,,,,,,,,,,4955.0
2026-07-07T15:56:25Z,,,,,,,,,,,,4953.3
2026-07-07T15:56:25Z,,,,,,,,,,,,4949.9
2026-07-07T15:56:25Z,51.554008,-0.068764,6.6,0.8,1.1,99.9,17,1,3,2.96,41.8,4943.2
2026-07-07T15:56:25Z,,,,,,,,,,,,4935.5
2026-07-07T15:56:25Z,,,,,,,,,,,,4927.9
2026-07-07T15:56:25Z,,,,,,,,,,,,4920.2
2026-07-07T15:56:25Z,,,,,,,,,,,,4914.1
2026-07-07T15:56:25Z,51.554016,-0.068755,6.5,0.8,1.1,99.9,17,1,3,2.91,43.7,4905.6
2026-07-07T15:56:25Z,,,,,,,,,,,,4895.4
2026-07-07T15:56:25Z,,,,,,,,,,,,4888.5
2026-07-07T15:56:26Z,,,,,,,,,,,,4883.6
2026-07-07T15:56:26Z,,,,,,,,,,,,4878.8
2026-07-07T15:56:26Z,51.554024,-0.068748,6.5,0.8,1.1,99.9,17,1,3,3.17,46.0,4874.3
2026-07-07T15:56:26Z,,,,,,,,,,,,4867.6
2026-07-07T15:56:26Z,,,,,,,,,,,,4861.2
2026-07-07T15:56:26Z,,,,,,,,,,,,4858.6
2026-07-07T15:56:26Z,,,,,,,,,,,,4857.7
2026-07-07T15:56:26Z,51.554031,-0.068742,6.5,0.8,1.1,99.9,17,1,3,3.03,31.0,4861.1
2026-07-07T15:56:26Z,,,,,,,,,,,,4868.0
2026-07-07T15:56:26Z,,,,,,,,,,,,4880.2
2026-07-07T15:56:27Z,,,,,,,,,,,,4900.9
2026-07-07T15:56:27Z,,,,,,,,,,,,4925.7
2026-07-07T15:56:27Z,51.554035,-0.068735,6.6,0.8,1.1,99.9,17,1,3,3.26,28.0,4954.2
2026-07-07T15:56:27Z,,,,,,,,,,,,4980.9
2026-07-07T15:56:27Z,,,,,,,,,,,,5006.0
2026-07-07T15:56:27Z,,,,,,,,,,,,5030.9
2026-07-07T15:56:27Z,,,,,,,,,,,,5055.8
2026-07-07T15:56:27Z,51.554039,-0.068728,6.6,0.8,1.1,99.9,17,1,3,2.35,46.2,5076.1
2026-07-07T15:56:27Z,,,,,,,,,,,,5090.2
2026-07-07T15:56:27Z,,,,,,,,,,,,5095.7
2026-07-07T15:56:28Z,,,,,,,,,,,,5098.9
2026-07-07T15:56:28Z,,,,,,,,,,,,5102.5
2026-07-07T15:56:28Z,51.554043,-0.068721,6.6,0.8,1.1,99.9,17,1,3,2.39,50.4,5102.4
2026-07-07T15:56:28Z,,,,,,,,,,,,5098.0
2026-07-07T15:56:28Z,,,,,,,,,,,,5087.2
2026-07-07T15:56:28Z,,,,,,,,,,,,5073.2
2026-07-07T15:56:28Z,,,,,,,,,,,,5059.9
2026-07-07T15:56:28Z,51.554047,-0.068714,6.7,0.8,1.1,99.9,17,1,3,2.19,41.7,5046.6
2026-07-07T15:56:28Z,,,,,,,,,,,,5031.6
2026-07-07T15:56:28Z,,,,,,,,,,,,5014.0
2026-07-07T15:56:29Z,,,,,,,,,,,,4994.8
2026-07-07T15:56:29Z,,,,,,,,,,,,4978.2
2026-07-07T15:56:29Z,51.554054,-0.068708,6.7,0.8,1.1,99.9,17,1,3,2.14,37.0,4964.4
2026-07-07T15:56:29Z,,,,,,,,,,,,4953.8
2026-07-07T15:56:29Z,,,,,,,,,,,,4945.7
2026-07-07T15:56:29Z,,,,,,,,,,,,4939.3
2026-07-07T15:56:29Z,,,,,,,,,,,,4936.4
2026-07-07T15:56:29Z,51.554058,-0.068702,6.9,0.8,1.1,99.9,17,1,3,2.39,40.5,4939.2
2026-07-07T15:56:29Z,,,,,,,,,,,,4943.5
2026-07-07T15:56:29Z,,,,,,,,,,,,4947.5
2026-07-07T15:56:30Z,,,,,,,,,,,,4949.6
2026-07-07T15:56:30Z,,,,,,,,,,,,4950.6
2026-07-07T15:56:30Z,51.554062,-0.068697,6.9,0.8,1.1,99.9,17,1,3,1.97,43.4,4953.9
2026-07-07T15:56:30Z,,,,,,,,,,,,4958.5
2026-07-07T15:56:30Z,,,,,,,,,,,,4962.4
2026-07-07T15:56:30Z,,,,,,,,,,,,4963.9
2026-07-07T15:56:30Z,,,,,,,,,,,,4962.8
2026-07-07T15:56:30Z,51.554066,-0.068692,6.8,0.8,1.1,99.9,17,1,3,2.20,40.7,4962.3
2026-07-07T15:56:30Z,,,,,,,,,,,,4962.7
2026-07-07T15:56:30Z,,,,,,,,,,,,4961.2
2026-07-07T15:56:31Z,,,,,,,,,,,,4956.8
2026-07-07T15:56:31Z,,,,,,,,,,,,4949.0
2026-07-07T15:56:31Z,51.554073,-0.068688,7.0,0.8,1.1,99.9,17,1,3,2.59,27.2,4940.5
2026-07-07T15:56:31Z,,,,,,,,,,,,4934.5
2026-07-07T15:56:31Z,,,,,,,,,,,,4930.6
2026-07-07T15:56:31Z,,,,,,,,,,,,4929.3
2026-07-07T15:56:31Z,,,,,,,,,,,,4931.9
2026-07-07T15:56:31Z,51.554081,-0.068685,7.0,0.8,1.1,99.9,17,1,3,3.03,9.4,4941.7
2026-07-07T15:56:31Z,,,,,,,,,,,,4961.2
2026-07-07T15:56:31Z,,,,,,,,,,,,4987.8
2026-07-07T15:56:31Z,,,,,,,,,,,,5017.3
2026-07-07T15:56:32Z,,,,,,,,,,,,5047.9
2026-07-07T15:56:32Z,51.554089,-0.068682,6.9,0.8,1.1,99.9,17,1,3,3.07,13.7,5079.5
2026-07-07T15:56:32Z,,,,,,,,,,,,5110.2
2026-07-07T15:56:32Z,,,,,,,,,,,,5143.5
2026-07-07T15:56:32Z,,,,,,,,,,,,5173.9
2026-07-07T15:56:32Z,,,,,,,,,,,,5200.7
2026-07-07T15:56:32Z,51.554096,-0.068679,6.9,0.8,1.1,99.9,17,1,3,3.20,6.5,5223.0
2026-07-07T15:56:32Z,,,,,,,,,,,,5244.4
2026-07-07T15:56:32Z,,,,,,,,,,,,5272.7
2026-07-07T15:56:33Z,,,,,,,,,,,,5305.5
2026-07-07T15:56:33Z,,,,,,,,,,,,5338.4
2026-07-07T15:56:33Z,51.554104,-0.068677,6.9,0.8,1.1,99.9,17,1,3,2.98,0.2,5370.5
2026-07-07T15:56:33Z,,,,,,,,,,,,5399.1
2026-07-07T15:56:33Z,,,,,,,,,,,,5429.1
2026-07-07T15:56:33Z,,,,,,,,,,,,5455.0
2026-07-07T15:56:33Z,,,,,,,,,,,,5471.8
2026-07-07T15:56:33Z,51.554111,-0.068676,6.9,0.8,1.1,99.9,17,1,3,2.67,359.1,5480.6
2026-07-07T15:56:33Z,,,,,,,,,,,,5483.5
2026-07-07T15:56:33Z,,,,,,,,,,,,5482.5
2026-07-07T15:56:34Z,,,,,,,,,,,,5480.1
2026-07-07T15:56:34Z,,,,,,,,,,,,5472.4
2026-07-07T15:56:34Z,51.554115,-0.068674,7.4,0.8,1.1,99.9,17,1,3,2.04,355.9,5458.1
2026-07-07T15:56:34Z,,,,,,,,,,,,5437.8
2026-07-07T15:56:34Z,,,,,,,,,,,,5412.5
2026-07-07T15:56:34Z,,,,,,,,,,,,5389.0
2026-07-07T15:56:34Z,,,,,,,,,,,,5364.2
2026-07-07T15:56:34Z,51.554123,-0.068671,7.6,0.8,1.1,99.9,17,1,3,2.32,6.5,5336.4
2026-07-07T15:56:34Z,,,,,,,,,,,,5309.3
2026-07-07T15:56:34Z,,,,,,,,,,,,5280.0
2026-07-07T15:56:35Z,,,,,,,,,,,,5251.1
2026-07-07T15:56:35Z,,,,,,,,,,,,5225.9
2026-07-07T15:56:35Z,51.554127,-0.068668,8.0,0.8,1.1,99.9,17,1,3,2.45,14.3,5200.1
2026-07-07T15:56:35Z,,,,,,,,,,,,5175.7
2026-07-07T15:56:35Z,,,,,,,,,,,,5151.2
2026-07-07T15:56:35Z,,,,,,,,,,,,5128.9
2026-07-07T15:56:35Z,,,,,,,,,,,,5110.3
2026-07-07T15:56:35Z,51.554134,-0.068664,8.3,0.8,1.1,99.9,17,1,3,2.38,10.4,5094.4
2026-07-07T15:56:35Z,,,,,,,,,,,,5077.5
2026-07-07T15:56:35Z,,,,,,,,,,,,5060.6
2026-07-07T15:56:36Z,,,,,,,,,,,,5043.3
2026-07-07T15:56:36Z,,,,,,,,,,,,5027.8
2026-07-07T15:56:36Z,51.554142,-0.068661,8.6,0.8,1.1,99.9,17,1,3,2.45,15.6,5014.7
2026-07-07T15:56:36Z,,,,,,,,,,,,5001.9
2026-07-07T15:56:36Z,,,,,,,,,,,,4989.4
2026-07-07T15:56:36Z,,,,,,,,,,,,4977.1
2026-07-07T15:56:36Z,,,,,,,,,,,,4965.8
2026-07-07T15:56:36Z,51.554150,-0.068657,8.6,0.8,1.1,99.9,17,1,3,2.71,15.9,4957.2
2026-07-07T15:56:36Z,,,,,,,,,,,,4951.2
2026-07-07T15:56:36Z,,,,,,,,,,,,4948.1
2026-07-07T15:56:37Z,,,,,,,,,,,,4945.0
2026-07-07T15:56:37Z,,,,,,,,,,,,4942.5
2026-07-07T15:56:37Z,51.554157,-0.068652,8.6,0.8,1.1,99.9,17,1,3,2.71,12.4,4944.3
2026-07-07T15:56:37Z,,,,,,,,,,,,4949.0
2026-07-07T15:56:37Z,,,,,,,,,,,,4955.1
2026-07-07T15:56:37Z,,,,,,,,,,,,4961.2
2026-07-07T15:56:37Z,,,,,,,,,,,,4964.7
2026-07-07T15:56:37Z,51.554161,-0.068647,8.6,0.8,1.1,99.9,17,1,3,2.89,18.9,4967.9
2026-07-07T15:56:37Z,,,,,,,,,,,,4972.1
2026-07-07T15:56:37Z,,,,,,,,,,,,4975.1
2026-07-07T15:56:38Z,,,,,,,,,,,,4977.2
2026-07-07T15:56:38Z,,,,,,,,,,,,4975.7
2026-07-07T15:56:38Z,51.554169,-0.068643,8.7,0.8,1.1,99.9,17,1,3,2.74,19.0,4972.4
2026-07-07T15:56:38Z,,,,,,,,,,,,4969.9
2026-07-07T15:56:38Z,,,,,,,,,,,,4966.6
2026-07-07T15:56:38Z,,,,,,,,,,,,4963.2
2026-07-07T15:56:38Z,,,,,,,,,,,,4957.6
2026-07-07T15:56:38Z,51.554176,-0.068638,9.0,0.8,1.1,99.9,17,1,3,3.07,21.5,4950.6
2026-07-07T15:56:38Z,,,,,,,,,,,,4945.5
2026-07-07T15:56:38Z,,,,,,,,,,,,4942.1
2026-07-07T15:56:39Z,,,,,,,,,,,,4940.6
2026-07-07T15:56:39Z,,,,,,,,,,,,4940.1
2026-07-07T15:56:39Z,51.554180,-0.068637,8.9,0.8,1.1,99.9,17,1,3,2.90,15.9,4940.5
2026-07-07T15:56:39Z,,,,,,,,,,,,4944.0
2026-07-07T15:56:39Z,,,,,,,,,,,,4951.6
2026-07-07T15:56:39Z,,,,,,,,,,,,4959.9
2026-07-07T15:56:39Z,,,,,,,,,,,,4968.2
2026-07-07T15:56:39Z,51.554180,-0.068635,9.0,0.8,1.1,99.9,17,1,3,0.00,15.9,4973.6
2026-07-07T15:56:39Z,,,,,,,,,,,,4976.7
2026-07-07T15:56:39Z,,,,,,,,,,,,4979.6
2026-07-07T15:56:40Z,,,,,,,,,,,,4981.0
2026-07-07T15:56:40Z,,,,,,,,,,,,4980.0
2026-07-07T15:56:40Z,51.554184,-0.068632,9.0,0.8,1.1,99.9,17,1,3,0.00,15.9,4977.2
2026-07-07T15:56:40Z,,,,,,,,,,,,4974.0
2026-07-07T15:56:40Z,,,,,,,,,,,,4972.7
2026-07-07T15:56:40Z,,,,,,,,,,,,4974.1
2026-07-07T15:56:40Z,,,,,,,,,,,,4979.0
2026-07-07T15:56:40Z,51.554188,-0.068631,9.2,0.8,1.1,99.9,17,1,3,0.00,15.9,4988.3
2026-07-07T15:56:40Z,,,,,,,,,,,,4997.7
2026-07-07T15:56:40Z,,,,,,,,,,,,5006.5
2026-07-07T15:56:41Z,,,,,,,,,,,,5017.9
2026-07-07T15:56:41Z,,,,,,,,,,,,5028.2
2026-07-07T15:56:41Z,51.554195,-0.068630,9.3,0.8,1.1,99.9,17,1,3,2.72,353.7,5035.2
2026-07-07T15:56:41Z,,,,,,,,,,,,5038.0
2026-07-07T15:56:41Z,,,,,,,,,,,,5038.0
2026-07-07T15:56:41Z,,,,,,,,,,,,5035.8
2026-07-07T15:56:41Z,,,,,,,,,,,,5032.1
2026-07-07T15:56:41Z,51.554207,-0.068627,9.2,0.8,1.1,99.9,17,1,3,3.29,356.3,5027.6
2026-07-07T15:56:41Z,,,,,,,,,,,,5019.2
2026-07-07T15:56:41Z,,,,,,,,,,,,5008.5
2026-07-07T15:56:42Z,,,,,,,,,,,,4997.8
2026-07-07T15:56:42Z,,,,,,,,,,,,4988.0
2026-07-07T15:56:42Z,51.554214,-0.068626,9.3,0.8,1.1,99.9,17,1,3,2.93,355.6,4977.6
2026-07-07T15:56:42Z,,,,,,,,,,,,4966.2
2026-07-07T15:56:42Z,,,,,,,,,,,,4954.5
2026-07-07T15:56:42Z,,,,,,,,,,,,4943.8
2026-07-07T15:56:42Z,,,,,,,,,,,,4935.7
2026-07-07T15:56:42Z,51.554222,-0.068623,9.3,0.8,1.1,99.9,17,1,3,2.81,356.5,4930.5
2026-07-07T15:56:42Z,,,,,,,,,,,,4925.3
2026-07-07T15:56:42Z,,,,,,,,,,,,4919.4
2026-07-07T15:56:43Z,,,,,,,,,,,,4914.4
2026-07-07T15:56:43Z,,,,,,,,,,,,4912.3
2026-07-07T15:56:43Z,51.554230,-0.068619,9.2,0.8,1.1,99.9,17,1,3,3.01,3.5,4911.9
2026-07-07T15:56:43Z,,,,,,,,,,,,4912.0
2026-07-07T15:56:43Z,,,,,,,,,,,,4912.6
2026-07-07T15:56:43Z,,,,,,,,,,,,4913.2
2026-07-07T15:56:43Z,,,,,,,,,,,,4914.4
2026-07-07T15:56:43Z,51.554237,-0.068616,9.2,0.8,1.1,99.9,17,1,3,3.22,8.4,4917.9
2026-07-07T15:56:43Z,,,,,,,,,,,,4921.7
2026-07-07T15:56:43Z,,,,,,,,,,,,4924.4
2026-07-07T15:56:44Z,,,,,,,,,,,,4924.6
2026-07-07T15:56:44Z,,,,,,,,,,,,4922.8
2026-07-07T15:56:44Z,51.554249,-0.068613,9.3,0.8,1.1,99.9,17,1,3,3.00,2.5,4921.6
2026-07-07T15:56:44Z,,,,,,,,,,,,4920.7
2026-07-07T15:56:44Z,,,,,,,,,,,,4917.8
2026-07-07T15:56:44Z,,,,,,,,,,,,4913.4
2026-07-07T15:56:44Z,,,,,,,,,,,,4907.6
2026-07-07T15:56:44Z,51.554256,-0.068610,9.4,0.8,1.1,99.9,17,1,3,3.02,5.2,4901.7
2026-07-07T15:56:44Z,,,,,,,,,,,,4896.1
2026-07-07T15:56:44Z,,,,,,,,,,,,4890.6
2026-07-07T15:56:45Z,,,,,,,,,,,,4885.2
2026-07-07T15:56:45Z,,,,,,,,,,,,4879.2
2026-07-07T15:56:45Z,51.554264,-0.068606,9.6,0.8,1.1,99.9,17,1,3,2.72,9.1,4872.6
2026-07-07T15:56:45Z,,,,,,,,,,,,4867.9
2026-07-07T15:56:45Z,,,,,,,,,,,,4864.1
2026-07-07T15:56:45Z,,,,,,,,,,,,4859.5
2026-07-07T15:56:45Z,,,,,,,,,,,,4854.7
2026-07-07T15:56:45Z,51.554268,-0.068601,9.8,0.8,1.1,99.9,17,1,3,2.92,13.1,4849.1
2026-07-07T15:56:45Z,,,,,,,,,,,,4843.4
2026-07-07T15:56:45Z,,,,,,,,,,,,4839.2
2026-07-07T15:56:46Z,,,,,,,,,,,,4834.0
2026-07-07T15:56:46Z,,,,,,,,,,,,4827.9
2026-07-07T15:56:46Z,51.554279,-0.068597,9.9,0.8,1.1,99.9,17,1,3,2.57,15.3,4821.2
2026-07-07T15:56:46Z,,,,,,,,,,,,4815.1
2026-07-07T15:56:46Z,,,,,,,,,,,,4809.6
2026-07-07T15:56:46Z,,,,,,,,,,,,4804.0
2026-07-07T15:56:46Z,,,,,,,,,,,,4798.7
2026-07-07T15:56:46Z,51.554287,-0.068593,10.0,0.8,1.1,99.9,17,1,3,3.40,7.7,4795.7
2026-07-07T15:56:46Z,,,,,,,,,,,,4794.1
2026-07-07T15:56:46Z,,,,,,,,,,,,4794.8
2026-07-07T15:56:47Z,,,,,,,,,,,,4798.5
2026-07-07T15:56:47Z,,,,,,,,,,,,4803.3
2026-07-07T15:56:47Z,51.554295,-0.068589,10.0,0.8,1.1,99.9,17,1,3,2.98,10.8,4809.6
2026-07-07T15:56:47Z,,,,,,,,,,,,4815.9
2026-07-07T15:56:47Z,,,,,,,,,,,,4822.1
2026-07-07T15:56:47Z,,,,,,,,,,,,4828.6
2026-07-07T15:56:47Z,,,,,,,,,,,,4833.4
2026-07-07T15:56:47Z,51.554302,-0.068585,10.0,0.8,1.1,99.9,17,1,3,2.97,7.2,4835.5
2026-07-07T15:56:47Z,,,,,,,,,,,,4835.7
2026-07-07T15:56:47Z,,,,,,,,,,,,4834.3
2026-07-07T15:56:48Z,,,,,,,,,,,,4831.2
2026-07-07T15:56:48Z,,,,,,,,,,,,4828.4
2026-07-07T15:56:48Z,51.554310,-0.068582,10.0,0.8,1.1,99.9,17,1,3,2.58,3.0,4824.9
2026-07-07T15:56:48Z,,,,,,,,,,,,4820.0
2026-07-07T15:56:48Z,,,,,,,,,,,,4814.0
2026-07-07T15:56:48Z,,,,,,,,,,,,4808.0
2026-07-07T15:56:48Z,,,,,,,,,,,,4803.4
2026-07-07T15:56:48Z,51.554317,-0.068577,10.0,0.8,1.1,99.9,17,1,3,2.63,6.0,4798.9
2026-07-07T15:56:48Z,,,,,,,,,,,,4794.1
2026-07-07T15:56:48Z,,,,,,,,,,,,4789.1
2026-07-07T15:56:49Z,,,,,,,,,,,,4784.9
2026-07-07T15:56:49Z,,,,,,,,,,,,4783.0
2026-07-07T15:56:49Z,51.554325,-0.068572,10.1,0.8,1.1,99.9,17,1,3,2.81,10.4,4782.1
2026-07-07T15:56:49Z,,,,,,,,,,,,4780.2
2026-07-07T15:56:49Z,,,,,,,,,,,,4777.1
2026-07-07T15:56:49Z,,,,,,,,,,,,4774.2
2026-07-07T15:56:49Z,,,,,,,,,,,,4771.7
2026-07-07T15:56:49Z,51.554325,-0.068570,10.1,0.8,1.1,99.9,17,1,3,0.00,16.6,4770.7
2026-07-07T15:56:49Z,,,,,,,,,,,,4770.0
2026-07-07T15:56:49Z,,,,,,,,,,,,4768.7
2026-07-07T15:56:50Z,,,,,,,,,,,,4768.8
2026-07-07T15:56:50Z,,,,,,,,,,,,4772.1
2026-07-07T15:56:50Z,51.554329,-0.068567,10.1,0.8,1.1,99.9,17,1,3,0.00,16.6,4783.4
2026-07-07T15:56:50Z,,,,,,,,,,,,4803.0
2026-07-07T15:56:50Z,,,,,,,,,,,,4831.2
2026-07-07T15:56:50Z,,,,,,,,,,,,4864.2
2026-07-07T15:56:50Z,,,,,,,,,,,,4903.0
2026-07-07T15:56:50Z,51.554329,-0.068565,10.1,0.8,1.1,99.9,17,1,3,0.00,16.6,4941.1
2026-07-07T15:56:50Z,,,,,,,,,,,,4985.3
2026-07-07T15:56:50Z,,,,,,,,,,,,5030.0
2026-07-07T15:56:51Z,,,,,,,,,,,,5063.3
2026-07-07T15:56:51Z,,,,,,,,,,,,5083.7
2026-07-07T15:56:51Z,51.554329,-0.068561,10.2,0.8,1.1,99.9,17,1,3,0.00,16.6,5098.2
2026-07-07T15:56:51Z,,,,,,,,,,,,5110.2
2026-07-07T15:56:51Z,,,,,,,,,,,,5118.7
2026-07-07T15:56:51Z,,,,,,,,,,,,5118.7
2026-07-07T15:56:51Z,,,,,,,,,,,,5114.9
2026-07-07T15:56:51Z,51.554333,-0.068558,10.5,0.8,1.1,99.9,17,1,3,0.00,16.6,5107.0
2026-07-07T15:56:51Z,,,,,,,,,,,,5095.5
2026-07-07T15:56:51Z,,,,,,,,,,,,5082.9
2026-07-07T15:56:52Z,,,,,,,,,,,,5068.1
2026-07-07T15:56:52Z,,,,,,,,,,,,5052.1
2026-07-07T15:56:52Z,51.554333,-0.068555,10.7,0.8,1.1,99.9,17,1,3,0.37,16.6,5033.8
2026-07-07T15:56:52Z,,,,,,,,,,,,5015.0
2026-07-07T15:56:52Z,,,,,,,,,,,,4998.4
2026-07-07T15:56:52Z,,,,,,,,,,,,4984.9
2026-07-07T15:56:52Z,,,,,,,,,,,,4974.1
2026-07-07T15:56:52Z,51.554337,-0.068553,10.8,0.8,1.1,99.9,17,1,3,0.00,16.6,4967.3
2026-07-07T15:56:52Z,,,,,,,,,,,,4958.8
2026-07-07T15:56:52Z,,,,,,,,,,,,4950.8
2026-07-07T15:56:53Z,,,,,,,,,,,,4946.4
2026-07-07T15:56:53Z,,,,,,,,,,,,4942.3
2026-07-07T15:56:53Z,51.554337,-0.068551,10.8,0.8,1.1,99.9,17,1,3,0.00,16.6,4937.8
2026-07-07T15:56:53Z,,,,,,,,,,,,4932.3
2026-07-07T15:56:53Z,,,,,,,,,,,,4925.6
2026-07-07T15:56:53Z,,,,,,,,,,,,4920.3
2026-07-07T15:56:53Z,,,,,,,,,,,,4915.9
2026-07-07T15:56:53Z,51.554337,-0.068549,10.9,0.8,1.1,99.9,17,1,3,0.00,16.6,4913.0
2026-07-07T15:56:53Z,,,,,,,,,,,,4911.2
2026-07-07T15:56:53Z,,,,,,,,,,,,4908.4
2026-07-07T15:56:54Z,,,,,,,,,,,,4907.4
2026-07-07T15:56:54Z,,,,,,,,,,,,4910.0
2026-07-07T15:56:54Z,51.554337,-0.068547,11.0,0.8,1.1,99.9,17,1,3,0.00,16.6,4914.2
2026-07-07T15:56:54Z,,,,,,,,,,,,4919.7
2026-07-07T15:56:54Z,,,,,,,,,,,,4923.4
2026-07-07T15:56:54Z,,,,,,,,,,,,4924.6
2026-07-07T15:56:54Z,,,,,,,,,,,,4926.2
2026-07-07T15:56:54Z,51.554337,-0.068545,11.1,0.8,1.1,99.9,17,1,3,0.00,16.6,4927.2
2026-07-07T15:56:54Z,,,,,,,,,,,,4926.7
2026-07-07T15:56:54Z,,,,,,,,,,,,4924.2
2026-07-07T15:56:55Z,,,,,,,,,,,,4918.3
2026-07-07T15:56:55Z,,,,,,,,,,,,4911.5
2026-07-07T15:56:55Z,51.554337,-0.068544,11.2,0.8,1.1,99.9,17,1,3,0.00,16.6,4906.6
2026-07-07T15:56:55Z,,,,,,,,,,,,4901.4
2026-07-07T15:56:55Z,,,,,,,,,,,,4895.1
2026-07-07T15:56:55Z,,,,,,,,,,,,4887.3
2026-07-07T15:56:55Z,,,,,,,,,,,,4878.3
2026-07-07T15:56:55Z,51.554337,-0.068542,11.2,0.8,1.1,99.9,17,1,3,0.00,16.6,4871.4
2026-07-07T15:56:55Z,,,,,,,,,,,,4865.7
2026-07-07T15:56:55Z,,,,,,,,,,,,4859.7
2026-07-07T15:56:56Z,,,,,,,,,,,,4854.0
2026-07-07T15:56:56Z,,,,,,,,,,,,4848.1
2026-07-07T15:56:56Z,51.554344,-0.068543,11.4,0.8,1.1,99.9,17,1,3,0.00,16.6,4844.5
2026-07-07T15:56:56Z,,,,,,,,,,,,4844.2
2026-07-07T15:56:56Z,,,,,,,,,,,,4844.6
2026-07-07T15:56:56Z,,,,,,,,,,,,4845.6
2026-07-07T15:56:56Z,,,,,,,,,,,,4844.8
2026-07-07T15:56:56Z,51.554352,-0.068545,11.6,0.8,1.1,99.9,17,1,3,2.86,344.5,4843.2
2026-07-07T15:56:56Z,,,,,,,,,,,,4843.2
2026-07-07T15:56:56Z,,,,,,,,,,,,4842.8
2026-07-07T15:56:57Z,,,,,,,,,,,,4841.2
2026-07-07T15:56:57Z,,,,,,,,,,,,4838.9
2026-07-07T15:56:57Z,51.554356,-0.068546,11.8,0.8,1.1,99.9,17,1,3,3.00,341.2,4836.1
2026-07-07T15:56:57Z,,,,,,,,,,,,4834.6
2026-07-07T15:56:57Z,,,,,,,,,,,,4835.3
2026-07-07T15:56:57Z,,,,,,,,,,,,4835.6
2026-07-07T15:56:57Z,,,,,,,,,,,,4836.2
2026-07-07T15:56:57Z,51.554363,-0.068547,12.0,0.8,1.1,99.9,17,1,3,2.13,340.9,4837.4
2026-07-07T15:56:57Z,,,,,,,,,,,,4838.2
2026-07-07T15:56:57Z,,,,,,,,,,,,4840.5
2026-07-07T15:56:58Z,,,,,,,,,,,,4842.0
2026-07-07T15:56:58Z,,,,,,,,,,,,4841.5
2026-07-07T15:56:58Z,51.554367,-0.068549,12.2,0.8,1.1,99.9,17,1,3,1.93,340.9,4839.1
2026-07-07T15:56:58Z,,,,,,,,,,,,4835.5
2026-07-07T15:56:58Z,,,,,,,,,,,,4831.8
2026-07-07T15:56:58Z,,,,,,,,,,,,4828.1
2026-07-07T15:56:58Z,,,,,,,,,,,,4822.9
2026-07-07T15:56:58Z,51.554371,-0.068550,12.3,0.8,1.1,99.9,17,1,3,1.95,329.3,4817.6
2026-07-07T15:56:58Z,,,,,,,,,,,,4811.1
2026-07-07T15:56:58Z,,,,,,,,,,,,4804.0
2026-07-07T15:56:59Z,,,,,,,,,,,,4799.3
2026-07-07T15:56:59Z,,,,,,,,,,,,4794.1
2026-07-07T15:56:59Z,51.554375,-0.068553,12.4,0.8,1.1,99.9,17,1,3,1.83,329.3,4788.1
2026-07-07T15:56:59Z,,,,,,,,,,,,4783.1
2026-07-07T15:56:59Z,,,,,,,,,,,,4779.1
2026-07-07T15:56:59Z,,,,,,,,,,,,4778.6
2026-07-07T15:56:59Z,,,,,,,,,,,,4781.2
2026-07-07T15:56:59Z,51.554379,-0.068555,12.5,0.8,1.1,99.9,17,1,3,1.80,329.3,4785.2
2026-07-07T15:56:59Z,,,,,,,,,,,,4791.3
2026-07-07T15:56:59Z,,,,,,,,,,,,4796.8
2026-07-07T15:57:00Z,,,,,,,,,,,,4801.9
2026-07-07T15:57:00Z,,,,,,,,,,,,4807.1
2026-07-07T15:57:00Z,51.554382,-0.068556,12.5,0.8,1.1,99.9,17,1,3,1.93,329.3,4810.9
2026-07-07T15:57:00Z,,,,,,,,,,,,4813.1
2026-07-07T15:57:00Z,,,,,,,,,,,,4814.0
2026-07-07T15:57:00Z,,,,,,,,,,,,4813.6
2026-07-07T15:57:00Z,,,,,,,,,,,,4813.7
2026-07-07T15:57:00Z,51.554386,-0.068557,12.7,0.8,1.1,99.9,17,1,3,1.72,329.3,4814.4
2026-07-07T15:57:00Z,,,,,,,,,,,,4815.7
2026-07-07T15:57:00Z,,,,,,,,,,,,4819.5
2026-07-07T15:57:01Z,,,,,,,,,,,,4825.4
2026-07-07T15:57:01Z,,,,,,,,,,,,4835.0
2026-07-07T15:57:01Z,51.554386,-0.068559,12.8,0.8,1.1,99.9,17,1,3,1.67,329.3,4850.4
2026-07-07T15:57:01Z,,,,,,,,,,,,4867.7
2026-07-07T15:57:01Z,,,,,,,,,,,,4885.3
2026-07-07T15:57:01Z,,,,,,,,,,,,4900.5
2026-07-07T15:57:01Z,,,,,,,,,,,,4915.5
2026-07-07T15:57:01Z,51.554390,-0.068562,13.0,0.8,1.1,99.9,17,1,3,1.68,329.3,4929.1
2026-07-07T15:57:01Z,,,,,,,,,,,,4938.2
2026-07-07T15:57:01Z,,,,,,,,,,,,4941.1
2026-07-07T15:57:02Z,,,,,,,,,,,,4942.9
2026-07-07T15:57:02Z,,,,,,,,,,,,4942.5
2026-07-07T15:57:02Z,51.554394,-0.068564,13.2,0.8,1.1,99.9,17,1,3,2.03,307.1,4941.1
2026-07-07T15:57:02Z,,,,,,,,,,,,4939.1
2026-07-07T15:57:02Z,,,,,,,,,,,,4935.0
2026-07-07T15:57:02Z,,,,,,,,,,,,4930.5
2026-07-07T15:57:02Z,,,,,,,,,,,,4927.5
2026-07-07T15:57:02Z,51.554394,-0.068567,13.3,0.8,1.1,99.9,17,1,3,1.65,307.1,4928.8
2026-07-07T15:57:02Z,,,,,,,,,,,,4936.1
2026-07-07T15:57:02Z,,,,,,,,,,,,4947.6
2026-07-07T15:57:03Z,,,,,,,,,,,,4961.6
2026-07-07T15:57:03Z,,,,,,,,,,,,4976.5
2026-07-07T15:57:03Z,51.554394,-0.068569,13.4,0.8,1.1,99.9,17,1,3,1.17,307.1,4992.3
2026-07-07T15:57:03Z,,,,,,,,,,,,5006.8
2026-07-07T15:57:03Z,,,,,,,,,,,,5020.3
2026-07-07T15:57:03Z,,,,,,,,,,,,5029.3
2026-07-07T15:57:03Z,,,,,,,,,,,,5034.3
2026-07-07T15:57:03Z,51.554394,-0.068571,13.5,0.8,1.1,99.9,17,1,3,1.43,307.1,5035.8
2026-07-07T15:57:03Z,,,,,,,,,,,,5034.8
2026-07-07T15:57:03Z,,,,,,,,,,,,5032.2
2026-07-07T15:57:04Z,,,,,,,,,,,,5026.4
2026-07-07T15:57:04Z,,,,,,,,,,,,5016.8
2026-07-07T15:57:04Z,51.554394,-0.068573,13.5,0.8,1.1,99.9,17,1,3,1.44,307.1,5004.6
2026-07-07T15:57:04Z,,,,,,,,,,,,4991.0
2026-07-07T15:57:04Z,,,,,,,,,,,,4976.1
2026-07-07T15:57:04Z,,,,,,,,,,,,4961.5
2026-07-07T15:57:04Z,,,,,,,,,,,,4946.6
2026-07-07T15:57:04Z,51.554394,-0.068575,13.7,0.8,1.1,99.9,17,1,3,1.11,307.1,4932.2
2026-07-07T15:57:04Z,,,,,,,,,,,,4918.3
2026-07-07T15:57:04Z,,,,,,,,,,,,4905.8
2026-07-07T15:57:05Z,,,,,,,,,,,,4896.5
2026-07-07T15:57:05Z,,,,,,,,,,,,4888.7
2026-07-07T15:57:05Z,51.554398,-0.068576,13.7,0.8,1.1,99.9,17,1,3,1.28,307.1,4881.4
2026-07-07T15:57:05Z,,,,,,,,,,,,4875.3
2026-07-07T15:57:05Z,,,,,,,,,,,,4869.3
2026-07-07T15:57:05Z,,,,,,,,,,,,4864.7
2026-07-07T15:57:05Z,,,,,,,,,,,,4860.0
2026-07-07T15:57:05Z,51.554398,-0.068578,13.9,0.8,1.1,99.9,17,1,3,1.40,307.1,4855.3
2026-07-07T15:57:05Z,,,,,,,,,,,,4850.5
2026-07-07T15:57:05Z,,,,,,,,,,,,4846.1
2026-07-07T15:57:06Z,,,,,,,,,,,,4842.8
2026-07-07T15:57:06Z,,,,,,,,,,,,4839.3
2026-07-07T15:57:06Z,51.554398,-0.068579,14.0,0.8,1.1,99.9,17,1,3,1.16,307.1,4835.7
2026-07-07T15:57:06Z,,,,,,,,,,,,4833.0
2026-07-07T15:57:06Z,,,,,,,,,,,,4830.9
2026-07-07T15:57:06Z,,,,,,,,,,,,4828.0
2026-07-07T15:57:06Z,,,,,,,,,,,,4825.4
2026-07-07T15:57:06Z,51.554398,-0.068580,14.2,0.8,1.1,99.9,17,1,3,1.15,307.1,4823.8
2026-07-07T15:57:06Z,,,,,,,,,,,,4821.9
2026-07-07T15:57:06Z,,,,,,,,,,,,4820.0
2026-07-07T15:57:07Z,,,,,,,,,,,,4817.7
2026-07-07T15:57:07Z,,,,,,,,,,,,4815.6
2026-07-07T15:57:07Z,51.554401,-0.068582,14.3,0.8,1.1,99.9,17,1,3,1.35,307.1,4813.4
2026-07-07T15:57:07Z,,,,,,,,,,,,4810.2
2026-07-07T15:57:07Z,,,,,,,,,,,,4806.3
2026-07-07T15:57:07Z,,,,,,,,,,,,4801.7
2026-07-07T15:57:07Z,,,,,,,,,,,,4796.2
2026-07-07T15:57:07Z,51.554401,-0.068584,14.5,0.8,1.1,99.9,17,1,3,1.28,307.1,4791.4
2026-07-07T15:57:07Z,,,,,,,,,,,,4786.9
2026-07-07T15:57:07Z,,,,,,,,,,,,4781.4
2026-07-07T15:57:08Z,,,,,,,,,,,,4775.7
2026-07-07T15:57:08Z,,,,,,,,,,,,4770.3
2026-07-07T15:57:08Z,51.554401,-0.068585,14.8,0.8,1.1,99.9,17,1,3,1.07,307.1,4765.8
2026-07-07T15:57:08Z,,,,,,,,,,,,4762.0
2026-07-07T15:57:08Z,,,,,,,,,,,,4758.1
2026-07-07T15:57:08Z,,,,,,,,,,,,4755.8
2026-07-07T15:57:08Z,,,,,,,,,,,,4755.5
2026-07-07T15:57:08Z,51.554401,-0.068585,14.9,0.8,1.1,99.9,17,1,3,0.97,307.1,4758.5
2026-07-07T15:57:08Z,,,,,,,,,,,,4765.6
2026-07-07T15:57:08Z,,,,,,,,,,,,4775.9
2026-07-07T15:57:09Z,,,,,,,,,,,,4788.6
2026-07-07T15:57:09Z,,,,,,,,,,,,4803.7
2026-07-07T15:57:09Z,51.554405,-0.068585,15.1,0.8,1.1,99.9,17,1,3,0.82,307.1,4819.9
2026-07-07T15:57:09Z,,,,,,,,,,,,4837.5
2026-07-07T15:57:09Z,,,,,,,,,,,,4855.3
2026-07-07T15:57:09Z,,,,,,,,,,,,4870.4
2026-07-07T15:57:09Z,,,,,,,,,,,,4885.5
2026-07-07T15:57:09Z,51.554405,-0.068585,15.3,0.8,1.1,99.9,17,1,3,0.86,307.1,4896.9
2026-07-07T15:57:09Z,,,,,,,,,,,,4906.8
2026-07-07T15:57:09Z,,,,,,,,,,,,4916.6
2026-07-07T15:57:10Z,,,,,,,,,,,,4925.8
2026-07-07T15:57:10Z,,,,,,,,,,,,4935.1
2026-07-07T15:57:10Z,51.554405,-0.068585,15.5,0.8,1.1,99.9,17,1,3,1.00,307.1,4944.2
2026-07-07T15:57:10Z,,,,,,,,,,,,4952.5
2026-07-07T15:57:10Z,,,,,,,,,,,,4961.3
2026-07-07T15:57:10Z,,,,,,,,,,,,4967.7
2026-07-07T15:57:10Z,,,,,,,,,,,,4972.2
2026-07-07T15:57:10Z,51.554405,-0.068586,15.5,0.8,1.1,99.9,17,1,3,1.09,307.1,4974.7
2026-07-07T15:57:10Z,,,,,,,,,,,,4975.5
2026-07-07T15:57:10Z,,,,,,,,,,,,4979.0
2026-07-07T15:57:10Z,,,,,,,,,,,,4989.2
2026-07-07T15:57:11Z,,,,,,,,,,,,5006.4
2026-07-07T15:57:11Z,51.554405,-0.068587,15.5,0.8,1.1,99.9,17,1,3,1.00,307.1,5031.9
2026-07-07T15:57:11Z,,,,,,,,,,,,5062.2
2026-07-07T15:57:11Z,,,,,,,,,,,,5098.8
2026-07-07T15:57:11Z,,,,,,,,,,,,5135.8
2026-07-07T15:57:11Z,,,,,,,,,,,,5169.6
2026-07-07T15:57:11Z,51.554405,-0.068585,15.6,0.8,1.1,99.9,17,1,3,0.89,307.1,5197.0
2026-07-07T15:57:11Z,,,,,,,,,,,,5217.4
2026-07-07T15:57:11Z,,,,,,,,,,,,5229.6
2026-07-07T15:57:12Z,,,,,,,,,,,,5239.7
2026-07-07T15:57:12Z,,,,,,,,,,,,5251.3
2026-07-07T15:57:12Z,51.554409,-0.068583,15.7,0.8,1.1,99.9,17,1,3,0.00,307.1,5262.3
2026-07-07T15:57:12Z,,,,,,,,,,,,5272.6
2026-07-07T15:57:12Z,,,,,,,,,,,,5280.4
2026-07-07T15:57:12Z,,,,,,,,,,,,5282.8
2026-07-07T15:57:12Z,,,,,,,,,,,,5282.9
2026-07-07T15:57:12Z,51.554409,-0.068580,15.8,0.8,1.1,99.9,17,1,3,0.00,307.1,5280.4
2026-07-07T15:57:12Z,,,,,,,,,,,,5273.1
2026-07-07T15:57:12Z,,,,,,,,,,,,5261.9
2026-07-07T15:57:12Z,,,,,,,,,,,,5246.7
2026-07-07T15:57:13Z,,,,,,,,,,,,5229.5
2026-07-07T15:57:13Z,51.554413,-0.068582,15.6,0.8,1.1,99.9,17,1,3,0.00,307.1,5210.3
2026-07-07T15:57:13Z,,,,,,,,,,,,5190.7
2026-07-07T15:57:13Z,,,,,,,,,,,,5169.3
2026-07-07T15:57:13Z,,,,,,,,,,,,5145.7
2026-07-07T15:57:13Z,,,,,,,,,,,,5120.5
2026-07-07T15:57:13Z,51.554420,-0.068584,15.5,0.8,1.1,99.9,17,1,3,2.19,328.3,5098.6
2026-07-07T15:57:13Z,,,,,,,,,,,,5078.0
2026-07-07T15:57:13Z,,,,,,,,,,,,5057.0
2026-07-07T15:57:14Z,,,,,,,,,,,,5039.4
2026-07-07T15:57:14Z,,,,,,,,,,,,5025.4
2026-07-07T15:57:14Z,51.554424,-0.068586,15.5,0.8,1.1,99.9,17,1,3,2.44,330.6,5015.8
2026-07-07T15:57:14Z,,,,,,,,,,,,5013.7
2026-07-07T15:57:14Z,,,,,,,,,,,,5018.4
2026-07-07T15:57:14Z,,,,,,,,,,,,5029.8
2026-07-07T15:57:14Z,,,,,,,,,,,,5043.8
2026-07-07T15:57:14Z,51.554428,-0.068587,15.6,0.8,1.1,99.9,17,1,3,1.96,331.0,5060.1
2026-07-07T15:57:14Z,,,,,,,,,,,,5080.4
2026-07-07T15:57:14Z,,,,,,,,,,,,5100.4
2026-07-07T15:57:14Z,,,,,,,,,,,,5117.5
2026-07-07T15:57:15Z,,,,,,,,,,,,5131.4
2026-07-07T15:57:15Z,51.554428,-0.068589,15.7,0.8,1.1,99.9,17,1,3,1.78,331.0,5141.0
2026-07-07T15:57:15Z,,,,,,,,,,,,5146.5
2026-07-07T15:57:15Z,,,,,,,,,,,,5149.1
2026-07-07T15:57:15Z,,,,,,,,,,,,5147.5
2026-07-07T15:57:15Z,,,,,,,,,,,,5142.8
2026-07-07T15:57:15Z,51.554432,-0.068590,15.9,0.8,1.1,99.9,17,1,3,1.46,331.0,5134.7
2026-07-07T15:57:15Z,,,,,,,,,,,,5123.2
2026-07-07T15:57:15Z,,,,,,,,,,,,5111.5
2026-07-07T15:57:16Z,,,,,,,,,,,,5100.1
2026-07-07T15:57:16Z,,,,,,,,,,,,5089.4
2026-07-07T15:57:16Z,51.554432,-0.068593,16.2,0.8,1.1,99.9,17,1,3,1.43,331.0,5080.2
2026-07-07T15:57:16Z,,,,,,,,,,,,5074.0
2026-07-07T15:57:16Z,,,,,,,,,,,,5070.6
2026-07-07T15:57:16Z,,,,,,,,,,,,5069.4
2026-07-07T15:57:16Z,,,,,,,,,,,,5068.3
2026-07-07T15:57:16Z,51.554436,-0.068597,16.4,0.8,1.1,99.9,17,1,3,1.60,331.0,5068.0
2026-07-07T15:57:16Z,,,,,,,,,,,,5065.6
2026-07-07T15:57:16Z,,,,,,,,,,,,5060.8
2026-07-07T15:57:16Z,,,,,,,,,,,,5056.2
2026-07-07T15:57:17Z,,,,,,,,,,,,5050.3
2026-07-07T15:57:17Z,51.554440,-0.068599,16.4,0.8,1.1,99.9,17,1,3,1.95,291.0,5041.4
2026-07-07T15:57:17Z,,,,,,,,,,,,5032.1
2026-07-07T15:57:17Z,,,,,,,,,,,,5021.3
2026-07-07T15:57:17Z,,,,,,,,,,,,5010.3
2026-07-07T15:57:17Z,,,,,,,,,,,,4999.0
2026-07-07T15:57:17Z,51.554443,-0.068600,16.2,0.8,1.1,99.9,17,1,3,0.89,291.0,4987.4
2026-07-07T15:57:17Z,,,,,,,,,,,,4975.2
2026-07-07T15:57:17Z,,,,,,,,,,,,4961.3
2026-07-07T15:57:18Z,,,,,,,,,,,,4948.3
2026-07-07T15:57:18Z,,,,,,,,,,,,4937.1
2026-07-07T15:57:18Z,51.554447,-0.068600,16.1,0.8,1.1,99.9,17,1,3,1.07,291.0,4926.0
2026-07-07T15:57:18Z,,,,,,,,,,,,4915.4
2026-07-07T15:57:18Z,,,,,,,,,,,,4904.8
2026-07-07T15:57:18Z,,,,,,,,,,,,4894.9
2026-07-07T15:57:18Z,,,,,,,,,,,,4885.7
2026-07-07T15:57:18Z,51.554451,-0.068598,16.0,0.8,1.1,99.9,17,1,3,1.44,291.0,4877.8
2026-07-07T15:57:18Z,,,,,,,,,,,,4869.1
2026-07-07T15:57:18Z,,,,,,,,,,,,4860.6
2026-07-07T15:57:19Z,,,,,,,,,,,,4853.4
2026-07-07T15:57:19Z,,,,,,,,,,,,4846.6
2026-07-07T15:57:19Z,51.554455,-0.068596,16.0,0.8,1.1,99.9,17,1,3,1.47,291.0,4841.1
2026-07-07T15:57:19Z,,,,,,,,,,,,4836.5
2026-07-07T15:57:19Z,,,,,,,,,,,,4833.0
2026-07-07T15:57:19Z,,,,,,,,,,,,4830.4
2026-07-07T15:57:19Z,,,,,,,,,,,,4828.5
2026-07-07T15:57:19Z,51.554459,-0.068594,16.1,0.8,1.1,99.9,17,1,3,1.04,291.0,4827.9
2026-07-07T15:57:19Z,,,,,,,,,,,,4827.7
2026-07-07T15:57:19Z,,,,,,,,,,,,4826.2
2026-07-07T15:57:20Z,,,,,,,,,,,,4823.9
2026-07-07T15:57:20Z,,,,,,,,,,,,4821.6
2026-07-07T15:57:20Z,51.554462,-0.068594,16.2,0.8,1.1,99.9,17,1,3,1.06,291.0,4818.9
2026-07-07T15:57:20Z,,,,,,,,,,,,4816.7
2026-07-07T15:57:20Z,,,,,,,,,,,,4814.7
2026-07-07T15:57:20Z,,,,,,,,,,,,4812.3
2026-07-07T15:57:20Z,,,,,,,,,,,,4809.6
2026-07-07T15:57:20Z,51.554462,-0.068592,16.3,0.8,1.1,99.9,17,1,3,0.00,291.0,4807.0
2026-07-07T15:57:20Z,,,,,,,,,,,,4803.3
2026-07-07T15:57:20Z,,,,,,,,,,,,4800.1
2026-07-07T15:57:21Z,,,,,,,,,,,,4796.3
2026-07-07T15:57:21Z,,,,,,,,,,,,4792.2
2026-07-07T15:57:21Z,51.554466,-0.068592,16.4,0.8,1.1,99.9,17,1,3,0.00,291.0,4788.0
2026-07-07T15:57:21Z,,,,,,,,,,,,4782.9
2026-07-07T15:57:21Z,,,,,,,,,,,,4778.7
2026-07-07T15:57:21Z,,,,,,,,,,,,4776.2
2026-07-07T15:57:21Z,,,,,,,,,,,,4774.0
2026-07-07T15:57:21Z,51.554466,-0.068590,16.5,0.8,1.1,99.9,17,1,3,0.00,291.0,4771.8
2026-07-07T15:57:21Z,,,,,,,,,,,,4769.9
2026-07-07T15:57:21Z,,,,,,,,,,,,4768.8
2026-07-07T15:57:22Z,,,,,,,,,,,,4768.8
2026-07-07T15:57:22Z,,,,,,,,,,,,4768.6
2026-07-07T15:57:22Z,51.554470,-0.068590,16.5,0.8,1.1,99.9,17,1,3,0.00,291.0,4768.6
2026-07-07T15:57:22Z,,,,,,,,,,,,4768.3
2026-07-07T15:57:22Z,,,,,,,,,,,,4766.3
2026-07-07T15:57:22Z,,,,,,,,,,,,4765.0
2026-07-07T15:57:22Z,,,,,,,,,,,,4764.6
2026-07-07T15:57:22Z,51.554470,-0.068589,16.7,0.8,1.1,99.9,17,1,3,0.00,291.0,4765.3
2026-07-07T15:57:22Z,,,,,,,,,,,,4768.5
2026-07-07T15:57:22Z,,,,,,,,,,,,4774.9
2026-07-07T15:57:23Z,,,,,,,,,,,,4785.8
2026-07-07T15:57:23Z,,,,,,,,,,,,4802.3
2026-07-07T15:57:23Z,51.554474,-0.068588,16.8,0.8,1.1,99.9,17,1,3,0.00,291.0,4822.8
2026-07-07T15:57:23Z,,,,,,,,,,,,4846.5
2026-07-07T15:57:23Z,,,,,,,,,,,,4872.4
2026-07-07T15:57:23Z,,,,,,,,,,,,4895.5
2026-07-07T15:57:23Z,,,,,,,,,,,,4921.9
2026-07-07T15:57:23Z,51.554474,-0.068589,16.9,0.8,1.1,99.9,17,1,3,0.00,291.0,4946.5
2026-07-07T15:57:23Z,,,,,,,,,,,,4970.0
2026-07-07T15:57:23Z,,,,,,,,,,,,4990.6
2026-07-07T15:57:24Z,,,,,,,,,,,,5006.6
2026-07-07T15:57:24Z,,,,,,,,,,,,5020.1
2026-07-07T15:57:24Z,51.554478,-0.068589,17.0,0.8,1.1,99.9,17,1,3,0.00,291.0,5034.4
2026-07-07T15:57:24Z,,,,,,,,,,,,5045.8
2026-07-07T15:57:24Z,,,,,,,,,,,,5053.9
2026-07-07T15:57:24Z,,,,,,,,,,,,5056.7
2026-07-07T15:57:24Z,,,,,,,,,,,,5053.8
2026-07-07T15:57:24Z,51.554478,-0.068590,17.1,0.8,1.1,99.9,17,1,3,0.00,291.0,5051.8
2026-07-07T15:57:24Z,,,,,,,,,,,,5050.8
2026-07-07T15:57:24Z,,,,,,,,,,,,5049.9
2026-07-07T15:57:25Z,,,,,,,,,,,,5051.2
2026-07-07T15:57:25Z,,,,,,,,,,,,5052.9
2026-07-07T15:57:25Z,51.554482,-0.068590,17.2,0.8,1.1,99.9,17,1,3,0.00,291.0,5058.6
2026-07-07T15:57:25Z,,,,,,,,,,,,5071.4
2026-07-07T15:57:25Z,,,,,,,,,,,,5088.7
2026-07-07T15:57:25Z,,,,,,,,,,,,5108.5
2026-07-07T15:57:25Z,,,,,,,,,,,,5128.8
2026-07-07T15:57:25Z,51.554482,-0.068592,17.3,0.8,1.1,99.9,17,1,3,0.00,291.0,5145.9
2026-07-07T15:57:25Z,,,,,,,,,,,,5165.3
2026-07-07T15:57:25Z,,,,,,,,,,,,5185.0
2026-07-07T15:57:26Z,,,,,,,,,,,,5198.5
2026-07-07T15:57:26Z,,,,,,,,,,,,5206.9
2026-07-07T15:57:26Z,51.554485,-0.068593,17.4,0.8,1.1,99.9,17,1,3,0.00,291.0,5210.6
2026-07-07T15:57:26Z,,,,,,,,,,,,5212.1
2026-07-07T15:57:26Z,,,,,,,,,,,,5212.7
2026-07-07T15:57:26Z,,,,,,,,,,,,5210.0
2026-07-07T15:57:26Z,,,,,,,,,,,,5205.7
2026-07-07T15:57:26Z,51.554489,-0.068594,17.5,0.8,1.1,99.9,17,1,3,0.00,291.0,5198.9
2026-07-07T15:57:26Z,,,,,,,,,,,,5189.8
2026-07-07T15:57:26Z,,,,,,,,,,,,5183.4
2026-07-07T15:57:27Z,,,,,,,,,,,,5178.4
2026-07-07T15:57:27Z,,,,,,,,,,,,5171.6
2026-07-07T15:57:27Z,51.554489,-0.068596,17.6,0.8,1.1,99.9,17,1,3,0.00,291.0,5161.5
2026-07-07T15:57:27Z,,,,,,,,,,,,5147.5
2026-07-07T15:57:27Z,,,,,,,,,,,,5134.1
2026-07-07T15:57:27Z,,,,,,,,,,,,5122.5
2026-07-07T15:57:27Z,,,,,,,,,,,,5109.1
2026-07-07T15:57:27Z,51.554493,-0.068596,17.7,0.8,1.1,99.9,17,1,3,0.00,291.0,5095.7
2026-07-07T15:57:27Z,,,,,,,,,,,,5078.7
2026-07-07T15:57:27Z,,,,,,,,,,,,5060.2
2026-07-07T15:57:28Z,,,,,,,,,,,,5045.4
2026-07-07T15:57:28Z,,,,,,,,,,,,5030.8
2026-07-07T15:57:28Z,51.554497,-0.068598,17.9,0.8,1.1,99.9,17,1,3,0.00,291.0,5016.6
2026-07-07T15:57:28Z,,,,,,,,,,,,5002.2
2026-07-07T15:57:28Z,,,,,,,,,,,,4986.6
2026-07-07T15:57:28Z,,,,,,,,,,,,4973.5
2026-07-07T15:57:28Z,,,,,,,,,,,,4961.2
2026-07-07T15:57:28Z,51.554497,-0.068599,18.0,0.8,1.1,99.9,17,1,3,0.00,291.0,4950.5
2026-07-07T15:57:28Z,,,,,,,,,,,,4940.1
2026-07-07T15:57:28Z,,,,,,,,,,,,4928.0
2026-07-07T15:57:29Z,,,,,,,,,,,,4916.8
2026-07-07T15:57:29Z,,,,,,,,,,,,4909.2
2026-07-07T15:57:29Z,51.554501,-0.068600,18.1,0.8,1.1,99.9,17,1,3,0.00,291.0,4903.6
2026-07-07T15:57:29Z,,,,,,,,,,,,4898.1
2026-07-07T15:57:29Z,,,,,,,,,,,,4893.8
2026-07-07T15:57:29Z,,,,,,,,,,,,4891.2
2026-07-07T15:57:29Z,,,,,,,,,,,,4890.4
2026-07-07T15:57:29Z,51.554504,-0.068601,18.2,0.8,1.1,99.9,17,1,3,0.00,291.0,4892.0
2026-07-07T15:57:29Z,,,,,,,,,,,,4895.1
2026-07-07T15:57:29Z,,,,,,,,,,,,4898.9
2026-07-07T15:57:30Z,,,,,,,,,,,,4901.5
2026-07-07T15:57:30Z,,,,,,,,,,,,4905.1
2026-07-07T15:57:30Z,51.554504,-0.068603,18.3,0.8,1.1,99.9,17,1,3,0.00,291.0,4912.7
2026-07-07T15:57:30Z,,,,,,,,,,,,4921.1
2026-07-07T15:57:30Z,,,,,,,,,,,,4930.1
2026-07-07T15:57:30Z,,,,,,,,,,,,4938.2
2026-07-07T15:57:30Z,,,,,,,,,,,,4947.6
2026-07-07T15:57:30Z,51.554508,-0.068605,18.5,0.8,1.1,99.9,17,1,3,0.00,291.0,4960.1
2026-07-07T15:57:30Z,,,,,,,,,,,,4975.7
2026-07-07T15:57:30Z,,,,,,,,,,,,4990.6
2026-07-07T15:57:31Z,,,,,,,,,,,,5003.1
2026-07-07T15:57:31Z,,,,,,,,,,,,5010.8
2026-07-07T15:57:31Z,51.554508,-0.068606,18.6,0.8,1.1,99.9,17,1,3,0.00,291.0,5017.1
2026-07-07T15:57:31Z,,,,,,,,,,,,5023.4
2026-07-07T15:57:31Z,,,,,,,,,,,,5026.8
2026-07-07T15:57:31Z,,,,,,,,,,,,5026.6
2026-07-07T15:57:31Z,,,,,,,,,,,,5023.6
2026-07-07T15:57:31Z,51.554512,-0.068607,18.7,0.8,1.1,99.9,17,1,3,0.00,291.0,5019.7
2026-07-07T15:57:31Z,,,,,,,,,,,,5015.2
2026-07-07T15:57:31Z,,,,,,,,,,,,5009.0
2026-07-07T15:57:32Z,,,,,,,,,,,,5001.0
2026-07-07T15:57:32Z,,,,,,,,,,,,4991.8
2026-07-07T15:57:32Z,51.554512,-0.068609,18.9,0.8,1.1,99.9,17,1,3,0.00,291.0,4981.4
2026-07-07T15:57:32Z,,,,,,,,,,,,4970.8
2026-07-07T15:57:32Z,,,,,,,,,,,,4961.1
2026-07-07T15:57:32Z,,,,,,,,,,,,4950.3
2026-07-07T15:57:32Z,,,,,,,,,,,,4939.1
2026-07-07T15:57:32Z,51.554516,-0.068609,19.0,0.8,1.1,99.9,17,1,3,0.00,291.0,4928.1
2026-07-07T15:57:32Z,,,,,,,,,,,,4915.6
2026-07-07T15:57:32Z,,,,,,,,,,,,4905.2
2026-07-07T15:57:33Z,,,,,,,,,,,,4895.6
2026-07-07T15:57:33Z,,,,,,,,,,,,4885.6
2026-07-07T15:57:33Z,51.554520,-0.068611,19.1,0.8,1.1,99.9,17,1,3,0.00,291.0,4877.4
2026-07-07T15:57:33Z,,,,,,,,,,,,4871.4
2026-07-07T15:57:33Z,,,,,,,,,,,,4868.5
2026-07-07T15:57:33Z,,,,,,,,,,,,4870.4
2026-07-07T15:57:33Z,,,,,,,,,,,,4876.8
2026-07-07T15:57:33Z,51.554523,-0.068613,19.2,0.8,1.1,99.9,17,1,3,0.00,291.0,4887.5
2026-07-07T15:57:33Z,,,,,,,,,,,,4900.3
2026-07-07T15:57:33Z,,,,,,,,,,,,4912.8
2026-07-07T15:57:34Z,,,,,,,,,,,,4925.6
2026-07-07T15:57:34Z,,,,,,,,,,,,4937.5
2026-07-07T15:57:34Z,51.554523,-0.068614,19.4,0.8,1.1,99.9,17,1,3,0.00,291.0,4947.3
2026-07-07T15:57:34Z,,,,,,,,,,,,4953.3
2026-07-07T15:57:34Z,,,,,,,,,,,,4956.1
2026-07-07T15:57:34Z,,,,,,,,,,,,4955.9
2026-07-07T15:57:34Z,,,,,,,,,,,,4955.7
2026-07-07T15:57:34Z,51.554527,-0.068615,19.5,0.8,1.1,99.9,17,1,3,0.00,291.0,4954.7
2026-07-07T15:57:34Z,,,,,,,,,,,,4952.8
2026-07-07T15:57:34Z,,,,,,,,,,,,4949.1
2026-07-07T15:57:35Z,,,,,,,,,,,,4944.5
2026-07-07T15:57:35Z,,,,,,,,,,,,4941.6
2026-07-07T15:57:35Z,51.554527,-0.068617,19.7,0.8,1.1,99.9,17,1,3,0.00,291.0,4937.9
2026-07-07T15:57:35Z,,,,,,,,,,,,4934.2
2026-07-07T15:57:35Z,,,,,,,,,,,,4931.2
2026-07-07T15:57:35Z,,,,,,,,,,,,4929.4
2026-07-07T15:57:35Z,,,,,,,,,,,,4931.0
2026-07-07T15:57:35Z,51.554531,-0.068618,19.8,0.8,1.1,99.9,17,1,3,0.00,291.0,4936.3
2026-07-07T15:57:35Z,,,,,,,,,,,,4942.4
2026-07-07T15:57:35Z,,,,,,,,,,,,4950.4
2026-07-07T15:57:36Z,,,,,,,,,,,,4957.3
2026-07-07T15:57:36Z,,,,,,,,,,,,4964.8
2026-07-07T15:57:36Z,51.554535,-0.068619,20.0,0.8,1.1,99.9,17,1,3,0.00,291.0,4974.6
2026-07-07T15:57:36Z,,,,,,,,,,,,4984.4
2026-07-07T15:57:36Z,,,,,,,,,,,,4994.1
2026-07-07T15:57:36Z,,,,,,,,,,,,5002.0
2026-07-07T15:57:36Z,,,,,,,,,,,,5008.4
2026-07-07T15:57:36Z,51.554535,-0.068620,20.1,0.8,1.1,99.9,17,1,3,0.00,291.0,5014.4
2026-07-07T15:57:36Z,,,,,,,,,,,,5018.8
2026-07-07T15:57:36Z,,,,,,,,,,,,5020.3
2026-07-07T15:57:37Z,,,,,,,,,,,,5019.7
2026-07-07T15:57:37Z,,,,,,,,,,,,5016.2
2026-07-07T15:57:37Z,51.554539,-0.068621,20.3,0.8,1.1,99.9,17,1,3,0.00,291.0,5009.8
2026-07-07T15:57:37Z,,,,,,,,,,,,5003.3
2026-07-07T15:57:37Z,,,,,,,,,,,,4995.2
2026-07-07T15:57:37Z,,,,,,,,,,,,4985.7
2026-07-07T15:57:37Z,,,,,,,,,,,,4974.1
2026-07-07T15:57:37Z,51.554539,-0.068622,20.4,0.8,1.1,99.9,17,1,3,0.00,291.0,4962.7
2026-07-07T15:57:37Z,,,,,,,,,,,,4951.7
2026-07-07T15:57:37Z,,,,,,,,,,,,4942.8
2026-07-07T15:57:38Z,,,,,,,,,,,,4935.3
2026-07-07T15:57:38Z,,,,,,,,,,,,4928.0
2026-07-07T15:57:38Z,51.554543,-0.068623,20.5,0.8,1.1,99.9,17,1,3,0.00,291.0,4924.6
2026-07-07T15:57:38Z,,,,,,,,,,,,4927.5
2026-07-07T15:57:38Z,,,,,,,,,,,,4937.7
2026-07-07T15:57:38Z,,,,,,,,,,,,4952.0
2026-07-07T15:57:38Z,,,,,,,,,,,,4968.8
2026-07-07T15:57:38Z,51.554546,-0.068629,20.5,0.8,1.1,99.9,17,1,3,0.00,291.0,4985.3
2026-07-07T15:57:38Z,,,,,,,,,,,,5001.8
2026-07-07T15:57:38Z,,,,,,,,,,,,5018.1
2026-07-07T15:57:39Z,,,,,,,,,,,,5032.8
2026-07-07T15:57:39Z,,,,,,,,,,,,5045.5
2026-07-07T15:57:39Z,51.554554,-0.068636,20.7,0.8,1.1,99.9,17,1,3,2.01,317.8,5058.0
2026-07-07T15:57:39Z,,,,,,,,,,,,5071.7
2026-07-07T15:57:39Z,,,,,,,,,,,,5088.2
2026-07-07T15:57:39Z,,,,,,,,,,,,5107.0
2026-07-07T15:57:39Z,,,,,,,,,,,,5125.0
2026-07-07T15:57:39Z,51.554558,-0.068643,21.0,0.8,1.1,99.9,17,1,3,2.06,311.0,5141.4
2026-07-07T15:57:39Z,,,,,,,,,,,,5155.1
2026-07-07T15:57:39Z,,,,,,,,,,,,5169.2
2026-07-07T15:57:40Z,,,,,,,,,,,,5185.2
2026-07-07T15:57:40Z,,,,,,,,,,,,5198.4
2026-07-07T15:57:40Z,51.554562,-0.068649,21.4,0.8,1.1,99.9,17,1,3,1.72,311.0,5208.6
2026-07-07T15:57:40Z,,,,,,,,,,,,5219.5
2026-07-07T15:57:40Z,,,,,,,,,,,,5233.1
2026-07-07T15:57:40Z,,,,,,,,,,,,5251.4
2026-07-07T15:57:40Z,,,,,,,,,,,,5273.0
2026-07-07T15:57:40Z,51.554569,-0.068654,21.7,0.8,1.1,99.9,17,1,3,1.03,311.0,5293.0
2026-07-07T15:57:40Z,,,,,,,,,,,,5310.1
2026-07-07T15:57:40Z,,,,,,,,,,,,5322.3
2026-07-07T15:57:41Z,,,,,,,,,,,,5332.7
2026-07-07T15:57:41Z,,,,,,,,,,,,5341.6
2026-07-07T15:57:41Z,51.554573,-0.068660,22.0,0.8,1.1,99.9,17,1,3,1.31,311.0,5345.4
2026-07-07T15:57:41Z,,,,,,,,,,,,5343.7
2026-07-07T15:57:41Z,,,,,,,,,,,,5338.1
2026-07-07T15:57:41Z,,,,,,,,,,,,5331.9
2026-07-07T15:57:41Z,,,,,,,,,,,,5326.8
2026-07-07T15:57:41Z,51.554581,-0.068666,22.2,0.9,1.5,99.9,16,1,3,1.34,311.0,5318.0
2026-07-07T15:57:41Z,,,,,,,,,,,,5304.7
2026-07-07T15:57:41Z,,,,,,,,,,,,5287.9
2026-07-07T15:57:42Z,,,,,,,,,,,,5269.0
2026-07-07T15:57:42Z,,,,,,,,,,,,5251.9
2026-07-07T15:57:42Z,51.554585,-0.068671,22.3,0.9,1.5,99.9,16,1,3,1.11,311.0,5233.9
2026-07-07T15:57:42Z,,,,,,,,,,,,5214.0
2026-07-07T15:57:42Z,,,,,,,,,,,,5192.5
2026-07-07T15:57:42Z,,,,,,,,,,,,5172.9
2026-07-07T15:57:42Z,,,,,,,,,,,,5157.2
2026-07-07T15:57:42Z,51.554592,-0.068678,22.4,0.9,1.5,99.9,16,1,3,1.05,311.0,5149.0
2026-07-07T15:57:42Z,,,,,,,,,,,,5144.2
2026-07-07T15:57:42Z,,,,,,,,,,,,5143.4
2026-07-07T15:57:43Z,,,,,,,,,,,,5148.4
2026-07-07T15:57:43Z,,,,,,,,,,,,5161.1
2026-07-07T15:57:43Z,51.554600,-0.068685,22.3,0.9,1.5,99.9,16,1,3,1.37,311.0,5181.4
2026-07-07T15:57:43Z,,,,,,,,,,,,5203.3
2026-07-07T15:57:43Z,,,,,,,,,,,,5226.6
2026-07-07T15:57:43Z,,,,,,,,,,,,5247.7
2026-07-07T15:57:43Z,,,,,,,,,,,,5265.4
2026-07-07T15:57:43Z,51.554607,-0.068691,22.4,0.9,1.5,99.9,16,1,3,1.21,311.0,5283.2
2026-07-07T15:57:43Z,,,,,,,,,,,,5299.0
2026-07-07T15:57:43Z,,,,,,,,,,,,5309.9
2026-07-07T15:57:44Z,,,,,,,,,,,,5316.7
2026-07-07T15:57:44Z,,,,,,,,,,,,5319.7
2026-07-07T15:57:44Z,51.554615,-0.068697,22.5,0.9,1.5,99.9,16,1,3,1.35,311.0,5321.9
2026-07-07T15:57:44Z,,,,,,,,,,,,5322.8
2026-07-07T15:57:44Z,,,,,,,,,,,,5319.8
2026-07-07T15:57:44Z,,,,,,,,,,,,5314.6
2026-07-07T15:57:44Z,,,,,,,,,,,,5307.3
2026-07-07T15:57:44Z,51.554623,-0.068702,22.6,0.9,1.5,99.9,16,1,3,1.25,311.0,5300.8
2026-07-07T15:57:44Z,,,,,,,,,,,,5296.0
2026-07-07T15:57:44Z,,,,,,,,,,,,5289.3
2026-07-07T15:57:45Z,,,,,,,,,,,,5281.8
2026-07-07T15:57:45Z,,,,,,,,,,,,5273.4
2026-07-07T15:57:45Z,51.554626,-0.068708,22.7,0.9,1.5,99.9,16,1,3,1.12,311.0,5264.8
2026-07-07T15:57:45Z,,,,,,,,,,,,5257.8
2026-07-07T15:57:45Z,,,,,,,,,,,,5248.7
2026-07-07T15:57:45Z,,,,,,,,,,,,5238.1
2026-07-07T15:57:45Z,,,,,,,,,,,,5225.4
2026-07-07T15:57:45Z,51.554638,-0.068717,22.9,0.9,1.5,99.9,16,1,3,1.75,311.0,5214.8
2026-07-07T15:57:45Z,,,,,,,,,,,,5202.9
2026-07-07T15:57:45Z,,,,,,,,,,,,5194.1
2026-07-07T15:57:46Z,,,,,,,,,,,,5189.3
2026-07-07T15:57:46Z,,,,,,,,,,,,5187.5
2026-07-07T15:57:46Z,51.554646,-0.068723,23.0,0.9,1.5,99.9,16,1,3,1.75,311.0,5189.8
2026-07-07T15:57:46Z,,,,,,,,,,,,5198.2
2026-07-07T15:57:46Z,,,,,,,,,,,,5213.0
2026-07-07T15:57:46Z,,,,,,,,,,,,5229.8
2026-07-07T15:57:46Z,,,,,,,,,,,,5248.9
2026-07-07T15:57:46Z,51.554653,-0.068732,23.1,0.9,1.5,99.9,16,1,3,1.91,311.0,5266.3
2026-07-07T15:57:46Z,,,,,,,,,,,,5283.3
2026-07-07T15:57:46Z,,,,,,,,,,,,5303.6
2026-07-07T15:57:47Z,,,,,,,,,,,,5321.8
2026-07-07T15:57:47Z,,,,,,,,,,,,5336.8
2026-07-07T15:57:47Z,51.554661,-0.068739,23.2,0.9,1.5,99.9,16,1,3,2.01,301.7,5348.3
2026-07-07T15:57:47Z,,,,,,,,,,,,5355.0
2026-07-07T15:57:47Z,,,,,,,,,,,,5362.3
2026-07-07T15:57:47Z,,,,,,,,,,,,5366.2
2026-07-07T15:57:47Z,,,,,,,,,,,,5365.2
2026-07-07T15:57:47Z,51.554672,-0.068746,23.4,0.9,1.5,99.9,16,1,3,2.03,308.1,5359.8
2026-07-07T15:57:47Z,,,,,,,,,,,,5347.4
2026-07-07T15:57:47Z,,,,,,,,,,,,5332.9
2026-07-07T15:57:48Z,,,,,,,,,,,,5319.4
2026-07-07T15:57:48Z,,,,,,,,,,,,5303.4
2026-07-07T15:57:48Z,51.554680,-0.068752,23.5,0.9,1.5,99.9,16,1,3,1.90,308.1,5286.0
2026-07-07T15:57:48Z,,,,,,,,,,,,5266.3
2026-07-07T15:57:48Z,,,,,,,,,,,,5246.0
2026-07-07T15:57:48Z,,,,,,,,,,,,5229.1
2026-07-07T15:57:48Z,,,,,,,,,,,,5214.1
2026-07-07T15:57:48Z,51.554691,-0.068759,23.4,0.9,1.5,99.9,16,1,3,2.03,318.2,5202.6
2026-07-07T15:57:48Z,,,,,,,,,,,,5192.7
2026-07-07T15:57:48Z,,,,,,,,,,,,5185.8
2026-07-07T15:57:48Z,,,,,,,,,,,,5186.6
2026-07-07T15:57:49Z,,,,,,,,,,,,5192.8
2026-07-07T15:57:49Z,51.554699,-0.068766,23.1,0.9,1.5,99.9,16,1,3,2.17,319.2,5201.4
2026-07-07T15:57:49Z,,,,,,,,,,,,5209.8
2026-07-07T15:57:49Z,,,,,,,,,,,,5215.5
2026-07-07T15:57:49Z,,,,,,,,,,,,5218.7
2026-07-07T15:57:49Z,,,,,,,,,,,,5222.2
2026-07-07T15:57:49Z,51.554710,-0.068775,23.1,0.9,1.5,99.9,16,1,3,2.38,324.0,5224.4
2026-07-07T15:57:49Z,,,,,,,,,,,,5224.9
2026-07-07T15:57:49Z,,,,,,,,,,,,5221.0
2026-07-07T15:57:50Z,,,,,,,,,,,,5214.1
2026-07-07T15:57:50Z,,,,,,,,,,,,5207.8
2026-07-07T15:57:50Z,51.554718,-0.068783,23.2,0.9,1.5,99.9,16,1,3,2.41,309.1,5201.4
2026-07-07T15:57:50Z,,,,,,,,,,,,5193.6
2026-07-07T15:57:50Z,,,,,,,,,,,,5184.2
2026-07-07T15:57:50Z,,,,,,,,,,,,5173.0
2026-07-07T15:57:50Z,,,,,,,,,,,,5161.9
2026-07-07T15:57:50Z,51.554729,-0.068789,23.1,0.9,1.5,99.9,16,1,3,2.16,311.6,5154.4
2026-07-07T15:57:50Z,,,,,,,,,,,,5146.0
2026-07-07T15:57:50Z,,,,,,,,,,,,5138.9
2026-07-07T15:57:51Z,,,,,,,,,,,,5132.7
2026-07-07T15:57:51Z,,,,,,,,,,,,5128.0
2026-07-07T15:57:51Z,51.554737,-0.068796,23.2,0.9,1.5,99.9,16,1,3,2.34,317.3,5128.9
2026-07-07T15:57:51Z,,,,,,,,,,,,5134.6
2026-07-07T15:57:51Z,,,,,,,,,,,,5144.8
2026-07-07T15:57:51Z,,,,,,,,,,,,5157.4
2026-07-07T15:57:51Z,,,,,,,,,,,,5170.1
2026-07-07T15:57:51Z,51.554749,-0.068803,23.2,0.9,1.5,99.9,16,1,3,1.93,317.3,5183.3
2026-07-07T15:57:51Z,,,,,,,,,,,,5198.0
2026-07-07T15:57:51Z,,,,,,,,,,,,5210.6
2026-07-07T15:57:52Z,,,,,,,,,,,,5220.8
2026-07-07T15:57:52Z,,,,,,,,,,,,5226.3
2026-07-07T15:57:52Z,51.554756,-0.068810,23.3,0.9,1.5,99.9,16,1,3,2.19,312.9,5228.4
2026-07-07T15:57:52Z,,,,,,,,,,,,5231.4
2026-07-07T15:57:52Z,,,,,,,,,,,,5235.5
2026-07-07T15:57:52Z,,,,,,,,,,,,5241.5
2026-07-07T15:57:52Z,,,,,,,,,,,,5249.4
2026-07-07T15:57:52Z,51.554768,-0.068817,23.3,0.9,1.5,99.9,16,1,3,2.25,311.6,5256.2
2026-07-07T15:57:52Z,,,,,,,,,,,,5263.5
2026-07-07T15:57:52Z,,,,,,,,,,,,5270.9
2026-07-07T15:57:53Z,,,,,,,,,,,,5276.6
2026-07-07T15:57:53Z,,,,,,,,,,,,5280.4
2026-07-07T15:57:53Z,51.554779,-0.068822,23.1,0.9,1.5,99.9,16,1,3,2.39,314.3,5281.9
2026-07-07T15:57:53Z,,,,,,,,,,,,5280.7
2026-07-07T15:57:53Z,,,,,,,,,,,,5280.8
2026-07-07T15:57:53Z,,,,,,,,,,,,5284.6
2026-07-07T15:57:53Z,,,,,,,,,,,,5289.6
2026-07-07T15:57:53Z,51.554790,-0.068827,23.1,0.9,1.5,99.9,16,1,3,2.31,330.1,5293.2
2026-07-07T15:57:53Z,,,,,,,,,,,,5294.5
2026-07-07T15:57:53Z,,,,,,,,,,,,5295.9
2026-07-07T15:57:54Z,,,,,,,,,,,,5298.9
2026-07-07T15:57:54Z,,,,,,,,,,,,5298.6
2026-07-07T15:57:54Z,51.554802,-0.068832,23.1,0.9,1.5,99.9,16,1,3,2.45,331.1,5292.7
2026-07-07T15:57:54Z,,,,,,,,,,,,5286.1
2026-07-07T15:57:54Z,,,,,,,,,,,,5279.2
2026-07-07T15:57:54Z,,,,,,,,,,,,5273.0
2026-07-07T15:57:54Z,,,,,,,,,,,,5267.7
2026-07-07T15:57:54Z,51.554813,-0.068838,23.0,0.9,1.5,99.9,16,1,3,2.32,329.9,5261.3
2026-07-07T15:57:54Z,,,,,,,,,,,,5252.3
2026-07-07T15:57:54Z,,,,,,,,,,,,5242.1
2026-07-07T15:57:55Z,,,,,,,,,,,,5234.2
2026-07-07T15:57:55Z,,,,,,,,,,,,5229.2
2026-07-07T15:57:55Z,51.554825,-0.068845,23.1,0.9,1.5,99.9,16,1,3,2.17,325.0,5222.1
2026-07-07T15:57:55Z,,,,,,,,,,,,5214.3
2026-07-07T15:57:55Z,,,,,,,,,,,,5209.8
2026-07-07T15:57:55Z,,,,,,,,,,,,5210.7
2026-07-07T15:57:55Z,,,,,,,,,,,,5218.2
2026-07-07T15:57:55Z,51.554832,-0.068851,23.1,0.9,1.5,99.9,16,1,3,2.29,316.0,5227.5
2026-07-07T15:57:55Z,,,,,,,,,,,,5237.7
2026-07-07T15:57:55Z,,,,,,,,,,,,5248.7
2026-07-07T15:57:56Z,,,,,,,,,,,,5257.8
2026-07-07T15:57:56Z,,,,,,,,,,,,5268.1
2026-07-07T15:57:56Z,51.554844,-0.068859,23.2,0.9,1.5,99.9,16,1,3,2.09,314.8,5279.3
2026-07-07T15:57:56Z,,,,,,,,,,,,5285.1
2026-07-07T15:57:56Z,,,,,,,,,,,,5286.5
2026-07-07T15:57:56Z,,,,,,,,,,,,5284.2
2026-07-07T15:57:56Z,,,,,,,,,,,,5279.8
2026-07-07T15:57:56Z,51.554855,-0.068866,23.2,0.9,1.5,99.9,16,1,3,2.33,316.3,5277.1
2026-07-07T15:57:56Z,,,,,,,,,,,,5271.8
2026-07-07T15:57:56Z,,,,,,,,,,,,5264.5
2026-07-07T15:57:57Z,,,,,,,,,,,,5256.2
2026-07-07T15:57:57Z,,,,,,,,,,,,5246.8
2026-07-07T15:57:57Z,51.554867,-0.068872,23.3,0.9,1.5,99.9,16,1,3,2.56,315.5,5239.7
2026-07-07T15:57:57Z,,,,,,,,,,,,5232.8
2026-07-07T15:57:57Z,,,,,,,,,,,,5224.2
2026-07-07T15:57:57Z,,,,,,,,,,,,5215.0
2026-07-07T15:57:57Z,,,,,,,,,,,,5204.8
2026-07-07T15:57:57Z,51.554878,-0.068879,23.3,0.9,1.5,99.9,16,1,3,2.46,321.4,5196.7
2026-07-07T15:57:57Z,,,,,,,,,,,,5190.5
2026-07-07T15:57:57Z,,,,,,,,,,,,5183.3
2026-07-07T15:57:58Z,,,,,,,,,,,,5176.9
2026-07-07T15:57:58Z,,,,,,,,,,,,5169.6
2026-07-07T15:57:58Z,51.554886,-0.068888,23.4,0.9,1.5,99.9,16,1,3,2.46,317.3,5163.0
2026-07-07T15:57:58Z,,,,,,,,,,,,5160.9
2026-07-07T15:57:58Z,,,,,,,,,,,,5159.9
2026-07-07T15:57:58Z,,,,,,,,,,,,5161.0
2026-07-07T15:57:58Z,,,,,,,,,,,,5163.2
2026-07-07T15:57:58Z,51.554897,-0.068896,23.3,0.9,1.5,99.9,16,1,3,2.68,318.0,5166.8
2026-07-07T15:57:58Z,,,,,,,,,,,,5173.5
2026-07-07T15:57:58Z,,,,,,,,,,,,5181.1
2026-07-07T15:57:59Z,,,,,,,,,,,,5187.9
2026-07-07T15:57:59Z,,,,,,,,,,,,5191.4
2026-07-07T15:57:59Z,51.554909,-0.068906,23.5,0.9,1.5,99.9,16,1,3,2.48,310.0,5190.6
2026-07-07T15:57:59Z,,,,,,,,,,,,5189.2
2026-07-07T15:57:59Z,,,,,,,,,,,,5188.0
2026-07-07T15:57:59Z,,,,,,,,,,,,5184.9
2026-07-07T15:57:59Z,,,,,,,,,,,,5180.3
2026-07-07T15:57:59Z,51.554916,-0.068915,24.0,0.9,1.5,99.9,16,1,3,3.04,316.8,5176.5
2026-07-07T15:57:59Z,,,,,,,,,,,,5176.7
2026-07-07T15:57:59Z,,,,,,,,,,,,5181.1
2026-07-07T15:58:00Z,,,,,,,,,,,,5188.2
2026-07-07T15:58:00Z,,,,,,,,,,,,5197.3
2026-07-07T15:58:00Z,51.554924,-0.068922,24.3,0.9,1.5,99.9,16,1,3,2.59,313.8,5205.4
2026-07-07T15:58:00Z,,,,,,,,,,,,5213.9
2026-07-07T15:58:00Z,,,,,,,,,,,,5225.7
2026-07-07T15:58:00Z,,,,,,,,,,,,5236.5
2026-07-07T15:58:00Z,,,,,,,,,,,,5244.9
2026-07-07T15:58:00Z,51.554935,-0.068930,24.4,0.9,1.5,99.9,16,1,3,2.87,320.5,5250.6
2026-07-07T15:58:00Z,,,,,,,,,,,,5253.8
2026-07-07T15:58:00Z,,,,,,,,,,,,5257.3
2026-07-07T15:58:01Z,,,,,,,,,,,,5260.3
2026-07-07T15:58:01Z,,,,,,,,,,,,5261.9
2026-07-07T15:58:01Z,51.554943,-0.068938,24.6,0.9,1.5,99.9,16,1,3,2.62,314.9,5262.5
2026-07-07T15:58:01Z,,,,,,,,,,,,5259.0
2026-07-07T15:58:01Z,,,,,,,,,,,,5253.9
2026-07-07T15:58:01Z,,,,,,,,,,,,5249.6
2026-07-07T15:58:01Z,,,,,,,,,,,,5243.7
2026-07-07T15:58:01Z,51.554955,-0.068946,24.8,0.9,1.5,99.9,16,1,3,3.35,325.9,5237.0
2026-07-07T15:58:01Z,,,,,,,,,,,,5227.7
2026-07-07T15:58:01Z,,,,,,,,,,,,5217.1
2026-07-07T15:58:02Z,,,,,,,,,,,,5208.1
2026-07-07T15:58:02Z,,,,,,,,,,,,5199.7
2026-07-07T15:58:02Z,51.554962,-0.068954,24.9,0.9,1.5,99.9,16,1,3,2.89,322.1,5191.2
2026-07-07T15:58:02Z,,,,,,,,,,,,5181.8
2026-07-07T15:58:02Z,,,,,,,,,,,,5171.0
2026-07-07T15:58:02Z,,,,,,,,,,,,5162.3
2026-07-07T15:58:02Z,,,,,,,,,,,,5154.9
2026-07-07T15:58:02Z,51.554974,-0.068961,25.2,0.9,1.5,99.9,16,1,3,3.30,323.3,5148.4
2026-07-07T15:58:02Z,,,,,,,,,,,,5143.2
2026-07-07T15:58:02Z,,,,,,,,,,,,5137.2
2026-07-07T15:58:03Z,,,,,,,,,,,,5131.4
2026-07-07T15:58:03Z,,,,,,,,,,,,5129.0
2026-07-07T15:58:03Z,51.554981,-0.068970,25.3,0.9,1.5,99.9,16,1,3,2.69,328.4,5129.3
2026-07-07T15:58:03Z,,,,,,,,,,,,5130.9
2026-07-07T15:58:03Z,,,,,,,,,,,,5131.7
2026-07-07T15:58:03Z,,,,,,,,,,,,5130.1
2026-07-07T15:58:03Z,,,,,,,,,,,,5128.4
2026-07-07T15:58:03Z,51.554989,-0.068977,25.5,0.9,1.5,99.9,16,1,3,2.89,319.2,5127.7
2026-07-07T15:58:03Z,,,,,,,,,,,,5125.9
2026-07-07T15:58:03Z,,,,,,,,,,,,5124.4
2026-07-07T15:58:04Z,,,,,,,,,,,,5121.4
2026-07-07T15:58:04Z,,,,,,,,,,,,5118.1
2026-07-07T15:58:04Z,51.554996,-0.068985,25.6,0.9,1.5,99.9,16,1,3,2.50,319.9,5118.9
2026-07-07T15:58:04Z,,,,,,,,,,,,5122.0
2026-07-07T15:58:04Z,,,,,,,,,,,,5127.5
2026-07-07T15:58:04Z,,,,,,,,,,,,5133.7
2026-07-07T15:58:04Z,,,,,,,,,,,,5140.0
2026-07-07T15:58:04Z,51.555004,-0.068994,25.8,0.9,1.5,99.9,16,1,3,2.84,319.4,5149.6
2026-07-07T15:58:04Z,,,,,,,,,,,,5162.0
2026-07-07T15:58:04Z,,,,,,,,,,,,5175.3
2026-07-07T15:58:05Z,,,,,,,,,,,,5189.2
2026-07-07T15:58:05Z,,,,,,,,,,,,5197.8
2026-07-07T15:58:05Z,51.555012,-0.069004,26.0,0.9,1.5,99.9,16,1,3,2.56,312.3,5202.8
2026-07-07T15:58:05Z,,,,,,,,,,,,5207.7
2026-07-07T15:58:05Z,,,,,,,,,,,,5210.2
2026-07-07T15:58:05Z,,,,,,,,,,,,5210.3
2026-07-07T15:58:05Z,,,,,,,,,,,,5205.2
2026-07-07T15:58:05Z,51.555019,-0.069014,26.4,0.8,1.1,99.9,17,1,3,3.00,308.7,5195.3
2026-07-07T15:58:05Z,,,,,,,,,,,,5184.5
2026-07-07T15:58:05Z,,,,,,,,,,,,5173.4
2026-07-07T15:58:06Z,,,,,,,,,,,,5161.9
2026-07-07T15:58:06Z,,,,,,,,,,,,5150.6
2026-07-07T15:58:06Z,51.555027,-0.069022,26.8,0.8,1.1,99.9,17,1,3,2.44,314.3,5136.8
2026-07-07T15:58:06Z,,,,,,,,,,,,5122.7
2026-07-07T15:58:06Z,,,,,,,,,,,,5111.6
2026-07-07T15:58:06Z,,,,,,,,,,,,5102.3
2026-07-07T15:58:06Z,,,,,,,,,,,,5093.1
2026-07-07T15:58:06Z,51.555035,-0.069029,27.1,0.8,1.1,99.9,17,1,3,2.54,326.6,5082.8
2026-07-07T15:58:06Z,,,,,,,,,,,,5071.1
2026-07-07T15:58:06Z,,,,,,,,,,,,5060.4
2026-07-07T15:58:07Z,,,,,,,,,,,,5052.0
2026-07-07T15:58:07Z,,,,,,,,,,,,5044.2
2026-07-07T15:58:07Z,51.555042,-0.069036,27.3,0.8,1.1,99.9,17,1,3,2.40,334.9,5036.6
2026-07-07T15:58:07Z,,,,,,,,,,,,5028.4
2026-07-07T15:58:07Z,,,,,,,,,,,,5019.5
2026-07-07T15:58:07Z,,,,,,,,,,,,5012.4
2026-07-07T15:58:07Z,,,,,,,,,,,,5006.1
2026-07-07T15:58:07Z,51.555046,-0.069044,27.7,0.8,1.1,99.9,17,1,3,2.20,331.6,4999.8
2026-07-07T15:58:07Z,,,,,,,,,,,,4992.4
2026-07-07T15:58:07Z,,,,,,,,,,,,4984.0
2026-07-07T15:58:08Z,,,,,,,,,,,,4976.5
2026-07-07T15:58:08Z,,,,,,,,,,,,4969.7
2026-07-07T15:58:08Z,51.555054,-0.069053,28.2,0.8,1.1,99.9,17,1,3,2.44,324.5,4964.5
2026-07-07T15:58:08Z,,,,,,,,,,,,4958.9
2026-07-07T15:58:08Z,,,,,,,,,,,,4952.5
2026-07-07T15:58:08Z,,,,,,,,,,,,4946.9
2026-07-07T15:58:08Z,,,,,,,,,,,,4942.8
2026-07-07T15:58:08Z,51.555061,-0.069061,28.5,0.8,1.1,99.9,17,1,3,2.53,325.4,4940.0
2026-07-07T15:58:08Z,,,,,,,,,,,,4936.5
2026-07-07T15:58:08Z,,,,,,,,,,,,4931.6
2026-07-07T15:58:09Z,,,,,,,,,,,,4926.9
2026-07-07T15:58:09Z,,,,,,,,,,,,4923.5
2026-07-07T15:58:09Z,51.555069,-0.069068,28.8,0.8,1.1,99.9,17,1,3,2.43,325.8,4921.3
2026-07-07T15:58:09Z,,,,,,,,,,,,4919.4
2026-07-07T15:58:09Z,,,,,,,,,,,,4916.0
2026-07-07T15:58:09Z,,,,,,,,,,,,4912.3
2026-07-07T15:58:09Z,,,,,,,,,,,,4910.4
2026-07-07T15:58:09Z,51.555077,-0.069074,28.8,0.8,1.1,99.9,17,1,3,2.47,328.7,4910.4
2026-07-07T15:58:09Z,,,,,,,,,,,,4910.3
2026-07-07T15:58:09Z,,,,,,,,,,,,4910.4
2026-07-07T15:58:10Z,,,,,,,,,,,,4911.6
2026-07-07T15:58:10Z,,,,,,,,,,,,4913.1
2026-07-07T15:58:10Z,51.555084,-0.069081,28.8,0.8,1.1,99.9,17,1,3,2.30,321.2,4915.9
2026-07-07T15:58:10Z,,,,,,,,,,,,4918.4
2026-07-07T15:58:10Z,,,,,,,,,,,,4919.7
2026-07-07T15:58:10Z,,,,,,,,,,,,4919.4
2026-07-07T15:58:10Z,,,,,,,,,,,,4918.1
2026-07-07T15:58:10Z,51.555092,-0.069089,29.3,0.8,1.1,99.9,17,1,3,2.70,327.2,4918.8
2026-07-07T15:58:10Z,,,,,,,,,,,,4921.7
2026-07-07T15:58:10Z,,,,,,,,,,,,4923.8
2026-07-07T15:58:11Z,,,,,,,,,,,,4924.4
2026-07-07T15:58:11Z,,,,,,,,,,,,4923.6
2026-07-07T15:58:11Z,51.555099,-0.069095,29.5,0.8,1.1,99.9,17,1,3,2.70,332.9,4922.8
2026-07-07T15:58:11Z,,,,,,,,,,,,4924.3
2026-07-07T15:58:11Z,,,,,,,,,,,,4925.1
2026-07-07T15:58:11Z,,,,,,,,,,,,4923.1
2026-07-07T15:58:11Z,,,,,,,,,,,,4919.7
2026-07-07T15:58:11Z,51.555107,-0.069102,29.7,0.8,1.1,99.9,17,1,3,2.68,332.5,4915.8
2026-07-07T15:58:11Z,,,,,,,,,,,,4912.4
2026-07-07T15:58:11Z,,,,,,,,,,,,4910.1
2026-07-07T15:58:12Z,,,,,,,,,,,,4906.0
2026-07-07T15:58:12Z,,,,,,,,,,,,4901.3
2026-07-07T15:58:12Z,51.555115,-0.069110,29.7,0.8,1.1,99.9,17,1,3,2.76,333.2,4895.4
2026-07-07T15:58:12Z,,,,,,,,,,,,4890.4
2026-07-07T15:58:12Z,,,,,,,,,,,,4887.8
2026-07-07T15:58:12Z,,,,,,,,,,,,4885.6
2026-07-07T15:58:12Z,,,,,,,,,,,,4883.5
2026-07-07T15:58:12Z,51.555126,-0.069118,29.8,0.8,1.1,99.9,17,1,3,2.63,325.6,4881.8
2026-07-07T15:58:12Z,,,,,,,,,,,,4880.5
2026-07-07T15:58:12Z,,,,,,,,,,,,4882.1
2026-07-07T15:58:13Z,,,,,,,,,,,,4884.8
2026-07-07T15:58:13Z,,,,,,,,,,,,4885.4
2026-07-07T15:58:13Z,51.555134,-0.069126,29.9,0.8,1.1,99.9,17,1,3,2.87,325.5,4883.7
2026-07-07T15:58:13Z,,,,,,,,,,,,4881.1
2026-07-07T15:58:13Z,,,,,,,,,,,,4879.1
2026-07-07T15:58:13Z,,,,,,,,,,,,4877.9
2026-07-07T15:58:13Z,,,,,,,,,,,,4875.0
2026-07-07T15:58:13Z,51.555141,-0.069132,30.0,0.8,1.1,99.9,17,1,3,2.68,329.4,4869.5
2026-07-07T15:58:13Z,,,,,,,,,,,,4865.9
2026-07-07T15:58:13Z,,,,,,,,,,,,4867.0
2026-07-07T15:58:14Z,,,,,,,,,,,,4871.9
2026-07-07T15:58:14Z,,,,,,,,,,,,4880.0
2026-07-07T15:58:14Z,51.555145,-0.069141,30.2,0.8,1.1,99.9,17,1,3,2.60,330.1,4890.1
2026-07-07T15:58:14Z,,,,,,,,,,,,4901.2
2026-07-07T15:58:14Z,,,,,,,,,,,,4915.1
2026-07-07T15:58:14Z,,,,,,,,,,,,4930.8
2026-07-07T15:58:14Z,,,,,,,,,,,,4947.7
2026-07-07T15:58:14Z,51.555153,-0.069150,30.4,0.8,1.1,99.9,17,1,3,2.59,315.3,4961.3
2026-07-07T15:58:14Z,,,,,,,,,,,,4971.4
2026-07-07T15:58:14Z,,,,,,,,,,,,4977.9
2026-07-07T15:58:15Z,,,,,,,,,,,,4983.4
2026-07-07T15:58:15Z,,,,,,,,,,,,4988.2
2026-07-07T15:58:15Z,51.555157,-0.069158,30.4,0.8,1.1,99.9,17,1,3,2.23,305.4,4990.2
2026-07-07T15:58:15Z,,,,,,,,,,,,4988.9
2026-07-07T15:58:15Z,,,,,,,,,,,,4984.9
2026-07-07T15:58:15Z,,,,,,,,,,,,4979.8
2026-07-07T15:58:15Z,,,,,,,,,,,,4975.2
2026-07-07T15:58:15Z,51.555161,-0.069165,30.5,0.8,1.1,99.9,17,1,3,2.09,309.5,4970.0
2026-07-07T15:58:15Z,,,,,,,,,,,,4961.6
2026-07-07T15:58:15Z,,,,,,,,,,,,4951.3
2026-07-07T15:58:16Z,,,,,,,,,,,,4941.7
2026-07-07T15:58:16Z,,,,,,,,,,,,4934.9
2026-07-07T15:58:16Z,51.555168,-0.069173,30.5,0.8,1.1,99.9,17,1,3,1.98,310.9,4928.5
2026-07-07T15:58:16Z,,,,,,,,,,,,4920.4
2026-07-07T15:58:16Z,,,,,,,,,,,,4911.3
2026-07-07T15:58:16Z,,,,,,,,,,,,4903.5
2026-07-07T15:58:16Z,,,,,,,,,,,,4898.2
2026-07-07T15:58:16Z,51.555172,-0.069180,30.4,0.8,1.1,99.9,17,1,3,1.92,310.9,4897.4
2026-07-07T15:58:16Z,,,,,,,,,,,,4900.1
2026-07-07T15:58:16Z,,,,,,,,,,,,4906.7
2026-07-07T15:58:17Z,,,,,,,,,,,,4917.2
2026-07-07T15:58:17Z,,,,,,,,,,,,4932.6
2026-07-07T15:58:17Z,51.555180,-0.069186,30.5,0.8,1.1,99.9,17,1,3,1.98,320.5,4953.0
2026-07-07T15:58:17Z,,,,,,,,,,,,4973.4
2026-07-07T15:58:17Z,,,,,,,,,,,,4992.9
2026-07-07T15:58:17Z,,,,,,,,,,,,5008.6
2026-07-07T15:58:17Z,,,,,,,,,,,,5021.3
2026-07-07T15:58:17Z,51.555183,-0.069194,30.6,0.8,1.1,99.9,17,1,3,2.09,327.8,5033.8
2026-07-07T15:58:17Z,,,,,,,,,,,,5043.4
2026-07-07T15:58:17Z,,,,,,,,,,,,5047.4
2026-07-07T15:58:18Z,,,,,,,,,,,,5048.0
2026-07-07T15:58:18Z,,,,,,,,,,,,5046.7
2026-07-07T15:58:18Z,51.555191,-0.069203,30.7,0.8,1.1,99.9,17,1,3,2.37,320.9,5044.3
2026-07-07T15:58:18Z,,,,,,,,,,,,5041.3
2026-07-07T15:58:18Z,,,,,,,,,,,,5034.7
2026-07-07T15:58:18Z,,,,,,,,,,,,5025.7
2026-07-07T15:58:18Z,,,,,,,,,,,,5014.9
2026-07-07T15:58:18Z,51.555195,-0.069210,30.9,0.8,1.1,99.9,17,1,3,2.72,314.4,5005.1
2026-07-07T15:58:18Z,,,,,,,,,,,,4996.8
2026-07-07T15:58:18Z,,,,,,,,,,,,4987.3
2026-07-07T15:58:19Z,,,,,,,,,,,,4976.9
2026-07-07T15:58:19Z,,,,,,,,,,,,4966.3
2026-07-07T15:58:19Z,51.555199,-0.069218,31.1,0.8,1.1,99.9,17,1,3,1.87,314.4,4956.7
2026-07-07T15:58:19Z,,,,,,,,,,,,4950.5
2026-07-07T15:58:19Z,,,,,,,,,,,,4946.0
2026-07-07T15:58:19Z,,,,,,,,,,,,4939.8
2026-07-07T15:58:19Z,,,,,,,,,,,,4932.5
2026-07-07T15:58:19Z,51.555206,-0.069225,31.2,0.8,1.1,99.9,17,1,3,1.97,307.0,4926.0
2026-07-07T15:58:19Z,,,,,,,,,,,,4920.2
2026-07-07T15:58:19Z,,,,,,,,,,,,4916.1
2026-07-07T15:58:20Z,,,,,,,,,,,,4910.9
2026-07-07T15:58:20Z,,,,,,,,,,,,4904.9
2026-07-07T15:58:20Z,51.555210,-0.069233,31.6,0.8,1.1,99.9,17,1,3,2.08,312.2,4898.1
2026-07-07T15:58:20Z,,,,,,,,,,,,4892.7
2026-07-07T15:58:20Z,,,,,,,,,,,,4891.9
2026-07-07T15:58:20Z,,,,,,,,,,,,4892.7
2026-07-07T15:58:20Z,,,,,,,,,,,,4895.4
2026-07-07T15:58:20Z,51.555214,-0.069241,31.8,0.8,1.1,99.9,17,1,3,1.91,312.2,4900.6
2026-07-07T15:58:20Z,,,,,,,,,,,,4907.5
2026-07-07T15:58:20Z,,,,,,,,,,,,4918.6
2026-07-07T15:58:20Z,,,,,,,,,,,,4931.7
2026-07-07T15:58:21Z,,,,,,,,,,,,4940.6
2026-07-07T15:58:21Z,51.555222,-0.069250,31.9,0.8,1.1,99.9,17,1,3,2.32,316.1,4948.0
2026-07-07T15:58:21Z,,,,,,,,,,,,4952.8
2026-07-07T15:58:21Z,,,,,,,,,,,,4956.8
2026-07-07T15:58:21Z,,,,,,,,,,,,4961.7
2026-07-07T15:58:21Z,,,,,,,,,,,,4962.8
2026-07-07T15:58:21Z,51.555225,-0.069259,32.1,0.8,1.1,99.9,17,1,3,2.66,310.9,4960.6
2026-07-07T15:58:21Z,,,,,,,,,,,,4956.4
2026-07-07T15:58:21Z,,,,,,,,,,,,4951.7
2026-07-07T15:58:21Z,,,,,,,,,,,,4949.2
2026-07-07T15:58:22Z,,,,,,,,,,,,4945.0
2026-07-07T15:58:22Z,51.555229,-0.069268,32.2,0.8,1.1,99.9,17,1,3,2.53,310.6,4938.1
2026-07-07T15:58:22Z,,,,,,,,,,,,4930.0
2026-07-07T15:58:22Z,,,,,,,,,,,,4920.4
2026-07-07T15:58:22Z,,,,,,,,,,,,4913.1
2026-07-07T15:58:22Z,,,,,,,,,,,,4907.2
2026-07-07T15:58:22Z,51.555237,-0.069278,32.4,0.8,1.1,99.9,17,1,3,2.65,310.0,4899.5
2026-07-07T15:58:22Z,,,,,,,,,,,,4891.0
2026-07-07T15:58:22Z,,,,,,,,,,,,4880.6
2026-07-07T15:58:23Z,,,,,,,,,,,,4871.9
2026-07-07T15:58:23Z,,,,,,,,,,,,4865.9
2026-07-07T15:58:23Z,51.555241,-0.069287,32.6,0.8,1.1,99.9,17,1,3,2.63,309.0,4858.9
2026-07-07T15:58:23Z,,,,,,,,,,,,4852.7
2026-07-07T15:58:23Z,,,,,,,,,,,,4845.9
2026-07-07T15:58:23Z,,,,,,,,,,,,4840.3
2026-07-07T15:58:23Z,,,,,,,,,,,,4838.0
2026-07-07T15:58:23Z,51.555244,-0.069297,32.6,0.8,1.1,99.9,17,1,3,2.64,309.8,4836.8
2026-07-07T15:58:23Z,,,,,,,,,,,,4835.0
2026-07-07T15:58:23Z,,,,,,,,,,,,4833.1
2026-07-07T15:58:24Z,,,,,,,,,,,,4831.3
2026-07-07T15:58:24Z,,,,,,,,,,,,4832.1
2026-07-07T15:58:24Z,51.555252,-0.069307,32.8,0.8,1.1,99.9,17,1,3,2.93,307.0,4834.4
2026-07-07T15:58:24Z,,,,,,,,,,,,4835.8
2026-07-07T15:58:24Z,,,,,,,,,,,,4837.2
2026-07-07T15:58:24Z,,,,,,,,,,,,4836.6
2026-07-07T15:58:24Z,,,,,,,,,,,,4836.8
2026-07-07T15:58:24Z,51.555256,-0.069318,32.9,0.8,1.1,99.9,17,1,3,2.71,304.8,4839.2
2026-07-07T15:58:24Z,,,,,,,,,,,,4840.2
2026-07-07T15:58:24Z,,,,,,,,,,,,4839.3
2026-07-07T15:58:25Z,,,,,,,,,,,,4838.1
2026-07-07T15:58:25Z,,,,,,,,,,,,4837.6
2026-07-07T15:58:25Z,51.555260,-0.069329,33.1,0.8,1.1,99.9,17,1,3,3.01,303.6,4839.4
2026-07-07T15:58:25Z,,,,,,,,,,,,4841.0
2026-07-07T15:58:25Z,,,,,,,,,,,,4840.9
2026-07-07T15:58:25Z,,,,,,,,,,,,4839.3
2026-07-07T15:58:25Z,,,,,,,,,,,,4837.0
2026-07-07T15:58:25Z,51.555264,-0.069339,33.3,0.8,1.1,99.9,17,1,3,2.77,298.4,4836.5
2026-07-07T15:58:25Z,,,,,,,,,,,,4836.2
2026-07-07T15:58:25Z,,,,,,,,,,,,4834.5
2026-07-07T15:58:26Z,,,,,,,,,,,,4831.8
2026-07-07T15:58:26Z,,,,,,,,,,,,4828.5
2026-07-07T15:58:26Z,51.555267,-0.069348,33.5,0.8,1.1,99.9,17,1,3,2.99,303.8,4827.0
2026-07-07T15:58:26Z,,,,,,,,,,,,4827.9
2026-07-07T15:58:26Z,,,,,,,,,,,,4828.4
2026-07-07T15:58:26Z,,,,,,,,,,,,4828.0
2026-07-07T15:58:26Z,,,,,,,,,,,,4826.7
2026-07-07T15:58:26Z,51.555275,-0.069358,33.6,0.8,1.1,99.9,17,1,3,2.65,302.8,4827.2
2026-07-07T15:58:26Z,,,,,,,,,,,,4830.4
2026-07-07T15:58:26Z,,,,,,,,,,,,4833.3
2026-07-07T15:58:27Z,,,,,,,,,,,,4835.8
2026-07-07T15:58:27Z,,,,,,,,,,,,4838.3
2026-07-07T15:58:27Z,51.555279,-0.069367,33.8,0.8,1.1,99.9,17,1,3,2.79,302.0,4841.7
2026-07-07T15:58:27Z,,,,,,,,,,,,4848.2
2026-07-07T15:58:27Z,,,,,,,,,,,,4855.1
2026-07-07T15:58:27Z,,,,,,,,,,,,4860.5
2026-07-07T15:58:27Z,,,,,,,,,,,,4864.3
2026-07-07T15:58:27Z,51.555283,-0.069375,34.0,0.8,1.1,99.9,17,1,3,2.38,305.1,4867.6
2026-07-07T15:58:27Z,,,,,,,,,,,,4870.4
2026-07-07T15:58:27Z,,,,,,,,,,,,4872.9
2026-07-07T15:58:28Z,,,,,,,,,,,,4876.6
2026-07-07T15:58:28Z,,,,,,,,,,,,4880.6
2026-07-07T15:58:28Z,51.555286,-0.069384,34.1,0.8,1.1,99.9,17,1,3,2.39,308.2,4884.9
2026-07-07T15:58:28Z,,,,,,,,,,,,4891.7
2026-07-07T15:58:28Z,,,,,,,,,,,,4900.4
2026-07-07T15:58:28Z,,,,,,,,,,,,4907.0
2026-07-07T15:58:28Z,,,,,,,,,,,,4911.6
2026-07-07T15:58:28Z,51.555290,-0.069392,34.3,0.8,1.1,99.9,17,1,3,2.24,299.5,4913.8
2026-07-07T15:58:28Z,,,,,,,,,,,,4915.0
2026-07-07T15:58:28Z,,,,,,,,,,,,4916.9
2026-07-07T15:58:29Z,,,,,,,,,,,,4917.2
2026-07-07T15:58:29Z,,,,,,,,,,,,4915.5
2026-07-07T15:58:29Z,51.555294,-0.069401,34.4,0.8,1.1,99.9,17,1,3,2.17,297.4,4911.7
2026-07-07T15:58:29Z,,,,,,,,,,,,4906.8
2026-07-07T15:58:29Z,,,,,,,,,,,,4902.8
2026-07-07T15:58:29Z,,,,,,,,,,,,4898.2
2026-07-07T15:58:29Z,,,,,,,,,,,,4891.6
2026-07-07T15:58:29Z,51.555298,-0.069410,34.5,0.8,1.1,99.9,17,1,3,2.31,298.2,4883.7
2026-07-07T15:58:29Z,,,,,,,,,,,,4874.9
2026-07-07T15:58:29Z,,,,,,,,,,,,4867.7
2026-07-07T15:58:30Z,,,,,,,,,,,,4861.1
2026-07-07T15:58:30Z,,,,,,,,,,,,4853.1
2026-07-07T15:58:30Z,51.555302,-0.069421,34.6,0.8,1.1,99.9,17,1,3,2.44,301.1,4844.8
2026-07-07T15:58:30Z,,,,,,,,,,,,4836.4
2026-07-07T15:58:30Z,,,,,,,,,,,,4830.0
2026-07-07T15:58:30Z,,,,,,,,,,,,4826.1
2026-07-07T15:58:30Z,,,,,,,,,,,,4823.5
2026-07-07T15:58:30Z,51.555305,-0.069432,34.8,0.8,1.1,99.9,17,1,3,2.81,294.6,4822.6
2026-07-07T15:58:30Z,,,,,,,,,,,,4822.1
2026-07-07T15:58:30Z,,,,,,,,,,,,4823.7
2026-07-07T15:58:31Z,,,,,,,,,,,,4828.9
2026-07-07T15:58:31Z,,,,,,,,,,,,4834.3
2026-07-07T15:58:31Z,51.555313,-0.069442,35.0,0.8,1.1,99.9,17,1,3,3.06,300.3,4839.8
2026-07-07T15:58:31Z,,,,,,,,,,,,4845.8
2026-07-07T15:58:31Z,,,,,,,,,,,,4854.2
2026-07-07T15:58:31Z,,,,,,,,,,,,4866.2
2026-07-07T15:58:31Z,,,,,,,,,,,,4879.5
2026-07-07T15:58:31Z,51.555317,-0.069453,35.1,0.8,1.1,99.9,17,1,3,2.98,303.8,4890.9
2026-07-07T15:58:31Z,,,,,,,,,,,,4901.7
2026-07-07T15:58:31Z,,,,,,,,,,,,4911.6
2026-07-07T15:58:31Z,,,,,,,,,,,,4921.6
2026-07-07T15:58:32Z,,,,,,,,,,,,4930.6
2026-07-07T15:58:32Z,51.555321,-0.069464,35.2,0.8,1.1,99.9,17,1,3,3.01,301.1,4936.1
2026-07-07T15:58:32Z,,,,,,,,,,,,4938.2
2026-07-07T15:58:32Z,,,,,,,,,,,,4938.4
2026-07-07T15:58:32Z,,,,,,,,,,,,4939.3
2026-07-07T15:58:32Z,,,,,,,,,,,,4942.6
2026-07-07T15:58:32Z,51.555328,-0.069473,35.2,0.8,1.1,99.9,17,1,3,3.09,299.2,4945.8
2026-07-07T15:58:32Z,,,,,,,,,,,,4948.3
2026-07-07T15:58:32Z,,,,,,,,,,,,4951.7
2026-07-07T15:58:33Z,,,,,,,,,,,,4957.5
2026-07-07T15:58:33Z,,,,,,,,,,,,4964.8
2026-07-07T15:58:33Z,51.555332,-0.069481,35.4,0.8,1.1,99.9,17,1,3,2.86,309.5,4971.2
2026-07-07T15:58:33Z,,,,,,,,,,,,4975.0
2026-07-07T15:58:33Z,,,,,,,,,,,,4977.3
2026-07-07T15:58:33Z,,,,,,,,,,,,4979.3
2026-07-07T15:58:33Z,,,,,,,,,,,,4982.4
2026-07-07T15:58:33Z,51.555340,-0.069488,35.3,0.8,1.1,99.9,17,1,3,2.44,315.7,4985.0
2026-07-07T15:58:33Z,,,,,,,,,,,,4986.1
2026-07-07T15:58:33Z,,,,,,,,,,,,4986.0
2026-07-07T15:58:33Z,,,,,,,,,,,,4985.7
2026-07-07T15:58:34Z,,,,,,,,,,,,4986.9
2026-07-07T15:58:34Z,51.555344,-0.069496,35.5,0.8,1.1,99.9,17,1,3,2.33,315.0,4988.8
2026-07-07T15:58:34Z,,,,,,,,,,,,4988.6
2026-07-07T15:58:34Z,,,,,,,,,,,,4986.2
2026-07-07T15:58:34Z,,,,,,,,,,,,4983.3
2026-07-07T15:58:34Z,,,,,,,,,,,,4981.3
2026-07-07T15:58:34Z,51.555347,-0.069504,35.7,0.8,1.1,99.9,17,1,3,2.47,314.8,4980.1
2026-07-07T15:58:34Z,,,,,,,,,,,,4979.7
2026-07-07T15:58:34Z,,,,,,,,,,,,4977.9
2026-07-07T15:58:35Z,,,,,,,,,,,,4977.2
2026-07-07T15:58:35Z,,,,,,,,,,,,4979.4
2026-07-07T15:58:35Z,51.555351,-0.069512,35.7,0.8,1.1,99.9,17,1,3,2.37,309.2,4983.0
2026-07-07T15:58:35Z,,,,,,,,,,,,4986.7
2026-07-07T15:58:35Z,,,,,,,,,,,,4987.8
2026-07-07T15:58:35Z,,,,,,,,,,,,4985.8
2026-07-07T15:58:35Z,,,,,,,,,,,,4983.9
2026-07-07T15:58:35Z,51.555355,-0.069521,35.8,0.8,1.1,99.9,17,1,3,2.24,302.1,4982.0
2026-07-07T15:58:35Z,,,,,,,,,,,,4979.7
2026-07-07T15:58:35Z,,,,,,,,,,,,4975.6
2026-07-07T15:58:36Z,,,,,,,,,,,,4969.9
2026-07-07T15:58:36Z,,,,,,,,,,,,4967.3
2026-07-07T15:58:36Z,51.555363,-0.069531,36.1,0.8,1.1,99.9,17,1,3,2.36,305.0,4967.3
2026-07-07T15:58:36Z,,,,,,,,,,,,4968.2
2026-07-07T15:58:36Z,,,,,,,,,,,,4968.2
2026-07-07T15:58:36Z,,,,,,,,,,,,4965.7
2026-07-07T15:58:36Z,,,,,,,,,,,,4963.6
2026-07-07T15:58:36Z,51.555367,-0.069540,36.2,0.8,1.1,99.9,17,1,3,2.87,309.5,4962.8
2026-07-07T15:58:36Z,,,,,,,,,,,,4962.6
2026-07-07T15:58:36Z,,,,,,,,,,,,4963.7
2026-07-07T15:58:36Z,,,,,,,,,,,,4964.9
2026-07-07T15:58:37Z,,,,,,,,,,,,4967.0
2026-07-07T15:58:37Z,51.555374,-0.069550,36.4,0.8,1.1,99.9,17,1,3,2.38,307.0,4971.7
2026-07-07T15:58:37Z,,,,,,,,,,,,4976.3
2026-07-07T15:58:37Z,,,,,,,,,,,,4979.7
2026-07-07T15:58:37Z,,,,,,,,,,,,4980.3
2026-07-07T15:58:37Z,,,,,,,,,,,,4978.4
2026-07-07T15:58:37Z,51.555378,-0.069558,36.0,0.8,1.1,99.9,17,1,3,2.58,308.1,4977.8
2026-07-07T15:58:37Z,,,,,,,,,,,,4976.3
2026-07-07T15:58:37Z,,,,,,,,,,,,4973.8
2026-07-07T15:58:37Z,,,,,,,,,,,,4969.7
2026-07-07T15:58:38Z,,,,,,,,,,,,4963.6
2026-07-07T15:58:38Z,51.555382,-0.069566,36.0,0.8,1.1,99.9,17,1,3,2.25,303.9,4958.5
2026-07-07T15:58:38Z,,,,,,,,,,,,4954.6
2026-07-07T15:58:38Z,,,,,,,,,,,,4951.8
2026-07-07T15:58:38Z,,,,,,,,,,,,4948.0
2026-07-07T15:58:38Z,,,,,,,,,,,,4943.9
2026-07-07T15:58:38Z,51.555386,-0.069574,36.0,0.8,1.1,99.9,17,1,3,2.35,305.9,4943.8
2026-07-07T15:58:38Z,,,,,,,,,,,,4947.6
2026-07-07T15:58:38Z,,,,,,,,,,,,4952.8
2026-07-07T15:58:39Z,,,,,,,,,,,,4958.8
2026-07-07T15:58:39Z,,,,,,,,,,,,4964.1
2026-07-07T15:58:39Z,51.555389,-0.069581,35.8,0.8,1.1,99.9,17,1,3,2.23,310.7,4970.6
2026-07-07T15:58:39Z,,,,,,,,,,,,4979.0
2026-07-07T15:58:39Z,,,,,,,,,,,,4987.0
2026-07-07T15:58:39Z,,,,,,,,,,,,4993.6
2026-07-07T15:58:39Z,,,,,,,,,,,,4998.6
2026-07-07T15:58:39Z,51.555397,-0.069590,36.2,0.8,1.1,99.9,17,1,3,2.30,317.6,5005.6
2026-07-07T15:58:39Z,,,,,,,,,,,,5015.6
2026-07-07T15:58:39Z,,,,,,,,,,,,5025.4
2026-07-07T15:58:40Z,,,,,,,,,,,,5034.6
2026-07-07T15:58:40Z,,,,,,,,,,,,5041.8
2026-07-07T15:58:40Z,51.555401,-0.069597,36.4,0.8,1.1,99.9,17,1,3,2.66,323.0,5049.0
2026-07-07T15:58:40Z,,,,,,,,,,,,5057.5
2026-07-07T15:58:40Z,,,,,,,,,,,,5065.2
2026-07-07T15:58:40Z,,,,,,,,,,,,5070.8
2026-07-07T15:58:40Z,,,,,,,,,,,,5071.7
2026-07-07T15:58:40Z,51.555408,-0.069606,36.5,0.7,1.1,99.9,18,1,3,2.58,319.9,5069.4
2026-07-07T15:58:40Z,,,,,,,,,,,,5066.1
2026-07-07T15:58:40Z,,,,,,,,,,,,5060.4
2026-07-07T15:58:41Z,,,,,,,,,,,,5052.4
2026-07-07T15:58:41Z,,,,,,,,,,,,5041.9
2026-07-07T15:58:41Z,51.555412,-0.069616,36.7,0.7,1.1,99.9,18,1,3,2.95,310.4,5031.5
2026-07-07T15:58:41Z,,,,,,,,,,,,5024.1
2026-07-07T15:58:41Z,,,,,,,,,,,,5018.4
2026-07-07T15:58:41Z,,,,,,,,,,,,5014.6
2026-07-07T15:58:41Z,,,,,,,,,,,,5010.2
2026-07-07T15:58:41Z,51.555420,-0.069625,36.8,0.7,1.1,99.9,18,1,3,2.66,307.6,5008.3
2026-07-07T15:58:41Z,,,,,,,,,,,,5011.6
2026-07-07T15:58:41Z,,,,,,,,,,,,5016.9
2026-07-07T15:58:41Z,,,,,,,,,,,,5022.9
2026-07-07T15:58:42Z,,,,,,,,,,,,5027.8
2026-07-07T15:58:42Z,51.555424,-0.069634,36.8,0.7,1.1,99.9,18,1,3,2.84,308.5,5032.0
2026-07-07T15:58:42Z,,,,,,,,,,,,5037.8
2026-07-07T15:58:42Z,,,,,,,,,,,,5043.4
2026-07-07T15:58:42Z,,,,,,,,,,,,5046.1
2026-07-07T15:58:42Z,,,,,,,,,,,,5045.3
2026-07-07T15:58:42Z,51.555428,-0.069644,37.0,0.7,1.1,99.9,18,1,3,2.33,305.7,5041.2
2026-07-07T15:58:42Z,,,,,,,,,,,,5036.7
2026-07-07T15:58:42Z,,,,,,,,,,,,5031.0
2026-07-07T15:58:43Z,,,,,,,,,,,,5023.3
2026-07-07T15:58:43Z,,,,,,,,,,,,5013.8
2026-07-07T15:58:43Z,51.555431,-0.069654,36.9,0.7,1.1,99.9,18,1,3,2.89,302.6,5001.3
2026-07-07T15:58:43Z,,,,,,,,,,,,4990.6
2026-07-07T15:58:43Z,,,,,,,,,,,,4981.0
2026-07-07T15:58:43Z,,,,,,,,,,,,4971.1
2026-07-07T15:58:43Z,,,,,,,,,,,,4960.5
2026-07-07T15:58:43Z,51.555435,-0.069665,37.1,0.7,1.1,99.9,18,1,3,2.34,291.3,4948.7
2026-07-07T15:58:43Z,,,,,,,,,,,,4938.6
2026-07-07T15:58:43Z,,,,,,,,,,,,4931.9
2026-07-07T15:58:44Z,,,,,,,,,,,,4924.4
2026-07-07T15:58:44Z,,,,,,,,,,,,4917.6
2026-07-07T15:58:44Z,51.555443,-0.069677,37.2,0.7,1.1,99.9,18,1,3,3.54,298.8,4912.4
2026-07-07T15:58:44Z,,,,,,,,,,,,4912.0
2026-07-07T15:58:44Z,,,,,,,,,,,,4916.1
2026-07-07T15:58:44Z,,,,,,,,,,,,4921.2
2026-07-07T15:58:44Z,,,,,,,,,,,,4926.5
2026-07-07T15:58:44Z,51.555447,-0.069688,37.3,0.7,1.1,99.9,18,1,3,3.10,295.1,4932.5
2026-07-07T15:58:44Z,,,,,,,,,,,,4940.5
2026-07-07T15:58:44Z,,,,,,,,,,,,4951.4
2026-07-07T15:58:44Z,,,,,,,,,,,,4961.8
2026-07-07T15:58:45Z,,,,,,,,,,,,4971.2
2026-07-07T15:58:45Z,51.555450,-0.069698,37.3,0.7,1.1,99.9,18,1,3,2.96,301.4,4980.1
2026-07-07T15:58:45Z,,,,,,,,,,,,4989.4
2026-07-07T15:58:45Z,,,,,,,,,,,,5002.3
2026-07-07T15:58:45Z,,,,,,,,,,,,5013.8
2026-07-07T15:58:45Z,,,,,,,,,,,,5022.6
2026-07-07T15:58:45Z,51.555458,-0.069707,37.3,0.7,1.1,99.9,18,1,3,2.97,304.9,5028.6
2026-07-07T15:58:45Z,,,,,,,,,,,,5033.5
2026-07-07T15:58:45Z,,,,,,,,,,,,5039.6
2026-07-07T15:58:46Z,,,,,,,,,,,,5044.8
2026-07-07T15:58:46Z,,,,,,,,,,,,5046.2
2026-07-07T15:58:46Z,51.555462,-0.069716,37.3,0.7,1.1,99.9,18,1,3,3.00,314.0,5044.2
2026-07-07T15:58:46Z,,,,,,,,,,,,5041.5
2026-07-07T15:58:46Z,,,,,,,,,,,,5040.4
2026-07-07T15:58:46Z,,,,,,,,,,,,5039.2
2026-07-07T15:58:46Z,,,,,,,,,,,,5036.1
2026-07-07T15:58:46Z,51.555470,-0.069724,37.0,0.7,1.1,99.9,18,1,3,2.53,314.9,5031.3
2026-07-07T15:58:46Z,,,,,,,,,,,,5025.1
2026-07-07T15:58:46Z,,,,,,,,,,,,5020.1
2026-07-07T15:58:47Z,,,,,,,,,,,,5016.9
2026-07-07T15:58:47Z,,,,,,,,,,,,5013.5
2026-07-07T15:58:47Z,51.555473,-0.069733,37.0,0.7,1.1,99.9,18,1,3,2.45,311.3,5007.2
2026-07-07T15:58:47Z,,,,,,,,,,,,5000.1
2026-07-07T15:58:47Z,,,,,,,,,,,,4994.5
2026-07-07T15:58:47Z,,,,,,,,,,,,4988.8
2026-07-07T15:58:47Z,,,,,,,,,,,,4981.7
2026-07-07T15:58:47Z,51.555477,-0.069741,37.1,0.7,1.1,99.9,18,1,3,2.56,309.4,4973.5
2026-07-07T15:58:47Z,,,,,,,,,,,,4963.9
2026-07-07T15:58:47Z,,,,,,,,,,,,4955.3
2026-07-07T15:58:47Z,,,,,,,,,,,,4946.4
2026-07-07T15:58:48Z,,,,,,,,,,,,4938.5
2026-07-07T15:58:48Z,51.555485,-0.069750,37.1,0.7,1.1,99.9,18,1,3,2.59,310.0,4929.4
2026-07-07T15:58:48Z,,,,,,,,,,,,4919.4
2026-07-07T15:58:48Z,,,,,,,,,,,,4910.6
2026-07-07T15:58:48Z,,,,,,,,,,,,4902.7
2026-07-07T15:58:48Z,,,,,,,,,,,,4895.3
2026-07-07T15:58:48Z,51.555489,-0.069760,37.0,0.7,1.1,99.9,18,1,3,2.66,306.3,4887.8
2026-07-07T15:58:48Z,,,,,,,,,,,,4879.5
2026-07-07T15:58:48Z,,,,,,,,,,,,4873.1
2026-07-07T15:58:49Z,,,,,,,,,,,,4869.2
2026-07-07T15:58:49Z,,,,,,,,,,,,4867.4
2026-07-07T15:58:49Z,51.555492,-0.069769,36.9,0.7,1.1,99.9,18,1,3,2.55,299.9,4867.3
2026-07-07T15:58:49Z,,,,,,,,,,,,4869.7
2026-07-07T15:58:49Z,,,,,,,,,,,,4875.7
2026-07-07T15:58:49Z,,,,,,,,,,,,4884.0
2026-07-07T15:58:49Z,,,,,,,,,,,,4891.7
2026-07-07T15:58:49Z,51.555496,-0.069778,36.8,0.7,1.1,99.9,18,1,3,2.56,301.8,4899.0
2026-07-07T15:58:49Z,,,,,,,,,,,,4904.9
2026-07-07T15:58:49Z,,,,,,,,,,,,4909.7
2026-07-07T15:58:50Z,,,,,,,,,,,,4914.8
2026-07-07T15:58:50Z,,,,,,,,,,,,4918.7
2026-07-07T15:58:50Z,51.555500,-0.069787,36.8,0.7,1.1,99.9,18,1,3,2.31,303.2,4920.2
2026-07-07T15:58:50Z,,,,,,,,,,,,4918.0
2026-07-07T15:58:50Z,,,,,,,,,,,,4914.9
2026-07-07T15:58:50Z,,,,,,,,,,,,4913.3
2026-07-07T15:58:50Z,,,,,,,,,,,,4910.5
2026-07-07T15:58:50Z,51.555504,-0.069794,36.9,0.7,1.1,99.9,18,1,3,2.13,297.0,4907.4
2026-07-07T15:58:50Z,,,,,,,,,,,,4903.3
2026-07-07T15:58:50Z,,,,,,,,,,,,4899.1
2026-07-07T15:58:51Z,,,,,,,,,,,,4897.4
2026-07-07T15:58:51Z,,,,,,,,,,,,4895.9
2026-07-07T15:58:51Z,51.555504,-0.069802,36.9,0.7,1.1,99.9,18,1,3,1.62,297.0,4894.3
2026-07-07T15:58:51Z,,,,,,,,,,,,4891.2
2026-07-07T15:58:51Z,,,,,,,,,,,,4887.2
2026-07-07T15:58:51Z,,,,,,,,,,,,4884.9
2026-07-07T15:58:51Z,,,,,,,,,,,,4882.1
2026-07-07T15:58:51Z,51.555511,-0.069809,37.0,0.7,1.1,99.9,18,1,3,1.86,297.0,4878.1
2026-07-07T15:58:51Z,,,,,,,,,,,,4872.8
2026-07-07T15:58:51Z,,,,,,,,,,,,4866.2
2026-07-07T15:58:52Z,,,,,,,,,,,,4859.8
2026-07-07T15:58:52Z,,,,,,,,,,,,4856.1
2026-07-07T15:58:52Z,51.555515,-0.069816,37.0,0.7,1.1,99.9,18,1,3,2.33,317.0,4854.9
2026-07-07T15:58:52Z,,,,,,,,,,,,4855.9
2026-07-07T15:58:52Z,,,,,,,,,,,,4862.2
2026-07-07T15:58:52Z,,,,,,,,,,,,4875.8
2026-07-07T15:58:52Z,,,,,,,,,,,,4894.5
2026-07-07T15:58:52Z,51.555515,-0.069824,37.1,0.7,1.1,99.9,18,1,3,2.10,310.2,4916.4
2026-07-07T15:58:52Z,,,,,,,,,,,,4941.6
2026-07-07T15:58:52Z,,,,,,,,,,,,4965.5
2026-07-07T15:58:53Z,,,,,,,,,,,,4988.9
2026-07-07T15:58:53Z,,,,,,,,,,,,5012.5
2026-07-07T15:58:53Z,51.555519,-0.069830,37.2,0.7,1.1,99.9,18,1,3,1.69,310.2,5034.4
2026-07-07T15:58:53Z,,,,,,,,,,,,5053.7
2026-07-07T15:58:53Z,,,,,,,,,,,,5071.1
2026-07-07T15:58:53Z,,,,,,,,,,,,5086.6
2026-07-07T15:58:53Z,,,,,,,,,,,,5104.0
2026-07-07T15:58:53Z,51.555523,-0.069837,37.3,0.7,1.1,99.9,18,1,3,1.40,310.2,5120.6
2026-07-07T15:58:53Z,,,,,,,,,,,,5137.1
2026-07-07T15:58:53Z,,,,,,,,,,,,5149.7
2026-07-07T15:58:54Z,,,,,,,,,,,,5155.8
2026-07-07T15:58:54Z,,,,,,,,,,,,5160.8
2026-07-07T15:58:54Z,51.555523,-0.069843,37.3,0.7,1.1,99.9,18,1,3,1.40,310.2,5165.7
2026-07-07T15:58:54Z,,,,,,,,,,,,5165.7
2026-07-07T15:58:54Z,,,,,,,,,,,,5161.5
2026-07-07T15:58:54Z,,,,,,,,,,,,5154.3
2026-07-07T15:58:54Z,,,,,,,,,,,,5147.8
2026-07-07T15:58:54Z,51.555527,-0.069850,37.4,0.7,1.1,99.9,18,1,3,1.45,310.2,5143.7
2026-07-07T15:58:54Z,,,,,,,,,,,,5136.2
2026-07-07T15:58:54Z,,,,,,,,,,,,5124.0
2026-07-07T15:58:55Z,,,,,,,,,,,,5109.8
2026-07-07T15:58:55Z,,,,,,,,,,,,5098.2
2026-07-07T15:58:55Z,51.555531,-0.069858,37.4,0.7,1.1,99.9,18,1,3,1.92,310.2,5092.7
2026-07-07T15:58:55Z,,,,,,,,,,,,5092.0
2026-07-07T15:58:55Z,,,,,,,,,,,,5095.7
2026-07-07T15:58:55Z,,,,,,,,,,,,5101.5
2026-07-07T15:58:55Z,,,,,,,,,,,,5111.4
2026-07-07T15:58:55Z,51.555534,-0.069867,37.7,0.7,1.1,99.9,18,1,3,2.26,297.4,5128.6
2026-07-07T15:58:55Z,,,,,,,,,,,,5149.0
2026-07-07T15:58:55Z,,,,,,,,,,,,5167.6
2026-07-07T15:58:56Z,,,,,,,,,,,,5180.1
2026-07-07T15:58:56Z,,,,,,,,,,,,5187.5
2026-07-07T15:58:56Z,51.555538,-0.069876,37.8,0.7,1.1,99.9,18,1,3,2.48,306.2,5196.3
2026-07-07T15:58:56Z,,,,,,,,,,,,5204.7
2026-07-07T15:58:56Z,,,,,,,,,,,,5212.9
2026-07-07T15:58:56Z,,,,,,,,,,,,5218.7
2026-07-07T15:58:56Z,,,,,,,,,,,,5222.3
2026-07-07T15:58:56Z,51.555542,-0.069885,37.8,0.7,1.1,99.9,18,1,3,2.83,303.6,5229.3
2026-07-07T15:58:56Z,,,,,,,,,,,,5240.1
2026-07-07T15:58:56Z,,,,,,,,,,,,5250.6
2026-07-07T15:58:57Z,,,,,,,,,,,,5257.3
2026-07-07T15:58:57Z,,,,,,,,,,,,5257.8
2026-07-07T15:58:57Z,51.555546,-0.069895,37.9,0.7,1.1,99.9,18,1,3,2.48,306.9,5256.3
2026-07-07T15:58:57Z,,,,,,,,,,,,5255.3
2026-07-07T15:58:57Z,,,,,,,,,,,,5250.8
2026-07-07T15:58:57Z,,,,,,,,,,,,5242.4
2026-07-07T15:58:57Z,,,,,,,,,,,,5227.1
2026-07-07T15:58:57Z,51.555550,-0.069903,38.0,0.7,1.1,99.9,18,1,3,2.58,301.8,5209.2
2026-07-07T15:58:57Z,,,,,,,,,,,,5193.2
2026-07-07T15:58:57Z,,,,,,,,,,,,5175.5
2026-07-07T15:58:58Z,,,,,,,,,,,,5155.4
2026-07-07T15:58:58Z,,,,,,,,,,,,5135.1
2026-07-07T15:58:58Z,51.555553,-0.069912,38.1,0.7,1.1,99.9,18,1,3,1.93,301.8,5115.1
2026-07-07T15:58:58Z,,,,,,,,,,,,5099.0
2026-07-07T15:58:58Z,,,,,,,,,,,,5084.6
2026-07-07T15:58:58Z,,,,,,,,,,,,5072.3
2026-07-07T15:58:58Z,,,,,,,,,,,,5061.0
2026-07-07T15:58:58Z,51.555557,-0.069921,38.1,0.7,1.1,99.9,18,1,3,2.40,297.8,5057.8
2026-07-07T15:58:58Z,,,,,,,,,,,,5065.2
2026-07-07T15:58:58Z,,,,,,,,,,,,5079.9
2026-07-07T15:58:59Z,,,,,,,,,,,,5099.8
2026-07-07T15:58:59Z,,,,,,,,,,,,5121.3
2026-07-07T15:58:59Z,51.555561,-0.069931,38.3,0.7,1.1,99.9,18,1,3,2.55,299.9,5145.2
2026-07-07T15:58:59Z,,,,,,,,,,,,5172.9
2026-07-07T15:58:59Z,,,,,,,,,,,,5201.4
2026-07-07T15:58:59Z,,,,,,,,,,,,5226.8
2026-07-07T15:58:59Z,,,,,,,,,,,,5246.4
2026-07-07T15:58:59Z,51.555569,-0.069940,38.3,0.7,1.1,99.9,18,1,3,2.71,306.3,5259.7
2026-07-07T15:58:59Z,,,,,,,,,,,,5270.9
2026-07-07T15:58:59Z,,,,,,,,,,,,5280.2
2026-07-07T15:59:00Z,,,,,,,,,,,,5283.7
2026-07-07T15:59:00Z,,,,,,,,,,,,5282.5
2026-07-07T15:59:00Z,51.555573,-0.069950,38.5,0.7,1.1,99.9,18,1,3,2.88,306.9,5275.8
2026-07-07T15:59:00Z,,,,,,,,,,,,5268.3
2026-07-07T15:59:00Z,,,,,,,,,,,,5260.2
2026-07-07T15:59:00Z,,,,,,,,,,,,5248.9
2026-07-07T15:59:00Z,,,,,,,,,,,,5235.3
2026-07-07T15:59:00Z,51.555576,-0.069959,38.6,0.7,1.1,99.9,18,1,3,2.32,303.4,5218.9
2026-07-07T15:59:00Z,,,,,,,,,,,,5201.9
2026-07-07T15:59:00Z,,,,,,,,,,,,5187.9
2026-07-07T15:59:01Z,,,,,,,,,,,,5172.4
2026-07-07T15:59:01Z,,,,,,,,,,,,5156.5
2026-07-07T15:59:01Z,51.555580,-0.069965,38.6,0.7,1.1,99.9,18,1,3,2.59,300.7,5140.4
2026-07-07T15:59:01Z,,,,,,,,,,,,5128.5
2026-07-07T15:59:01Z,,,,,,,,,,,,5124.5
2026-07-07T15:59:01Z,,,,,,,,,,,,5124.3
2026-07-07T15:59:01Z,,,,,,,,,,,,5127.4
2026-07-07T15:59:01Z,51.555584,-0.069971,38.6,0.7,1.1,99.9,18,1,3,1.24,300.7,5131.1
2026-07-07T15:59:01Z,,,,,,,,,,,,5136.2
2026-07-07T15:59:01Z,,,,,,,,,,,,5145.2
2026-07-07T15:59:02Z,,,,,,,,,,,,5151.5
2026-07-07T15:59:02Z,,,,,,,,,,,,5152.3
2026-07-07T15:59:02Z,51.555584,-0.069977,38.6,0.7,1.1,99.9,18,1,3,1.33,300.7,5149.0
2026-07-07T15:59:02Z,,,,,,,,,,,,5143.6
2026-07-07T15:59:02Z,,,,,,,,,,,,5138.4
2026-07-07T15:59:02Z,,,,,,,,,,,,5132.3
2026-07-07T15:59:02Z,,,,,,,,,,,,5124.6
2026-07-07T15:59:02Z,51.555588,-0.069984,38.7,0.7,1.1,99.9,18,1,3,1.75,300.7,5115.4
2026-07-07T15:59:02Z,,,,,,,,,,,,5104.5
2026-07-07T15:59:02Z,,,,,,,,,,,,5095.1
2026-07-07T15:59:03Z,,,,,,,,,,,,5088.9
2026-07-07T15:59:03Z,,,,,,,,,,,,5083.2
2026-07-07T15:59:03Z,51.555592,-0.069990,38.7,0.7,1.1,99.9,18,1,3,1.86,300.7,5076.5
2026-07-07T15:59:03Z,,,,,,,,,,,,5069.7
2026-07-07T15:59:03Z,,,,,,,,,,,,5064.8
2026-07-07T15:59:03Z,,,,,,,,,,,,5062.5
2026-07-07T15:59:03Z,,,,,,,,,,,,5061.2
2026-07-07T15:59:03Z,51.555595,-0.069997,38.6,0.7,1.1,99.9,18,1,3,2.06,319.3,5060.1
2026-07-07T15:59:03Z,,,,,,,,,,,,5058.7
2026-07-07T15:59:03Z,,,,,,,,,,,,5057.7
2026-07-07T15:59:03Z,,,,,,,,,,,,5059.0
2026-07-07T15:59:04Z,,,,,,,,,,,,5061.5
2026-07-07T15:59:04Z,51.555599,-0.070004,38.6,0.7,1.1,99.9,18,1,3,2.15,308.3,5063.6
2026-07-07T15:59:04Z,,,,,,,,,,,,5063.1
2026-07-07T15:59:04Z,,,,,,,,,,,,5060.8
2026-07-07T15:59:04Z,,,,,,,,,,,,5059.5
2026-07-07T15:59:04Z,,,,,,,,,,,,5057.4
2026-07-07T15:59:04Z,51.555603,-0.070012,38.4,0.7,1.1,99.9,18,1,3,2.34,307.9,5054.0
2026-07-07T15:59:04Z,,,,,,,,,,,,5048.4
2026-07-07T15:59:04Z,,,,,,,,,,,,5042.1
2026-07-07T15:59:05Z,,,,,,,,,,,,5037.7
2026-07-07T15:59:05Z,,,,,,,,,,,,5033.3
2026-07-07T15:59:05Z,51.555607,-0.070020,38.5,0.7,1.1,99.9,18,1,3,2.36,302.6,5029.4
2026-07-07T15:59:05Z,,,,,,,,,,,,5026.2
2026-07-07T15:59:05Z,,,,,,,,,,,,5023.6
2026-07-07T15:59:05Z,,,,,,,,,,,,5023.4
2026-07-07T15:59:05Z,,,,,,,,,,,,5024.1
2026-07-07T15:59:05Z,51.555611,-0.070029,38.5,0.7,1.1,99.9,18,1,3,2.21,303.2,5025.4
2026-07-07T15:59:05Z,,,,,,,,,,,,5027.0
2026-07-07T15:59:05Z,,,,,,,,,,,,5027.7
2026-07-07T15:59:06Z,,,,,,,,,,,,5028.5
2026-07-07T15:59:06Z,,,,,,,,,,,,5029.3
2026-07-07T15:59:06Z,51.555614,-0.070037,38.5,0.7,1.1,99.9,18,1,3,2.23,293.0,5028.6
2026-07-07T15:59:06Z,,,,,,,,,,,,5027.1
2026-07-07T15:59:06Z,,,,,,,,,,,,5024.4
2026-07-07T15:59:06Z,,,,,,,,,,,,5021.7
2026-07-07T15:59:06Z,,,,,,,,,,,,5019.6
2026-07-07T15:59:06Z,51.555618,-0.070045,38.7,0.7,1.1,99.9,18,1,3,2.21,297.3,5017.0
2026-07-07T15:59:06Z,,,,,,,,,,,,5012.2
2026-07-07T15:59:06Z,,,,,,,,,,,,5004.1
2026-07-07T15:59:06Z,,,,,,,,,,,,4996.2
2026-07-07T15:59:07Z,,,,,,,,,,,,4991.0
2026-07-07T15:59:07Z,51.555622,-0.070052,38.8,0.7,1.1,99.9,18,1,3,2.23,313.0,4986.0
2026-07-07T15:59:07Z,,,,,,,,,,,,4979.8
2026-07-07T15:59:07Z,,,,,,,,,,,,4971.6
2026-07-07T15:59:07Z,,,,,,,,,,,,4963.1
2026-07-07T15:59:07Z,,,,,,,,,,,,4956.9
2026-07-07T15:59:07Z,51.555626,-0.070059,38.9,0.7,1.1,99.9,18,1,3,2.11,315.8,4951.9
2026-07-07T15:59:07Z,,,,,,,,,,,,4945.6
2026-07-07T15:59:07Z,,,,,,,,,,,,4938.0
2026-07-07T15:59:08Z,,,,,,,,,,,,4929.6
2026-07-07T15:59:08Z,,,,,,,,,,,,4923.8
2026-07-07T15:59:08Z,51.555630,-0.070065,39.1,0.7,1.1,99.9,18,1,3,2.05,313.2,4919.3
2026-07-07T15:59:08Z,,,,,,,,,,,,4914.7
2026-07-07T15:59:08Z,,,,,,,,,,,,4910.0
2026-07-07T15:59:08Z,,,,,,,,,,,,4904.1
2026-07-07T15:59:08Z,,,,,,,,,,,,4899.1
2026-07-07T15:59:08Z,51.555634,-0.070073,39.2,0.7,1.1,99.9,18,1,3,2.01,312.6,4899.1
2026-07-07T15:59:08Z,,,,,,,,,,,,4901.3
2026-07-07T15:59:08Z,,,,,,,,,,,,4905.1
2026-07-07T15:59:09Z,,,,,,,,,,,,4912.7
2026-07-07T15:59:09Z,,,,,,,,,,,,4923.7
2026-07-07T15:59:09Z,51.555637,-0.070080,39.3,0.7,1.1,99.9,18,1,3,2.17,304.1,4941.1
2026-07-07T15:59:09Z,,,,,,,,,,,,4959.8
2026-07-07T15:59:09Z,,,,,,,,,,,,4977.8
2026-07-07T15:59:09Z,,,,,,,,,,,,4991.5
2026-07-07T15:59:09Z,,,,,,,,,,,,5003.5
2026-07-07T15:59:09Z,51.555637,-0.070088,39.4,0.7,1.1,99.9,18,1,3,2.07,297.4,5017.8
2026-07-07T15:59:09Z,,,,,,,,,,,,5033.9
2026-07-07T15:59:09Z,,,,,,,,,,,,5046.8
2026-07-07T15:59:10Z,,,,,,,,,,,,5058.7
2026-07-07T15:59:10Z,,,,,,,,,,,,5068.9
2026-07-07T15:59:10Z,51.555641,-0.070095,39.5,0.7,1.1,99.9,18,1,3,1.83,297.4,5080.5
2026-07-07T15:59:10Z,,,,,,,,,,,,5093.5
2026-07-07T15:59:10Z,,,,,,,,,,,,5104.2
2026-07-07T15:59:10Z,,,,,,,,,,,,5109.1
2026-07-07T15:59:10Z,,,,,,,,,,,,5108.6
2026-07-07T15:59:10Z,51.555645,-0.070102,39.6,0.7,1.1,99.9,18,1,3,1.64,297.4,5105.7
2026-07-07T15:59:10Z,,,,,,,,,,,,5103.1
2026-07-07T15:59:10Z,,,,,,,,,,,,5099.2
2026-07-07T15:59:10Z,,,,,,,,,,,,5093.5
2026-07-07T15:59:11Z,,,,,,,,,,,,5084.5
2026-07-07T15:59:11Z,51.555645,-0.070110,39.8,0.7,1.1,99.9,18,1,3,1.83,297.4,5072.0
2026-07-07T15:59:11Z,,,,,,,,,,,,5061.3
2026-07-07T15:59:11Z,,,,,,,,,,,,5052.1
2026-07-07T15:59:11Z,,,,,,,,,,,,5043.1
2026-07-07T15:59:11Z,,,,,,,,,,,,5033.3
2026-07-07T15:59:11Z,51.555649,-0.070119,40.1,0.7,1.1,99.9,18,1,3,1.92,297.4,5023.4
2026-07-07T15:59:11Z,,,,,,,,,,,,5014.7
2026-07-07T15:59:11Z,,,,,,,,,,,,5007.8
2026-07-07T15:59:11Z,,,,,,,,,,,,5002.3
2026-07-07T15:59:12Z,,,,,,,,,,,,4998.7
2026-07-07T15:59:12Z,51.555649,-0.070126,40.1,0.7,1.1,99.9,18,1,3,1.92,297.4,4996.2
2026-07-07T15:59:12Z,,,,,,,,,,,,4996.9
2026-07-07T15:59:12Z,,,,,,,,,,,,5000.7
2026-07-07T15:59:12Z,,,,,,,,,,,,5004.8
2026-07-07T15:59:12Z,,,,,,,,,,,,5010.4
2026-07-07T15:59:12Z,51.555653,-0.070134,40.2,0.7,1.1,99.9,18,1,3,1.97,291.5,5015.4
2026-07-07T15:59:12Z,,,,,,,,,,,,5019.9
2026-07-07T15:59:12Z,,,,,,,,,,,,5026.0
2026-07-07T15:59:12Z,,,,,,,,,,,,5032.6
2026-07-07T15:59:13Z,,,,,,,,,,,,5037.8
2026-07-07T15:59:13Z,51.555656,-0.070142,40.3,0.7,1.1,99.9,18,1,3,1.85,291.5,5039.5
2026-07-07T15:59:13Z,,,,,,,,,,,,5038.2
2026-07-07T15:59:13Z,,,,,,,,,,,,5037.5
2026-07-07T15:59:13Z,,,,,,,,,,,,5036.4
2026-07-07T15:59:13Z,,,,,,,,,,,,5031.8
2026-07-07T15:59:13Z,51.555656,-0.070151,40.4,0.7,1.1,99.9,18,1,3,1.90,291.5,5025.8
2026-07-07T15:59:13Z,,,,,,,,,,,,5017.6
2026-07-07T15:59:13Z,,,,,,,,,,,,5008.6
2026-07-07T15:59:13Z,,,,,,,,,,,,5001.5
2026-07-07T15:59:14Z,,,,,,,,,,,,4993.9
2026-07-07T15:59:14Z,51.555660,-0.070161,40.5,0.7,1.1,99.9,18,1,3,2.32,289.4,4985.5
2026-07-07T15:59:14Z,,,,,,,,,,,,4974.8
2026-07-07T15:59:14Z,,,,,,,,,,,,4964.4
2026-07-07T15:59:14Z,,,,,,,,,,,,4957.8
2026-07-07T15:59:14Z,,,,,,,,,,,,4951.5
2026-07-07T15:59:14Z,51.555660,-0.070173,40.6,0.7,1.1,99.9,18,1,3,2.40,284.6,4945.2
2026-07-07T15:59:14Z,,,,,,,,,,,,4938.9
2026-07-07T15:59:14Z,,,,,,,,,,,,4934.5
2026-07-07T15:59:14Z,,,,,,,,,,,,4934.6
2026-07-07T15:59:15Z,,,,,,,,,,,,4937.3
2026-07-07T15:59:15Z,51.555660,-0.070184,40.6,0.7,1.0,99.9,19,1,3,2.72,272.2,4941.8
2026-07-07T15:59:15Z,,,,,,,,,,,,4945.6
2026-07-07T15:59:15Z,,,,,,,,,,,,4947.1
2026-07-07T15:59:15Z,,,,,,,,,,,,4950.2
2026-07-07T15:59:15Z,,,,,,,,,,,,4953.5
2026-07-07T15:59:15Z,51.555664,-0.070196,40.7,0.7,1.0,99.9,19,1,3,2.86,268.0,4954.0
2026-07-07T15:59:15Z,,,,,,,,,,,,4952.2
2026-07-07T15:59:15Z,,,,,,,,,,,,4948.3
2026-07-07T15:59:15Z,,,,,,,,,,,,4944.9
2026-07-07T15:59:16Z,,,,,,,,,,,,4942.4
2026-07-07T15:59:16Z,51.555664,-0.070207,40.9,0.7,1.0,99.9,19,1,3,2.68,270.6,4939.5
2026-07-07T15:59:16Z,,,,,,,,,,,,4936.4
2026-07-07T15:59:16Z,,,,,,,,,,,,4931.3
2026-07-07T15:59:16Z,,,,,,,,,,,,4927.2
2026-07-07T15:59:16Z,,,,,,,,,,,,4927.8
2026-07-07T15:59:16Z,51.555668,-0.070216,40.8,0.7,1.0,99.9,19,1,3,2.58,276.2,4929.6
2026-07-07T15:59:16Z,,,,,,,,,,,,4930.7
2026-07-07T15:59:16Z,,,,,,,,,,,,4930.8
2026-07-07T15:59:16Z,,,,,,,,,,,,4932.1
2026-07-07T15:59:17Z,,,,,,,,,,,,4935.0
2026-07-07T15:59:17Z,51.555668,-0.070226,40.8,0.7,1.0,99.9,19,1,3,1.95,289.6,4937.1
2026-07-07T15:59:17Z,,,,,,,,,,,,4938.2
2026-07-07T15:59:17Z,,,,,,,,,,,,4937.7
2026-07-07T15:59:17Z,,,,,,,,,,,,4935.2
2026-07-07T15:59:17Z,,,,,,,,,,,,4935.4
2026-07-07T15:59:17Z,51.555672,-0.070236,41.1,0.7,1.0,99.9,19,1,3,2.41,290.4,4938.8
2026-07-07T15:59:17Z,,,,,,,,,,,,4942.8
2026-07-07T15:59:17Z,,,,,,,,,,,,4947.8
2026-07-07T15:59:17Z,,,,,,,,,,,,4955.3
2026-07-07T15:59:18Z,,,,,,,,,,,,4966.2
2026-07-07T15:59:18Z,51.555676,-0.070246,41.1,0.7,1.0,99.9,19,1,3,2.31,291.7,4981.6
2026-07-07T15:59:18Z,,,,,,,,,,,,4995.3
2026-07-07T15:59:18Z,,,,,,,,,,,,5007.0
2026-07-07T15:59:18Z,,,,,,,,,,,,5015.2
2026-07-07T15:59:18Z,,,,,,,,,,,,5021.0
2026-07-07T15:59:18Z,51.555679,-0.070257,41.3,0.7,1.0,99.9,19,1,3,2.56,293.4,5028.9
2026-07-07T15:59:18Z,,,,,,,,,,,,5036.3
2026-07-07T15:59:18Z,,,,,,,,,,,,5040.9
2026-07-07T15:59:18Z,,,,,,,,,,,,5043.7
2026-07-07T15:59:19Z,,,,,,,,,,,,5045.9
2026-07-07T15:59:19Z,51.555679,-0.070266,41.5,0.7,1.0,99.9,19,1,3,2.72,296.1,5049.2
2026-07-07T15:59:19Z,,,,,,,,,,,,5052.4
2026-07-07T15:59:19Z,,,,,,,,,,,,5053.6
2026-07-07T15:59:19Z,,,,,,,,,,,,5051.8
2026-07-07T15:59:19Z,,,,,,,,,,,,5047.6
2026-07-07T15:59:19Z,51.555683,-0.070275,41.7,0.7,1.0,99.9,19,1,3,2.16,299.6,5043.9
2026-07-07T15:59:19Z,,,,,,,,,,,,5040.5
2026-07-07T15:59:19Z,,,,,,,,,,,,5036.8
2026-07-07T15:59:19Z,,,,,,,,,,,,5032.2
2026-07-07T15:59:20Z,,,,,,,,,,,,5025.7
2026-07-07T15:59:20Z,51.555687,-0.070284,42.0,0.7,1.0,99.9,19,1,3,2.34,302.0,5018.6
2026-07-07T15:59:20Z,,,,,,,,,,,,5013.4
2026-07-07T15:59:20Z,,,,,,,,,,,,5009.3
2026-07-07T15:59:20Z,,,,,,,,,,,,5005.3
2026-07-07T15:59:20Z,,,,,,,,,,,,5000.4
2026-07-07T15:59:20Z,51.555691,-0.070293,42.2,0.7,1.0,99.9,19,1,3,2.12,304.0,4996.1
2026-07-07T15:59:20Z,,,,,,,,,,,,4993.7
2026-07-07T15:59:20Z,,,,,,,,,,,,4991.2
2026-07-07T15:59:20Z,,,,,,,,,,,,4988.5
2026-07-07T15:59:21Z,,,,,,,,,,,,4985.5
2026-07-07T15:59:21Z,51.555695,-0.070300,42.2,0.7,1.0,99.9,19,1,3,2.22,301.4,4981.7
2026-07-07T15:59:21Z,,,,,,,,,,,,4978.9
2026-07-07T15:59:21Z,,,,,,,,,,,,4976.4
2026-07-07T15:59:21Z,,,,,,,,,,,,4973.3
2026-07-07T15:59:21Z,,,,,,,,,,,,4969.5
2026-07-07T15:59:21Z,51.555698,-0.070306,42.2,0.7,1.0,99.9,19,1,3,2.15,310.2,4964.5
2026-07-07T15:59:21Z,,,,,,,,,,,,4959.9
2026-07-07T15:59:21Z,,,,,,,,,,,,4956.6
2026-07-07T15:59:21Z,,,,,,,,,,,,4953.8
2026-07-07T15:59:22Z,,,,,,,,,,,,4953.0
2026-07-07T15:59:22Z,51.555702,-0.070312,42.1,0.7,1.0,99.9,19,1,3,2.11,319.9,4952.6
2026-07-07T15:59:22Z,,,,,,,,,,,,4953.4
2026-07-07T15:59:22Z,,,,,,,,,,,,4957.9
2026-07-07T15:59:22Z,,,,,,,,,,,,4963.3
2026-07-07T15:59:22Z,,,,,,,,,,,,4969.9
2026-07-07T15:59:22Z,51.555706,-0.070320,42.0,0.7,1.0,99.9,19,1,3,1.95,310.5,4976.7
2026-07-07T15:59:22Z,,,,,,,,,,,,4982.1
2026-07-07T15:59:22Z,,,,,,,,,,,,4988.8
2026-07-07T15:59:22Z,,,,,,,,,,,,4995.1
2026-07-07T15:59:23Z,,,,,,,,,,,,4999.8
2026-07-07T15:59:23Z,51.555710,-0.070328,42.2,0.7,1.0,99.9,19,1,3,2.09,299.8,5003.3
2026-07-07T15:59:23Z,,,,,,,,,,,,5005.1
2026-07-07T15:59:23Z,,,,,,,,,,,,5007.2
2026-07-07T15:59:23Z,,,,,,,,,,,,5012.2
2026-07-07T15:59:23Z,,,,,,,,,,,,5017.9
2026-07-07T15:59:23Z,51.555714,-0.070338,42.1,0.7,1.0,99.9,19,1,3,2.25,297.2,5024.2
2026-07-07T15:59:23Z,,,,,,,,,,,,5029.5
2026-07-07T15:59:23Z,,,,,,,,,,,,5034.1
2026-07-07T15:59:24Z,,,,,,,,,,,,5040.5
2026-07-07T15:59:24Z,,,,,,,,,,,,5046.6
2026-07-07T15:59:24Z,51.555714,-0.070349,42.3,0.7,1.0,99.9,19,1,3,2.40,285.1,5051.1
2026-07-07T15:59:24Z,,,,,,,,,,,,5052.7
2026-07-07T15:59:24Z,,,,,,,,,,,,5050.9
2026-07-07T15:59:24Z,,,,,,,,,,,,5049.0
2026-07-07T15:59:24Z,,,,,,,,,,,,5047.7
2026-07-07T15:59:24Z,51.555717,-0.070359,42.4,0.7,1.0,99.9,19,1,3,2.89,288.2,5045.7
2026-07-07T15:59:24Z,,,,,,,,,,,,5042.1
2026-07-07T15:59:24Z,,,,,,,,,,,,5034.6
2026-07-07T15:59:24Z,,,,,,,,,,,,5026.6
2026-07-07T15:59:25Z,,,,,,,,,,,,5021.1
2026-07-07T15:59:25Z,51.555721,-0.070369,42.2,0.7,1.0,99.9,19,1,3,2.32,293.0,5015.2
2026-07-07T15:59:25Z,,,,,,,,,,,,5009.1
2026-07-07T15:59:25Z,,,,,,,,,,,,5001.5
2026-07-07T15:59:25Z,,,,,,,,,,,,4994.7
2026-07-07T15:59:25Z,,,,,,,,,,,,4991.2
2026-07-07T15:59:25Z,51.555721,-0.070380,42.1,0.7,1.0,99.9,19,1,3,2.68,285.5,4988.1
2026-07-07T15:59:25Z,,,,,,,,,,,,4984.4
2026-07-07T15:59:25Z,,,,,,,,,,,,4981.0
2026-07-07T15:59:26Z,,,,,,,,,,,,4976.8
2026-07-07T15:59:26Z,,,,,,,,,,,,4975.4
2026-07-07T15:59:26Z,51.555725,-0.070391,42.1,0.7,1.0,99.9,19,1,3,2.66,283.9,4978.5
2026-07-07T15:59:26Z,,,,,,,,,,,,4984.9
2026-07-07T15:59:26Z,,,,,,,,,,,,4995.3
2026-07-07T15:59:26Z,,,,,,,,,,,,5004.7
2026-07-07T15:59:26Z,,,,,,,,,,,,5015.6
2026-07-07T15:59:26Z,51.555725,-0.070401,42.2,0.7,1.0,99.9,19,1,3,2.88,282.7,5030.0
2026-07-07T15:59:26Z,,,,,,,,,,,,5043.8
2026-07-07T15:59:26Z,,,,,,,,,,,,5054.8
2026-07-07T15:59:26Z,,,,,,,,,,,,5060.3
2026-07-07T15:59:27Z,,,,,,,,,,,,5062.6
2026-07-07T15:59:27Z,51.555729,-0.070411,42.2,0.7,1.0,99.9,19,1,3,2.54,289.1,5065.2
2026-07-07T15:59:27Z,,,,,,,,,,,,5065.0
2026-07-07T15:59:27Z,,,,,,,,,,,,5062.3
2026-07-07T15:59:27Z,,,,,,,,,,,,5057.5
2026-07-07T15:59:27Z,,,,,,,,,,,,5048.4
2026-07-07T15:59:27Z,51.555733,-0.070421,42.4,0.7,1.0,99.9,19,1,3,2.63,292.1,5041.1
2026-07-07T15:59:27Z,,,,,,,,,,,,5035.8
2026-07-07T15:59:27Z,,,,,,,,,,,,5029.5
2026-07-07T15:59:27Z,,,,,,,,,,,,5023.4
2026-07-07T15:59:28Z,,,,,,,,,,,,5016.5
2026-07-07T15:59:28Z,51.555737,-0.070430,42.5,0.7,1.0,99.9,19,1,3,2.60,300.1,5010.3
2026-07-07T15:59:28Z,,,,,,,,,,,,5006.8
2026-07-07T15:59:28Z,,,,,,,,,,,,5002.0
2026-07-07T15:59:28Z,,,,,,,,,,,,4996.9
2026-07-07T15:59:28Z,,,,,,,,,,,,4989.9
2026-07-07T15:59:28Z,51.555740,-0.070437,42.5,0.7,1.0,99.9,19,1,3,2.38,309.7,4981.7
2026-07-07T15:59:28Z,,,,,,,,,,,,4975.9
2026-07-07T15:59:28Z,,,,,,,,,,,,4970.3
2026-07-07T15:59:28Z,,,,,,,,,,,,4963.3
2026-07-07T15:59:29Z,,,,,,,,,,,,4955.1
2026-07-07T15:59:29Z,51.555744,-0.070445,42.6,0.7,1.0,99.9,19,1,3,2.31,307.7,4946.1
2026-07-07T15:59:29Z,,,,,,,,,,,,4939.9
2026-07-07T15:59:29Z,,,,,,,,,,,,4934.6
2026-07-07T15:59:29Z,,,,,,,,,,,,4928.8
2026-07-07T15:59:29Z,,,,,,,,,,,,4923.9
2026-07-07T15:59:29Z,51.555748,-0.070453,42.6,0.7,1.0,99.9,19,1,3,2.13,308.7,4919.4
2026-07-07T15:59:29Z,,,,,,,,,,,,4917.8
2026-07-07T15:59:29Z,,,,,,,,,,,,4922.3
2026-07-07T15:59:29Z,,,,,,,,,,,,4930.3
2026-07-07T15:59:30Z,,,,,,,,,,,,4940.9
2026-07-07T15:59:30Z,51.555752,-0.070461,42.6,0.7,1.0,99.9,19,1,3,2.47,304.8,4954.9
2026-07-07T15:59:30Z,,,,,,,,,,,,4970.4
2026-07-07T15:59:30Z,,,,,,,,,,,,4988.7
2026-07-07T15:59:30Z,,,,,,,,,,,,5005.0
2026-07-07T15:59:30Z,,,,,,,,,,,,5019.7
2026-07-07T15:59:30Z,51.555756,-0.070469,42.5,0.7,1.0,99.9,19,1,3,2.12,303.9,5033.2
2026-07-07T15:59:30Z,,,,,,,,,,,,5042.8
2026-07-07T15:59:30Z,,,,,,,,,,,,5052.9
2026-07-07T15:59:30Z,,,,,,,,,,,,5063.1
2026-07-07T15:59:31Z,,,,,,,,,,,,5070.6
2026-07-07T15:59:31Z,51.555756,-0.070477,42.5,0.7,1.0,99.9,19,1,3,2.30,301.1,5077.3
2026-07-07T15:59:31Z,,,,,,,,,,,,5082.3
2026-07-07T15:59:31Z,,,,,,,,,,,,5087.8
2026-07-07T15:59:31Z,,,,,,,,,,,,5093.9
2026-07-07T15:59:31Z,,,,,,,,,,,,5097.5
2026-07-07T15:59:31Z,51.555759,-0.070485,42.5,0.7,1.0,99.9,19,1,3,1.96,296.0,5100.4
2026-07-07T15:59:31Z,,,,,,,,,,,,5100.3
2026-07-07T15:59:31Z,,,,,,,,,,,,5098.2
2026-07-07T15:59:32Z,,,,,,,,,,,,5098.8
2026-07-07T15:59:32Z,,,,,,,,,,,,5098.9
2026-07-07T15:59:32Z,51.555763,-0.070492,42.3,0.7,1.0,99.9,19,1,3,2.16,299.9,5099.0
2026-07-07T15:59:32Z,,,,,,,,,,,,5101.1
2026-07-07T15:59:32Z,,,,,,,,,,,,5105.5
2026-07-07T15:59:32Z,,,,,,,,,,,,5115.7
2026-07-07T15:59:32Z,,,,,,,,,,,,5130.1
2026-07-07T15:59:32Z,51.555767,-0.070499,42.3,0.7,1.0,99.9,19,1,3,2.11,307.9,5145.1
2026-07-07T15:59:32Z,,,,,,,,,,,,5161.3
2026-07-07T15:59:32Z,,,,,,,,,,,,5177.9
2026-07-07T15:59:32Z,,,,,,,,,,,,5195.3
2026-07-07T15:59:33Z,,,,,,,,,,,,5213.0
2026-07-07T15:59:33Z,51.555771,-0.070506,42.2,0.7,1.0,99.9,19,1,3,2.16,307.9,5225.9
2026-07-07T15:59:33Z,,,,,,,,,,,,5232.8
2026-07-07T15:59:33Z,,,,,,,,,,,,5234.4
2026-07-07T15:59:33Z,,,,,,,,,,,,5233.7
2026-07-07T15:59:33Z,,,,,,,,,,,,5233.9
2026-07-07T15:59:33Z,51.555775,-0.070515,42.2,0.7,1.0,99.9,19,1,3,2.55,310.5,5230.1
2026-07-07T15:59:33Z,,,,,,,,,,,,5221.6
2026-07-07T15:59:33Z,,,,,,,,,,,,5210.2
2026-07-07T15:59:33Z,,,,,,,,,,,,5196.4
2026-07-07T15:59:34Z,,,,,,,,,,,,5184.2
2026-07-07T15:59:34Z,51.555779,-0.070523,42.1,0.7,1.0,99.9,19,1,3,2.53,307.9,5171.6
2026-07-07T15:59:34Z,,,,,,,,,,,,5156.6
2026-07-07T15:59:34Z,,,,,,,,,,,,5140.6
2026-07-07T15:59:34Z,,,,,,,,,,,,5124.7
2026-07-07T15:59:34Z,,,,,,,,,,,,5112.8
2026-07-07T15:59:34Z,51.555786,-0.070531,42.0,0.7,1.0,99.9,19,1,3,2.77,308.5,5104.3
2026-07-07T15:59:34Z,,,,,,,,,,,,5095.3
2026-07-07T15:59:34Z,,,,,,,,,,,,5086.5
2026-07-07T15:59:34Z,,,,,,,,,,,,5079.1
2026-07-07T15:59:35Z,,,,,,,,,,,,5073.8
2026-07-07T15:59:35Z,51.555790,-0.070540,41.9,0.7,1.0,99.9,19,1,3,2.39,310.1,5070.5
2026-07-07T15:59:35Z,,,,,,,,,,,,5066.0
2026-07-07T15:59:35Z,,,,,,,,,,,,5059.6
2026-07-07T15:59:35Z,,,,,,,,,,,,5052.3
2026-07-07T15:59:35Z,,,,,,,,,,,,5044.8
2026-07-07T15:59:35Z,51.555794,-0.070549,42.0,0.7,1.0,99.9,19,1,3,2.61,306.4,5039.6
2026-07-07T15:59:35Z,,,,,,,,,,,,5034.4
2026-07-07T15:59:35Z,,,,,,,,,,,,5028.1
2026-07-07T15:59:35Z,,,,,,,,,,,,5022.8
2026-07-07T15:59:36Z,,,,,,,,,,,,5021.0
2026-07-07T15:59:36Z,51.555798,-0.070558,42.2,0.7,1.0,99.9,19,1,3,2.62,314.4,5027.1
2026-07-07T15:59:36Z,,,,,,,,,,,,5039.7
2026-07-07T15:59:36Z,,,,,,,,,,,,5056.9
2026-07-07T15:59:36Z,,,,,,,,,,,,5077.4
2026-07-07T15:59:36Z,,,,,,,,,,,,5100.5
2026-07-07T15:59:36Z,51.555801,-0.070568,42.1,0.7,1.0,99.9,19,1,3,2.53,308.1,5127.7
2026-07-07T15:59:36Z,,,,,,,,,,,,5158.4
2026-07-07T15:59:36Z,,,,,,,,,,,,5185.9
2026-07-07T15:59:36Z,,,,,,,,,,,,5207.3
2026-07-07T15:59:37Z,,,,,,,,,,,,5222.6
2026-07-07T15:59:37Z,51.555805,-0.070577,42.1,0.7,1.0,99.9,19,1,3,2.61,303.1,5239.2
2026-07-07T15:59:37Z,,,,,,,,,,,,5256.4
2026-07-07T15:59:37Z,,,,,,,,,,,,5268.7
2026-07-07T15:59:37Z,,,,,,,,,,,,5272.3
2026-07-07T15:59:37Z,,,,,,,,,,,,5269.7
2026-07-07T15:59:37Z,51.555805,-0.070587,42.1,0.7,1.0,99.9,19,1,3,2.87,300.9,5265.9
2026-07-07T15:59:37Z,,,,,,,,,,,,5264.0
2026-07-07T15:59:37Z,,,,,,,,,,,,5260.3
2026-07-07T15:59:37Z,,,,,,,,,,,,5252.2
2026-07-07T15:59:38Z,,,,,,,,,,,,5243.0
2026-07-07T15:59:38Z,51.555809,-0.070597,42.0,0.7,1.0,99.9,19,1,3,2.57,299.8,5234.8
2026-07-07T15:59:38Z,,,,,,,,,,,,5230.4
2026-07-07T15:59:38Z,,,,,,,,,,,,5227.0
2026-07-07T15:59:38Z,,,,,,,,,,,,5222.2
2026-07-07T15:59:38Z,,,,,,,,,,,,5217.1
2026-07-07T15:59:38Z,51.555813,-0.070607,42.0,0.7,1.0,99.9,19,1,3,2.79,295.8,5212.9
2026-07-07T15:59:38Z,,,,,,,,,,,,5211.3
2026-07-07T15:59:38Z,,,,,,,,,,,,5211.2
2026-07-07T15:59:38Z,,,,,,,,,,,,5209.9
2026-07-07T15:59:39Z,,,,,,,,,,,,5206.5
2026-07-07T15:59:39Z,51.555817,-0.070616,42.0,0.7,1.0,99.9,19,1,3,2.44,301.4,5202.4
2026-07-07T15:59:39Z,,,,,,,,,,,,5202.8
2026-07-07T15:59:39Z,,,,,,,,,,,,5207.8
2026-07-07T15:59:39Z,,,,,,,,,,,,5213.2
2026-07-07T15:59:39Z,,,,,,,,,,,,5218.8
2026-07-07T15:59:39Z,51.555820,-0.070625,41.9,0.7,1.0,99.9,19,1,3,2.54,300.8,5226.4
2026-07-07T15:59:39Z,,,,,,,,,,,,5236.7
2026-07-07T15:59:39Z,,,,,,,,,,,,5250.0
2026-07-07T15:59:39Z,,,,,,,,,,,,5261.4
2026-07-07T15:59:40Z,,,,,,,,,,,,5269.4
2026-07-07T15:59:40Z,51.555824,-0.070635,41.8,0.7,1.0,99.9,19,1,3,2.63,300.7,5276.2
2026-07-07T15:59:40Z,,,,,,,,,,,,5281.1
2026-07-07T15:59:40Z,,,,,,,,,,,,5286.6
2026-07-07T15:59:40Z,,,,,,,,,,,,5290.8
2026-07-07T15:59:40Z,,,,,,,,,,,,5293.1
2026-07-07T15:59:40Z,51.555828,-0.070645,41.8,0.7,1.0,99.9,19,1,3,2.88,303.0,5296.4
2026-07-07T15:59:40Z,,,,,,,,,,,,5304.3
2026-07-07T15:59:40Z,,,,,,,,,,,,5323.9
2026-07-07T15:59:41Z,,,,,,,,,,,,5355.4
2026-07-07T15:59:41Z,,,,,,,,,,,,5390.5
2026-07-07T15:59:41Z,51.555832,-0.070654,41.6,0.7,1.0,99.9,19,1,3,2.80,306.0,5427.7
2026-07-07T15:59:41Z,,,,,,,,,,,,5463.9
2026-07-07T15:59:41Z,,,,,,,,,,,,5503.8
2026-07-07T15:59:41Z,,,,,,,,,,,,5539.6
2026-07-07T15:59:41Z,,,,,,,,,,,,5565.2
2026-07-07T15:59:41Z,51.555840,-0.070664,41.6,0.7,1.0,99.9,19,1,3,2.90,310.7,5582.5
2026-07-07T15:59:41Z,,,,,,,,,,,,5594.2
2026-07-07T15:59:41Z,,,,,,,,,,,,5601.0
2026-07-07T15:59:41Z,,,,,,,,,,,,5606.4
2026-07-07T15:59:42Z,,,,,,,,,,,,5606.5
2026-07-07T15:59:42Z,51.555843,-0.070674,41.5,0.7,1.0,99.9,19,1,3,2.79,305.5,5598.2
2026-07-07T15:59:42Z,,,,,,,,,,,,5584.1
2026-07-07T15:59:42Z,,,,,,,,,,,,5569.4
2026-07-07T15:59:42Z,,,,,,,,,,,,5557.3
2026-07-07T15:59:42Z,,,,,,,,,,,,5543.9
2026-07-07T15:59:42Z,51.555843,-0.070685,41.5,0.7,1.0,99.9,19,1,3,2.81,302.2,5530.1
2026-07-07T15:59:42Z,,,,,,,,,,,,5514.6
2026-07-07T15:59:42Z,,,,,,,,,,,,5499.8
2026-07-07T15:59:42Z,,,,,,,,,,,,5488.9
2026-07-07T15:59:43Z,,,,,,,,,,,,5481.7
2026-07-07T15:59:43Z,51.555847,-0.070695,41.4,0.7,1.0,99.9,19,1,3,2.95,300.2,5478.1
2026-07-07T15:59:43Z,,,,,,,,,,,,5473.8
2026-07-07T15:59:43Z,,,,,,,,,,,,5469.1
2026-07-07T15:59:43Z,,,,,,,,,,,,5467.5
2026-07-07T15:59:43Z,,,,,,,,,,,,5467.7
2026-07-07T15:59:43Z,51.555851,-0.070705,41.5,0.7,1.0,99.9,19,1,3,2.85,301.6,5466.3
2026-07-07T15:59:43Z,,,,,,,,,,,,5461.8
2026-07-07T15:59:43Z,,,,,,,,,,,,5455.3
2026-07-07T15:59:43Z,,,,,,,,,,,,5450.1
2026-07-07T15:59:44Z,,,,,,,,,,,,5446.8
2026-07-07T15:59:44Z,51.555855,-0.070715,41.6,0.7,1.0,99.9,19,1,3,2.73,303.4,5443.6
2026-07-07T15:59:44Z,,,,,,,,,,,,5438.7
2026-07-07T15:59:44Z,,,,,,,,,,,,5430.4
2026-07-07T15:59:44Z,,,,,,,,,,,,5422.5
2026-07-07T15:59:44Z,,,,,,,,,,,,5416.8
2026-07-07T15:59:44Z,51.555859,-0.070725,41.7,0.7,1.0,99.9,19,1,3,2.65,296.1,5411.1
2026-07-07T15:59:44Z,,,,,,,,,,,,5402.0
2026-07-07T15:59:44Z,,,,,,,,,,,,5388.6
2026-07-07T15:59:45Z,,,,,,,,,,,,5374.9
2026-07-07T15:59:45Z,,,,,,,,,,,,5362.5
2026-07-07T15:59:45Z,51.555862,-0.070735,41.8,0.7,1.0,99.9,19,1,3,3.01,301.1,5349.1
2026-07-07T15:59:45Z,,,,,,,,,,,,5336.0
2026-07-07T15:59:45Z,,,,,,,,,,,,5319.6
2026-07-07T15:59:45Z,,,,,,,,,,,,5301.9
2026-07-07T15:59:45Z,,,,,,,,,,,,5286.5
2026-07-07T15:59:45Z,51.555862,-0.070744,42.0,0.7,1.0,99.9,19,1,3,2.47,287.9,5273.3
2026-07-07T15:59:45Z,,,,,,,,,,,,5259.9
2026-07-07T15:59:45Z,,,,,,,,,,,,5244.4
2026-07-07T15:59:46Z,,,,,,,,,,,,5228.9
2026-07-07T15:59:46Z,,,,,,,,,,,,5219.8
2026-07-07T15:59:46Z,51.555866,-0.070753,42.1,0.7,1.0,99.9,19,1,3,2.28,293.3,5214.2
2026-07-07T15:59:46Z,,,,,,,,,,,,5211.5
2026-07-07T15:59:46Z,,,,,,,,,,,,5210.7
2026-07-07T15:59:46Z,,,,,,,,,,,,5208.1
2026-07-07T15:59:46Z,,,,,,,,,,,,5206.4
2026-07-07T15:59:46Z,51.555870,-0.070761,42.3,0.7,1.0,99.9,19,1,3,2.36,304.5,5209.3
2026-07-07T15:59:46Z,,,,,,,,,,,,5213.2
2026-07-07T15:59:46Z,,,,,,,,,,,,5214.9
2026-07-07T15:59:46Z,,,,,,,,,,,,5212.7
2026-07-07T15:59:47Z,,,,,,,,,,,,5211.1
2026-07-07T15:59:47Z,51.555870,-0.070770,42.4,0.7,1.0,99.9,19,1,3,2.23,295.5,5213.8
2026-07-07T15:59:47Z,,,,,,,,,,,,5217.5
2026-07-07T15:59:47Z,,,,,,,,,,,,5220.4
2026-07-07T15:59:47Z,,,,,,,,,,,,5220.9
2026-07-07T15:59:47Z,,,,,,,,,,,,5220.3
2026-07-07T15:59:47Z,51.555874,-0.070779,42.4,0.7,1.0,99.9,19,1,3,2.28,298.7,5222.5
2026-07-07T15:59:47Z,,,,,,,,,,,,5225.4
2026-07-07T15:59:47Z,,,,,,,,,,,,5227.6
2026-07-07T15:59:47Z,,,,,,,,,,,,5228.6
2026-07-07T15:59:48Z,,,,,,,,,,,,5227.7
2026-07-07T15:59:48Z,51.555878,-0.070787,42.4,0.7,1.0,99.9,19,1,3,2.30,295.5,5229.0
2026-07-07T15:59:48Z,,,,,,,,,,,,5233.1
2026-07-07T15:59:48Z,,,,,,,,,,,,5236.1
2026-07-07T15:59:48Z,,,,,,,,,,,,5237.5
2026-07-07T15:59:48Z,,,,,,,,,,,,5237.7
2026-07-07T15:59:48Z,51.555878,-0.070793,42.5,0.7,1.0,99.9,19,1,3,1.94,295.5,5240.7
2026-07-07T15:59:48Z,,,,,,,,,,,,5246.1
2026-07-07T15:59:48Z,,,,,,,,,,,,5250.5
2026-07-07T15:59:48Z,,,,,,,,,,,,5255.7
2026-07-07T15:59:49Z,,,,,,,,,,,,5257.6
2026-07-07T15:59:49Z,51.555882,-0.070796,42.6,0.7,1.0,99.9,19,1,3,1.06,295.5,5259.1
2026-07-07T15:59:49Z,,,,,,,,,,,,5263.0
2026-07-07T15:59:49Z,,,,,,,,,,,,5266.6
2026-07-07T15:59:49Z,,,,,,,,,,,,5267.4
2026-07-07T15:59:49Z,,,,,,,,,,,,5265.3
2026-07-07T15:59:49Z,51.555882,-0.070797,42.6,0.7,1.0,99.9,19,1,3,1.09,295.5,5262.2
2026-07-07T15:59:49Z,,,,,,,,,,,,5261.1
2026-07-07T15:59:49Z,,,,,,,,,,,,5260.5
2026-07-07T15:59:50Z,,,,,,,,,,,,5258.6
2026-07-07T15:59:50Z,,,,,,,,,,,,5255.8
2026-07-07T15:59:50Z,51.555882,-0.070798,42.7,0.7,1.0,99.9,19,1,3,0.00,295.5,5251.8
2026-07-07T15:59:50Z,,,,,,,,,,,,5247.8
2026-07-07T15:59:50Z,,,,,,,,,,,,5243.3
2026-07-07T15:59:50Z,,,,,,,,,,,,5237.7
2026-07-07T15:59:50Z,,,,,,,,,,,,5231.7
2026-07-07T15:59:50Z,51.555882,-0.070800,42.7,0.7,1.0,99.9,19,1,3,0.00,295.5,5225.9
2026-07-07T15:59:50Z,,,,,,,,,,,,5221.1
2026-07-07T15:59:50Z,,,,,,,,,,,,5218.0
2026-07-07T15:59:51Z,,,,,,,,,,,,5215.9
2026-07-07T15:59:51Z,,,,,,,,,,,,5213.8
2026-07-07T15:59:51Z,51.555882,-0.070801,42.8,0.7,1.0,99.9,19,1,3,0.00,295.5,5209.8
2026-07-07T15:59:51Z,,,,,,,,,,,,5205.5
2026-07-07T15:59:51Z,,,,,,,,,,,,5202.4
2026-07-07T15:59:51Z,,,,,,,,,,,,5198.5
2026-07-07T15:59:51Z,,,,,,,,,,,,5193.2
2026-07-07T15:59:51Z,51.555882,-0.070803,42.9,0.7,1.0,99.9,19,1,3,0.00,295.5,5187.0
2026-07-07T15:59:51Z,,,,,,,,,,,,5179.7
2026-07-07T15:59:51Z,,,,,,,,,,,,5173.0
2026-07-07T15:59:52Z,,,,,,,,,,,,5168.8
2026-07-07T15:59:52Z,,,,,,,,,,,,5167.7
2026-07-07T15:59:52Z,51.555882,-0.070804,42.9,0.7,1.0,99.9,19,1,3,0.00,295.5,5170.5
2026-07-07T15:59:52Z,,,,,,,,,,,,5177.0
2026-07-07T15:59:52Z,,,,,,,,,,,,5190.4
2026-07-07T15:59:52Z,,,,,,,,,,,,5209.3
2026-07-07T15:59:52Z,,,,,,,,,,,,5229.3
2026-07-07T15:59:52Z,51.555882,-0.070805,42.9,0.7,1.0,99.9,19,1,3,0.00,295.5,5251.5
2026-07-07T15:59:52Z,,,,,,,,,,,,5273.3
2026-07-07T15:59:52Z,,,,,,,,,,,,5293.2
2026-07-07T15:59:53Z,,,,,,,,,,,,5310.4
2026-07-07T15:59:53Z,,,,,,,,,,,,5323.2
2026-07-07T15:59:53Z,51.555882,-0.070807,43.0,0.7,1.0,99.9,19,1,3,0.00,295.5,5333.6
2026-07-07T15:59:53Z,,,,,,,,,,,,5342.4
2026-07-07T15:59:53Z,,,,,,,,,,,,5348.8
2026-07-07T15:59:53Z,,,,,,,,,,,,5354.6
2026-07-07T15:59:53Z,,,,,,,,,,,,5360.3
2026-07-07T15:59:53Z,51.555882,-0.070808,43.0,0.7,1.0,99.9,19,1,3,0.00,295.5,5364.6
2026-07-07T15:59:53Z,,,,,,,,,,,,5365.4
2026-07-07T15:59:53Z,,,,,,,,,,,,5363.0
2026-07-07T15:59:54Z,,,,,,,,,,,,5361.8
2026-07-07T15:59:54Z,,,,,,,,,,,,5362.6
2026-07-07T15:59:54Z,51.555882,-0.070809,43.0,0.7,1.0,99.9,19,1,3,0.00,295.5,5363.4
2026-07-07T15:59:54Z,,,,,,,,,,,,5364.5
2026-07-07T15:59:54Z,,,,,,,,,,,,5364.0
2026-07-07T15:59:54Z,,,,,,,,,,,,5362.0
2026-07-07T15:59:54Z,,,,,,,,,,,,5363.7
2026-07-07T15:59:54Z,51.555885,-0.070811,43.1,0.7,1.0,99.9,19,1,3,0.00,295.5,5366.6
2026-07-07T15:59:54Z,,,,,,,,,,,,5369.1
2026-07-07T15:59:54Z,,,,,,,,,,,,5375.7
2026-07-07T15:59:55Z,,,,,,,,,,,,5384.0
2026-07-07T15:59:55Z,,,,,,,,,,,,5398.5
2026-07-07T15:59:55Z,51.555885,-0.070812,43.1,0.7,1.0,99.9,19,1,3,0.00,295.5,5425.7
2026-07-07T15:59:55Z,,,,,,,,,,,,5454.4
2026-07-07T15:59:55Z,,,,,,,,,,,,5482.8
2026-07-07T15:59:55Z,,,,,,,,,,,,5508.0
2026-07-07T15:59:55Z,,,,,,,,,,,,5530.3
2026-07-07T15:59:55Z,51.555885,-0.070815,43.2,0.7,1.0,99.9,19,1,3,0.00,295.5,5552.3
2026-07-07T15:59:55Z,,,,,,,,,,,,5573.2
2026-07-07T15:59:55Z,,,,,,,,,,,,5588.5
2026-07-07T15:59:56Z,,,,,,,,,,,,5599.8
2026-07-07T15:59:56Z,,,,,,,,,,,,5609.6
2026-07-07T15:59:56Z,51.555885,-0.070817,43.2,0.7,1.0,99.9,19,1,3,1.27,295.5,5620.6
2026-07-07T15:59:56Z,,,,,,,,,,,,5630.4
2026-07-07T15:59:56Z,,,,,,,,,,,,5635.9
2026-07-07T15:59:56Z,,,,,,,,,,,,5637.0
2026-07-07T15:59:56Z,,,,,,,,,,,,5632.5
2026-07-07T15:59:56Z,51.555889,-0.070818,43.3,0.7,1.0,99.9,19,1,3,0.00,295.5,5628.1
2026-07-07T15:59:56Z,,,,,,,,,,,,5626.0
2026-07-07T15:59:56Z,,,,,,,,,,,,5622.9
2026-07-07T15:59:56Z,,,,,,,,,,,,5617.6
2026-07-07T15:59:57Z,,,,,,,,,,,,5607.8
2026-07-07T15:59:57Z,51.555889,-0.070819,43.3,0.7,1.0,99.9,19,1,3,0.00,295.5,5596.5
2026-07-07T15:59:57Z,,,,,,,,,,,,5587.2
2026-07-07T15:59:57Z,,,,,,,,,,,,5575.5
2026-07-07T15:59:57Z,,,,,,,,,,,,5563.0
2026-07-07T15:59:57Z,,,,,,,,,,,,5549.9
2026-07-07T15:59:57Z,51.555889,-0.070820,43.3,0.7,1.0,99.9,19,1,3,0.00,295.5,5538.8
2026-07-07T15:59:57Z,,,,,,,,,,,,5531.2
2026-07-07T15:59:57Z,,,,,,,,,,,,5524.1
2026-07-07T15:59:57Z,,,,,,,,,,,,5517.1
2026-07-07T15:59:58Z,,,,,,,,,,,,5510.4
2026-07-07T15:59:58Z,51.555889,-0.070821,43.4,0.7,1.0,99.9,19,1,3,0.00,295.5,5504.0
2026-07-07T15:59:58Z,,,,,,,,,,,,5501.8
2026-07-07T15:59:58Z,,,,,,,,,,,,5502.9
2026-07-07T15:59:58Z,,,,,,,,,,,,5504.9
2026-07-07T15:59:58Z,,,,,,,,,,,,5507.0
2026-07-07T15:59:58Z,51.555889,-0.070821,43.4,0.7,1.0,99.9,19,1,3,0.00,295.5,5509.9
2026-07-07T15:59:58Z,,,,,,,,,,,,5512.2
2026-07-07T15:59:58Z,,,,,,,,,,,,5512.3
2026-07-07T15:59:59Z,,,,,,,,,,,,5508.4
2026-07-07T15:59:59Z,,,,,,,,,,,,5502.4
2026-07-07T15:59:59Z,51.555889,-0.070822,43.4,0.7,1.0,99.9,19,1,3,0.00,295.5,5495.7
2026-07-07T15:59:59Z,,,,,,,,,,,,5488.9
2026-07-07T15:59:59Z,,,,,,,,,,,,5481.7
2026-07-07T15:59:59Z,,,,,,,,,,,,5473.4
2026-07-07T15:59:59Z,,,,,,,,,,,,5466.2
2026-07-07T15:59:59Z,51.555889,-0.070823,43.4,0.7,1.0,99.9,19,1,3,0.00,295.5,5458.6
2026-07-07T15:59:59Z,,,,,,,,,,,,5451.6
2026-07-07T15:59:59Z,,,,,,,,,,,,5446.6
2026-07-07T16:00:00Z,,,,,,,,,,,,5442.5
2026-07-07T16:00:00Z,,,,,,,,,,,,5437.0
2026-07-07T16:00:00Z,51.555889,-0.070824,43.5,0.7,1.0,99.9,19,1,3,0.00,295.5,5431.2
2026-07-07T16:00:00Z,,,,,,,,,,,,5427.4
2026-07-07T16:00:00Z,,,,,,,,,,,,5427.9
2026-07-07T16:00:00Z,,,,,,,,,,,,5430.4
2026-07-07T16:00:00Z,,,,,,,,,,,,5432.8
2026-07-07T16:00:00Z,51.555889,-0.070825,43.5,0.7,1.0,99.9,19,1,3,0.00,295.5,5434.5
2026-07-07T16:00:00Z,,,,,,,,,,,,5434.6
2026-07-07T16:00:00Z,,,,,,,,,,,,5434.7
2026-07-07T16:00:01Z,,,,,,,,,,,,5434.4
2026-07-07T16:00:01Z,,,,,,,,,,,,5431.5
2026-07-07T16:00:01Z,51.555889,-0.070826,43.5,0.7,1.0,99.9,19,1,3,0.00,295.5,5426.4
2026-07-07T16:00:01Z,,,,,,,,,,,,5418.4
2026-07-07T16:00:01Z,,,,,,,,,,,,5409.0
2026-07-07T16:00:01Z,,,,,,,,,,,,5402.2
2026-07-07T16:00:01Z,,,,,,,,,,,,5396.0
2026-07-07T16:00:01Z,51.555889,-0.070827,43.6,0.7,1.0,99.9,19,1,3,0.00,295.5,5391.2
2026-07-07T16:00:01Z,,,,,,,,,,,,5386.8
2026-07-07T16:00:01Z,,,,,,,,,,,,5385.0
2026-07-07T16:00:02Z,,,,,,,,,,,,5389.3
2026-07-07T16:00:02Z,,,,,,,,,,,,5396.0
2026-07-07T16:00:02Z,51.555889,-0.070828,43.6,0.7,1.0,99.9,19,1,3,0.00,295.5,5404.6
2026-07-07T16:00:02Z,,,,,,,,,,,,5410.3
2026-07-07T16:00:02Z,,,,,,,,,,,,5413.6
2026-07-07T16:00:02Z,,,,,,,,,,,,5418.1
2026-07-07T16:00:02Z,,,,,,,,,,,,5421.1
2026-07-07T16:00:02Z,51.555889,-0.070828,43.7,0.7,1.0,99.9,19,1,3,0.00,295.5,5420.4
2026-07-07T16:00:02Z,,,,,,,,,,,,5416.3
2026-07-07T16:00:02Z,,,,,,,,,,,,5409.4
2026-07-07T16:00:03Z,,,,,,,,,,,,5402.5
2026-07-07T16:00:03Z,,,,,,,,,,,,5395.3
2026-07-07T16:00:03Z,51.555889,-0.070829,43.7,0.7,1.0,99.9,19,1,3,0.00,295.5,5386.7
2026-07-07T16:00:03Z,,,,,,,,,,,,5375.7
2026-07-07T16:00:03Z,,,,,,,,,,,,5360.7
2026-07-07T16:00:03Z,,,,,,,,,,,,5346.4
2026-07-07T16:00:03Z,,,,,,,,,,,,5333.2
2026-07-07T16:00:03Z,51.555893,-0.070830,43.8,0.7,1.0,99.9,19,1,3,0.00,295.5,5320.4
2026-07-07T16:00:03Z,,,,,,,,,,,,5308.8
2026-07-07T16:00:03Z,,,,,,,,,,,,5294.8
2026-07-07T16:00:04Z,,,,,,,,,,,,5280.9
2026-07-07T16:00:04Z,,,,,,,,,,,,5270.6
2026-07-07T16:00:04Z,51.555893,-0.070830,43.8,0.7,1.0,99.9,19,1,3,0.00,295.5,5260.6
2026-07-07T16:00:04Z,,,,,,,,,,,,5250.4
2026-07-07T16:00:04Z,,,,,,,,,,,,5240.4
2026-07-07T16:00:04Z,,,,,,,,,,,,5231.2
2026-07-07T16:00:04Z,,,,,,,,,,,,5222.2
2026-07-07T16:00:04Z,51.555893,-0.070831,43.9,0.7,1.0,99.9,19,1,3,0.00,295.5,5214.0
2026-07-07T16:00:04Z,,,,,,,,,,,,5207.6
2026-07-07T16:00:04Z,,,,,,,,,,,,5201.7
2026-07-07T16:00:05Z,,,,,,,,,,,,5195.5
2026-07-07T16:00:05Z,,,,,,,,,,,,5192.9
2026-07-07T16:00:05Z,51.555893,-0.070831,43.9,0.7,1.0,99.9,19,1,3,0.00,295.5,5194.6
2026-07-07T16:00:05Z,,,,,,,,,,,,5199.3
2026-07-07T16:00:05Z,,,,,,,,,,,,5206.7
2026-07-07T16:00:05Z,,,,,,,,,,,,5216.1
2026-07-07T16:00:05Z,,,,,,,,,,,,5230.4
2026-07-07T16:00:05Z,51.555893,-0.070832,43.9,0.7,1.0,99.9,19,1,3,0.00,295.5,5247.6
2026-07-07T16:00:05Z,,,,,,,,,,,,5265.2
2026-07-07T16:00:05Z,,,,,,,,,,,,5280.9
2026-07-07T16:00:05Z,,,,,,,,,,,,5294.1
2026-07-07T16:00:06Z,,,,,,,,,,,,5306.8
2026-07-07T16:00:06Z,51.555897,-0.070828,43.8,0.7,1.0,99.9,19,1,3,0.00,295.5,5319.9
2026-07-07T16:00:06Z,,,,,,,,,,,,5328.4
2026-07-07T16:00:06Z,,,,,,,,,,,,5331.4
2026-07-07T16:00:06Z,,,,,,,,,,,,5330.4
2026-07-07T16:00:06Z,,,,,,,,,,,,5329.4
2026-07-07T16:00:06Z,51.555897,-0.070829,43.9,0.7,1.0,99.9,19,1,3,2.22,37.4,5328.4
2026-07-07T16:00:06Z,,,,,,,,,,,,5326.0
2026-07-07T16:00:06Z,,,,,,,,,,,,5321.1
2026-07-07T16:00:07Z,,,,,,,,,,,,5316.4
2026-07-07T16:00:07Z,,,,,,,,,,,,5314.0
2026-07-07T16:00:07Z,51.555897,-0.070830,43.9,0.7,1.0,99.9,19,1,3,0.00,37.4,5313.7
2026-07-07T16:00:07Z,,,,,,,,,,,,5314.8
2026-07-07T16:00:07Z,,,,,,,,,,,,5315.5
2026-07-07T16:00:07Z,,,,,,,,,,,,5316.5
2026-07-07T16:00:07Z,,,,,,,,,,,,5319.9
2026-07-07T16:00:07Z,51.555901,-0.070831,43.9,0.7,1.0,99.9,19,1,3,0.00,37.4,5324.7
2026-07-07T16:00:07Z,,,,,,,,,,,,5329.4
2026-07-07T16:00:07Z,,,,,,,,,,,,5333.2
2026-07-07T16:00:08Z,,,,,,,,,,,,5335.1
2026-07-07T16:00:08Z,,,,,,,,,,,,5338.1
2026-07-07T16:00:08Z,51.555901,-0.070831,44.0,0.7,1.0,99.9,19,1,3,0.00,37.4,5342.0
2026-07-07T16:00:08Z,,,,,,,,,,,,5344.2
2026-07-07T16:00:08Z,,,,,,,,,,,,5343.1
2026-07-07T16:00:08Z,,,,,,,,,,,,5339.7
2026-07-07T16:00:08Z,,,,,,,,,,,,5338.9
2026-07-07T16:00:08Z,51.555901,-0.070832,44.0,0.7,1.0,99.9,19,1,3,0.00,37.4,5339.2
2026-07-07T16:00:08Z,,,,,,,,,,,,5337.1
2026-07-07T16:00:08Z,,,,,,,,,,,,5333.4
2026-07-07T16:00:08Z,,,,,,,,,,,,5328.7
2026-07-07T16:00:09Z,,,,,,,,,,,,5324.1
2026-07-07T16:00:09Z,51.555901,-0.070833,44.0,0.7,1.0,99.9,19,1,3,0.00,37.4,5318.2
2026-07-07T16:00:09Z,,,,,,,,,,,,5311.8
2026-07-07T16:00:09Z,,,,,,,,,,,,5303.9
2026-07-07T16:00:09Z,,,,,,,,,,,,5295.2
2026-07-07T16:00:09Z,,,,,,,,,,,,5288.4
2026-07-07T16:00:09Z,51.555901,-0.070834,44.0,0.7,1.0,99.9,19,1,3,0.00,37.4,5282.5
2026-07-07T16:00:09Z,,,,,,,,,,,,5274.7
2026-07-07T16:00:09Z,,,,,,,,,,,,5266.0
2026-07-07T16:00:10Z,,,,,,,,,,,,5258.2
2026-07-07T16:00:10Z,,,,,,,,,,,,5252.6
2026-07-07T16:00:10Z,51.555904,-0.070837,43.9,0.7,1.0,99.9,19,1,3,0.00,37.4,5245.2
2026-07-07T16:00:10Z,,,,,,,,,,,,5236.8
2026-07-07T16:00:10Z,,,,,,,,,,,,5227.8
2026-07-07T16:00:10Z,,,,,,,,,,,,5218.2
2026-07-07T16:00:10Z,,,,,,,,,,,,5210.4
2026-07-07T16:00:10Z,51.555912,-0.070839,43.8,0.7,1.0,99.9,19,1,3,2.12,346.1,5203.6
2026-07-07T16:00:10Z,,,,,,,,,,,,5195.3
2026-07-07T16:00:10Z,,,,,,,,,,,,5185.6
2026-07-07T16:00:11Z,,,,,,,,,,,,5178.6
2026-07-07T16:00:11Z,,,,,,,,,,,,5172.8
2026-07-07T16:00:11Z,51.555916,-0.070842,43.8,0.7,1.0,99.9,19,1,3,2.10,351.4,5164.9
2026-07-07T16:00:11Z,,,,,,,,,,,,5157.6
2026-07-07T16:00:11Z,,,,,,,,,,,,5151.0
2026-07-07T16:00:11Z,,,,,,,,,,,,5145.4
2026-07-07T16:00:11Z,,,,,,,,,,,,5141.7
2026-07-07T16:00:11Z,51.555923,-0.070846,43.8,0.7,1.0,99.9,19,1,3,2.61,349.6,5142.2
2026-07-07T16:00:11Z,,,,,,,,,,,,5144.8
2026-07-07T16:00:11Z,,,,,,,,,,,,5146.4
2026-07-07T16:00:11Z,,,,,,,,,,,,5149.5
2026-07-07T16:00:12Z,,,,,,,,,,,,5156.2
2026-07-07T16:00:12Z,51.555931,-0.070849,43.8,0.7,1.0,99.9,19,1,3,2.94,346.0,5165.2
2026-07-07T16:00:12Z,,,,,,,,,,,,5175.9
2026-07-07T16:00:12Z,,,,,,,,,,,,5190.3
2026-07-07T16:00:12Z,,,,,,,,,,,,5209.1
2026-07-07T16:00:12Z,,,,,,,,,,,,5233.6
2026-07-07T16:00:12Z,51.555939,-0.070851,44.0,0.7,1.0,99.9,19,1,3,3.10,350.1,5259.4
2026-07-07T16:00:12Z,,,,,,,,,,,,5284.2
2026-07-07T16:00:12Z,,,,,,,,,,,,5304.6
2026-07-07T16:00:12Z,,,,,,,,,,,,5322.5
2026-07-07T16:00:13Z,,,,,,,,,,,,5341.3
2026-07-07T16:00:13Z,51.555946,-0.070851,44.1,0.7,1.0,99.9,19,1,3,3.05,359.8,5358.4
2026-07-07T16:00:13Z,,,,,,,,,,,,5371.0
2026-07-07T16:00:13Z,,,,,,,,,,,,5379.5
2026-07-07T16:00:13Z,,,,,,,,,,,,5383.7
2026-07-07T16:00:13Z,,,,,,,,,,,,5384.0
2026-07-07T16:00:13Z,51.555950,-0.070849,44.1,0.7,1.0,99.9,19,1,3,2.46,10.3,5380.9
2026-07-07T16:00:13Z,,,,,,,,,,,,5375.1
2026-07-07T16:00:13Z,,,,,,,,,,,,5364.9
2026-07-07T16:00:13Z,,,,,,,,,,,,5353.4
2026-07-07T16:00:14Z,,,,,,,,,,,,5344.1
2026-07-07T16:00:14Z,51.555958,-0.070846,44.1,0.7,1.0,99.9,19,1,3,2.65,19.9,5333.9
2026-07-07T16:00:14Z,,,,,,,,,,,,5323.5
2026-07-07T16:00:14Z,,,,,,,,,,,,5313.4
2026-07-07T16:00:14Z,,,,,,,,,,,,5305.4
2026-07-07T16:00:14Z,,,,,,,,,,,,5301.0
2026-07-07T16:00:14Z,51.555962,-0.070844,44.2,0.7,1.0,99.9,19,1,3,2.55,25.8,5299.5
2026-07-07T16:00:14Z,,,,,,,,,,,,5300.5
2026-07-07T16:00:14Z,,,,,,,,,,,,5302.7
2026-07-07T16:00:15Z,,,,,,,,,,,,5309.4
2026-07-07T16:00:15Z,,,,,,,,,,,,5320.2
2026-07-07T16:00:15Z,51.555969,-0.070844,44.5,0.7,1.0,99.9,19,1,3,2.43,18.1,5333.0
2026-07-07T16:00:15Z,,,,,,,,,,,,5348.7
2026-07-07T16:00:15Z,,,,,,,,,,,,5367.5
2026-07-07T16:00:15Z,,,,,,,,,,,,5385.5
2026-07-07T16:00:15Z,,,,,,,,,,,,5404.2
2026-07-07T16:00:15Z,51.555973,-0.070844,44.8,0.7,1.0,99.9,19,1,3,2.04,9.9,5423.6
2026-07-07T16:00:15Z,,,,,,,,,,,,5443.8
2026-07-07T16:00:15Z,,,,,,,,,,,,5457.2
2026-07-07T16:00:16Z,,,,,,,,,,,,5465.6
2026-07-07T16:00:16Z,,,,,,,,,,,,5474.0
2026-07-07T16:00:16Z,51.555977,-0.070844,45.0,0.7,1.0,99.9,19,1,3,1.82,9.9,5479.0
2026-07-07T16:00:16Z,,,,,,,,,,,,5476.5
2026-07-07T16:00:16Z,,,,,,,,,,,,5468.0
2026-07-07T16:00:16Z,,,,,,,,,,,,5458.1
2026-07-07T16:00:16Z,,,,,,,,,,,,5450.6
2026-07-07T16:00:16Z,51.555977,-0.070844,45.2,0.7,1.0,99.9,19,1,3,1.54,9.9,5445.0
2026-07-07T16:00:16Z,,,,,,,,,,,,5439.6
2026-07-07T16:00:16Z,,,,,,,,,,,,5432.1
2026-07-07T16:00:16Z,,,,,,,,,,,,5425.0
2026-07-07T16:00:17Z,,,,,,,,,,,,5421.6
2026-07-07T16:00:17Z,51.555981,-0.070842,45.3,0.7,1.0,99.9,19,1,3,1.21,9.9,5420.8
2026-07-07T16:00:17Z,,,,,,,,,,,,5419.1
2026-07-07T16:00:17Z,,,,,,,,,,,,5416.9
2026-07-07T16:00:17Z,,,,,,,,,,,,5415.8
2026-07-07T16:00:17Z,,,,,,,,,,,,5415.1
2026-07-07T16:00:17Z,51.555984,-0.070838,45.0,0.7,1.0,99.9,19,1,3,1.37,9.9,5415.1
2026-07-07T16:00:17Z,,,,,,,,,,,,5413.8
2026-07-07T16:00:17Z,,,,,,,,,,,,5410.5
2026-07-07T16:00:18Z,,,,,,,,,,,,5409.0
2026-07-07T16:00:18Z,,,,,,,,,,,,5407.8
2026-07-07T16:00:18Z,51.555988,-0.070837,45.3,0.7,1.0,99.9,19,1,3,1.38,9.9,5406.6
2026-07-07T16:00:18Z,,,,,,,,,,,,5406.3
2026-07-07T16:00:18Z,,,,,,,,,,,,5407.8
2026-07-07T16:00:18Z,,,,,,,,,,,,5410.9
2026-07-07T16:00:18Z,,,,,,,,,,,,5411.6
2026-07-07T16:00:18Z,51.555992,-0.070836,45.5,0.7,1.0,99.9,19,1,3,1.63,9.9,5409.8
2026-07-07T16:00:18Z,,,,,,,,,,,,5405.3
2026-07-07T16:00:18Z,,,,,,,,,,,,5399.7
2026-07-07T16:00:18Z,,,,,,,,,,,,5395.4
2026-07-07T16:00:19Z,,,,,,,,,,,,5390.8
2026-07-07T16:00:19Z,51.555992,-0.070835,46.0,0.7,1.0,99.9,19,1,3,1.62,9.9,5385.7
2026-07-07T16:00:19Z,,,,,,,,,,,,5379.6
2026-07-07T16:00:19Z,,,,,,,,,,,,5374.8
2026-07-07T16:00:19Z,,,,,,,,,,,,5373.1
2026-07-07T16:00:19Z,,,,,,,,,,,,5372.0
2026-07-07T16:00:19Z,51.555992,-0.070835,45.8,0.7,1.0,99.9,19,1,3,1.31,9.9,5370.7
2026-07-07T16:00:19Z,,,,,,,,,,,,5368.3
2026-07-07T16:00:19Z,,,,,,,,,,,,5365.3
2026-07-07T16:00:20Z,,,,,,,,,,,,5362.1
2026-07-07T16:00:20Z,,,,,,,,,,,,5357.5
2026-07-07T16:00:20Z,51.555992,-0.070836,45.8,0.7,1.0,99.9,19,1,3,0.00,9.9,5351.2
2026-07-07T16:00:20Z,,,,,,,,,,,,5344.4
2026-07-07T16:00:20Z,,,,,,,,,,,,5339.0
2026-07-07T16:00:20Z,,,,,,,,,,,,5332.8
2026-07-07T16:00:20Z,,,,,,,,,,,,5324.6
2026-07-07T16:00:20Z,51.555996,-0.070837,45.9,0.7,1.0,99.9,19,1,3,0.00,9.9,5314.7
2026-07-07T16:00:20Z,,,,,,,,,,,,5303.9
2026-07-07T16:00:20Z,,,,,,,,,,,,5294.0
2026-07-07T16:00:21Z,,,,,,,,,,,,5283.4
2026-07-07T16:00:21Z,,,,,,,,,,,,5272.1
2026-07-07T16:00:21Z,51.555996,-0.070838,45.8,0.7,1.0,99.9,19,1,3,0.00,9.9,5260.4
2026-07-07T16:00:21Z,,,,,,,,,,,,5250.5
2026-07-07T16:00:21Z,,,,,,,,,,,,5242.2
2026-07-07T16:00:21Z,,,,,,,,,,,,5233.3
2026-07-07T16:00:21Z,,,,,,,,,,,,5224.4
2026-07-07T16:00:21Z,51.555996,-0.070839,45.7,0.7,1.0,99.9,18,1,3,0.00,9.9,5217.7
2026-07-07T16:00:21Z,,,,,,,,,,,,5211.1
2026-07-07T16:00:21Z,,,,,,,,,,,,5205.6
2026-07-07T16:00:22Z,,,,,,,,,,,,5200.6
2026-07-07T16:00:22Z,,,,,,,,,,,,5194.4
2026-07-07T16:00:22Z,51.555996,-0.070839,45.7,0.7,1.0,99.9,18,1,3,0.00,9.9,5189.5
2026-07-07T16:00:22Z,,,,,,,,,,,,5185.9
2026-07-07T16:00:22Z,,,,,,,,,,,,5182.7
2026-07-07T16:00:22Z,,,,,,,,,,,,5179.2
2026-07-07T16:00:22Z,,,,,,,,,,,,5175.2
2026-07-07T16:00:22Z,51.555996,-0.070840,45.6,0.7,1.0,99.9,19,1,3,0.00,9.9,5172.0
2026-07-07T16:00:22Z,,,,,,,,,,,,5168.9
2026-07-07T16:00:22Z,,,,,,,,,,,,5165.0
2026-07-07T16:00:23Z,,,,,,,,,,,,5160.4
2026-07-07T16:00:23Z,,,,,,,,,,,,5156.2
2026-07-07T16:00:23Z,51.555996,-0.070841,45.6,0.7,1.0,99.9,19,1,3,0.00,9.9,5153.1
2026-07-07T16:00:23Z,,,,,,,,,,,,5149.5
2026-07-07T16:00:23Z,,,,,,,,,,,,5144.6
2026-07-07T16:00:23Z,,,,,,,,,,,,5139.3
2026-07-07T16:00:23Z,,,,,,,,,,,,5134.1
2026-07-07T16:00:23Z,51.555996,-0.070842,45.6,0.7,1.0,99.9,19,1,3,0.00,9.9,5130.6
2026-07-07T16:00:23Z,,,,,,,,,,,,5126.1
2026-07-07T16:00:23Z,,,,,,,,,,,,5120.0
2026-07-07T16:00:24Z,,,,,,,,,,,,5113.5
2026-07-07T16:00:24Z,,,,,,,,,,,,5107.3
2026-07-07T16:00:24Z,51.555996,-0.070844,45.6,0.7,1.0,99.9,19,1,3,0.00,9.9,5101.5
2026-07-07T16:00:24Z,,,,,,,,,,,,5096.5
2026-07-07T16:00:24Z,,,,,,,,,,,,5091.0
2026-07-07T16:00:24Z,,,,,,,,,,,,5085.6
2026-07-07T16:00:24Z,,,,,,,,,,,,5081.8
2026-07-07T16:00:24Z,51.555996,-0.070845,45.6,0.7,1.0,99.9,19,1,3,0.00,9.9,5078.2
2026-07-07T16:00:24Z,,,,,,,,,,,,5074.2
2026-07-07T16:00:24Z,,,,,,,,,,,,5071.7
2026-07-07T16:00:25Z,,,,,,,,,,,,5072.0
2026-07-07T16:00:25Z,,,,,,,,,,,,5075.4
2026-07-07T16:00:25Z,51.555996,-0.070846,45.6,0.7,1.0,99.9,19,1,3,0.00,9.9,5082.0
2026-07-07T16:00:25Z,,,,,,,,,,,,5089.2
2026-07-07T16:00:25Z,,,,,,,,,,,,5096.3
2026-07-07T16:00:25Z,,,,,,,,,,,,5104.3
2026-07-07T16:00:25Z,,,,,,,,,,,,5112.4
2026-07-07T16:00:25Z,51.555996,-0.070847,45.6,0.7,1.0,99.9,19,1,3,0.00,9.9,5117.6
2026-07-07T16:00:25Z,,,,,,,,,,,,5119.8
2026-07-07T16:00:25Z,,,,,,,,,,,,5119.8
2026-07-07T16:00:26Z,,,,,,,,,,,,5120.1
2026-07-07T16:00:26Z,,,,,,,,,,,,5119.5
2026-07-07T16:00:26Z,51.555996,-0.070848,45.6,0.8,1.3,99.9,18,1,3,0.00,9.9,5117.3
2026-07-07T16:00:26Z,,,,,,,,,,,,5113.6
2026-07-07T16:00:26Z,,,,,,,,,,,,5109.1
2026-07-07T16:00:26Z,,,,,,,,,,,,5104.6
2026-07-07T16:00:26Z,,,,,,,,,,,,5098.6
2026-07-07T16:00:26Z,51.555996,-0.070849,45.6,0.8,1.3,99.9,18,1,3,0.00,9.9,5092.1
2026-07-07T16:00:26Z,,,,,,,,,,,,5083.9
2026-07-07T16:00:26Z,,,,,,,,,,,,5077.0
2026-07-07T16:00:27Z,,,,,,,,,,,,5071.3
2026-07-07T16:00:27Z,,,,,,,,,,,,5064.6
2026-07-07T16:00:27Z,51.555996,-0.070850,45.6,0.8,1.3,99.9,18,1,3,0.00,9.9,5057.2
2026-07-07T16:00:27Z,,,,,,,,,,,,5049.9
2026-07-07T16:00:27Z,,,,,,,,,,,,5045.1
2026-07-07T16:00:27Z,,,,,,,,,,,,5040.3
2026-07-07T16:00:27Z,,,,,,,,,,,,5033.5
2026-07-07T16:00:27Z,51.555996,-0.070851,45.6,0.8,1.3,99.9,18,1,3,0.00,9.9,5030.7
2026-07-07T16:00:27Z,,,,,,,,,,,,5028.3
2026-07-07T16:00:27Z,,,,,,,,,,,,5020.2
2026-07-07T16:00:28Z,,,,,,,,,,,,5014.3
2026-07-07T16:00:28Z,,,,,,,,,,,,5010.0
2026-07-07T16:00:28Z,51.555996,-0.070853,45.5,0.8,1.3,99.9,18,1,3,0.00,9.9,5004.6
2026-07-07T16:00:28Z,,,,,,,,,,,,5001.3
2026-07-07T16:00:28Z,,,,,,,,,,,,5001.5
2026-07-07T16:00:28Z,,,,,,,,,,,,5000.8
2026-07-07T16:00:28Z,,,,,,,,,,,,4998.6
2026-07-07T16:00:28Z,51.556000,-0.070854,45.5,0.8,1.3,99.9,18,1,3,0.00,9.9,5002.4
2026-07-07T16:00:28Z,,,,,,,,,,,,5002.2
2026-07-07T16:00:28Z,,,,,,,,,,,,4999.7
2026-07-07T16:00:29Z,,,,,,,,,,,,4996.7
2026-07-07T16:00:29Z,,,,,,,,,,,,4995.5
2026-07-07T16:00:29Z,51.556000,-0.070855,45.5,0.8,1.3,99.9,18,1,3,0.00,9.9,4993.9
2026-07-07T16:00:29Z,,,,,,,,,,,,4994.8
2026-07-07T16:00:29Z,,,,,,,,,,,,4995.8
2026-07-07T16:00:29Z,,,,,,,,,,,,4995.2
2026-07-07T16:00:29Z,,,,,,,,,,,,4992.9
2026-07-07T16:00:29Z,51.555996,-0.070857,45.6,0.8,1.3,99.9,18,1,3,1.02,9.9,4998.7
2026-07-07T16:00:29Z,,,,,,,,,,,,4999.4
2026-07-07T16:00:29Z,,,,,,,,,,,,5000.1
2026-07-07T16:00:30Z,,,,,,,,,,,,4999.0
2026-07-07T16:00:30Z,,,,,,,,,,,,5000.6
2026-07-07T16:00:30Z,51.555992,-0.070859,45.7,0.7,1.0,99.9,19,1,3,1.02,9.9,5004.9
2026-07-07T16:00:30Z,,,,,,,,,,,,5010.1
2026-07-07T16:00:30Z,,,,,,,,,,,,5013.6
2026-07-07T16:00:30Z,,,,,,,,,,,,5014.1
2026-07-07T16:00:30Z,,,,,,,,,,,,5013.5
2026-07-07T16:00:30Z,51.555992,-0.070860,45.7,0.7,1.0,99.9,19,1,3,0.61,9.9,5022.6
2026-07-07T16:00:30Z,,,,,,,,,,,,5023.2
2026-07-07T16:00:30Z,,,,,,,,,,,,5021.1
2026-07-07T16:00:31Z,,,,,,,,,,,,5014.8
2026-07-07T16:00:31Z,,,,,,,,,,,,5012.1
2026-07-07T16:00:31Z,51.555992,-0.070861,45.5,0.7,1.0,99.9,19,1,3,0.61,9.9,5011.7
2026-07-07T16:00:31Z,,,,,,,,,,,,5010.4
2026-07-07T16:00:31Z,,,,,,,,,,,,5006.0
2026-07-07T16:00:31Z,,,,,,,,,,,,4999.9
2026-07-07T16:00:31Z,,,,,,,,,,,,4994.8
2026-07-07T16:00:31Z,51.555992,-0.070862,45.4,0.7,1.0,99.9,19,1,3,0.00,9.9,4995.3
2026-07-07T16:00:31Z,,,,,,,,,,,,4993.2
2026-07-07T16:00:31Z,,,,,,,,,,,,4981.8
2026-07-07T16:00:32Z,,,,,,,,,,,,4971.6
2026-07-07T16:00:32Z,,,,,,,,,,,,4966.3
2026-07-07T16:00:32Z,51.555992,-0.070863,45.3,0.7,1.0,99.9,19,1,3,0.00,9.9,4961.4
2026-07-07T16:00:32Z,,,,,,,,,,,,4955.5
2026-07-07T16:00:32Z,,,,,,,,,,,,4948.3
2026-07-07T16:00:32Z,,,,,,,,,,,,4942.8
2026-07-07T16:00:32Z,,,,,,,,,,,,4940.6
2026-07-07T16:00:32Z,51.555992,-0.070865,45.2,0.7,1.0,99.9,19,1,3,1.11,9.9,4944.6
2026-07-07T16:00:32Z,,,,,,,,,,,,4944.0
2026-07-07T16:00:32Z,,,,,,,,,,,,4937.9
2026-07-07T16:00:32Z,,,,,,,,,,,,4932.0
2026-07-07T16:00:33Z,,,,,,,,,,,,4931.0
2026-07-07T16:00:33Z,51.555988,-0.070866,45.1,0.7,1.0,99.9,19,1,3,1.11,9.9,4929.3
2026-07-07T16:00:33Z,,,,,,,,,,,,4926.6
2026-07-07T16:00:33Z,,,,,,,,,,,,4924.6
2026-07-07T16:00:33Z,,,,,,,,,,,,4924.7
2026-07-07T16:00:33Z,,,,,,,,,,,,4925.9
2026-07-07T16:00:33Z,51.555988,-0.070867,45.0,0.7,1.0,99.9,19,1,3,0.86,9.9,4929.7
2026-07-07T16:00:33Z,,,,,,,,,,,,4935.3
2026-07-07T16:00:33Z,,,,,,,,,,,,4944.4
2026-07-07T16:00:33Z,,,,,,,,,,,,4959.0
2026-07-07T16:00:34Z,,,,,,,,,,,,4972.9
2026-07-07T16:00:34Z,51.555984,-0.070869,44.9,0.7,1.0,99.9,19,1,3,0.64,9.9,4985.2
2026-07-07T16:00:34Z,,,,,,,,,,,,4994.7
2026-07-07T16:00:34Z,,,,,,,,,,,,5004.6
2026-07-07T16:00:34Z,,,,,,,,,,,,5014.6
2026-07-07T16:00:34Z,,,,,,,,,,,,5020.2
2026-07-07T16:00:34Z,51.555984,-0.070871,44.8,0.7,1.0,99.9,19,1,3,0.47,9.9,5021.5
2026-07-07T16:00:34Z,,,,,,,,,,,,5020.9
2026-07-07T16:00:34Z,,,,,,,,,,,,5021.3
2026-07-07T16:00:34Z,,,,,,,,,,,,5022.0
2026-07-07T16:00:35Z,,,,,,,,,,,,5021.3
2026-07-07T16:00:35Z,51.555988,-0.070874,44.6,0.7,1.0,99.9,19,1,3,0.34,9.9,5018.7
2026-07-07T16:00:35Z,,,,,,,,,,,,5016.3
2026-07-07T16:00:35Z,,,,,,,,,,,,5017.1
2026-07-07T16:00:35Z,,,,,,,,,,,,5017.5
2026-07-07T16:00:35Z,,,,,,,,,,,,5015.9
2026-07-07T16:00:35Z,51.555988,-0.070875,44.6,0.7,1.0,99.9,19,1,3,0.46,9.9,5013.9
2026-07-07T16:00:35Z,,,,,,,,,,,,5014.5
2026-07-07T16:00:35Z,,,,,,,,,,,,5017.6
2026-07-07T16:00:36Z,,,,,,,,,,,,5019.8
2026-07-07T16:00:36Z,,,,,,,,,,,,5020.0
2026-07-07T16:00:36Z,51.555988,-0.070877,44.7,0.7,1.0,99.9,18,1,3,0.00,9.9,5020.8
2026-07-07T16:00:36Z,,,,,,,,,,,,5024.8
2026-07-07T16:00:36Z,,,,,,,,,,,,5028.6
2026-07-07T16:00:36Z,,,,,,,,,,,,5029.8
2026-07-07T16:00:36Z,,,,,,,,,,,,5029.0
2026-07-07T16:00:36Z,51.555988,-0.070877,44.6,0.7,1.0,99.9,18,1,3,0.00,9.9,5028.3
2026-07-07T16:00:36Z,,,,,,,,,,,,5029.3
2026-07-07T16:00:36Z,,,,,,,,,,,,5029.2
2026-07-07T16:00:37Z,,,,,,,,,,,,5026.4
2026-07-07T16:00:37Z,,,,,,,,,,,,5021.8
2026-07-07T16:00:37Z,51.555988,-0.070879,44.5,0.7,1.0,99.9,18,1,3,0.00,9.9,5018.0
2026-07-07T16:00:37Z,,,,,,,,,,,,5016.4
2026-07-07T16:00:37Z,,,,,,,,,,,,5013.9
2026-07-07T16:00:37Z,,,,,,,,,,,,5009.2
2026-07-07T16:00:37Z,,,,,,,,,,,,5004.0
2026-07-07T16:00:37Z,51.555988,-0.070880,44.5,0.7,1.0,99.9,18,1,3,0.00,9.9,5000.7
2026-07-07T16:00:37Z,,,,,,,,,,,,4996.0
2026-07-07T16:00:37Z,,,,,,,,,,,,4989.3
2026-07-07T16:00:37Z,,,,,,,,,,,,4981.2
2026-07-07T16:00:38Z,,,,,,,,,,,,4973.9
2026-07-07T16:00:38Z,51.555988,-0.070881,44.4,0.7,1.0,99.9,19,1,3,0.00,9.9,4968.1
2026-07-07T16:00:38Z,,,,,,,,,,,,4961.5
2026-07-07T16:00:38Z,,,,,,,,,,,,4953.9
2026-07-07T16:00:38Z,,,,,,,,,,,,4946.8
2026-07-07T16:00:38Z,,,,,,,,,,,,4940.5
2026-07-07T16:00:38Z,51.555988,-0.070882,44.4,0.7,1.0,99.9,19,1,3,0.00,9.9,4934.5
2026-07-07T16:00:38Z,,,,,,,,,,,,4927.7
2026-07-07T16:00:38Z,,,,,,,,,,,,4920.8
2026-07-07T16:00:38Z,,,,,,,,,,,,4915.2
2026-07-07T16:00:39Z,,,,,,,,,,,,4910.8
2026-07-07T16:00:39Z,51.555988,-0.070883,44.3,0.7,1.0,99.9,19,1,3,0.00,9.9,4905.8
2026-07-07T16:00:39Z,,,,,,,,,,,,4901.2
2026-07-07T16:00:39Z,,,,,,,,,,,,4896.5
2026-07-07T16:00:39Z,,,,,,,,,,,,4892.7
2026-07-07T16:00:39Z,,,,,,,,,,,,4889.1
2026-07-07T16:00:39Z,51.555988,-0.070884,44.3,0.7,1.0,99.9,19,1,3,0.00,9.9,4885.1
2026-07-07T16:00:39Z,,,,,,,,,,,,4880.2
2026-07-07T16:00:39Z,,,,,,,,,,,,4875.7
2026-07-07T16:00:39Z,,,,,,,,,,,,4872.2
2026-07-07T16:00:40Z,,,,,,,,,,,,4868.3
2026-07-07T16:00:40Z,51.555992,-0.070886,44.4,0.7,1.0,99.9,19,1,3,0.89,9.9,4863.5
2026-07-07T16:00:40Z,,,,,,,,,,,,4858.9
2026-07-07T16:00:40Z,,,,,,,,,,,,4855.4
2026-07-07T16:00:40Z,,,,,,,,,,,,4852.4
2026-07-07T16:00:40Z,,,,,,,,,,,,4849.2
2026-07-07T16:00:40Z,51.555996,-0.070887,44.4,0.7,1.0,99.9,19,1,3,0.91,9.9,4846.0
2026-07-07T16:00:40Z,,,,,,,,,,,,4842.1
2026-07-07T16:00:40Z,,,,,,,,,,,,4839.3
2026-07-07T16:00:40Z,,,,,,,,,,,,4836.9
2026-07-07T16:00:41Z,,,,,,,,,,,,4833.8
2026-07-07T16:00:41Z,51.555996,-0.070888,44.4,0.7,1.0,99.9,19,1,3,0.72,9.9,4830.6
2026-07-07T16:00:41Z,,,,,,,,,,,,4829.3
2026-07-07T16:00:41Z,,,,,,,,,,,,4830.0
2026-07-07T16:00:41Z,,,,,,,,,,,,4829.9
2026-07-07T16:00:41Z,,,,,,,,,,,,4828.0
2026-07-07T16:00:41Z,51.555996,-0.070888,44.2,0.8,1.3,99.9,18,1,3,0.71,9.9,4825.7
2026-07-07T16:00:41Z,,,,,,,,,,,,4822.9
2026-07-07T16:00:41Z,,,,,,,,,,,,4820.0
2026-07-07T16:00:41Z,,,,,,,,,,,,4815.9
2026-07-07T16:00:42Z,,,,,,,,,,,,4811.9
2026-07-07T16:00:42Z,51.556000,-0.070890,43.9,0.8,1.3,99.9,18,1,3,0.60,9.9,4809.4
2026-07-07T16:00:42Z,,,,,,,,,,,,4807.6
2026-07-07T16:00:42Z,,,,,,,,,,,,4804.9
2026-07-07T16:00:42Z,,,,,,,,,,,,4802.4
2026-07-07T16:00:42Z,,,,,,,,,,,,4800.8
2026-07-07T16:00:42Z,51.556000,-0.070892,44.0,0.8,1.3,99.9,18,1,3,0.70,9.9,4799.7
2026-07-07T16:00:42Z,,,,,,,,,,,,4797.5
2026-07-07T16:00:42Z,,,,,,,,,,,,4793.9
2026-07-07T16:00:43Z,,,,,,,,,,,,4792.6
2026-07-07T16:00:43Z,,,,,,,,,,,,4794.5
2026-07-07T16:00:43Z,51.556000,-0.070893,44.0,0.8,1.3,99.9,18,1,3,0.00,9.9,4796.5
2026-07-07T16:00:43Z,,,,,,,,,,,,4796.9
2026-07-07T16:00:43Z,,,,,,,,,,,,4796.5
2026-07-07T16:00:43Z,,,,,,,,,,,,4796.1
2026-07-07T16:00:43Z,,,,,,,,,,,,4795.8
2026-07-07T16:00:43Z,51.556000,-0.070894,44.0,0.8,1.3,99.9,18,1,3,0.00,9.9,4795.4
2026-07-07T16:00:43Z,,,,,,,,,,,,4794.2
2026-07-07T16:00:43Z,,,,,,,,,,,,4791.8
2026-07-07T16:00:44Z,,,,,,,,,,,,4789.3
2026-07-07T16:00:44Z,,,,,,,,,,,,4787.5
2026-07-07T16:00:44Z,51.556000,-0.070895,43.9,0.8,1.3,99.9,18,1,3,0.00,9.9,4785.3
2026-07-07T16:00:44Z,,,,,,,,,,,,4783.5
2026-07-07T16:00:44Z,,,,,,,,,,,,4783.9
2026-07-07T16:00:44Z,,,,,,,,,,,,4787.1
2026-07-07T16:00:44Z,,,,,,,,,,,,4791.8
2026-07-07T16:00:44Z,51.556004,-0.070896,43.9,0.8,1.3,99.9,18,1,3,0.00,9.9,4797.6
2026-07-07T16:00:44Z,,,,,,,,,,,,4804.9
2026-07-07T16:00:44Z,,,,,,,,,,,,4814.0
2026-07-07T16:00:44Z,,,,,,,,,,,,4823.7
2026-07-07T16:00:45Z,,,,,,,,,,,,4831.5
2026-07-07T16:00:45Z,51.556004,-0.070897,43.8,0.8,1.3,99.9,18,1,3,0.00,9.9,4838.7
2026-07-07T16:00:45Z,,,,,,,,,,,,4844.8
2026-07-07T16:00:45Z,,,,,,,,,,,,4850.5
2026-07-07T16:00:45Z,,,,,,,,,,,,4854.6
2026-07-07T16:00:45Z,,,,,,,,,,,,4855.9
2026-07-07T16:00:45Z,51.556004,-0.070897,42.9,0.8,1.3,99.9,18,1,3,0.00,9.9,4855.7
2026-07-07T16:00:45Z,,,,,,,,,,,,4854.4
2026-07-07T16:00:45Z,,,,,,,,,,,,4852.8
2026-07-07T16:00:45Z,,,,,,,,,,,,4850.5
2026-07-07T16:00:46Z,,,,,,,,,,,,4847.0
2026-07-07T16:00:46Z,51.556007,-0.070897,42.0,0.8,1.3,99.9,18,1,3,1.24,9.9,4840.9
2026-07-07T16:00:46Z,,,,,,,,,,,,4835.0
2026-07-07T16:00:46Z,,,,,,,,,,,,4829.4
2026-07-07T16:00:46Z,,,,,,,,,,,,4823.2
2026-07-07T16:00:46Z,,,,,,,,,,,,4817.7
2026-07-07T16:00:46Z,51.556007,-0.070898,42.1,0.8,1.3,99.9,18,1,3,0.99,9.9,4812.9
2026-07-07T16:00:46Z,,,,,,,,,,,,4808.0
2026-07-07T16:00:46Z,,,,,,,,,,,,4803.2
2026-07-07T16:00:46Z,,,,,,,,,,,,4797.8
2026-07-07T16:00:47Z,,,,,,,,,,,,4792.5
2026-07-07T16:00:47Z,51.556007,-0.070899,42.1,0.8,1.3,99.9,18,1,3,0.00,9.9,4789.2
2026-07-07T16:00:47Z,,,,,,,,,,,,4786.9
2026-07-07T16:00:47Z,,,,,,,,,,,,4782.6
2026-07-07T16:00:47Z,,,,,,,,,,,,4777.8
2026-07-07T16:00:47Z,,,,,,,,,,,,4774.1
2026-07-07T16:00:47Z,51.556007,-0.070900,42.2,0.8,1.3,99.9,17,1,3,0.00,9.9,4771.1
2026-07-07T16:00:47Z,,,,,,,,,,,,4767.1
2026-07-07T16:00:47Z,,,,,,,,,,,,4761.5
2026-07-07T16:00:48Z,,,,,,,,,,,,4756.0
2026-07-07T16:00:48Z,,,,,,,,,,,,4752.6
2026-07-07T16:00:48Z,51.556007,-0.070901,42.2,0.8,1.3,99.9,17,1,3,0.00,9.9,4750.4
2026-07-07T16:00:48Z,,,,,,,,,,,,4747.3
2026-07-07T16:00:48Z,,,,,,,,,,,,4742.8
2026-07-07T16:00:48Z,,,,,,,,,,,,4737.8
2026-07-07T16:00:48Z,,,,,,,,,,,,4733.3
2026-07-07T16:00:48Z,51.556007,-0.070902,42.3,0.8,1.3,99.9,16,1,3,0.00,9.9,4730.4
2026-07-07T16:00:48Z,,,,,,,,,,,,4727.0
2026-07-07T16:00:48Z,,,,,,,,,,,,4722.2
2026-07-07T16:00:49Z,,,,,,,,,,,,4717.2
2026-07-07T16:00:49Z,,,,,,,,,,,,4713.3
2026-07-07T16:00:49Z,51.556011,-0.070899,41.5,0.9,1.3,99.9,15,1,3,0.00,9.9,4710.0
2026-07-07T16:00:49Z,,,,,,,,,,,,4706.4
2026-07-07T16:00:49Z,,,,,,,,,,,,4702.6
2026-07-07T16:00:49Z,,,,,,,,,,,,4701.4
2026-07-07T16:00:49Z,,,,,,,,,,,,4712.3
2026-07-07T16:00:49Z,51.556011,-0.070896,40.7,0.8,1.0,99.9,16,1,3,1.15,9.9,4724.7
2026-07-07T16:00:49Z,,,,,,,,,,,,4724.2
2026-07-07T16:00:49Z,,,,,,,,,,,,4717.0
2026-07-07T16:00:50Z,,,,,,,,,,,,4712.2
2026-07-07T16:00:50Z,,,,,,,,,,,,4707.4
2026-07-07T16:00:50Z,51.556011,-0.070894,40.2,0.8,1.0,99.9,16,1,3,1.15,9.9,4701.5
2026-07-07T16:00:50Z,,,,,,,,,,,,4696.1
2026-07-07T16:00:50Z,,,,,,,,,,,,4692.0
2026-07-07T16:00:50Z,,,,,,,,,,,,4688.9
2026-07-07T16:00:50Z,,,,,,,,,,,,4685.3
2026-07-07T16:00:50Z,51.556015,-0.070892,39.5,0.8,1.0,99.9,15,1,3,1.10,9.9,4682.8
2026-07-07T16:00:50Z,,,,,,,,,,,,4679.8
2026-07-07T16:00:50Z,,,,,,,,,,,,4676.5
2026-07-07T16:00:51Z,,,,,,,,,,,,4673.4
2026-07-07T16:00:51Z,,,,,,,,,,,,4670.0
2026-07-07T16:00:51Z,51.556019,-0.070891,38.7,0.8,1.0,99.9,15,1,3,1.32,9.9,4666.3
2026-07-07T16:00:51Z,,,,,,,,,,,,4663.3
2026-07-07T16:00:51Z,,,,,,,,,,,,4661.8
2026-07-07T16:00:51Z,,,,,,,,,,,,4661.5
2026-07-07T16:00:51Z,,,,,,,,,,,,4662.4
2026-07-07T16:00:51Z,51.556023,-0.070889,37.9,0.9,1.0,99.9,14,1,3,1.32,9.9,4664.1
2026-07-07T16:00:51Z,,,,,,,,,,,,4667.2
2026-07-07T16:00:51Z,,,,,,,,,,,,4670.2
2026-07-07T16:00:52Z,,,,,,,,,,,,4672.9
2026-07-07T16:00:52Z,,,,,,,,,,,,4676.2
2026-07-07T16:00:52Z,51.556026,-0.070889,35.7,1.8,1.6,99.9,10,1,3,1.67,9.9,4679.8
2026-07-07T16:00:52Z,,,,,,,,,,,,4684.3
2026-07-07T16:00:52Z,,,,,,,,,,,,4688.3
2026-07-07T16:00:52Z,,,,,,,,,,,,4691.2
2026-07-07T16:00:52Z,,,,,,,,,,,,4693.1
2026-07-07T16:00:52Z,51.556034,-0.070885,32.9,1.8,1.6,99.9,10,1,3,1.77,9.9,4695.2
2026-07-07T16:00:52Z,,,,,,,,,,,,4700.0
2026-07-07T16:00:52Z,,,,,,,,,,,,4704.6
2026-07-07T16:00:53Z,,,,,,,,,,,,4707.7
2026-07-07T16:00:53Z,,,,,,,,,,,,4709.3
2026-07-07T16:00:53Z,51.556042,-0.070881,30.1,1.8,1.6,99.9,10,1,3,1.67,9.9,4710.8
2026-07-07T16:00:53Z,,,,,,,,,,,,4712.4
2026-07-07T16:00:53Z,,,,,,,,,,,,4714.6
2026-07-07T16:00:53Z,,,,,,,,,,,,4717.3
2026-07-07T16:00:53Z,,,,,,,,,,,,4718.7
2026-07-07T16:00:53Z,51.556049,-0.070877,27.4,1.8,1.6,99.9,10,1,3,1.42,9.9,4718.9
2026-07-07T16:00:53Z,,,,,,,,,,,,4719.0
2026-07-07T16:00:53Z,,,,,,,,,,,,4720.1
2026-07-07T16:00:54Z,,,,,,,,,,,,4721.3
2026-07-07T16:00:54Z,,,,,,,,,,,,4722.1
2026-07-07T16:00:54Z,51.556049,-0.070875,27.4,1.3,1.6,99.9,11,1,3,0.98,9.9,4723.6
2026-07-07T16:00:54Z,,,,,,,,,,,,4724.4
2026-07-07T16:00:54Z,,,,,,,,,,,,4724.2
2026-07-07T16:00:54Z,,,,,,,,,,,,4723.9
2026-07-07T16:00:54Z,,,,,,,,,,,,4722.4
2026-07-07T16:00:54Z,51.556049,-0.070872,27.2,1.3,1.6,99.9,11,1,3,0.72,9.9,4720.3
2026-07-07T16:00:54Z,,,,,,,,,,,,4719.4
2026-07-07T16:00:54Z,,,,,,,,,,,,4718.2
2026-07-07T16:00:55Z,,,,,,,,,,,,4715.0
2026-07-07T16:00:55Z,,,,,,,,,,,,4711.4
2026-07-07T16:00:55Z,51.556049,-0.070868,26.9,1.3,1.6,99.9,11,1,3,0.66,9.9,4708.9
2026-07-07T16:00:55Z,,,,,,,,,,,,4706.4
2026-07-07T16:00:55Z,,,,,,,,,,,,4703.8
2026-07-07T16:00:55Z,,,,,,,,,,,,4702.2
2026-07-07T16:00:55Z,,,,,,,,,,,,4703.2
2026-07-07T16:00:55Z,51.556046,-0.070861,26.5,1.3,1.6,99.9,11,1,3,1.07,9.9,4708.3
2026-07-07T16:00:55Z,,,,,,,,,,,,4718.5
2026-07-07T16:00:55Z,,,,,,,,,,,,4732.9
2026-07-07T16:00:56Z,,,,,,,,,,,,4749.2
2026-07-07T16:00:56Z,,,,,,,,,,,,4766.8
2026-07-07T16:00:56Z,51.556046,-0.070858,25.8,1.0,1.3,99.9,12,1,3,0.90,9.9,4788.9
2026-07-07T16:00:56Z,,,,,,,,,,,,4809.5
2026-07-07T16:00:56Z,,,,,,,,,,,,4827.6
2026-07-07T16:00:56Z,,,,,,,,,,,,4840.8
2026-07-07T16:00:56Z,,,,,,,,,,,,4853.1
2026-07-07T16:00:56Z,51.556049,-0.070856,25.3,1.0,1.3,99.9,12,1,3,0.87,9.9,4867.6
2026-07-07T16:00:56Z,,,,,,,,,,,,4880.2
2026-07-07T16:00:56Z,,,,,,,,,,,,4887.5
2026-07-07T16:00:57Z,,,,,,,,,,,,4890.5
2026-07-07T16:00:57Z,,,,,,,,,,,,4913.1
2026-07-07T16:00:57Z,51.556049,-0.070855,24.8,1.0,1.3,99.9,12,1,3,0.97,9.9,4932.2
2026-07-07T16:00:57Z,,,,,,,,,,,,4921.9
2026-07-07T16:00:57Z,,,,,,,,,,,,4902.9
2026-07-07T16:00:57Z,,,,,,,,,,,,4887.1
2026-07-07T16:00:57Z,,,,,,,,,,,,4874.7
2026-07-07T16:00:57Z,51.556053,-0.070855,24.3,1.0,1.3,99.9,12,1,3,1.13,9.9,4863.4
2026-07-07T16:00:57Z,,,,,,,,,,,,4850.8
2026-07-07T16:00:57Z,,,,,,,,,,,,4834.7
2026-07-07T16:00:58Z,,,,,,,,,,,,4819.7
2026-07-07T16:00:58Z,,,,,,,,,,,,4809.0
2026-07-07T16:00:58Z,51.556057,-0.070856,23.9,1.0,1.3,99.9,12,1,3,1.59,9.9,4800.9
2026-07-07T16:00:58Z,,,,,,,,,,,,4793.9
2026-07-07T16:00:58Z,,,,,,,,,,,,4786.1
2026-07-07T16:00:58Z,,,,,,,,,,,,4779.9
2026-07-07T16:00:58Z,,,,,,,,,,,,4776.3
2026-07-07T16:00:58Z,51.556061,-0.070858,23.4,1.0,1.3,99.9,12,1,3,2.01,356.3,4772.5
2026-07-07T16:00:58Z,,,,,,,,,,,,4767.8
2026-07-07T16:00:58Z,,,,,,,,,,,,4760.0
2026-07-07T16:00:59Z,,,,,,,,,,,,4752.6
2026-07-07T16:00:59Z,,,,,,,,,,,,4750.0
2026-07-07T16:00:59Z,51.556065,-0.070859,23.0,1.0,1.3,99.9,12,1,3,1.78,356.3,4746.6
2026-07-07T16:00:59Z,,,,,,,,,,,,4739.9
2026-07-07T16:00:59Z,,,,,,,,,,,,4731.4
2026-07-07T16:00:59Z,,,,,,,,,,,,4726.0
2026-07-07T16:00:59Z,,,,,,,,,,,,4725.3
2026-07-07T16:00:59Z,51.556068,-0.070861,22.6,0.8,1.3,99.9,13,1,3,1.78,356.3,4726.7
2026-07-07T16:00:59Z,,,,,,,,,,,,4725.9
2026-07-07T16:00:59Z,,,,,,,,,,,,4721.6
2026-07-07T16:01:00Z,,,,,,,,,,,,4719.3
2026-07-07T16:01:00Z,,,,,,,,,,,,4720.2
2026-07-07T16:01:00Z,51.556068,-0.070862,22.1,0.8,1.1,99.9,14,1,3,1.04,356.3,4720.2
2026-07-07T16:01:00Z,,,,,,,,,,,,4716.5
2026-07-07T16:01:00Z,,,,,,,,,,,,4711.2
2026-07-07T16:01:00Z,,,,,,,,,,,,4708.0
2026-07-07T16:01:00Z,,,,,,,,,,,,4706.6
2026-07-07T16:01:00Z,51.556072,-0.070863,21.7,0.8,1.1,99.9,15,1,3,1.04,356.3,4703.9
2026-07-07T16:01:00Z,,,,,,,,,,,,4698.2
2026-07-07T16:01:00Z,,,,,,,,,,,,4690.2
2026-07-07T16:01:00Z,,,,,,,,,,,,4684.6
2026-07-07T16:01:01Z,,,,,,,,,,,,4680.3
2026-07-07T16:01:01Z,51.556076,-0.070866,21.6,0.8,1.1,99.9,14,1,3,1.30,356.3,4674.6
2026-07-07T16:01:01Z,,,,,,,,,,,,4667.7
2026-07-07T16:01:01Z,,,,,,,,,,,,4660.5
2026-07-07T16:01:01Z,,,,,,,,,,,,4656.6
2026-07-07T16:01:01Z,,,,,,,,,,,,4652.4
2026-07-07T16:01:01Z,51.556084,-0.070870,20.9,0.8,1.1,99.9,14,1,3,1.73,356.3,4646.3
2026-07-07T16:01:01Z,,,,,,,,,,,,4638.3
2026-07-07T16:01:01Z,,,,,,,,,,,,4630.9
2026-07-07T16:01:02Z,,,,,,,,,,,,4626.0
2026-07-07T16:01:02Z,,,,,,,,,,,,4620.8
2026-07-07T16:01:02Z,51.556087,-0.070874,20.2,0.8,1.1,99.9,14,1,3,2.07,333.7,4615.1
2026-07-07T16:01:02Z,,,,,,,,,,,,4608.8
2026-07-07T16:01:02Z,,,,,,,,,,,,4604.3
2026-07-07T16:01:02Z,,,,,,,,,,,,4602.2
2026-07-07T16:01:02Z,,,,,,,,,,,,4598.4
2026-07-07T16:01:02Z,51.556091,-0.070877,19.7,0.8,1.1,99.9,14,1,3,1.99,331.0,4594.0
2026-07-07T16:01:02Z,,,,,,,,,,,,4589.6
2026-07-07T16:01:02Z,,,,,,,,,,,,4586.6
2026-07-07T16:01:03Z,,,,,,,,,,,,4585.1
2026-07-07T16:01:03Z,,,,,,,,,,,,4583.2
2026-07-07T16:01:03Z,51.556091,-0.070878,20.0,0.9,1.2,99.9,13,1,3,1.90,331.0,4581.9
2026-07-07T16:01:03Z,,,,,,,,,,,,4579.0
2026-07-07T16:01:03Z,,,,,,,,,,,,4574.9
2026-07-07T16:01:03Z,,,,,,,,,,,,4572.1
2026-07-07T16:01:03Z,,,,,,,,,,,,4567.7
2026-07-07T16:01:03Z,51.556095,-0.070881,19.6,0.9,1.2,99.9,13,1,3,1.88,338.8,4562.6
2026-07-07T16:01:03Z,,,,,,,,,,,,4559.4
2026-07-07T16:01:03Z,,,,,,,,,,,,4557.4
2026-07-07T16:01:04Z,,,,,,,,,,,,4554.4
2026-07-07T16:01:04Z,,,,,,,,,,,,4551.5
2026-07-07T16:01:04Z,51.556103,-0.070883,19.2,0.9,1.2,99.9,13,1,3,1.89,338.8,4551.9
2026-07-07T16:01:04Z,,,,,,,,,,,,4554.6
2026-07-07T16:01:04Z,,,,,,,,,,,,4552.9
2026-07-07T16:01:04Z,,,,,,,,,,,,4548.2
2026-07-07T16:01:04Z,,,,,,,,,,,,4545.4
2026-07-07T16:01:04Z,51.556107,-0.070884,18.7,0.9,1.2,99.9,13,1,3,1.89,338.8,4541.3
2026-07-07T16:01:04Z,,,,,,,,,,,,4537.1
2026-07-07T16:01:04Z,,,,,,,,,,,,4534.2
2026-07-07T16:01:05Z,,,,,,,,,,,,4531.3
2026-07-07T16:01:05Z,,,,,,,,,,,,4527.5
2026-07-07T16:01:05Z,51.556110,-0.070885,18.3,0.9,1.2,99.9,13,1,3,1.47,338.8,4523.8
2026-07-07T16:01:05Z,,,,,,,,,,,,4522.4
2026-07-07T16:01:05Z,,,,,,,,,,,,4520.6
2026-07-07T16:01:05Z,,,,,,,,,,,,4517.0
2026-07-07T16:01:05Z,,,,,,,,,,,,4511.8
2026-07-07T16:01:05Z,51.556110,-0.070886,17.8,0.9,1.6,99.9,12,1,3,1.17,338.8,4508.4
2026-07-07T16:01:05Z,,,,,,,,,,,,4506.4
2026-07-07T16:01:05Z,,,,,,,,,,,,4503.1
2026-07-07T16:01:06Z,,,,,,,,,,,,4499.8
2026-07-07T16:01:06Z,,,,,,,,,,,,4496.2
2026-07-07T16:01:06Z,51.556114,-0.070887,17.2,0.9,1.6,99.9,12,1,3,1.19,338.8,4492.9
2026-07-07T16:01:06Z,,,,,,,,,,,,4491.0
2026-07-07T16:01:06Z,,,,,,,,,,,,4489.1
2026-07-07T16:01:06Z,,,,,,,,,,,,4488.6
2026-07-07T16:01:06Z,,,,,,,,,,,,4488.6
2026-07-07T16:01:06Z,51.556118,-0.070889,16.7,0.9,1.6,99.9,12,1,3,1.17,338.8,4488.6
2026-07-07T16:01:06Z,,,,,,,,,,,,4488.4
2026-07-07T16:01:06Z,,,,,,,,,,,,4487.2
2026-07-07T16:01:07Z,,,,,,,,,,,,4484.5
2026-07-07T16:01:07Z,,,,,,,,,,,,4479.7
2026-07-07T16:01:07Z,51.556118,-0.070891,16.0,0.9,1.6,99.9,12,1,3,1.21,338.8,4473.5
2026-07-07T16:01:07Z,,,,,,,,,,,,4470.4
2026-07-07T16:01:07Z,,,,,,,,,,,,4468.4
2026-07-07T16:01:07Z,,,,,,,,,,,,4464.6
2026-07-07T16:01:07Z,,,,,,,,,,,,4460.6
2026-07-07T16:01:07Z,51.556122,-0.070895,15.3,1.1,1.6,99.9,11,1,3,1.51,338.8,4460.2
2026-07-07T16:01:07Z,,,,,,,,,,,,4462.3
2026-07-07T16:01:07Z,,,,,,,,,,,,4462.3
2026-07-07T16:01:08Z,,,,,,,,,,,,4460.4
2026-07-07T16:01:08Z,,,,,,,,,,,,4459.8
2026-07-07T16:01:08Z,51.556126,-0.070897,14.7,1.1,1.6,99.9,11,1,3,1.90,338.8,4461.2
2026-07-07T16:01:08Z,,,,,,,,,,,,4463.1
2026-07-07T16:01:08Z,,,,,,,,,,,,4463.5
2026-07-07T16:01:08Z,,,,,,,,,,,,4462.8
2026-07-07T16:01:08Z,,,,,,,,,,,,4461.5
2026-07-07T16:01:08Z,51.556133,-0.070901,14.1,1.1,1.6,99.9,11,1,3,2.25,338.6,4461.9
2026-07-07T16:01:08Z,,,,,,,,,,,,4462.6
2026-07-07T16:01:08Z,,,,,,,,,,,,4462.1
2026-07-07T16:01:09Z,,,,,,,,,,,,4460.1
2026-07-07T16:01:09Z,,,,,,,,,,,,4457.3
2026-07-07T16:01:09Z,51.556137,-0.070905,13.6,1.1,1.6,99.9,11,1,3,2.53,337.5,4456.5
2026-07-07T16:01:09Z,,,,,,,,,,,,4456.0
2026-07-07T16:01:09Z,,,,,,,,,,,,4454.0
2026-07-07T16:01:09Z,,,,,,,,,,,,4450.9
2026-07-07T16:01:09Z,,,,,,,,,,,,4446.9
2026-07-07T16:01:09Z,51.556145,-0.070907,12.0,1.3,1.8,99.9,10,1,3,2.68,339.5,4444.6
2026-07-07T16:01:09Z,,,,,,,,,,,,4442.3
2026-07-07T16:01:09Z,,,,,,,,,,,,4439.1
2026-07-07T16:01:10Z,,,,,,,,,,,,4434.3
2026-07-07T16:01:10Z,,,,,,,,,,,,4431.8
2026-07-07T16:01:10Z,51.556156,-0.070911,9.4,1.3,1.8,99.9,10,1,3,2.95,339.4,4431.4
2026-07-07T16:01:10Z,,,,,,,,,,,,4431.4
2026-07-07T16:01:10Z,,,,,,,,,,,,4431.4
2026-07-07T16:01:10Z,,,,,,,,,,,,4430.9
2026-07-07T16:01:10Z,,,,,,,,,,,,4430.7
2026-07-07T16:01:10Z,51.556168,-0.070917,6.9,1.3,2.1,99.9,9,1,3,3.26,339.3,4433.7
2026-07-07T16:01:10Z,,,,,,,,,,,,4436.3
2026-07-07T16:01:10Z,,,,,,,,,,,,4436.6
2026-07-07T16:01:11Z,,,,,,,,,,,,4437.8
2026-07-07T16:01:11Z,,,,,,,,,,,,4443.1
2026-07-07T16:01:11Z,51.556183,-0.070923,4.6,1.3,2.1,99.9,9,1,3,3.55,337.8,4447.5
2026-07-07T16:01:11Z,,,,,,,,,,,,4447.8
2026-07-07T16:01:11Z,,,,,,,,,,,,4450.5
2026-07-07T16:01:11Z,,,,,,,,,,,,4450.1
2026-07-07T16:01:11Z,,,,,,,,,,,,4447.1
2026-07-07T16:01:11Z,51.556194,-0.070929,2.5,1.3,2.1,99.9,9,1,3,3.68,338.1,4447.5
2026-07-07T16:01:11Z,,,,,,,,,,,,4447.2
2026-07-07T16:01:12Z,,,,,,,,,,,,4443.6
2026-07-07T16:01:12Z,,,,,,,,,,,,4439.5
2026-07-07T16:01:12Z,,,,,,,,,,,,4436.0
2026-07-07T16:01:12Z,51.556210,-0.070937,0.5,2.1,2.6,99.9,8,1,3,3.88,338.8,4433.1
2026-07-07T16:01:12Z,,,,,,,,,,,,4432.3
2026-07-07T16:01:12Z,,,,,,,,,,,,4430.1
2026-07-07T16:01:12Z,,,,,,,,,,,,4426.2
2026-07-07T16:01:12Z,,,,,,,,,,,,4425.9
2026-07-07T16:01:12Z,51.556221,-0.070945,-1.2,2.1,2.6,99.9,8,1,3,4.05,338.2,4424.6
2026-07-07T16:01:12Z,,,,,,,,,,,,4419.8
2026-07-07T16:01:13Z,,,,,,,,,,,,4415.6
2026-07-07T16:01:13Z,,,,,,,,,,,,4411.3
2026-07-07T16:01:13Z,,,,,,,,,,,,4409.3
2026-07-07T16:01:13Z,51.556236,-0.070954,-2.8,2.1,2.6,99.9,8,1,3,4.23,338.2,4407.6
2026-07-07T16:01:13Z,,,,,,,,,,,,4405.1
2026-07-07T16:01:13Z,,,,,,,,,,,,4402.3
2026-07-07T16:01:13Z,,,,,,,,,,,,4399.0
2026-07-07T16:01:13Z,,,,,,,,,,,,4396.7
2026-07-07T16:01:13Z,51.556248,-0.070964,-4.3,2.1,2.6,99.9,8,1,3,4.38,337.7,4396.0
2026-07-07T16:01:13Z,,,,,,,,,,,,4394.8
2026-07-07T16:01:14Z,,,,,,,,,,,,4392.4
2026-07-07T16:01:14Z,,,,,,,,,,,,4389.7
2026-07-07T16:01:14Z,,,,,,,,,,,,4389.0
2026-07-07T16:01:14Z,51.556263,-0.070974,-5.7,2.1,2.6,99.9,8,1,3,4.52,337.3,4389.2
2026-07-07T16:01:14Z,,,,,,,,,,,,4388.8
2026-07-07T16:01:14Z,,,,,,,,,,,,4385.6
2026-07-07T16:01:14Z,,,,,,,,,,,,4381.5
2026-07-07T16:01:14Z,,,,,,,,,,,,4382.3
2026-07-07T16:01:14Z,51.556274,-0.070985,-7.0,2.1,2.6,99.9,8,1,3,4.63,335.7,4384.1
2026-07-07T16:01:14Z,,,,,,,,,,,,4383.5
2026-07-07T16:01:15Z,,,,,,,,,,,,4382.7
2026-07-07T16:01:15Z,,,,,,,,,,,,4382.9
2026-07-07T16:01:15Z,,,,,,,,,,,,4384.8
2026-07-07T16:01:15Z,51.556290,-0.070996,-8.2,3.0,2.7,99.9,7,1,3,4.84,337.0,4386.8
2026-07-07T16:01:15Z,,,,,,,,,,,,4387.6
2026-07-07T16:01:15Z,,,,,,,,,,,,4386.4
2026-07-07T16:01:15Z,,,,,,,,,,,,4383.8
2026-07-07T16:01:15Z,,,,,,,,,,,,4382.4
2026-07-07T16:01:15Z,51.556301,-0.071005,-9.3,3.0,2.7,99.9,6,1,3,5.07,338.8,4382.7
2026-07-07T16:01:15Z,,,,,,,,,,,,4383.9
2026-07-07T16:01:16Z,,,,,,,,,,,,4384.6
2026-07-07T16:01:16Z,,,,,,,,,,,,4384.6
2026-07-07T16:01:16Z,,,,,,,,,,,,4387.3
2026-07-07T16:01:16Z,51.556313,-0.071013,-10.3,3.0,2.7,99.9,6,1,3,5.46,338.0,4392.1
2026-07-07T16:01:16Z,,,,,,,,,,,,4398.8
2026-07-07T16:01:16Z,,,,,,,,,,,,4403.0
2026-07-07T16:01:16Z,,,,,,,,,,,,4403.5
2026-07-07T16:01:16Z,,,,,,,,,,,,4406.5
2026-07-07T16:01:16Z,51.556328,-0.071022,-11.3,3.0,2.7,99.9,6,1,3,5.91,338.2,4407.6
2026-07-07T16:01:16Z,,,,,,,,,,,,4407.2
2026-07-07T16:01:17Z,,,,,,,,,,,,4408.2
2026-07-07T16:01:17Z,,,,,,,,,,,,4406.2
2026-07-07T16:01:17Z,,,,,,,,,,,,4403.1
2026-07-07T16:01:17Z,51.556343,-0.071032,-12.1,3.0,2.7,99.9,6,1,3,6.59,337.5,4403.4
2026-07-07T16:01:17Z,,,,,,,,,,,,4403.5
2026-07-07T16:01:17Z,,,,,,,,,,,,4405.0
2026-07-07T16:01:17Z,,,,,,,,,,,,4406.7
2026-07-07T16:01:17Z,,,,,,,,,,,,4405.6
2026-07-07T16:01:17Z,51.556362,-0.071044,-12.9,3.0,2.7,99.9,6,1,3,7.34,336.5,4410.9
2026-07-07T16:01:17Z,,,,,,,,,,,,4423.3
2026-07-07T16:01:18Z,,,,,,,,,,,,4430.2
2026-07-07T16:01:18Z,,,,,,,,,,,,4432.6
2026-07-07T16:01:18Z,,,,,,,,,,,,4433.9
2026-07-07T16:01:18Z,51.556377,-0.071055,-13.6,3.0,2.7,99.9,6,1,3,7.92,336.5,4434.1
2026-07-07T16:01:18Z,,,,,,,,,,,,4434.9
2026-07-07T16:01:18Z,,,,,,,,,,,,4436.0
2026-07-07T16:01:18Z,,,,,,,,,,,,4436.9
2026-07-07T16:01:18Z,,,,,,,,,,,,4441.1
2026-07-07T16:01:18Z,51.556396,-0.071067,-14.3,3.0,2.7,99.9,6,1,3,8.14,336.1,4448.1
2026-07-07T16:01:18Z,,,,,,,,,,,,4452.3
2026-07-07T16:01:19Z,,,,,,,,,,,,4453.9
2026-07-07T16:01:19Z,,,,,,,,,,,,4454.6
2026-07-07T16:01:19Z,,,,,,,,,,,,4449.8
2026-07-07T16:01:19Z,51.556416,-0.071080,-15.0,3.0,2.7,99.9,6,1,3,8.19,333.5,4432.9
2026-07-07T16:01:19Z,,,,,,,,,,,,4407.4
2026-07-07T16:01:19Z,,,,,,,,,,,,4392.5
2026-07-07T16:01:19Z,,,,,,,,,,,,4392.6
2026-07-07T16:01:19Z,,,,,,,,,,,,4397.2
2026-07-07T16:01:19Z,51.556435,-0.071100,-15.6,3.0,2.7,99.9,6,1,3,8.38,326.8,4404.4
2026-07-07T16:01:19Z,,,,,,,,,,,,4411.1
2026-07-07T16:01:20Z,,,,,,,,,,,,4409.2
2026-07-07T16:01:20Z,,,,,,,,,,,,4402.8
2026-07-07T16:01:20Z,,,,,,,,,,,,4396.8
2026-07-07T16:01:20Z,51.556450,-0.071120,-16.2,3.0,2.7,99.9,6,1,3,8.54,322.6,4392.4
2026-07-07T16:01:20Z,,,,,,,,,,,,4390.3
2026-07-07T16:01:20Z,,,,,,,,,,,,4387.7
2026-07-07T16:01:20Z,,,,,,,,,,,,4382.9
2026-07-07T16:01:20Z,,,,,,,,,,,,4375.7
2026-07-07T16:01:20Z,51.556469,-0.071138,-16.7,3.0,2.7,99.9,6,1,3,8.53,322.1,4370.0
2026-07-07T16:01:20Z,,,,,,,,,,,,4367.5
2026-07-07T16:01:21Z,,,,,,,,,,,,4369.3
2026-07-07T16:01:21Z,,,,,,,,,,,,4377.6
2026-07-07T16:01:21Z,,,,,,,,,,,,4391.0
2026-07-07T16:01:21Z,,,,,,,,,,,,4402.5
2026-07-07T16:01:21Z,,,,,,,,,,,,4400.9
2026-07-07T16:01:21Z,,,,,,,,,,,,4389.5
2026-07-07T16:01:21Z,,,,,,,,,,,,4384.4
2026-07-07T16:01:21Z,,,,,,,,,,,,4391.6
2026-07-07T16:01:21Z,,,,,,,,,,,,4409.5
2026-07-07T16:01:21Z,,,,,,,,,,,,4425.2
2026-07-07T16:01:22Z,,,,,,,,,,,,4421.3
2026-07-07T16:01:22Z,,,,,,,,,,,,4430.3
2026-07-07T16:01:22Z,,,,,,,,,,,,4451.9
2026-07-07T16:01:22Z,,,,,,,,,,,,4474.1
2026-07-07T16:01:22Z,,,,,,,,,,,,4490.9
2026-07-07T16:01:22Z,,,,,,,,,,,,4492.0
2026-07-07T16:01:22Z,,,,,,,,,,,,4492.6
2026-07-07T16:01:22Z,,,,,,,,,,,,4497.2
2026-07-07T16:01:22Z,,,,,,,,,,,,4502.9
2026-07-07T16:01:22Z,,,,,,,,,,,,4508.4
2026-07-07T16:01:23Z,,,,,,,,,,,,4514.5
2026-07-07T16:01:23Z,,,,,,,,,,,,4518.3
2026-07-07T16:01:23Z,,,,,,,,,,,,4508.7
2026-07-07T16:01:23Z,,,,,,,,,,,,4490.4
2026-07-07T16:01:23Z,,,,,,,,,,,,4454.9
2026-07-07T16:01:23Z,,,,,,,,,,,,4392.0
2026-07-07T16:01:23Z,,,,,,,,,,,,4323.5
2026-07-07T16:01:23Z,,,,,,,,,,,,4279.6
2026-07-07T16:01:23Z,51.556568,-0.071210,-19.9,1.3,2.5,99.9,8,1,3,7.29,332.2,4261.9
2026-07-07T16:01:23Z,,,,,,,,,,,,4255.0
2026-07-07T16:01:23Z,,,,,,,,,,,,4258.9
2026-07-07T16:01:24Z,,,,,,,,,,,,4255.2
2026-07-07T16:01:24Z,,,,,,,,,,,,4246.1
2026-07-07T16:01:24Z,51.556576,-0.071218,-20.4,1.2,2.1,99.9,9,1,3,5.22,328.9,4242.1
2026-07-07T16:01:24Z,,,,,,,,,,,,4234.4
2026-07-07T16:01:24Z,,,,,,,,,,,,4219.7
2026-07-07T16:01:24Z,,,,,,,,,,,,4205.6
2026-07-07T16:01:24Z,,,,,,,,,,,,4193.4
2026-07-07T16:01:24Z,51.556572,-0.071216,-20.8,1.2,2.1,99.9,9,1,3,2.16,307.3,4187.1
2026-07-07T16:01:24Z,,,,,,,,,,,,4185.0
2026-07-07T16:01:24Z,,,,,,,,,,,,4186.6
2026-07-07T16:01:25Z,,,,,,,,,,,,4191.0
2026-07-07T16:01:25Z,,,,,,,,,,,,4193.0
2026-07-07T16:01:25Z,51.556564,-0.071211,-21.3,1.2,2.1,99.9,9,1,3,1.66,307.3,4193.9
2026-07-07T16:01:25Z,,,,,,,,,,,,4196.7
