timestamp,lat,lon,alt,sats,fix,gsr_raw
2026-07-06T20:18:06Z,51.555809,-0.071621,-46.2,6,1,3623.4
2026-07-06T20:18:06Z,,,,,,3625.8
2026-07-06T20:18:07Z,,,,,,3618.5
2026-07-06T20:18:07Z,,,,,,3601.6
2026-07-06T20:18:07Z,,,,,,3591.8
2026-07-06T20:18:07Z,,,,,,3575.5
2026-07-06T20:18:07Z,,,,,,3552.3
2026-07-06T20:18:07Z,,,,,,3534.0
2026-07-06T20:18:07Z,,,,,,3521.2
2026-07-06T20:18:07Z,,,,,,3510.6
2026-07-06T20:18:07Z,51.555767,-0.071579,-40.2,6,1,3499.2
2026-07-06T20:18:07Z,,,,,,3486.0
2026-07-06T20:18:08Z,,,,,,3470.7
2026-07-06T20:18:08Z,,,,,,3454.5
2026-07-06T20:18:08Z,,,,,,3444.5
2026-07-06T20:18:08Z,,,,,,3442.8
2026-07-06T20:18:08Z,,,,,,3451.0
2026-07-06T20:18:08Z,,,,,,3467.3
2026-07-06T20:18:08Z,,,,,,3489.2
2026-07-06T20:18:08Z,,,,,,3518.4
2026-07-06T20:18:08Z,51.555798,-0.071560,-37.5,6,1,3556.4
2026-07-06T20:18:08Z,,,,,,3601.5
2026-07-06T20:18:09Z,,,,,,3638.8
2026-07-06T20:18:09Z,,,,,,3672.7
2026-07-06T20:18:09Z,,,,,,3696.8
2026-07-06T20:18:09Z,,,,,,3712.2
2026-07-06T20:18:09Z,,,,,,3726.2
2026-07-06T20:18:09Z,,,,,,3738.6
2026-07-06T20:18:09Z,,,,,,3745.4
2026-07-06T20:18:09Z,,,,,,3744.9
2026-07-06T20:18:09Z,51.555817,-0.071541,-35.1,6,1,3737.6
2026-07-06T20:18:09Z,,,,,,3727.3
2026-07-06T20:18:10Z,,,,,,3716.2
2026-07-06T20:18:10Z,,,,,,3702.6
2026-07-06T20:18:10Z,,,,,,3686.5
2026-07-06T20:18:10Z,,,,,,3667.8
2026-07-06T20:18:10Z,,,,,,3644.4
2026-07-06T20:18:10Z,,,,,,3620.7
2026-07-06T20:18:10Z,,,,,,3601.0
2026-07-06T20:18:10Z,,,,,,3581.8
2026-07-06T20:18:10Z,51.555843,-0.071527,-33.9,6,1,3561.6
2026-07-06T20:18:10Z,,,,,,3541.3
2026-07-06T20:18:11Z,,,,,,3521.5
2026-07-06T20:18:11Z,,,,,,3503.1
2026-07-06T20:18:11Z,,,,,,3487.0
2026-07-06T20:18:11Z,,,,,,3471.6
2026-07-06T20:18:11Z,,,,,,3456.5
2026-07-06T20:18:11Z,,,,,,3440.6
2026-07-06T20:18:11Z,,,,,,3426.3
2026-07-06T20:18:11Z,,,,,,3413.1
2026-07-06T20:18:11Z,51.555859,-0.071511,-30.9,6,1,3398.9
2026-07-06T20:18:11Z,,,,,,3386.2
2026-07-06T20:18:12Z,,,,,,3373.1
2026-07-06T20:18:12Z,,,,,,3357.8
2026-07-06T20:18:12Z,,,,,,3344.7
2026-07-06T20:18:12Z,,,,,,3336.2
2026-07-06T20:18:12Z,,,,,,3324.9
2026-07-06T20:18:12Z,,,,,,3309.8
2026-07-06T20:18:12Z,,,,,,3296.3
2026-07-06T20:18:12Z,,,,,,3284.1
2026-07-06T20:18:12Z,51.555878,-0.071515,-30.5,6,1,3273.4
2026-07-06T20:18:12Z,,,,,,3264.5
2026-07-06T20:18:13Z,,,,,,3256.5
2026-07-06T20:18:13Z,,,,,,3248.3
2026-07-06T20:18:13Z,,,,,,3237.7
2026-07-06T20:18:13Z,,,,,,3226.5
2026-07-06T20:18:13Z,,,,,,3218.8
2026-07-06T20:18:13Z,,,,,,3217.6
2026-07-06T20:18:13Z,,,,,,3220.9
2026-07-06T20:18:13Z,,,,,,3225.5
2026-07-06T20:18:13Z,51.555893,-0.071506,-29.4,6,1,3235.2
2026-07-06T20:18:13Z,,,,,,3251.6
2026-07-06T20:18:14Z,,,,,,3269.0
2026-07-06T20:18:14Z,,,,,,3286.1
2026-07-06T20:18:14Z,,,,,,3303.8
2026-07-06T20:18:14Z,,,,,,3318.4
2026-07-06T20:18:14Z,,,,,,3328.0
2026-07-06T20:18:14Z,,,,,,3336.1
2026-07-06T20:18:14Z,,,,,,3341.7
2026-07-06T20:18:14Z,,,,,,3344.8
2026-07-06T20:18:14Z,51.555908,-0.071511,-28.7,6,1,3347.2
2026-07-06T20:18:14Z,,,,,,3347.3
2026-07-06T20:18:15Z,,,,,,3344.5
2026-07-06T20:18:15Z,,,,,,3340.5
2026-07-06T20:18:15Z,,,,,,3334.3
2026-07-06T20:18:15Z,,,,,,3325.6
2026-07-06T20:18:15Z,,,,,,3316.2
2026-07-06T20:18:15Z,,,,,,3306.6
2026-07-06T20:18:15Z,,,,,,3297.5
2026-07-06T20:18:15Z,,,,,,3288.4
2026-07-06T20:18:15Z,51.555923,-0.071511,-26.3,6,1,3279.4
2026-07-06T20:18:15Z,,,,,,3270.4
2026-07-06T20:18:16Z,,,,,,3262.5
2026-07-06T20:18:16Z,,,,,,3254.8
2026-07-06T20:18:16Z,,,,,,3248.4
2026-07-06T20:18:16Z,,,,,,3244.1
2026-07-06T20:18:16Z,,,,,,3240.0
2026-07-06T20:18:16Z,,,,,,3236.4
2026-07-06T20:18:16Z,,,,,,3233.4
2026-07-06T20:18:16Z,,,,,,3233.3
2026-07-06T20:18:16Z,51.555931,-0.071513,-24.7,6,1,3237.5
2026-07-06T20:18:16Z,,,,,,3244.3
2026-07-06T20:18:17Z,,,,,,3249.1
2026-07-06T20:18:17Z,,,,,,3253.8
2026-07-06T20:18:17Z,,,,,,3258.0
2026-07-06T20:18:17Z,,,,,,3262.2
2026-07-06T20:18:17Z,,,,,,3268.6
2026-07-06T20:18:17Z,,,,,,3272.8
2026-07-06T20:18:17Z,,,,,,3275.5
2026-07-06T20:18:17Z,,,,,,3277.0
2026-07-06T20:18:17Z,51.555943,-0.071504,-22.3,6,1,3277.4
2026-07-06T20:18:17Z,,,,,,3277.6
2026-07-06T20:18:18Z,,,,,,3277.0
2026-07-06T20:18:18Z,,,,,,3276.9
2026-07-06T20:18:18Z,,,,,,3276.8
2026-07-06T20:18:18Z,,,,,,3277.5
2026-07-06T20:18:18Z,,,,,,3280.2
2026-07-06T20:18:18Z,,,,,,3285.3
2026-07-06T20:18:18Z,,,,,,3292.2
2026-07-06T20:18:18Z,,,,,,3299.9
2026-07-06T20:18:18Z,51.555954,-0.071496,-19.7,6,1,3309.4
2026-07-06T20:18:18Z,,,,,,3320.5
2026-07-06T20:18:19Z,,,,,,3331.3
2026-07-06T20:18:19Z,,,,,,3341.7
2026-07-06T20:18:19Z,,,,,,3351.4
2026-07-06T20:18:19Z,,,,,,3358.8
2026-07-06T20:18:19Z,,,,,,3363.3
2026-07-06T20:18:19Z,,,,,,3366.6
2026-07-06T20:18:19Z,,,,,,3368.6
2026-07-06T20:18:19Z,,,,,,3368.1
2026-07-06T20:18:19Z,51.555962,-0.071501,-17.9,6,1,3366.4
2026-07-06T20:18:19Z,,,,,,3364.5
2026-07-06T20:18:20Z,,,,,,3362.6
2026-07-06T20:18:20Z,,,,,,3359.7
2026-07-06T20:18:20Z,,,,,,3355.6
2026-07-06T20:18:20Z,,,,,,3350.4
2026-07-06T20:18:20Z,,,,,,3344.1
2026-07-06T20:18:20Z,,,,,,3337.2
2026-07-06T20:18:20Z,,,,,,3329.8
2026-07-06T20:18:20Z,,,,,,3321.8
2026-07-06T20:18:20Z,51.555969,-0.071491,-14.5,6,1,3312.4
2026-07-06T20:18:20Z,,,,,,3302.4
2026-07-06T20:18:21Z,,,,,,3293.7
2026-07-06T20:18:21Z,,,,,,3284.8
2026-07-06T20:18:21Z,,,,,,3276.3
2026-07-06T20:18:21Z,,,,,,3268.7
2026-07-06T20:18:21Z,,,,,,3262.7
2026-07-06T20:18:21Z,,,,,,3256.9
2026-07-06T20:18:21Z,,,,,,3250.4
2026-07-06T20:18:21Z,,,,,,3244.7
2026-07-06T20:18:21Z,51.555969,-0.071479,-13.6,6,1,3240.6
2026-07-06T20:18:21Z,,,,,,3236.1
2026-07-06T20:18:22Z,,,,,,3230.5
2026-07-06T20:18:22Z,,,,,,3225.3
2026-07-06T20:18:22Z,,,,,,3219.6
2026-07-06T20:18:22Z,,,,,,3214.6
2026-07-06T20:18:22Z,,,,,,3211.3
2026-07-06T20:18:22Z,,,,,,3208.7
2026-07-06T20:18:22Z,,,,,,3207.7
2026-07-06T20:18:22Z,,,,,,3208.5
2026-07-06T20:18:22Z,51.555969,-0.071471,-12.5,6,1,3209.5
2026-07-06T20:18:22Z,,,,,,3210.3
2026-07-06T20:18:23Z,,,,,,3211.2
2026-07-06T20:18:23Z,,,,,,3211.8
2026-07-06T20:18:23Z,,,,,,3211.6
2026-07-06T20:18:23Z,,,,,,3210.5
2026-07-06T20:18:23Z,,,,,,3208.1
2026-07-06T20:18:23Z,,,,,,3205.1
2026-07-06T20:18:23Z,,,,,,3202.1
2026-07-06T20:18:23Z,,,,,,3198.8
2026-07-06T20:18:23Z,51.555969,-0.071463,-11.4,6,1,3196.1
2026-07-06T20:18:23Z,,,,,,3193.4
2026-07-06T20:18:24Z,,,,,,3191.3
2026-07-06T20:18:24Z,,,,,,3190.8
2026-07-06T20:18:24Z,,,,,,3191.5
2026-07-06T20:18:24Z,,,,,,3194.0
2026-07-06T20:18:24Z,,,,,,3201.0
2026-07-06T20:18:24Z,,,,,,3212.8
2026-07-06T20:18:24Z,,,,,,3227.6
2026-07-06T20:18:24Z,,,,,,3245.9
2026-07-06T20:18:24Z,51.555969,-0.071463,-10.8,6,1,3263.6
2026-07-06T20:18:24Z,,,,,,3275.1
2026-07-06T20:18:25Z,,,,,,3289.1
2026-07-06T20:18:25Z,,,,,,3307.2
2026-07-06T20:18:25Z,,,,,,3319.7
2026-07-06T20:18:25Z,,,,,,3330.8
2026-07-06T20:18:25Z,,,,,,3345.3
2026-07-06T20:18:25Z,,,,,,3359.3
2026-07-06T20:18:25Z,,,,,,3368.3
2026-07-06T20:18:25Z,,,,,,3373.6
2026-07-06T20:18:25Z,51.555973,-0.071469,-9.9,6,1,3379.0
2026-07-06T20:18:25Z,,,,,,3385.3
2026-07-06T20:18:26Z,,,,,,3394.1
2026-07-06T20:18:26Z,,,,,,3401.2
2026-07-06T20:18:26Z,,,,,,3401.3
2026-07-06T20:18:26Z,,,,,,3396.8
2026-07-06T20:18:26Z,,,,,,3390.3
2026-07-06T20:18:26Z,,,,,,3381.9
2026-07-06T20:18:26Z,,,,,,3373.0
2026-07-06T20:18:26Z,,,,,,3364.7
2026-07-06T20:18:26Z,51.555981,-0.071475,-8.9,6,1,3355.4
2026-07-06T20:18:26Z,,,,,,3344.9
2026-07-06T20:18:27Z,,,,,,3332.3
2026-07-06T20:18:27Z,,,,,,3319.9
2026-07-06T20:18:27Z,,,,,,3313.0
2026-07-06T20:18:27Z,,,,,,3309.9
2026-07-06T20:18:27Z,,,,,,3308.4
2026-07-06T20:18:27Z,,,,,,3308.7
2026-07-06T20:18:27Z,,,,,,3309.7
2026-07-06T20:18:27Z,,,,,,3311.7
2026-07-06T20:18:27Z,51.555988,-0.071489,-8.2,6,1,3316.8
2026-07-06T20:18:27Z,,,,,,3323.0
2026-07-06T20:18:28Z,,,,,,3326.7
2026-07-06T20:18:28Z,,,,,,3328.2
2026-07-06T20:18:28Z,,,,,,3328.2
2026-07-06T20:18:28Z,,,,,,3323.6
2026-07-06T20:18:28Z,,,,,,3318.1
2026-07-06T20:18:28Z,,,,,,3316.0
2026-07-06T20:18:28Z,,,,,,3315.2
2026-07-06T20:18:28Z,,,,,,3315.4
2026-07-06T20:18:28Z,51.556000,-0.071500,-8.0,6,1,3317.5
2026-07-06T20:18:28Z,,,,,,3321.1
2026-07-06T20:18:29Z,,,,,,3325.1
2026-07-06T20:18:29Z,,,,,,3331.2
2026-07-06T20:18:29Z,,,,,,3337.8
2026-07-06T20:18:29Z,,,,,,3340.9
2026-07-06T20:18:29Z,,,,,,3341.4
2026-07-06T20:18:29Z,,,,,,3340.9
2026-07-06T20:18:29Z,,,,,,3339.3
2026-07-06T20:18:29Z,,,,,,3336.0
2026-07-06T20:18:29Z,51.556011,-0.071507,-6.5,6,1,3332.2
2026-07-06T20:18:29Z,,,,,,3329.1
2026-07-06T20:18:30Z,,,,,,3323.4
2026-07-06T20:18:30Z,,,,,,3315.4
2026-07-06T20:18:30Z,,,,,,3307.6
2026-07-06T20:18:30Z,,,,,,3301.2
2026-07-06T20:18:30Z,,,,,,3293.5
2026-07-06T20:18:30Z,,,,,,3284.9
2026-07-06T20:18:30Z,,,,,,3277.4
2026-07-06T20:18:30Z,,,,,,3269.6
2026-07-06T20:18:30Z,51.556023,-0.071505,-4.5,6,1,3262.6
2026-07-06T20:18:30Z,,,,,,3258.1
2026-07-06T20:18:31Z,,,,,,3254.2
2026-07-06T20:18:31Z,,,,,,3249.6
2026-07-06T20:18:31Z,,,,,,3245.9
2026-07-06T20:18:31Z,,,,,,3243.9
2026-07-06T20:18:31Z,,,,,,3243.6
2026-07-06T20:18:31Z,,,,,,3246.4
2026-07-06T20:18:31Z,,,,,,3251.2
2026-07-06T20:18:31Z,,,,,,3254.7
2026-07-06T20:18:31Z,51.556030,-0.071506,-3.2,6,1,3256.8
2026-07-06T20:18:31Z,,,,,,3257.8
2026-07-06T20:18:32Z,,,,,,3257.5
2026-07-06T20:18:32Z,,,,,,3257.5
2026-07-06T20:18:32Z,,,,,,3259.2
2026-07-06T20:18:32Z,,,,,,3259.8
2026-07-06T20:18:32Z,,,,,,3257.6
2026-07-06T20:18:32Z,,,,,,3253.2
2026-07-06T20:18:32Z,,,,,,3248.7
2026-07-06T20:18:32Z,,,,,,3245.6
2026-07-06T20:18:32Z,51.556034,-0.071517,-2.9,6,1,3242.5
2026-07-06T20:18:32Z,,,,,,3238.3
2026-07-06T20:18:33Z,,,,,,3232.6
2026-07-06T20:18:33Z,,,,,,3224.7
2026-07-06T20:18:33Z,,,,,,3215.3
2026-07-06T20:18:33Z,,,,,,3207.3
2026-07-06T20:18:33Z,,,,,,3200.2
2026-07-06T20:18:33Z,,,,,,3192.3
2026-07-06T20:18:33Z,,,,,,3183.6
2026-07-06T20:18:33Z,,,,,,3174.6
2026-07-06T20:18:33Z,51.556038,-0.071537,-3.9,6,1,3165.5
2026-07-06T20:18:33Z,,,,,,3157.7
2026-07-06T20:18:34Z,,,,,,3152.0
2026-07-06T20:18:34Z,,,,,,3146.1
2026-07-06T20:18:34Z,,,,,,3139.9
2026-07-06T20:18:34Z,,,,,,3133.8
2026-07-06T20:18:34Z,,,,,,3127.4
2026-07-06T20:18:34Z,,,,,,3121.0
2026-07-06T20:18:34Z,,,,,,3116.1
2026-07-06T20:18:34Z,,,,,,3111.5
2026-07-06T20:18:34Z,51.556046,-0.071551,-4.5,6,1,3106.2
2026-07-06T20:18:34Z,,,,,,3100.4
2026-07-06T20:18:35Z,,,,,,3094.5
2026-07-06T20:18:35Z,,,,,,3088.4
2026-07-06T20:18:35Z,,,,,,3083.3
2026-07-06T20:18:35Z,,,,,,3081.0
2026-07-06T20:18:35Z,,,,,,3078.4
2026-07-06T20:18:35Z,,,,,,3075.7
2026-07-06T20:18:35Z,,,,,,3074.2
2026-07-06T20:18:35Z,,,,,,3073.6
2026-07-06T20:18:35Z,51.556046,-0.071574,-5.8,6,1,3075.9
2026-07-06T20:18:35Z,,,,,,3081.8
2026-07-06T20:18:36Z,,,,,,3090.0
2026-07-06T20:18:36Z,,,,,,3100.9
2026-07-06T20:18:36Z,,,,,,3113.6
2026-07-06T20:18:36Z,,,,,,3126.9
2026-07-06T20:18:36Z,,,,,,3139.7
2026-07-06T20:18:36Z,,,,,,3152.3
2026-07-06T20:18:36Z,,,,,,3163.7
2026-07-06T20:18:36Z,,,,,,3172.9
2026-07-06T20:18:36Z,51.556042,-0.071608,-8.1,6,1,3179.4
2026-07-06T20:18:36Z,,,,,,3183.2
2026-07-06T20:18:37Z,,,,,,3184.2
2026-07-06T20:18:37Z,,,,,,3182.7
2026-07-06T20:18:37Z,,,,,,3180.1
2026-07-06T20:18:37Z,,,,,,3176.9
2026-07-06T20:18:37Z,,,,,,3171.9
2026-07-06T20:18:37Z,,,,,,3167.5
2026-07-06T20:18:37Z,,,,,,3161.8
2026-07-06T20:18:37Z,,,,,,3152.0
2026-07-06T20:18:37Z,51.556046,-0.071621,-7.7,6,1,3142.3
2026-07-06T20:18:37Z,,,,,,3134.2
2026-07-06T20:18:38Z,,,,,,3128.6
2026-07-06T20:18:38Z,,,,,,3125.8
2026-07-06T20:18:38Z,,,,,,3125.9
2026-07-06T20:18:38Z,,,,,,3125.7
2026-07-06T20:18:38Z,,,,,,3123.8
2026-07-06T20:18:38Z,,,,,,3125.3
2026-07-06T20:18:38Z,,,,,,3136.8
2026-07-06T20:18:38Z,,,,,,3151.9
2026-07-06T20:18:38Z,51.556046,-0.071629,-7.0,6,1,3162.9
2026-07-06T20:18:38Z,,,,,,3174.1
2026-07-06T20:18:39Z,,,,,,3185.8
2026-07-06T20:18:39Z,,,,,,3198.4
2026-07-06T20:18:39Z,,,,,,3205.9
2026-07-06T20:18:39Z,,,,,,3208.1
2026-07-06T20:18:39Z,,,,,,3204.8
2026-07-06T20:18:39Z,,,,,,3194.4
2026-07-06T20:18:39Z,,,,,,3187.0
2026-07-06T20:18:39Z,,,,,,3177.6
2026-07-06T20:18:39Z,51.556049,-0.071623,-5.6,6,1,3165.2
2026-07-06T20:18:39Z,,,,,,3160.4
2026-07-06T20:18:40Z,,,,,,3154.6
2026-07-06T20:18:40Z,,,,,,3144.9
2026-07-06T20:18:40Z,,,,,,3131.9
2026-07-06T20:18:40Z,,,,,,3114.6
2026-07-06T20:18:40Z,,,,,,3101.9
2026-07-06T20:18:40Z,,,,,,3095.1
2026-07-06T20:18:40Z,,,,,,3090.9
2026-07-06T20:18:40Z,,,,,,3088.2
2026-07-06T20:18:40Z,51.556053,-0.071638,-5.4,6,1,3088.7
2026-07-06T20:18:40Z,,,,,,3091.5
2026-07-06T20:18:41Z,,,,,,3094.2
2026-07-06T20:18:41Z,,,,,,3099.6
2026-07-06T20:18:41Z,,,,,,3105.7
2026-07-06T20:18:41Z,,,,,,3111.5
2026-07-06T20:18:41Z,,,,,,3117.6
2026-07-06T20:18:41Z,,,,,,3122.9
2026-07-06T20:18:41Z,,,,,,3126.7
2026-07-06T20:18:41Z,,,,,,3129.1
2026-07-06T20:18:41Z,51.556049,-0.071626,-3.1,6,1,3130.9
2026-07-06T20:18:41Z,,,,,,3133.3
2026-07-06T20:18:42Z,,,,,,3135.1
2026-07-06T20:18:42Z,,,,,,3135.2
2026-07-06T20:18:42Z,,,,,,3136.1
2026-07-06T20:18:42Z,,,,,,3135.4
2026-07-06T20:18:42Z,,,,,,3132.4
2026-07-06T20:18:42Z,,,,,,3131.4
2026-07-06T20:18:42Z,,,,,,3130.6
2026-07-06T20:18:42Z,,,,,,3129.6
2026-07-06T20:18:42Z,51.556049,-0.071629,-1.9,6,1,3129.7
2026-07-06T20:18:42Z,,,,,,3130.6
2026-07-06T20:18:43Z,,,,,,3133.5
2026-07-06T20:18:43Z,,,,,,3138.8
2026-07-06T20:18:43Z,,,,,,3144.5
2026-07-06T20:18:43Z,,,,,,3149.9
2026-07-06T20:18:43Z,,,,,,3156.5
2026-07-06T20:18:43Z,,,,,,3161.4
2026-07-06T20:18:43Z,,,,,,3164.3
2026-07-06T20:18:43Z,,,,,,3167.3
2026-07-06T20:18:43Z,51.556053,-0.071625,0.7,6,1,3170.7
2026-07-06T20:18:43Z,,,,,,3172.4
2026-07-06T20:18:44Z,,,,,,3173.6
2026-07-06T20:18:44Z,,,,,,3174.5
2026-07-06T20:18:44Z,,,,,,3176.4
2026-07-06T20:18:44Z,,,,,,3182.3
2026-07-06T20:18:44Z,,,,,,3191.5
2026-07-06T20:18:44Z,,,,,,3202.4
2026-07-06T20:18:44Z,,,,,,3215.4
2026-07-06T20:18:44Z,,,,,,3229.5
2026-07-06T20:18:44Z,51.556061,-0.071632,0.7,6,1,3245.4
2026-07-06T20:18:44Z,,,,,,3263.0
2026-07-06T20:18:45Z,,,,,,3278.9
2026-07-06T20:18:45Z,,,,,,3291.1
2026-07-06T20:18:45Z,,,,,,3299.3
2026-07-06T20:18:45Z,,,,,,3306.2
2026-07-06T20:18:45Z,,,,,,3311.6
2026-07-06T20:18:45Z,,,,,,3315.7
2026-07-06T20:18:45Z,,,,,,3317.3
2026-07-06T20:18:45Z,,,,,,3313.7
2026-07-06T20:18:45Z,51.556061,-0.071638,1.3,6,1,3307.9
2026-07-06T20:18:45Z,,,,,,3300.4
2026-07-06T20:18:46Z,,,,,,3293.4
2026-07-06T20:18:46Z,,,,,,3287.7
2026-07-06T20:18:46Z,,,,,,3278.2
2026-07-06T20:18:46Z,,,,,,3266.3
2026-07-06T20:18:46Z,,,,,,3255.1
2026-07-06T20:18:46Z,,,,,,3244.5
2026-07-06T20:18:46Z,,,,,,3234.8
2026-07-06T20:18:46Z,,,,,,3226.4
2026-07-06T20:18:46Z,51.556065,-0.071640,2.8,6,1,3216.0
2026-07-06T20:18:46Z,,,,,,3202.5
2026-07-06T20:18:47Z,,,,,,3190.7
2026-07-06T20:18:47Z,,,,,,3182.5
2026-07-06T20:18:47Z,,,,,,3177.3
2026-07-06T20:18:47Z,,,,,,3174.3
2026-07-06T20:18:47Z,,,,,,3169.5
2026-07-06T20:18:47Z,,,,,,3162.1
2026-07-06T20:18:47Z,,,,,,3157.1
2026-07-06T20:18:47Z,,,,,,3155.2
2026-07-06T20:18:47Z,51.556065,-0.071638,3.6,6,1,3155.8
2026-07-06T20:18:47Z,,,,,,3157.6
2026-07-06T20:18:48Z,,,,,,3157.6
2026-07-06T20:18:48Z,,,,,,3156.2
2026-07-06T20:18:48Z,,,,,,3154.8
2026-07-06T20:18:48Z,,,,,,3153.7
2026-07-06T20:18:48Z,,,,,,3154.8
2026-07-06T20:18:48Z,,,,,,3156.5
2026-07-06T20:18:48Z,,,,,,3154.6
2026-07-06T20:18:48Z,,,,,,3152.4
2026-07-06T20:18:48Z,51.556068,-0.071631,3.3,6,1,3153.4
2026-07-06T20:18:48Z,,,,,,3156.2
2026-07-06T20:18:49Z,,,,,,3162.7
2026-07-06T20:18:49Z,,,,,,3177.1
2026-07-06T20:18:49Z,,,,,,3196.6
2026-07-06T20:18:49Z,,,,,,3221.7
2026-07-06T20:18:49Z,,,,,,3254.6
2026-07-06T20:18:49Z,,,,,,3292.3
2026-07-06T20:18:49Z,,,,,,3334.6
2026-07-06T20:18:49Z,,,,,,3377.8
2026-07-06T20:18:49Z,51.556072,-0.071633,3.6,6,1,3415.1
2026-07-06T20:18:49Z,,,,,,3446.0
2026-07-06T20:18:50Z,,,,,,3473.2
2026-07-06T20:18:50Z,,,,,,3498.9
2026-07-06T20:18:50Z,,,,,,3520.0
2026-07-06T20:18:50Z,,,,,,3537.3
2026-07-06T20:18:50Z,,,,,,3550.1
2026-07-06T20:18:50Z,,,,,,3556.7
2026-07-06T20:18:50Z,,,,,,3559.7
2026-07-06T20:18:50Z,,,,,,3560.7
2026-07-06T20:18:50Z,51.556072,-0.071645,3.0,6,1,3561.2
2026-07-06T20:18:50Z,,,,,,3561.1
2026-07-06T20:18:51Z,,,,,,3556.7
2026-07-06T20:18:51Z,,,,,,3546.4
2026-07-06T20:18:51Z,,,,,,3533.8
2026-07-06T20:18:51Z,,,,,,3522.3
2026-07-06T20:18:51Z,,,,,,3511.6
2026-07-06T20:18:51Z,,,,,,3499.3
2026-07-06T20:18:51Z,,,,,,3485.1
2026-07-06T20:18:51Z,,,,,,3472.6
2026-07-06T20:18:51Z,51.556076,-0.071663,2.1,6,1,3464.8
2026-07-06T20:18:51Z,,,,,,3461.2
2026-07-06T20:18:52Z,,,,,,3465.6
2026-07-06T20:18:52Z,,,,,,3478.1
2026-07-06T20:18:52Z,,,,,,3493.2
2026-07-06T20:18:52Z,,,,,,3509.0
2026-07-06T20:18:52Z,,,,,,3524.6
2026-07-06T20:18:52Z,,,,,,3539.2
2026-07-06T20:18:52Z,,,,,,3551.8
2026-07-06T20:18:52Z,,,,,,3561.5
2026-07-06T20:18:52Z,51.556080,-0.071668,1.9,6,1,3569.2
2026-07-06T20:18:52Z,,,,,,3573.7
2026-07-06T20:18:53Z,,,,,,3573.1
2026-07-06T20:18:53Z,,,,,,3567.4
2026-07-06T20:18:53Z,,,,,,3557.6
2026-07-06T20:18:53Z,,,,,,3547.3
2026-07-06T20:18:53Z,,,,,,3535.9
2026-07-06T20:18:53Z,,,,,,3522.0
2026-07-06T20:18:53Z,,,,,,3506.4
2026-07-06T20:18:53Z,,,,,,3489.5
2026-07-06T20:18:53Z,51.556084,-0.071673,1.5,6,1,3471.2
2026-07-06T20:18:53Z,,,,,,3452.2
2026-07-06T20:18:54Z,,,,,,3435.3
2026-07-06T20:18:54Z,,,,,,3418.7
2026-07-06T20:18:54Z,,,,,,3401.7
2026-07-06T20:18:54Z,,,,,,3385.4
2026-07-06T20:18:54Z,,,,,,3368.4
2026-07-06T20:18:54Z,,,,,,3352.0
2026-07-06T20:18:54Z,,,,,,3339.1
2026-07-06T20:18:54Z,,,,,,3329.1
2026-07-06T20:18:54Z,51.556095,-0.071704,-0.6,6,1,3320.3
2026-07-06T20:18:54Z,,,,,,3312.7
2026-07-06T20:18:55Z,,,,,,3308.1
2026-07-06T20:18:55Z,,,,,,3306.4
2026-07-06T20:18:55Z,,,,,,3306.4
2026-07-06T20:18:55Z,,,,,,3308.4
2026-07-06T20:18:55Z,,,,,,3310.1
2026-07-06T20:18:55Z,,,,,,3311.6
2026-07-06T20:18:55Z,,,,,,3313.4
2026-07-06T20:18:55Z,,,,,,3314.2
2026-07-06T20:18:55Z,51.556103,-0.071721,-1.0,6,1,3314.8
2026-07-06T20:18:55Z,,,,,,3314.4
2026-07-06T20:18:56Z,,,,,,3312.7
2026-07-06T20:18:56Z,,,,,,3310.6
2026-07-06T20:18:56Z,,,,,,3307.6
2026-07-06T20:18:56Z,,,,,,3304.3
2026-07-06T20:18:56Z,,,,,,3299.8
2026-07-06T20:18:56Z,,,,,,3294.2
2026-07-06T20:18:56Z,,,,,,3288.3
2026-07-06T20:18:56Z,,,,,,3282.3
2026-07-06T20:18:56Z,51.556103,-0.071722,-0.2,6,1,3276.8
2026-07-06T20:18:56Z,,,,,,3270.6
2026-07-06T20:18:57Z,,,,,,3263.7
2026-07-06T20:18:57Z,,,,,,3257.0
2026-07-06T20:18:57Z,,,,,,3251.0
2026-07-06T20:18:57Z,,,,,,3246.5
2026-07-06T20:18:57Z,,,,,,3243.2
2026-07-06T20:18:57Z,,,,,,3240.7
2026-07-06T20:18:57Z,,,,,,3238.9
2026-07-06T20:18:57Z,,,,,,3237.9
2026-07-06T20:18:57Z,51.556103,-0.071722,0.6,6,1,3237.1
2026-07-06T20:18:57Z,,,,,,3236.0
2026-07-06T20:18:58Z,,,,,,3233.2
2026-07-06T20:18:58Z,,,,,,3227.2
2026-07-06T20:18:58Z,,,,,,3219.8
2026-07-06T20:18:58Z,,,,,,3212.4
2026-07-06T20:18:58Z,,,,,,3205.2
2026-07-06T20:18:58Z,,,,,,3198.4
2026-07-06T20:18:58Z,,,,,,3193.1
2026-07-06T20:18:58Z,,,,,,3186.2
2026-07-06T20:18:58Z,51.556103,-0.071723,0.8,6,1,3178.2
2026-07-06T20:18:58Z,,,,,,3170.6
2026-07-06T20:18:59Z,,,,,,3163.8
2026-07-06T20:18:59Z,,,,,,3158.0
2026-07-06T20:18:59Z,,,,,,3151.5
2026-07-06T20:18:59Z,,,,,,3144.8
2026-07-06T20:18:59Z,,,,,,3138.0
2026-07-06T20:18:59Z,,,,,,3132.5
2026-07-06T20:18:59Z,,,,,,3128.5
2026-07-06T20:18:59Z,,,,,,3126.2
2026-07-06T20:18:59Z,51.556103,-0.071731,0.2,6,1,3126.2
2026-07-06T20:18:59Z,,,,,,3128.5
2026-07-06T20:19:00Z,,,,,,3132.7
2026-07-06T20:19:00Z,,,,,,3138.1
2026-07-06T20:19:00Z,,,,,,3145.3
2026-07-06T20:19:00Z,,,,,,3156.1
2026-07-06T20:19:00Z,,,,,,3165.4
2026-07-06T20:19:00Z,,,,,,3170.5
2026-07-06T20:19:00Z,,,,,,3175.6
2026-07-06T20:19:00Z,,,,,,3180.4
2026-07-06T20:19:00Z,51.556107,-0.071752,-1.7,6,1,3183.9
2026-07-06T20:19:00Z,,,,,,3186.9
2026-07-06T20:19:01Z,,,,,,3187.8
2026-07-06T20:19:01Z,,,,,,3186.1
2026-07-06T20:19:01Z,,,,,,3184.4
2026-07-06T20:19:01Z,,,,,,3185.7
2026-07-06T20:19:01Z,,,,,,3191.7
2026-07-06T20:19:01Z,,,,,,3203.9
2026-07-06T20:19:01Z,,,,,,3221.2
2026-07-06T20:19:01Z,,,,,,3241.1
2026-07-06T20:19:01Z,51.556107,-0.071768,-2.9,6,1,3263.5
2026-07-06T20:19:01Z,,,,,,3288.6
2026-07-06T20:19:02Z,,,,,,3314.4
2026-07-06T20:19:02Z,,,,,,3341.6
2026-07-06T20:19:02Z,,,,,,3364.9
2026-07-06T20:19:02Z,,,,,,3380.4
2026-07-06T20:19:02Z,,,,,,3391.0
2026-07-06T20:19:02Z,,,,,,3401.1
2026-07-06T20:19:02Z,,,,,,3411.4
2026-07-06T20:19:02Z,,,,,,3417.9
2026-07-06T20:19:02Z,51.556103,-0.071764,-1.6,6,1,3418.7
2026-07-06T20:19:02Z,,,,,,3417.3
2026-07-06T20:19:03Z,,,,,,3418.2
2026-07-06T20:19:03Z,,,,,,3424.9
2026-07-06T20:19:03Z,,,,,,3436.2
2026-07-06T20:19:03Z,,,,,,3447.0
2026-07-06T20:19:03Z,,,,,,3455.0
2026-07-06T20:19:03Z,,,,,,3462.3
2026-07-06T20:19:03Z,,,,,,3471.0
2026-07-06T20:19:03Z,,,,,,3479.4
2026-07-06T20:19:03Z,51.556107,-0.071759,-0.5,6,1,3487.5
2026-07-06T20:19:03Z,,,,,,3491.4
2026-07-06T20:19:04Z,,,,,,3488.6
2026-07-06T20:19:04Z,,,,,,3482.3
2026-07-06T20:19:04Z,,,,,,3476.1
2026-07-06T20:19:04Z,,,,,,3473.0
2026-07-06T20:19:04Z,,,,,,3467.2
2026-07-06T20:19:04Z,,,,,,3455.8
2026-07-06T20:19:04Z,,,,,,3440.8
2026-07-06T20:19:04Z,,,,,,3425.4
2026-07-06T20:19:04Z,51.556107,-0.071758,0.3,6,1,3411.9
2026-07-06T20:19:04Z,,,,,,3400.8
2026-07-06T20:19:05Z,,,,,,3388.7
2026-07-06T20:19:05Z,,,,,,3371.5
2026-07-06T20:19:05Z,,,,,,3352.8
2026-07-06T20:19:05Z,,,,,,3336.2
2026-07-06T20:19:05Z,,,,,,3323.5
2026-07-06T20:19:05Z,,,,,,3314.2
2026-07-06T20:19:05Z,,,,,,3303.1
2026-07-06T20:19:05Z,,,,,,3289.5
2026-07-06T20:19:05Z,51.556110,-0.071777,-0.4,6,1,3277.7
2026-07-06T20:19:05Z,,,,,,3269.2
2026-07-06T20:19:06Z,,,,,,3265.9
2026-07-06T20:19:06Z,,,,,,3266.5
2026-07-06T20:19:06Z,,,,,,3266.9
2026-07-06T20:19:06Z,,,,,,3266.3
2026-07-06T20:19:06Z,,,,,,3267.8
2026-07-06T20:19:06Z,,,,,,3271.4
2026-07-06T20:19:06Z,,,,,,3278.1
2026-07-06T20:19:06Z,,,,,,3285.7
2026-07-06T20:19:06Z,51.556114,-0.071775,0.1,6,1,3290.9
2026-07-06T20:19:06Z,,,,,,3291.2
2026-07-06T20:19:07Z,,,,,,3288.8
2026-07-06T20:19:07Z,,,,,,3288.8
2026-07-06T20:19:07Z,,,,,,3290.9
2026-07-06T20:19:07Z,,,,,,3294.9
2026-07-06T20:19:07Z,,,,,,3298.4
2026-07-06T20:19:07Z,,,,,,3295.5
2026-07-06T20:19:07Z,,,,,,3288.8
2026-07-06T20:19:07Z,,,,,,3284.5
2026-07-06T20:19:07Z,51.556114,-0.071778,0.2,6,1,3284.0
2026-07-06T20:19:07Z,,,,,,3282.8
2026-07-06T20:19:08Z,,,,,,3277.9
2026-07-06T20:19:08Z,,,,,,3270.8
2026-07-06T20:19:08Z,,,,,,3263.0
2026-07-06T20:19:08Z,,,,,,3256.8
2026-07-06T20:19:08Z,,,,,,3253.9
2026-07-06T20:19:08Z,,,,,,3253.0
2026-07-06T20:19:08Z,,,,,,3249.4
2026-07-06T20:19:08Z,,,,,,3241.9
2026-07-06T20:19:08Z,51.556110,-0.071781,0.4,6,1,3234.3
2026-07-06T20:19:08Z,,,,,,3228.2
2026-07-06T20:19:09Z,,,,,,3227.3
2026-07-06T20:19:09Z,,,,,,3227.1
2026-07-06T20:19:09Z,,,,,,3222.0
2026-07-06T20:19:09Z,,,,,,3215.3
2026-07-06T20:19:09Z,,,,,,3209.8
2026-07-06T20:19:09Z,,,,,,3204.2
2026-07-06T20:19:09Z,,,,,,3200.4
2026-07-06T20:19:09Z,,,,,,3198.8
2026-07-06T20:19:09Z,51.556118,-0.071803,0.7,6,1,3197.0
2026-07-06T20:19:09Z,,,,,,3197.7
2026-07-06T20:19:10Z,,,,,,3201.3
2026-07-06T20:19:10Z,,,,,,3208.7
2026-07-06T20:19:10Z,,,,,,3220.2
2026-07-06T20:19:10Z,,,,,,3232.6
2026-07-06T20:19:10Z,,,,,,3245.8
2026-07-06T20:19:10Z,,,,,,3258.5
2026-07-06T20:19:10Z,,,,,,3269.4
2026-07-06T20:19:10Z,,,,,,3279.7
2026-07-06T20:19:10Z,51.556110,-0.071818,0.9,6,1,3289.1
2026-07-06T20:19:10Z,,,,,,3295.3
2026-07-06T20:19:11Z,,,,,,3297.2
2026-07-06T20:19:11Z,,,,,,3296.5
2026-07-06T20:19:11Z,,,,,,3293.9
2026-07-06T20:19:11Z,,,,,,3290.6
2026-07-06T20:19:11Z,,,,,,3288.6
2026-07-06T20:19:11Z,,,,,,3282.9
2026-07-06T20:19:11Z,,,,,,3273.1
2026-07-06T20:19:11Z,,,,,,3264.3
2026-07-06T20:19:11Z,51.556114,-0.071818,1.4,6,1,3255.3
2026-07-06T20:19:11Z,,,,,,3245.2
2026-07-06T20:19:12Z,,,,,,3237.4
2026-07-06T20:19:12Z,,,,,,3228.9
2026-07-06T20:19:12Z,,,,,,3218.5
2026-07-06T20:19:12Z,,,,,,3211.6
2026-07-06T20:19:12Z,,,,,,3208.7
2026-07-06T20:19:12Z,,,,,,3209.4
2026-07-06T20:19:12Z,,,,,,3215.7
2026-07-06T20:19:12Z,,,,,,3223.7
2026-07-06T20:19:12Z,51.556114,-0.071818,2.1,6,1,3229.1
2026-07-06T20:19:12Z,,,,,,3234.2
2026-07-06T20:19:13Z,,,,,,3240.9
2026-07-06T20:19:13Z,,,,,,3248.3
2026-07-06T20:19:13Z,,,,,,3256.4
2026-07-06T20:19:13Z,,,,,,3263.9
2026-07-06T20:19:13Z,,,,,,3267.4
2026-07-06T20:19:13Z,,,,,,3268.4
2026-07-06T20:19:13Z,,,,,,3269.1
2026-07-06T20:19:13Z,,,,,,3272.0
2026-07-06T20:19:13Z,51.556114,-0.071818,2.7,6,1,3277.1
2026-07-06T20:19:13Z,,,,,,3278.8
2026-07-06T20:19:14Z,,,,,,3277.1
2026-07-06T20:19:14Z,,,,,,3275.2
2026-07-06T20:19:14Z,,,,,,3273.9
2026-07-06T20:19:14Z,,,,,,3272.8
2026-07-06T20:19:14Z,,,,,,3272.8
2026-07-06T20:19:14Z,,,,,,3272.4
2026-07-06T20:19:14Z,,,,,,3269.5
2026-07-06T20:19:14Z,,,,,,3266.5
2026-07-06T20:19:14Z,51.556114,-0.071820,3.0,6,1,3263.0
2026-07-06T20:19:14Z,,,,,,3260.2
2026-07-06T20:19:15Z,,,,,,3259.9
2026-07-06T20:19:15Z,,,,,,3258.6
2026-07-06T20:19:15Z,,,,,,3253.5
2026-07-06T20:19:15Z,,,,,,3247.5
2026-07-06T20:19:15Z,,,,,,3240.1
2026-07-06T20:19:15Z,,,,,,3232.6
2026-07-06T20:19:15Z,,,,,,3227.1
2026-07-06T20:19:15Z,,,,,,3221.3
2026-07-06T20:19:15Z,51.556114,-0.071823,3.4,6,1,3212.4
2026-07-06T20:19:15Z,,,,,,3201.9
2026-07-06T20:19:16Z,,,,,,3191.6
2026-07-06T20:19:16Z,,,,,,3180.9
2026-07-06T20:19:16Z,,,,,,3173.2
2026-07-06T20:19:16Z,,,,,,3167.8
2026-07-06T20:19:16Z,,,,,,3159.7
2026-07-06T20:19:16Z,,,,,,3150.2
2026-07-06T20:19:16Z,,,,,,3140.3
2026-07-06T20:19:16Z,,,,,,3130.6
2026-07-06T20:19:16Z,51.556126,-0.071833,3.5,6,1,3125.1
2026-07-06T20:19:16Z,,,,,,3122.4
2026-07-06T20:19:17Z,,,,,,3118.4
2026-07-06T20:19:17Z,,,,,,3115.2
2026-07-06T20:19:17Z,,,,,,3116.6
2026-07-06T20:19:17Z,,,,,,3121.6
2026-07-06T20:19:17Z,,,,,,3133.2
2026-07-06T20:19:17Z,,,,,,3149.0
2026-07-06T20:19:17Z,,,,,,3162.3
2026-07-06T20:19:17Z,,,,,,3175.6
2026-07-06T20:19:17Z,51.556133,-0.071846,3.6,6,1,3190.9
2026-07-06T20:19:17Z,,,,,,3206.8
2026-07-06T20:19:18Z,,,,,,3223.4
2026-07-06T20:19:18Z,,,,,,3240.6
2026-07-06T20:19:18Z,,,,,,3255.2
2026-07-06T20:19:18Z,,,,,,3267.0
2026-07-06T20:19:18Z,,,,,,3278.9
2026-07-06T20:19:18Z,,,,,,3291.5
2026-07-06T20:19:18Z,,,,,,3305.0
2026-07-06T20:19:18Z,,,,,,3314.0
2026-07-06T20:19:18Z,51.556141,-0.071857,3.8,6,1,3315.6
2026-07-06T20:19:18Z,,,,,,3314.1
2026-07-06T20:19:19Z,,,,,,3311.7
2026-07-06T20:19:19Z,,,,,,3308.0
2026-07-06T20:19:19Z,,,,,,3305.3
2026-07-06T20:19:19Z,,,,,,3301.8
2026-07-06T20:19:19Z,,,,,,3296.1
2026-07-06T20:19:19Z,,,,,,3290.5
2026-07-06T20:19:19Z,,,,,,3286.7
2026-07-06T20:19:19Z,,,,,,3287.1
2026-07-06T20:19:19Z,51.556141,-0.071872,3.8,6,1,3294.7
2026-07-06T20:19:19Z,,,,,,3306.1
2026-07-06T20:19:20Z,,,,,,3320.1
2026-07-06T20:19:20Z,,,,,,3340.9
2026-07-06T20:19:20Z,,,,,,3365.2
2026-07-06T20:19:20Z,,,,,,3390.5
2026-07-06T20:19:20Z,,,,,,3416.2
2026-07-06T20:19:20Z,,,,,,3437.4
2026-07-06T20:19:20Z,,,,,,3452.0
2026-07-06T20:19:20Z,,,,,,3462.0
2026-07-06T20:19:20Z,51.556141,-0.071891,4.2,6,1,3468.2
2026-07-06T20:19:20Z,,,,,,3472.9
2026-07-06T20:19:21Z,,,,,,3474.5
2026-07-06T20:19:21Z,,,,,,3469.5
2026-07-06T20:19:21Z,,,,,,3461.8
2026-07-06T20:19:21Z,,,,,,3457.3
2026-07-06T20:19:21Z,,,,,,3455.1
2026-07-06T20:19:21Z,,,,,,3458.2
2026-07-06T20:19:21Z,,,,,,3464.3
2026-07-06T20:19:21Z,,,,,,3463.6
2026-07-06T20:19:21Z,51.556149,-0.071908,4.7,6,1,3453.5
2026-07-06T20:19:21Z,,,,,,3439.1
2026-07-06T20:19:22Z,,,,,,3427.7
2026-07-06T20:19:22Z,,,,,,3416.7
2026-07-06T20:19:22Z,,,,,,3404.3
2026-07-06T20:19:22Z,,,,,,3393.7
2026-07-06T20:19:22Z,,,,,,3384.0
2026-07-06T20:19:22Z,,,,,,3371.0
2026-07-06T20:19:22Z,,,,,,3356.6
2026-07-06T20:19:22Z,,,,,,3346.2
2026-07-06T20:19:22Z,51.556156,-0.071919,5.0,6,1,3339.5
2026-07-06T20:19:22Z,,,,,,3333.4
2026-07-06T20:19:23Z,,,,,,3326.2
2026-07-06T20:19:23Z,,,,,,3316.5
2026-07-06T20:19:23Z,,,,,,3304.8
2026-07-06T20:19:23Z,,,,,,3292.9
2026-07-06T20:19:23Z,,,,,,3281.0
2026-07-06T20:19:23Z,,,,,,3268.5
2026-07-06T20:19:23Z,,,,,,3258.0
2026-07-06T20:19:23Z,,,,,,3248.9
2026-07-06T20:19:23Z,51.556164,-0.071921,5.5,6,1,3239.4
2026-07-06T20:19:23Z,,,,,,3229.3
2026-07-06T20:19:24Z,,,,,,3219.4
2026-07-06T20:19:24Z,,,,,,3210.2
2026-07-06T20:19:24Z,,,,,,3200.7
2026-07-06T20:19:24Z,,,,,,3191.5
2026-07-06T20:19:24Z,,,,,,3182.3
2026-07-06T20:19:24Z,,,,,,3171.8
2026-07-06T20:19:24Z,,,,,,3163.0
2026-07-06T20:19:24Z,,,,,,3157.7
2026-07-06T20:19:24Z,51.556171,-0.071926,5.7,6,1,3152.7
2026-07-06T20:19:24Z,,,,,,3148.6
2026-07-06T20:19:25Z,,,,,,3145.7
2026-07-06T20:19:25Z,,,,,,3144.1
2026-07-06T20:19:25Z,,,,,,3144.9
2026-07-06T20:19:25Z,,,,,,3148.7
2026-07-06T20:19:25Z,,,,,,3154.0
2026-07-06T20:19:25Z,,,,,,3157.7
2026-07-06T20:19:25Z,,,,,,3161.4
2026-07-06T20:19:25Z,,,,,,3166.4
2026-07-06T20:19:25Z,51.556179,-0.071926,6.1,6,1,3172.2
2026-07-06T20:19:25Z,,,,,,3181.0
2026-07-06T20:19:26Z,,,,,,3193.9
2026-07-06T20:19:26Z,,,,,,3211.2
2026-07-06T20:19:26Z,,,,,,3233.4
2026-07-06T20:19:26Z,,,,,,3257.5
2026-07-06T20:19:26Z,,,,,,3283.0
2026-07-06T20:19:26Z,,,,,,3309.0
2026-07-06T20:19:26Z,,,,,,3332.1
2026-07-06T20:19:26Z,,,,,,3349.9
2026-07-06T20:19:26Z,51.556187,-0.071924,6.5,6,1,3364.1
2026-07-06T20:19:26Z,,,,,,3375.8
2026-07-06T20:19:27Z,,,,,,3387.1
2026-07-06T20:19:27Z,,,,,,3395.3
2026-07-06T20:19:27Z,,,,,,3396.9
2026-07-06T20:19:27Z,,,,,,3395.8
2026-07-06T20:19:27Z,,,,,,3393.2
2026-07-06T20:19:27Z,,,,,,3388.8
2026-07-06T20:19:27Z,,,,,,3385.4
2026-07-06T20:19:27Z,,,,,,3384.1
2026-07-06T20:19:27Z,51.556190,-0.071920,7.1,6,1,3378.9
2026-07-06T20:19:27Z,,,,,,3370.6
2026-07-06T20:19:28Z,,,,,,3363.5
2026-07-06T20:19:28Z,,,,,,3357.6
2026-07-06T20:19:28Z,,,,,,3355.7
2026-07-06T20:19:28Z,,,,,,3360.2
2026-07-06T20:19:28Z,,,,,,3367.6
2026-07-06T20:19:28Z,,,,,,3378.8
2026-07-06T20:19:28Z,,,,,,3399.5
2026-07-06T20:19:28Z,,,,,,3424.6
2026-07-06T20:19:28Z,51.556194,-0.071916,7.6,6,1,3442.8
2026-07-06T20:19:28Z,,,,,,3455.7
2026-07-06T20:19:29Z,,,,,,3466.3
2026-07-06T20:19:29Z,,,,,,3474.3
2026-07-06T20:19:29Z,,,,,,3478.7
2026-07-06T20:19:29Z,,,,,,3478.9
2026-07-06T20:19:29Z,,,,,,3476.6
2026-07-06T20:19:29Z,,,,,,3472.7
2026-07-06T20:19:29Z,,,,,,3466.2
2026-07-06T20:19:29Z,,,,,,3456.9
2026-07-06T20:19:29Z,51.556206,-0.071917,8.3,6,1,3445.4
2026-07-06T20:19:29Z,,,,,,3431.4
2026-07-06T20:19:30Z,,,,,,3416.6
2026-07-06T20:19:30Z,,,,,,3401.9
2026-07-06T20:19:30Z,,,,,,3387.0
2026-07-06T20:19:30Z,,,,,,3372.4
2026-07-06T20:19:30Z,,,,,,3360.5
2026-07-06T20:19:30Z,,,,,,3348.4
2026-07-06T20:19:30Z,,,,,,3338.6
2026-07-06T20:19:30Z,,,,,,3335.9
2026-07-06T20:19:30Z,51.556213,-0.071915,8.8,6,1,3339.1
2026-07-06T20:19:30Z,,,,,,3348.3
2026-07-06T20:19:31Z,,,,,,3362.1
2026-07-06T20:19:31Z,,,,,,3378.4
2026-07-06T20:19:31Z,,,,,,3394.9
2026-07-06T20:19:31Z,,,,,,3411.5
2026-07-06T20:19:31Z,,,,,,3426.1
2026-07-06T20:19:31Z,,,,,,3439.6
2026-07-06T20:19:31Z,,,,,,3450.0
2026-07-06T20:19:31Z,,,,,,3451.9
2026-07-06T20:19:31Z,51.556213,-0.071919,9.0,6,1,3450.0
2026-07-06T20:19:31Z,,,,,,3449.2
2026-07-06T20:19:32Z,,,,,,3446.9
2026-07-06T20:19:32Z,,,,,,3441.2
2026-07-06T20:19:32Z,,,,,,3434.0
2026-07-06T20:19:32Z,,,,,,3426.0
2026-07-06T20:19:32Z,,,,,,3415.8
2026-07-06T20:19:32Z,,,,,,3405.8
2026-07-06T20:19:32Z,,,,,,3395.2
2026-07-06T20:19:32Z,,,,,,3382.0
2026-07-06T20:19:32Z,51.556213,-0.071913,9.5,6,1,3368.3
2026-07-06T20:19:32Z,,,,,,3353.9
2026-07-06T20:19:33Z,,,,,,3340.1
2026-07-06T20:19:33Z,,,,,,3328.5
2026-07-06T20:19:33Z,,,,,,3315.8
2026-07-06T20:19:33Z,,,,,,3304.5
2026-07-06T20:19:33Z,,,,,,3296.2
2026-07-06T20:19:33Z,,,,,,3287.2
2026-07-06T20:19:33Z,,,,,,3278.7
2026-07-06T20:19:33Z,,,,,,3276.1
2026-07-06T20:19:33Z,51.556221,-0.071913,10.3,6,1,3274.6
2026-07-06T20:19:33Z,,,,,,3267.9
2026-07-06T20:19:34Z,,,,,,3260.5
2026-07-06T20:19:34Z,,,,,,3254.6
2026-07-06T20:19:34Z,,,,,,3248.4
2026-07-06T20:19:34Z,,,,,,3242.9
2026-07-06T20:19:34Z,,,,,,3238.8
2026-07-06T20:19:34Z,,,,,,3233.9
2026-07-06T20:19:34Z,,,,,,3228.1
2026-07-06T20:19:34Z,,,,,,3225.2
2026-07-06T20:19:34Z,51.556229,-0.071922,11.4,6,1,3225.8
2026-07-06T20:19:34Z,,,,,,3226.4
2026-07-06T20:19:35Z,,,,,,3226.4
2026-07-06T20:19:35Z,,,,,,3230.2
2026-07-06T20:19:35Z,,,,,,3234.1
2026-07-06T20:19:35Z,,,,,,3235.3
2026-07-06T20:19:35Z,,,,,,3240.4
2026-07-06T20:19:35Z,,,,,,3247.9
2026-07-06T20:19:35Z,,,,,,3254.0
2026-07-06T20:19:35Z,,,,,,3261.4
2026-07-06T20:19:35Z,51.556240,-0.071930,12.1,6,1,3265.2
2026-07-06T20:19:35Z,,,,,,3260.2
2026-07-06T20:19:36Z,,,,,,3251.4
2026-07-06T20:19:36Z,,,,,,3244.8
2026-07-06T20:19:36Z,,,,,,3240.0
2026-07-06T20:19:36Z,,,,,,3234.1
2026-07-06T20:19:36Z,,,,,,3232.2
2026-07-06T20:19:36Z,,,,,,3230.7
2026-07-06T20:19:36Z,,,,,,3228.3
2026-07-06T20:19:36Z,,,,,,3225.2
2026-07-06T20:19:36Z,51.556255,-0.071950,12.7,6,1,3220.5
2026-07-06T20:19:36Z,,,,,,3220.1
2026-07-06T20:19:37Z,,,,,,3223.2
2026-07-06T20:19:37Z,,,,,,3229.4
2026-07-06T20:19:37Z,,,,,,3239.9
2026-07-06T20:19:37Z,,,,,,3254.5
2026-07-06T20:19:37Z,,,,,,3270.5
2026-07-06T20:19:37Z,,,,,,3286.6
2026-07-06T20:19:37Z,,,,,,3299.4
2026-07-06T20:19:37Z,,,,,,3312.1
2026-07-06T20:19:37Z,51.556259,-0.071964,13.2,6,1,3327.2
2026-07-06T20:19:37Z,,,,,,3338.9
2026-07-06T20:19:38Z,,,,,,3346.3
2026-07-06T20:19:38Z,,,,,,3352.0
2026-07-06T20:19:38Z,,,,,,3357.2
2026-07-06T20:19:38Z,,,,,,3365.4
2026-07-06T20:19:38Z,,,,,,3381.1
2026-07-06T20:19:38Z,,,,,,3397.1
2026-07-06T20:19:38Z,,,,,,3411.1
2026-07-06T20:19:38Z,,,,,,3425.7
2026-07-06T20:19:38Z,51.556263,-0.071989,13.0,6,1,3440.2
2026-07-06T20:19:38Z,,,,,,3456.4
2026-07-06T20:19:39Z,,,,,,3474.3
2026-07-06T20:19:39Z,,,,,,3488.8
2026-07-06T20:19:39Z,,,,,,3499.4
2026-07-06T20:19:39Z,,,,,,3508.9
2026-07-06T20:19:39Z,,,,,,3516.2
2026-07-06T20:19:39Z,,,,,,3520.9
2026-07-06T20:19:39Z,,,,,,3523.9
2026-07-06T20:19:39Z,,,,,,3524.0
2026-07-06T20:19:39Z,51.556267,-0.072029,10.4,6,1,3522.6
2026-07-06T20:19:39Z,,,,,,3513.9
2026-07-06T20:19:40Z,,,,,,3504.0
2026-07-06T20:19:40Z,,,,,,3500.1
2026-07-06T20:19:40Z,,,,,,3495.7
2026-07-06T20:19:40Z,,,,,,3488.6
2026-07-06T20:19:40Z,,,,,,3478.9
2026-07-06T20:19:40Z,,,,,,3466.0
2026-07-06T20:19:40Z,,,,,,3455.2
2026-07-06T20:19:40Z,,,,,,3449.6
2026-07-06T20:19:40Z,51.556271,-0.072043,11.0,6,1,3445.0
2026-07-06T20:19:40Z,,,,,,3440.2
2026-07-06T20:19:41Z,,,,,,3435.6
2026-07-06T20:19:41Z,,,,,,3427.6
2026-07-06T20:19:41Z,,,,,,3421.8
2026-07-06T20:19:41Z,,,,,,3423.7
2026-07-06T20:19:41Z,,,,,,3426.1
2026-07-06T20:19:41Z,,,,,,3427.4
2026-07-06T20:19:41Z,,,,,,3429.4
2026-07-06T20:19:41Z,,,,,,3429.2
2026-07-06T20:19:41Z,51.556278,-0.072062,11.3,6,1,3427.7
2026-07-06T20:19:41Z,,,,,,3429.0
2026-07-06T20:19:42Z,,,,,,3429.5
2026-07-06T20:19:42Z,,,,,,3426.6
2026-07-06T20:19:42Z,,,,,,3421.1
2026-07-06T20:19:42Z,,,,,,3412.3
2026-07-06T20:19:42Z,,,,,,3406.4
2026-07-06T20:19:42Z,,,,,,3403.8
2026-07-06T20:19:42Z,,,,,,3399.8
2026-07-06T20:19:42Z,,,,,,3394.8
2026-07-06T20:19:42Z,51.556282,-0.072071,12.2,6,1,3390.7
2026-07-06T20:19:42Z,,,,,,3387.0
2026-07-06T20:19:43Z,,,,,,3383.4
2026-07-06T20:19:43Z,,,,,,3384.0
2026-07-06T20:19:43Z,,,,,,3386.0
2026-07-06T20:19:43Z,,,,,,3385.3
2026-07-06T20:19:43Z,,,,,,3383.8
2026-07-06T20:19:43Z,,,,,,3380.4
2026-07-06T20:19:43Z,,,,,,3379.1
2026-07-06T20:19:43Z,,,,,,3381.3
2026-07-06T20:19:43Z,51.556282,-0.072069,13.4,6,1,3383.1
2026-07-06T20:19:43Z,,,,,,3384.5
2026-07-06T20:19:44Z,,,,,,3387.8
2026-07-06T20:19:44Z,,,,,,3392.8
2026-07-06T20:19:44Z,,,,,,3398.6
2026-07-06T20:19:44Z,,,,,,3405.4
2026-07-06T20:19:44Z,,,,,,3412.5
2026-07-06T20:19:44Z,,,,,,3419.2
2026-07-06T20:19:44Z,,,,,,3422.5
2026-07-06T20:19:44Z,,,,,,3423.5
2026-07-06T20:19:44Z,51.556290,-0.072344,-28.2,6,1,3428.0
2026-07-06T20:19:44Z,,,,,,3433.2
2026-07-06T20:19:45Z,,,,,,3432.3
2026-07-06T20:19:45Z,,,,,,3427.2
2026-07-06T20:19:45Z,,,,,,3422.2
2026-07-06T20:19:45Z,,,,,,3417.0
2026-07-06T20:19:45Z,,,,,,3412.4
2026-07-06T20:19:45Z,,,,,,3409.7
2026-07-06T20:19:45Z,,,,,,3406.1
2026-07-06T20:19:45Z,,,,,,3401.4
2026-07-06T20:19:45Z,51.556297,-0.072397,-33.9,6,1,3395.0
2026-07-06T20:19:45Z,,,,,,3388.1
2026-07-06T20:19:46Z,,,,,,3387.5
2026-07-06T20:19:46Z,,,,,,3389.7
2026-07-06T20:19:46Z,,,,,,3387.2
2026-07-06T20:19:46Z,,,,,,3382.5
2026-07-06T20:19:46Z,,,,,,3376.9
2026-07-06T20:19:46Z,,,,,,3371.5
2026-07-06T20:19:46Z,,,,,,3367.6
2026-07-06T20:19:46Z,,,,,,3364.3
2026-07-06T20:19:46Z,51.556309,-0.072431,-36.2,6,1,3361.1
2026-07-06T20:19:46Z,,,,,,3356.1
2026-07-06T20:19:47Z,,,,,,3347.9
2026-07-06T20:19:47Z,,,,,,3340.8
2026-07-06T20:19:47Z,,,,,,3336.8
2026-07-06T20:19:47Z,,,,,,3333.7
2026-07-06T20:19:47Z,,,,,,3329.4
2026-07-06T20:19:47Z,,,,,,3323.6
2026-07-06T20:19:47Z,,,,,,3317.0
2026-07-06T20:19:47Z,,,,,,3310.5
2026-07-06T20:19:47Z,51.556313,-0.072449,-37.4,6,1,3305.8
2026-07-06T20:19:47Z,,,,,,3304.2
2026-07-06T20:19:48Z,,,,,,3302.8
2026-07-06T20:19:48Z,,,,,,3300.2
2026-07-06T20:19:48Z,,,,,,3296.1
2026-07-06T20:19:48Z,,,,,,3291.8
2026-07-06T20:19:48Z,,,,,,3291.2
2026-07-06T20:19:48Z,,,,,,3293.2
2026-07-06T20:19:48Z,,,,,,3294.2
2026-07-06T20:19:48Z,,,,,,3294.5
2026-07-06T20:19:48Z,51.556324,-0.072499,-38.2,6,1,3296.2
2026-07-06T20:19:48Z,,,,,,3296.7
2026-07-06T20:19:49Z,,,,,,3297.5
2026-07-06T20:19:49Z,,,,,,3301.8
2026-07-06T20:19:49Z,,,,,,3306.1
2026-07-06T20:19:49Z,,,,,,3309.6
2026-07-06T20:19:49Z,,,,,,3312.1
2026-07-06T20:19:49Z,,,,,,3315.1
2026-07-06T20:19:49Z,,,,,,3322.3
2026-07-06T20:19:49Z,,,,,,3334.4
2026-07-06T20:19:49Z,51.556335,-0.072533,-38.7,6,1,3350.6
2026-07-06T20:19:49Z,,,,,,3370.5
2026-07-06T20:19:50Z,,,,,,3394.6
2026-07-06T20:19:50Z,,,,,,3421.1
2026-07-06T20:19:50Z,,,,,,3447.9
2026-07-06T20:19:50Z,,,,,,3475.5
2026-07-06T20:19:50Z,,,,,,3502.0
2026-07-06T20:19:50Z,,,,,,3523.4
2026-07-06T20:19:50Z,,,,,,3538.3
2026-07-06T20:19:50Z,,,,,,3550.3
2026-07-06T20:19:50Z,51.556335,-0.072544,-38.7,6,1,3561.2
2026-07-06T20:19:50Z,,,,,,3567.0
2026-07-06T20:19:51Z,,,,,,3569.0
2026-07-06T20:19:51Z,,,,,,3567.7
2026-07-06T20:19:51Z,,,,,,3562.6
2026-07-06T20:19:51Z,,,,,,3555.5
2026-07-06T20:19:51Z,,,,,,3547.4
2026-07-06T20:19:51Z,,,,,,3538.2
2026-07-06T20:19:51Z,,,,,,3527.1
2026-07-06T20:19:51Z,,,,,,3514.1
2026-07-06T20:19:51Z,51.556335,-0.072566,-38.7,6,1,3498.2
2026-07-06T20:19:51Z,,,,,,3482.6
2026-07-06T20:19:52Z,,,,,,3470.7
2026-07-06T20:19:52Z,,,,,,3457.6
2026-07-06T20:19:52Z,,,,,,3442.1
2026-07-06T20:19:52Z,,,,,,3427.4
2026-07-06T20:19:52Z,,,,,,3412.7
2026-07-06T20:19:52Z,,,,,,3398.8
2026-07-06T20:19:52Z,,,,,,3387.7
2026-07-06T20:19:52Z,,,,,,3377.1
2026-07-06T20:19:52Z,51.556339,-0.072573,-38.7,6,1,3365.5
2026-07-06T20:19:52Z,,,,,,3354.0
2026-07-06T20:19:53Z,,,,,,3342.6
2026-07-06T20:19:53Z,,,,,,3333.5
2026-07-06T20:19:53Z,,,,,,3328.4
2026-07-06T20:19:53Z,,,,,,3324.4
2026-07-06T20:19:53Z,,,,,,3317.3
2026-07-06T20:19:53Z,,,,,,3310.0
2026-07-06T20:19:53Z,,,,,,3304.6
2026-07-06T20:19:53Z,,,,,,3299.2
2026-07-06T20:19:53Z,51.556351,-0.072582,-38.9,6,1,3295.6
2026-07-06T20:19:53Z,,,,,,3293.8
2026-07-06T20:19:54Z,,,,,,3290.5
2026-07-06T20:19:54Z,,,,,,3285.7
2026-07-06T20:19:54Z,,,,,,3280.2
2026-07-06T20:19:54Z,,,,,,3275.4
2026-07-06T20:19:54Z,,,,,,3272.6
2026-07-06T20:19:54Z,,,,,,3270.7
2026-07-06T20:19:54Z,,,,,,3267.5
2026-07-06T20:19:54Z,,,,,,3264.0
2026-07-06T20:19:54Z,51.556366,-0.072604,-38.6,6,1,3263.8
2026-07-06T20:19:54Z,,,,,,3266.3
2026-07-06T20:19:55Z,,,,,,3269.5
2026-07-06T20:19:55Z,,,,,,3275.5
2026-07-06T20:19:55Z,,,,,,3282.1
2026-07-06T20:19:55Z,,,,,,3286.4
2026-07-06T20:19:55Z,,,,,,3288.8
2026-07-06T20:19:55Z,,,,,,3291.2
2026-07-06T20:19:55Z,,,,,,3295.6
2026-07-06T20:19:55Z,,,,,,3299.7
2026-07-06T20:19:55Z,51.556366,-0.072612,-38.5,6,1,3304.8
2026-07-06T20:19:55Z,,,,,,3304.2
2026-07-06T20:19:56Z,,,,,,3299.5
2026-07-06T20:19:56Z,,,,,,3294.9
2026-07-06T20:19:56Z,,,,,,3291.8
2026-07-06T20:19:56Z,,,,,,3290.2
2026-07-06T20:19:56Z,,,,,,3289.2
2026-07-06T20:19:56Z,,,,,,3287.0
2026-07-06T20:19:56Z,,,,,,3283.8
2026-07-06T20:19:56Z,,,,,,3282.4
2026-07-06T20:19:56Z,51.556370,-0.072620,-38.4,6,1,3290.6
2026-07-06T20:19:56Z,,,,,,3291.9
2026-07-06T20:19:57Z,,,,,,3291.2
2026-07-06T20:19:57Z,,,,,,3290.3
2026-07-06T20:19:57Z,,,,,,3289.8
2026-07-06T20:19:57Z,,,,,,3288.9
2026-07-06T20:19:57Z,,,,,,3288.0
2026-07-06T20:19:57Z,,,,,,3287.4
2026-07-06T20:19:57Z,,,,,,3286.6
2026-07-06T20:19:57Z,,,,,,3284.3
2026-07-06T20:19:57Z,51.556370,-0.072628,-38.4,6,1,3279.8
2026-07-06T20:19:57Z,,,,,,3274.4
2026-07-06T20:19:58Z,,,,,,3271.8
2026-07-06T20:19:58Z,,,,,,3271.3
2026-07-06T20:19:58Z,,,,,,3269.9
2026-07-06T20:19:58Z,,,,,,3269.3
2026-07-06T20:19:58Z,,,,,,3271.8
2026-07-06T20:19:58Z,,,,,,3275.5
2026-07-06T20:19:58Z,,,,,,3281.5
2026-07-06T20:19:58Z,,,,,,3292.1
2026-07-06T20:19:58Z,51.556370,-0.072637,-38.4,6,1,3312.7
2026-07-06T20:19:58Z,,,,,,3316.0
2026-07-06T20:19:59Z,,,,,,3318.4
2026-07-06T20:19:59Z,,,,,,3319.6
2026-07-06T20:19:59Z,,,,,,3321.3
2026-07-06T20:19:59Z,,,,,,3323.6
2026-07-06T20:19:59Z,,,,,,3325.1
2026-07-06T20:19:59Z,,,,,,3323.2
2026-07-06T20:19:59Z,,,,,,3319.0
2026-07-06T20:19:59Z,,,,,,3313.9
2026-07-06T20:19:59Z,51.556370,-0.072645,-38.3,6,1,3310.7
2026-07-06T20:19:59Z,,,,,,3308.9
2026-07-06T20:20:00Z,,,,,,3302.7
2026-07-06T20:20:00Z,,,,,,3295.8
2026-07-06T20:20:00Z,,,,,,3289.0
2026-07-06T20:20:00Z,,,,,,3282.5
2026-07-06T20:20:00Z,,,,,,3278.0
2026-07-06T20:20:00Z,,,,,,3275.5
2026-07-06T20:20:00Z,,,,,,3274.3
2026-07-06T20:20:00Z,,,,,,3276.1
2026-07-06T20:20:00Z,51.556374,-0.072652,-38.3,6,1,3280.6
2026-07-06T20:20:00Z,,,,,,3287.5
2026-07-06T20:20:01Z,,,,,,3297.4
2026-07-06T20:20:01Z,,,,,,3310.7
2026-07-06T20:20:01Z,,,,,,3325.2
2026-07-06T20:20:01Z,,,,,,3337.9
2026-07-06T20:20:01Z,,,,,,3347.0
2026-07-06T20:20:01Z,,,,,,3353.3
2026-07-06T20:20:01Z,,,,,,3359.1
2026-07-06T20:20:01Z,,,,,,3365.4
2026-07-06T20:20:01Z,51.556381,-0.072661,-38.1,6,1,3373.1
2026-07-06T20:20:01Z,,,,,,3372.9
2026-07-06T20:20:02Z,,,,,,3369.0
2026-07-06T20:20:02Z,,,,,,3364.1
2026-07-06T20:20:02Z,,,,,,3360.9
2026-07-06T20:20:02Z,,,,,,3358.8
2026-07-06T20:20:02Z,,,,,,3355.8
2026-07-06T20:20:02Z,,,,,,3348.6
2026-07-06T20:20:02Z,,,,,,3340.0
2026-07-06T20:20:02Z,,,,,,3331.9
2026-07-06T20:20:02Z,51.556393,-0.072669,-37.7,6,1,3327.2
2026-07-06T20:20:02Z,,,,,,3325.2
2026-07-06T20:20:03Z,,,,,,3319.6
2026-07-06T20:20:03Z,,,,,,3315.6
2026-07-06T20:20:03Z,,,,,,3313.6
2026-07-06T20:20:03Z,,,,,,3312.5
2026-07-06T20:20:03Z,,,,,,3313.3
2026-07-06T20:20:03Z,,,,,,3316.1
2026-07-06T20:20:03Z,,,,,,3319.3
2026-07-06T20:20:03Z,,,,,,3321.9
2026-07-06T20:20:03Z,51.556404,-0.072693,-37.3,6,1,3322.5
2026-07-06T20:20:03Z,,,,,,3323.4
2026-07-06T20:20:04Z,,,,,,3329.5
2026-07-06T20:20:04Z,,,,,,3339.1
2026-07-06T20:20:04Z,,,,,,3347.4
2026-07-06T20:20:04Z,,,,,,3354.3
2026-07-06T20:20:04Z,,,,,,3360.1
2026-07-06T20:20:04Z,,,,,,3365.7
2026-07-06T20:20:04Z,,,,,,3373.1
2026-07-06T20:20:04Z,,,,,,3380.8
2026-07-06T20:20:04Z,51.556419,-0.072714,-36.5,6,1,3385.6
2026-07-06T20:20:04Z,,,,,,3386.8
2026-07-06T20:20:05Z,,,,,,3385.7
2026-07-06T20:20:05Z,,,,,,3384.8
2026-07-06T20:20:05Z,,,,,,3385.2
2026-07-06T20:20:05Z,,,,,,3385.1
2026-07-06T20:20:05Z,,,,,,3382.7
2026-07-06T20:20:05Z,,,,,,3378.3
2026-07-06T20:20:05Z,,,,,,3373.6
2026-07-06T20:20:05Z,,,,,,3368.2
2026-07-06T20:20:05Z,51.556427,-0.072744,-36.2,6,1,3362.1
2026-07-06T20:20:05Z,,,,,,3358.1
2026-07-06T20:20:06Z,,,,,,3354.4
2026-07-06T20:20:06Z,,,,,,3348.5
2026-07-06T20:20:06Z,,,,,,3340.4
2026-07-06T20:20:06Z,,,,,,3332.8
2026-07-06T20:20:06Z,,,,,,3326.8
2026-07-06T20:20:06Z,,,,,,3320.5
2026-07-06T20:20:06Z,,,,,,3312.9
2026-07-06T20:20:06Z,,,,,,3303.9
2026-07-06T20:20:06Z,51.556438,-0.072768,-36.5,6,1,3295.1
2026-07-06T20:20:06Z,,,,,,3287.7
2026-07-06T20:20:07Z,,,,,,3283.0
2026-07-06T20:20:07Z,,,,,,3280.4
2026-07-06T20:20:07Z,,,,,,3278.6
2026-07-06T20:20:07Z,,,,,,3278.6
2026-07-06T20:20:07Z,,,,,,3279.8
2026-07-06T20:20:07Z,,,,,,3283.4
2026-07-06T20:20:07Z,,,,,,3290.5
2026-07-06T20:20:07Z,,,,,,3296.1
2026-07-06T20:20:07Z,51.556450,-0.072788,-36.6,6,1,3299.4
2026-07-06T20:20:07Z,,,,,,3303.3
2026-07-06T20:20:08Z,,,,,,3306.7
2026-07-06T20:20:08Z,,,,,,3308.9
2026-07-06T20:20:08Z,,,,,,3312.6
2026-07-06T20:20:08Z,,,,,,3315.6
2026-07-06T20:20:08Z,,,,,,3315.7
2026-07-06T20:20:08Z,,,,,,3314.3
2026-07-06T20:20:08Z,,,,,,3312.2
2026-07-06T20:20:08Z,,,,,,3311.7
2026-07-06T20:20:08Z,51.556458,-0.072808,-36.6,6,1,3313.5
2026-07-06T20:20:08Z,,,,,,3315.7
2026-07-06T20:20:09Z,,,,,,3317.5
2026-07-06T20:20:09Z,,,,,,3322.7
2026-07-06T20:20:09Z,,,,,,3331.8
2026-07-06T20:20:09Z,,,,,,3342.1
2026-07-06T20:20:09Z,,,,,,3354.4
2026-07-06T20:20:09Z,,,,,,3366.1
2026-07-06T20:20:09Z,,,,,,3373.9
2026-07-06T20:20:09Z,,,,,,3378.7
2026-07-06T20:20:09Z,51.556458,-0.072825,-36.6,6,1,3382.3
2026-07-06T20:20:09Z,,,,,,3386.2
2026-07-06T20:20:10Z,,,,,,3388.7
2026-07-06T20:20:10Z,,,,,,3388.4
2026-07-06T20:20:10Z,,,,,,3385.3
2026-07-06T20:20:10Z,,,,,,3380.4
2026-07-06T20:20:10Z,,,,,,3373.8
2026-07-06T20:20:10Z,,,,,,3367.1
2026-07-06T20:20:10Z,,,,,,3362.1
2026-07-06T20:20:10Z,,,,,,3356.1
2026-07-06T20:20:10Z,51.556458,-0.072843,-36.8,6,1,3347.5
2026-07-06T20:20:10Z,,,,,,3337.3
2026-07-06T20:20:11Z,,,,,,3328.5
2026-07-06T20:20:11Z,,,,,,3322.6
2026-07-06T20:20:11Z,,,,,,3317.9
2026-07-06T20:20:11Z,,,,,,3312.6
2026-07-06T20:20:11Z,,,,,,3306.5
2026-07-06T20:20:11Z,,,,,,3300.2
2026-07-06T20:20:11Z,,,,,,3293.9
2026-07-06T20:20:11Z,,,,,,3289.2
2026-07-06T20:20:11Z,51.556458,-0.072849,-36.9,6,1,3286.9
2026-07-06T20:20:11Z,,,,,,3283.3
2026-07-06T20:20:12Z,,,,,,3278.7
2026-07-06T20:20:12Z,,,,,,3273.1
2026-07-06T20:20:12Z,,,,,,3268.7
2026-07-06T20:20:12Z,,,,,,3269.8
2026-07-06T20:20:12Z,,,,,,3274.9
2026-07-06T20:20:12Z,,,,,,3281.4
2026-07-06T20:20:12Z,,,,,,3290.4
2026-07-06T20:20:12Z,,,,,,3302.8
2026-07-06T20:20:12Z,51.556458,-0.072864,-36.8,6,1,3317.9
2026-07-06T20:20:12Z,,,,,,3335.1
2026-07-06T20:20:13Z,,,,,,3352.9
2026-07-06T20:20:13Z,,,,,,3369.4
2026-07-06T20:20:13Z,,,,,,3382.7
2026-07-06T20:20:13Z,,,,,,3393.0
2026-07-06T20:20:13Z,,,,,,3403.8
2026-07-06T20:20:13Z,,,,,,3413.6
2026-07-06T20:20:13Z,,,,,,3419.9
2026-07-06T20:20:13Z,,,,,,3422.9
2026-07-06T20:20:13Z,51.556450,-0.072893,-37.5,6,1,3422.6
2026-07-06T20:20:13Z,,,,,,3420.6
2026-07-06T20:20:14Z,,,,,,3417.9
2026-07-06T20:20:14Z,,,,,,3415.7
2026-07-06T20:20:14Z,,,,,,3413.2
2026-07-06T20:20:14Z,,,,,,3408.4
2026-07-06T20:20:14Z,,,,,,3400.3
2026-07-06T20:20:14Z,,,,,,3390.9
2026-07-06T20:20:14Z,,,,,,3384.5
2026-07-06T20:20:14Z,,,,,,3382.0
2026-07-06T20:20:14Z,51.556438,-0.072918,-38.3,6,1,3381.5
2026-07-06T20:20:14Z,,,,,,3379.3
2026-07-06T20:20:15Z,,,,,,3375.4
2026-07-06T20:20:15Z,,,,,,3372.6
2026-07-06T20:20:15Z,,,,,,3371.9
2026-07-06T20:20:15Z,,,,,,3373.4
2026-07-06T20:20:15Z,,,,,,3375.9
2026-07-06T20:20:15Z,,,,,,3377.7
2026-07-06T20:20:15Z,,,,,,3378.1
2026-07-06T20:20:15Z,,,,,,3378.0
2026-07-06T20:20:15Z,51.556435,-0.072944,-39.8,6,1,3379.5
2026-07-06T20:20:15Z,,,,,,3380.8
2026-07-06T20:20:16Z,,,,,,3379.5
2026-07-06T20:20:16Z,,,,,,3377.1
2026-07-06T20:20:16Z,,,,,,3373.3
2026-07-06T20:20:16Z,,,,,,3368.7
2026-07-06T20:20:16Z,,,,,,3364.3
2026-07-06T20:20:16Z,,,,,,3360.0
2026-07-06T20:20:16Z,,,,,,3356.5
2026-07-06T20:20:16Z,,,,,,3352.8
2026-07-06T20:20:16Z,51.556435,-0.072953,-41.3,6,1,3348.0
2026-07-06T20:20:16Z,,,,,,3341.4
2026-07-06T20:20:17Z,,,,,,3337.4
2026-07-06T20:20:17Z,,,,,,3335.8
2026-07-06T20:20:17Z,,,,,,3332.0
2026-07-06T20:20:17Z,,,,,,3328.7
2026-07-06T20:20:17Z,,,,,,3327.7
2026-07-06T20:20:17Z,,,,,,3326.4
2026-07-06T20:20:17Z,,,,,,3326.1
2026-07-06T20:20:17Z,,,,,,3328.1
2026-07-06T20:20:17Z,51.556431,-0.072974,-43.1,6,1,3331.8
2026-07-06T20:20:17Z,,,,,,3337.2
2026-07-06T20:20:18Z,,,,,,3343.2
2026-07-06T20:20:18Z,,,,,,3352.6
2026-07-06T20:20:18Z,,,,,,3368.1
2026-07-06T20:20:18Z,,,,,,3387.9
2026-07-06T20:20:18Z,,,,,,3409.8
2026-07-06T20:20:18Z,,,,,,3431.1
2026-07-06T20:20:18Z,,,,,,3451.2
2026-07-06T20:20:18Z,,,,,,3469.7
2026-07-06T20:20:18Z,51.556423,-0.073027,-49.6,6,1,3487.1
2026-07-06T20:20:18Z,,,,,,3504.1
2026-07-06T20:20:19Z,,,,,,3516.6
2026-07-06T20:20:19Z,,,,,,3524.4
2026-07-06T20:20:19Z,,,,,,3528.1
2026-07-06T20:20:19Z,,,,,,3528.9
2026-07-06T20:20:19Z,,,,,,3530.3
2026-07-06T20:20:19Z,,,,,,3532.9
2026-07-06T20:20:19Z,,,,,,3531.0
2026-07-06T20:20:19Z,,,,,,3524.6
2026-07-06T20:20:19Z,51.556423,-0.073056,-52.3,6,1,3517.5
2026-07-06T20:20:19Z,,,,,,3508.9
2026-07-06T20:20:20Z,,,,,,3499.6
2026-07-06T20:20:20Z,,,,,,3492.3
2026-07-06T20:20:20Z,,,,,,3484.7
2026-07-06T20:20:20Z,,,,,,3475.5
2026-07-06T20:20:20Z,,,,,,3467.0
2026-07-06T20:20:20Z,,,,,,3460.1
2026-07-06T20:20:20Z,,,,,,3456.0
2026-07-06T20:20:20Z,,,,,,3457.0
2026-07-06T20:20:20Z,51.556419,-0.073088,-54.9,6,1,3461.2
2026-07-06T20:20:20Z,,,,,,3466.2
2026-07-06T20:20:21Z,,,,,,3472.2
2026-07-06T20:20:21Z,,,,,,3480.9
2026-07-06T20:20:21Z,,,,,,3489.9
2026-07-06T20:20:21Z,,,,,,3497.9
2026-07-06T20:20:21Z,,,,,,3505.0
2026-07-06T20:20:21Z,,,,,,3507.3
2026-07-06T20:20:21Z,,,,,,3505.9
2026-07-06T20:20:21Z,,,,,,3501.7
2026-07-06T20:20:21Z,51.556412,-0.073092,-55.0,6,1,3497.2
2026-07-06T20:20:21Z,,,,,,3494.5
2026-07-06T20:20:22Z,,,,,,3489.9
2026-07-06T20:20:22Z,,,,,,3482.2
2026-07-06T20:20:22Z,,,,,,3473.2
2026-07-06T20:20:22Z,,,,,,3465.1
2026-07-06T20:20:22Z,,,,,,3457.8
2026-07-06T20:20:22Z,,,,,,3452.0
2026-07-06T20:20:22Z,,,,,,3447.6
2026-07-06T20:20:22Z,,,,,,3442.0
2026-07-06T20:20:22Z,51.556412,-0.073120,-57.2,6,1,3435.1
2026-07-06T20:20:22Z,,,,,,3427.5
2026-07-06T20:20:23Z,,,,,,3421.6
2026-07-06T20:20:23Z,,,,,,3418.2
2026-07-06T20:20:23Z,,,,,,3415.2
2026-07-06T20:20:23Z,,,,,,3410.1
2026-07-06T20:20:23Z,,,,,,3402.5
2026-07-06T20:20:23Z,,,,,,3394.8
2026-07-06T20:20:23Z,,,,,,3388.8
2026-07-06T20:20:23Z,,,,,,3384.3
2026-07-06T20:20:23Z,51.556412,-0.073154,-59.1,6,1,3380.6
2026-07-06T20:20:23Z,,,,,,3376.0
2026-07-06T20:20:24Z,,,,,,3369.2
2026-07-06T20:20:24Z,,,,,,3359.5
2026-07-06T20:20:24Z,,,,,,3350.7
2026-07-06T20:20:24Z,,,,,,3345.8
2026-07-06T20:20:24Z,,,,,,3342.6
2026-07-06T20:20:24Z,,,,,,3339.9
2026-07-06T20:20:24Z,,,,,,3337.2
2026-07-06T20:20:24Z,,,,,,3334.2
2026-07-06T20:20:24Z,51.556412,-0.073180,-61.3,6,1,3332.1
2026-07-06T20:20:24Z,,,,,,3332.0
2026-07-06T20:20:25Z,,,,,,3334.1
2026-07-06T20:20:25Z,,,,,,3337.2
2026-07-06T20:20:25Z,,,,,,3338.7
2026-07-06T20:20:25Z,,,,,,3338.0
2026-07-06T20:20:25Z,,,,,,3335.7
2026-07-06T20:20:25Z,,,,,,3335.9
2026-07-06T20:20:25Z,,,,,,3340.2
2026-07-06T20:20:25Z,,,,,,3344.6
2026-07-06T20:20:25Z,51.556416,-0.073233,-63.0,6,1,3348.7
2026-07-06T20:20:25Z,,,,,,3353.0
2026-07-06T20:20:26Z,,,,,,3355.5
2026-07-06T20:20:26Z,,,,,,3357.8
2026-07-06T20:20:26Z,,,,,,3362.7
2026-07-06T20:20:26Z,,,,,,3369.2
2026-07-06T20:20:26Z,,,,,,3376.0
2026-07-06T20:20:26Z,,,,,,3382.8
2026-07-06T20:20:26Z,,,,,,3388.2
2026-07-06T20:20:26Z,,,,,,3391.6
2026-07-06T20:20:26Z,51.556419,-0.073279,-65.1,6,1,3397.0
2026-07-06T20:20:26Z,,,,,,3404.5
2026-07-06T20:20:27Z,,,,,,3409.1
2026-07-06T20:20:27Z,,,,,,3410.9
2026-07-06T20:20:27Z,,,,,,3412.1
2026-07-06T20:20:27Z,,,,,,3411.6
2026-07-06T20:20:27Z,,,,,,3409.1
2026-07-06T20:20:27Z,,,,,,3408.0
2026-07-06T20:20:27Z,,,,,,3409.5
2026-07-06T20:20:27Z,,,,,,3410.5
2026-07-06T20:20:27Z,51.556419,-0.073311,-66.6,6,1,3410.9
2026-07-06T20:20:27Z,,,,,,3412.6
2026-07-06T20:20:28Z,,,,,,3416.3
2026-07-06T20:20:28Z,,,,,,3424.5
2026-07-06T20:20:28Z,,,,,,3435.2
2026-07-06T20:20:28Z,,,,,,3444.1
2026-07-06T20:20:28Z,,,,,,3451.1
2026-07-06T20:20:28Z,,,,,,3457.2
2026-07-06T20:20:28Z,,,,,,3462.5
2026-07-06T20:20:28Z,,,,,,3465.4
2026-07-06T20:20:28Z,51.556419,-0.073327,-67.0,6,1,3468.2
2026-07-06T20:20:28Z,,,,,,3469.8
2026-07-06T20:20:29Z,,,,,,3467.1
2026-07-06T20:20:29Z,,,,,,3462.1
2026-07-06T20:20:29Z,,,,,,3456.3
2026-07-06T20:20:29Z,,,,,,3450.9
2026-07-06T20:20:29Z,,,,,,3445.7
2026-07-06T20:20:29Z,,,,,,3439.9
2026-07-06T20:20:29Z,,,,,,3433.1
2026-07-06T20:20:29Z,,,,,,3425.4
2026-07-06T20:20:29Z,51.556419,-0.073346,-67.8,6,1,3417.6
2026-07-06T20:20:29Z,,,,,,3410.2
2026-07-06T20:20:30Z,,,,,,3402.1
2026-07-06T20:20:30Z,,,,,,3394.4
2026-07-06T20:20:30Z,,,,,,3387.2
2026-07-06T20:20:30Z,,,,,,3378.8
2026-07-06T20:20:30Z,,,,,,3369.3
2026-07-06T20:20:30Z,,,,,,3361.1
2026-07-06T20:20:30Z,,,,,,3354.0
2026-07-06T20:20:30Z,,,,,,3346.1
2026-07-06T20:20:30Z,51.556423,-0.073384,-69.5,6,1,3339.1
2026-07-06T20:20:30Z,,,,,,3331.5
2026-07-06T20:20:31Z,,,,,,3323.2
2026-07-06T20:20:31Z,,,,,,3315.5
2026-07-06T20:20:31Z,,,,,,3308.7
2026-07-06T20:20:31Z,,,,,,3303.2
2026-07-06T20:20:31Z,,,,,,3298.2
2026-07-06T20:20:31Z,,,,,,3292.9
2026-07-06T20:20:31Z,,,,,,3287.4
2026-07-06T20:20:31Z,,,,,,3283.1
2026-07-06T20:20:31Z,51.556431,-0.073417,-69.2,6,1,3282.1
2026-07-06T20:20:31Z,,,,,,3281.3
2026-07-06T20:20:32Z,,,,,,3279.6
2026-07-06T20:20:32Z,,,,,,3277.8
2026-07-06T20:20:32Z,,,,,,3275.8
2026-07-06T20:20:32Z,,,,,,3273.4
2026-07-06T20:20:32Z,,,,,,3271.5
2026-07-06T20:20:32Z,,,,,,3270.4
2026-07-06T20:20:32Z,,,,,,3268.0
2026-07-06T20:20:32Z,,,,,,3264.8
2026-07-06T20:20:32Z,51.556435,-0.073439,-68.0,6,1,3262.0
2026-07-06T20:20:32Z,,,,,,3259.3
2026-07-06T20:20:33Z,,,,,,3258.1
2026-07-06T20:20:33Z,,,,,,3257.7
2026-07-06T20:20:33Z,,,,,,3255.1
2026-07-06T20:20:33Z,,,,,,3251.4
2026-07-06T20:20:33Z,,,,,,3248.4
2026-07-06T20:20:33Z,,,,,,3245.1
2026-07-06T20:20:33Z,,,,,,3241.2
2026-07-06T20:20:33Z,,,,,,3239.3
2026-07-06T20:20:33Z,51.556442,-0.073457,-66.7,6,1,3237.4
2026-07-06T20:20:33Z,,,,,,3235.4
2026-07-06T20:20:34Z,,,,,,3235.4
2026-07-06T20:20:34Z,,,,,,3237.4
2026-07-06T20:20:34Z,,,,,,3242.0
2026-07-06T20:20:34Z,,,,,,3249.2
2026-07-06T20:20:34Z,,,,,,3259.1
2026-07-06T20:20:34Z,,,,,,3269.7
2026-07-06T20:20:34Z,,,,,,3280.7
2026-07-06T20:20:34Z,,,,,,3292.0
2026-07-06T20:20:34Z,51.556450,-0.073484,-68.2,6,1,3302.8
2026-07-06T20:20:34Z,,,,,,3313.0
2026-07-06T20:20:35Z,,,,,,3321.8
2026-07-06T20:20:35Z,,,,,,3328.7
2026-07-06T20:20:35Z,,,,,,3332.7
2026-07-06T20:20:35Z,,,,,,3335.4
2026-07-06T20:20:35Z,,,,,,3337.3
2026-07-06T20:20:35Z,,,,,,3338.8
2026-07-06T20:20:35Z,,,,,,3339.8
2026-07-06T20:20:35Z,,,,,,3339.6
2026-07-06T20:20:35Z,51.556454,-0.073515,-70.0,6,1,3338.0
2026-07-06T20:20:35Z,,,,,,3336.8
2026-07-06T20:20:36Z,,,,,,3338.1
2026-07-06T20:20:36Z,,,,,,3342.4
2026-07-06T20:20:36Z,,,,,,3347.5
2026-07-06T20:20:36Z,,,,,,3351.2
2026-07-06T20:20:36Z,,,,,,3352.8
2026-07-06T20:20:36Z,,,,,,3353.9
2026-07-06T20:20:36Z,,,,,,3357.9
2026-07-06T20:20:36Z,,,,,,3364.5
2026-07-06T20:20:36Z,51.556461,-0.073557,-71.9,6,1,3370.2
2026-07-06T20:20:36Z,,,,,,3375.3
2026-07-06T20:20:37Z,,,,,,3379.6
2026-07-06T20:20:37Z,,,,,,3382.4
2026-07-06T20:20:37Z,,,,,,3384.3
2026-07-06T20:20:37Z,,,,,,3386.9
2026-07-06T20:20:37Z,,,,,,3390.0
2026-07-06T20:20:37Z,,,,,,3391.9
2026-07-06T20:20:37Z,,,,,,3392.5
2026-07-06T20:20:37Z,,,,,,3391.3
2026-07-06T20:20:37Z,51.556465,-0.073589,-74.5,6,1,3389.2
2026-07-06T20:20:37Z,,,,,,3388.8
2026-07-06T20:20:38Z,,,,,,3389.9
2026-07-06T20:20:38Z,,,,,,3389.3
2026-07-06T20:20:38Z,,,,,,3387.1
2026-07-06T20:20:38Z,,,,,,3383.8
2026-07-06T20:20:38Z,,,,,,3378.7
2026-07-06T20:20:38Z,,,,,,3375.7
2026-07-06T20:20:38Z,,,,,,3374.9
2026-07-06T20:20:38Z,,,,,,3374.1
2026-07-06T20:20:38Z,51.556465,-0.073614,-76.7,6,1,3373.3
2026-07-06T20:20:38Z,,,,,,3371.4
2026-07-06T20:20:39Z,,,,,,3368.6
2026-07-06T20:20:39Z,,,,,,3367.6
2026-07-06T20:20:39Z,,,,,,3370.4
2026-07-06T20:20:39Z,,,,,,3375.6
2026-07-06T20:20:39Z,,,,,,3381.0
2026-07-06T20:20:39Z,,,,,,3387.7
2026-07-06T20:20:39Z,,,,,,3396.9
2026-07-06T20:20:39Z,,,,,,3406.9
2026-07-06T20:20:39Z,51.556458,-0.073650,-79.4,6,1,3418.6
2026-07-06T20:20:39Z,,,,,,3433.3
2026-07-06T20:20:40Z,,,,,,3445.8
2026-07-06T20:20:40Z,,,,,,3455.5
2026-07-06T20:20:40Z,,,,,,3462.4
2026-07-06T20:20:40Z,,,,,,3465.7
2026-07-06T20:20:40Z,,,,,,3470.4
2026-07-06T20:20:40Z,,,,,,3475.0
2026-07-06T20:20:40Z,,,,,,3475.3
2026-07-06T20:20:40Z,,,,,,3472.2
2026-07-06T20:20:40Z,51.556458,-0.073688,-80.7,6,1,3468.4
2026-07-06T20:20:40Z,,,,,,3463.2
2026-07-06T20:20:41Z,,,,,,3456.5
2026-07-06T20:20:41Z,,,,,,3451.1
2026-07-06T20:20:41Z,,,,,,3444.0
2026-07-06T20:20:41Z,,,,,,3434.2
2026-07-06T20:20:41Z,,,,,,3424.0
2026-07-06T20:20:41Z,,,,,,3413.0
2026-07-06T20:20:41Z,,,,,,3402.8
2026-07-06T20:20:41Z,,,,,,3395.1
2026-07-06T20:20:41Z,51.556465,-0.073693,-79.0,6,1,3386.5
2026-07-06T20:20:41Z,,,,,,3374.4
2026-07-06T20:20:42Z,,,,,,3363.5
2026-07-06T20:20:42Z,,,,,,3354.2
2026-07-06T20:20:42Z,,,,,,3343.8
2026-07-06T20:20:42Z,,,,,,3334.7
2026-07-06T20:20:42Z,,,,,,3326.2
2026-07-06T20:20:42Z,,,,,,3316.5
2026-07-06T20:20:42Z,,,,,,3307.7
2026-07-06T20:20:42Z,,,,,,3300.2
2026-07-06T20:20:42Z,51.556473,-0.073698,-77.9,6,1,3293.6
2026-07-06T20:20:42Z,,,,,,3287.9
2026-07-06T20:20:43Z,,,,,,3282.1
2026-07-06T20:20:43Z,,,,,,3276.3
2026-07-06T20:20:43Z,,,,,,3272.9
2026-07-06T20:20:43Z,,,,,,3270.1
2026-07-06T20:20:43Z,,,,,,3266.2
2026-07-06T20:20:43Z,,,,,,3263.5
2026-07-06T20:20:43Z,,,,,,3262.4
2026-07-06T20:20:43Z,,,,,,3261.2
2026-07-06T20:20:43Z,51.556473,-0.073695,-77.6,6,1,3259.2
2026-07-06T20:20:43Z,,,,,,3256.4
2026-07-06T20:20:44Z,,,,,,3254.3
2026-07-06T20:20:44Z,,,,,,3253.0
2026-07-06T20:20:44Z,,,,,,3252.5
2026-07-06T20:20:44Z,,,,,,3252.3
2026-07-06T20:20:44Z,,,,,,3249.5
2026-07-06T20:20:44Z,,,,,,3245.0
2026-07-06T20:20:44Z,,,,,,3241.3
2026-07-06T20:20:44Z,,,,,,3238.8
2026-07-06T20:20:44Z,51.556465,-0.073683,-76.6,6,1,3239.4
2026-07-06T20:20:44Z,,,,,,3242.9
2026-07-06T20:20:45Z,,,,,,3248.8
2026-07-06T20:20:45Z,,,,,,3256.4
2026-07-06T20:20:45Z,,,,,,3268.2
2026-07-06T20:20:45Z,,,,,,3285.4
2026-07-06T20:20:45Z,,,,,,3304.2
2026-07-06T20:20:45Z,,,,,,3321.4
2026-07-06T20:20:45Z,,,,,,3338.2
2026-07-06T20:20:45Z,,,,,,3354.6
2026-07-06T20:20:45Z,51.556469,-0.073684,-76.0,6,1,3369.3
2026-07-06T20:20:45Z,,,,,,3383.4
2026-07-06T20:20:46Z,,,,,,3394.4
2026-07-06T20:20:46Z,,,,,,3401.1
2026-07-06T20:20:46Z,,,,,,3404.9
2026-07-06T20:20:46Z,,,,,,3406.9
2026-07-06T20:20:46Z,,,,,,3407.6
2026-07-06T20:20:46Z,,,,,,3408.4
2026-07-06T20:20:46Z,,,,,,3407.8
2026-07-06T20:20:46Z,,,,,,3403.2
2026-07-06T20:20:46Z,51.556477,-0.073709,-77.6,6,1,3397.0
2026-07-06T20:20:46Z,,,,,,3391.8
2026-07-06T20:20:47Z,,,,,,3387.2
2026-07-06T20:20:47Z,,,,,,3385.2
2026-07-06T20:20:47Z,,,,,,3387.5
2026-07-06T20:20:47Z,,,,,,3390.0
2026-07-06T20:20:47Z,,,,,,3393.3
2026-07-06T20:20:47Z,,,,,,3400.7
2026-07-06T20:20:47Z,,,,,,3408.9
2026-07-06T20:20:47Z,,,,,,3416.7
2026-07-06T20:20:47Z,51.556488,-0.073709,-77.3,6,1,3424.4
2026-07-06T20:20:47Z,,,,,,3430.8
2026-07-06T20:20:48Z,,,,,,3433.4
2026-07-06T20:20:48Z,,,,,,3434.0
2026-07-06T20:20:48Z,,,,,,3435.3
2026-07-06T20:20:48Z,,,,,,3435.9
2026-07-06T20:20:48Z,,,,,,3435.9
2026-07-06T20:20:48Z,,,,,,3433.8
2026-07-06T20:20:48Z,,,,,,3428.4
2026-07-06T20:20:48Z,,,,,,3421.0
2026-07-06T20:20:48Z,51.556496,-0.073706,-76.6,6,1,3414.9
2026-07-06T20:20:48Z,,,,,,3411.5
2026-07-06T20:20:49Z,,,,,,3408.1
2026-07-06T20:20:49Z,,,,,,3404.0
2026-07-06T20:20:49Z,,,,,,3399.5
2026-07-06T20:20:49Z,,,,,,3396.4
2026-07-06T20:20:49Z,,,,,,3395.7
2026-07-06T20:20:49Z,,,,,,3395.4
2026-07-06T20:20:49Z,,,,,,3396.2
2026-07-06T20:20:49Z,,,,,,3395.7
2026-07-06T20:20:49Z,51.556507,-0.073705,-75.2,6,1,3392.7
2026-07-06T20:20:49Z,,,,,,3388.6
2026-07-06T20:20:50Z,,,,,,3384.0
2026-07-06T20:20:50Z,,,,,,3380.7
2026-07-06T20:20:50Z,,,,,,3377.4
2026-07-06T20:20:50Z,,,,,,3372.4
2026-07-06T20:20:50Z,,,,,,3365.3
2026-07-06T20:20:50Z,,,,,,3358.9
2026-07-06T20:20:50Z,,,,,,3351.5
2026-07-06T20:20:50Z,,,,,,3342.9
2026-07-06T20:20:50Z,51.556511,-0.073710,-74.8,6,1,3336.0
2026-07-06T20:20:50Z,,,,,,3328.9
2026-07-06T20:20:51Z,,,,,,3320.8
2026-07-06T20:20:51Z,,,,,,3312.8
2026-07-06T20:20:51Z,,,,,,3303.9
2026-07-06T20:20:51Z,,,,,,3295.5
2026-07-06T20:20:51Z,,,,,,3288.8
2026-07-06T20:20:51Z,,,,,,3282.0
2026-07-06T20:20:51Z,,,,,,3274.6
2026-07-06T20:20:51Z,,,,,,3268.2
2026-07-06T20:20:51Z,51.556519,-0.073716,-74.3,6,1,3263.5
2026-07-06T20:20:51Z,,,,,,3258.4
2026-07-06T20:20:52Z,,,,,,3255.5
2026-07-06T20:20:52Z,,,,,,3257.5
2026-07-06T20:20:52Z,,,,,,3262.2
2026-07-06T20:20:52Z,,,,,,3269.9
2026-07-06T20:20:52Z,,,,,,3283.8
2026-07-06T20:20:52Z,,,,,,3304.4
2026-07-06T20:20:52Z,,,,,,3329.7
2026-07-06T20:20:52Z,,,,,,3358.3
2026-07-06T20:20:52Z,51.556534,-0.073753,-76.1,6,1,3389.8
2026-07-06T20:20:52Z,,,,,,3424.5
2026-07-06T20:20:53Z,,,,,,3459.8
2026-07-06T20:20:53Z,,,,,,3493.1
2026-07-06T20:20:53Z,,,,,,3522.2
2026-07-06T20:20:53Z,,,,,,3547.7
2026-07-06T20:20:53Z,,,,,,3571.0
2026-07-06T20:20:53Z,,,,,,3588.6
2026-07-06T20:20:53Z,,,,,,3599.8
2026-07-06T20:20:53Z,,,,,,3610.6
2026-07-06T20:20:53Z,51.556541,-0.073770,-76.6,6,1,3619.3
2026-07-06T20:20:53Z,,,,,,3620.6
2026-07-06T20:20:54Z,,,,,,3617.5
2026-07-06T20:20:54Z,,,,,,3614.2
2026-07-06T20:20:54Z,,,,,,3610.9
2026-07-06T20:20:54Z,,,,,,3605.5
2026-07-06T20:20:54Z,,,,,,3598.0
2026-07-06T20:20:54Z,,,,,,3589.0
2026-07-06T20:20:54Z,,,,,,3577.6
2026-07-06T20:20:54Z,,,,,,3565.3
2026-07-06T20:20:54Z,51.556549,-0.073787,-77.6,6,1,3553.6
2026-07-06T20:20:54Z,,,,,,3543.2
2026-07-06T20:20:55Z,,,,,,3535.0
2026-07-06T20:20:55Z,,,,,,3525.6
2026-07-06T20:20:55Z,,,,,,3514.1
2026-07-06T20:20:55Z,,,,,,3503.6
2026-07-06T20:20:55Z,,,,,,3496.4
2026-07-06T20:20:55Z,,,,,,3492.0
2026-07-06T20:20:55Z,,,,,,3488.4
2026-07-06T20:20:55Z,,,,,,3486.1
2026-07-06T20:20:55Z,51.556557,-0.073799,-78.1,6,1,3482.8
2026-07-06T20:20:55Z,,,,,,3478.6
2026-07-06T20:20:56Z,,,,,,3474.8
2026-07-06T20:20:56Z,,,,,,3470.4
2026-07-06T20:20:56Z,,,,,,3467.1
2026-07-06T20:20:56Z,,,,,,3464.1
2026-07-06T20:20:56Z,,,,,,3458.1
2026-07-06T20:20:56Z,,,,,,3450.5
2026-07-06T20:20:56Z,,,,,,3444.4
2026-07-06T20:20:56Z,,,,,,3439.9
2026-07-06T20:20:56Z,51.556557,-0.073800,-77.6,6,1,3434.6
2026-07-06T20:20:56Z,,,,,,3429.8
2026-07-06T20:20:57Z,,,,,,3424.0
2026-07-06T20:20:57Z,,,,,,3415.1
2026-07-06T20:20:57Z,,,,,,3405.8
2026-07-06T20:20:57Z,,,,,,3398.5
2026-07-06T20:20:57Z,,,,,,3393.2
2026-07-06T20:20:57Z,,,,,,3387.4
2026-07-06T20:20:57Z,,,,,,3380.2
2026-07-06T20:20:57Z,,,,,,3371.3
2026-07-06T20:20:57Z,51.556561,-0.073799,-77.1,6,1,3364.1
2026-07-06T20:20:57Z,,,,,,3358.4
2026-07-06T20:20:58Z,,,,,,3352.3
2026-07-06T20:20:58Z,,,,,,3348.6
2026-07-06T20:20:58Z,,,,,,3346.7
2026-07-06T20:20:58Z,,,,,,3344.3
2026-07-06T20:20:58Z,,,,,,3341.1
2026-07-06T20:20:58Z,,,,,,3339.0
2026-07-06T20:20:58Z,,,,,,3339.5
2026-07-06T20:20:58Z,,,,,,3340.5
2026-07-06T20:20:58Z,51.556561,-0.073795,-76.3,6,1,3340.6
2026-07-06T20:20:58Z,,,,,,3338.9
2026-07-06T20:20:59Z,,,,,,3336.7
2026-07-06T20:20:59Z,,,,,,3334.0
2026-07-06T20:20:59Z,,,,,,3330.8
2026-07-06T20:20:59Z,,,,,,3329.5
2026-07-06T20:20:59Z,,,,,,3327.8
2026-07-06T20:20:59Z,,,,,,3324.3
2026-07-06T20:20:59Z,,,,,,3320.2
2026-07-06T20:20:59Z,,,,,,3315.7
2026-07-06T20:20:59Z,51.556561,-0.073795,-74.9,6,1,3312.5
2026-07-06T20:20:59Z,,,,,,3311.3
2026-07-06T20:21:00Z,,,,,,3309.6
2026-07-06T20:21:00Z,,,,,,3307.9
2026-07-06T20:21:00Z,,,,,,3309.0
2026-07-06T20:21:00Z,,,,,,3312.7
2026-07-06T20:21:00Z,,,,,,3316.6
2026-07-06T20:21:00Z,,,,,,3321.9
2026-07-06T20:21:00Z,,,,,,3328.7
2026-07-06T20:21:00Z,,,,,,3333.2
2026-07-06T20:21:00Z,51.556561,-0.073796,-74.3,6,1,3336.0
2026-07-06T20:21:00Z,,,,,,3337.3
2026-07-06T20:21:01Z,,,,,,3338.3
2026-07-06T20:21:01Z,,,,,,3340.0
2026-07-06T20:21:01Z,,,,,,3340.2
2026-07-06T20:21:01Z,,,,,,3338.7
2026-07-06T20:21:01Z,,,,,,3336.8
2026-07-06T20:21:01Z,,,,,,3337.1
2026-07-06T20:21:01Z,,,,,,3338.7
2026-07-06T20:21:01Z,,,,,,3341.8
2026-07-06T20:21:01Z,51.556561,-0.073797,-74.0,6,1,3348.3
2026-07-06T20:21:01Z,,,,,,3355.7
2026-07-06T20:21:02Z,,,,,,3361.7
2026-07-06T20:21:02Z,,,,,,3366.9
2026-07-06T20:21:02Z,,,,,,3372.8
2026-07-06T20:21:02Z,,,,,,3379.0
2026-07-06T20:21:02Z,,,,,,3381.8
2026-07-06T20:21:02Z,,,,,,3383.2
2026-07-06T20:21:02Z,,,,,,3384.5
2026-07-06T20:21:02Z,,,,,,3386.1
2026-07-06T20:21:02Z,51.556568,-0.073804,-73.0,6,1,3388.0
2026-07-06T20:21:02Z,,,,,,3388.5
2026-07-06T20:21:03Z,,,,,,3388.2
2026-07-06T20:21:03Z,,,,,,3387.4
2026-07-06T20:21:03Z,,,,,,3385.8
2026-07-06T20:21:03Z,,,,,,3382.5
2026-07-06T20:21:03Z,,,,,,3379.2
2026-07-06T20:21:03Z,,,,,,3376.9
2026-07-06T20:21:03Z,,,,,,3373.1
2026-07-06T20:21:03Z,,,,,,3367.0
2026-07-06T20:21:03Z,51.556580,-0.073811,-72.2,6,1,3361.3
2026-07-06T20:21:03Z,,,,,,3356.7
2026-07-06T20:21:04Z,,,,,,3352.2
2026-07-06T20:21:04Z,,,,,,3346.8
2026-07-06T20:21:04Z,,,,,,3341.8
2026-07-06T20:21:04Z,,,,,,3337.1
2026-07-06T20:21:04Z,,,,,,3331.5
2026-07-06T20:21:04Z,,,,,,3326.5
2026-07-06T20:21:04Z,,,,,,3321.3
2026-07-06T20:21:04Z,,,,,,3317.1
2026-07-06T20:21:04Z,51.556580,-0.073820,-71.6,6,1,3314.8
2026-07-06T20:21:04Z,,,,,,3310.4
2026-07-06T20:21:05Z,,,,,,3305.2
2026-07-06T20:21:05Z,,,,,,3300.7
2026-07-06T20:21:05Z,,,,,,3296.9
2026-07-06T20:21:05Z,,,,,,3292.7
2026-07-06T20:21:05Z,,,,,,3289.0
2026-07-06T20:21:05Z,,,,,,3285.7
2026-07-06T20:21:05Z,,,,,,3280.9
2026-07-06T20:21:05Z,,,,,,3277.0
2026-07-06T20:21:05Z,51.556580,-0.073825,-71.4,6,1,3274.7
2026-07-06T20:21:05Z,,,,,,3274.4
2026-07-06T20:21:06Z,,,,,,3277.4
2026-07-06T20:21:06Z,,,,,,3282.1
2026-07-06T20:21:06Z,,,,,,3287.3
2026-07-06T20:21:06Z,,,,,,3293.9
2026-07-06T20:21:06Z,,,,,,3302.8
2026-07-06T20:21:06Z,,,,,,3312.3
2026-07-06T20:21:06Z,,,,,,3320.2
2026-07-06T20:21:06Z,,,,,,3327.4
2026-07-06T20:21:06Z,51.556583,-0.073840,-70.9,6,1,3334.1
2026-07-06T20:21:06Z,,,,,,3338.1
2026-07-06T20:21:07Z,,,,,,3339.4
2026-07-06T20:21:07Z,,,,,,3340.7
2026-07-06T20:21:07Z,,,,,,3342.1
2026-07-06T20:21:07Z,,,,,,3342.6
2026-07-06T20:21:07Z,,,,,,3341.3
2026-07-06T20:21:07Z,,,,,,3338.3
2026-07-06T20:21:07Z,,,,,,3335.1
2026-07-06T20:21:07Z,,,,,,3332.3
2026-07-06T20:21:07Z,51.556587,-0.073854,-71.2,6,1,3329.5
2026-07-06T20:21:07Z,,,,,,3328.2
2026-07-06T20:21:08Z,,,,,,3329.0
2026-07-06T20:21:08Z,,,,,,3329.1
2026-07-06T20:21:08Z,,,,,,3328.8
2026-07-06T20:21:08Z,,,,,,3328.6
2026-07-06T20:21:08Z,,,,,,3330.6
2026-07-06T20:21:08Z,,,,,,3334.0
2026-07-06T20:21:08Z,,,,,,3335.7
2026-07-06T20:21:08Z,,,,,,3336.3
2026-07-06T20:21:08Z,51.556595,-0.073917,-73.1,6,1,3337.0
2026-07-06T20:21:08Z,,,,,,3338.1
2026-07-06T20:21:09Z,,,,,,3339.1
2026-07-06T20:21:09Z,,,,,,3340.6
2026-07-06T20:21:09Z,,,,,,3342.9
2026-07-06T20:21:09Z,,,,,,3344.2
2026-07-06T20:21:09Z,,,,,,3343.5
2026-07-06T20:21:09Z,,,,,,3342.5
2026-07-06T20:21:09Z,,,,,,3344.2
2026-07-06T20:21:09Z,,,,,,3347.8
2026-07-06T20:21:09Z,51.556599,-0.073945,-74.7,6,1,3350.3
2026-07-06T20:21:09Z,,,,,,3351.5
2026-07-06T20:21:10Z,,,,,,3351.7
2026-07-06T20:21:10Z,,,,,,3351.1
2026-07-06T20:21:10Z,,,,,,3350.6
2026-07-06T20:21:10Z,,,,,,3350.9
2026-07-06T20:21:10Z,,,,,,3350.7
2026-07-06T20:21:10Z,,,,,,3348.7
2026-07-06T20:21:10Z,,,,,,3345.8
2026-07-06T20:21:10Z,,,,,,3342.9
2026-07-06T20:21:10Z,51.556610,-0.073994,-76.0,6,1,3342.3
2026-07-06T20:21:10Z,,,,,,3344.7
2026-07-06T20:21:11Z,,,,,,3346.7
2026-07-06T20:21:11Z,,,,,,3347.7
2026-07-06T20:21:11Z,,,,,,3349.4
2026-07-06T20:21:11Z,,,,,,3353.3
2026-07-06T20:21:11Z,,,,,,3359.2
2026-07-06T20:21:11Z,,,,,,3366.9
2026-07-06T20:21:11Z,,,,,,3375.3
2026-07-06T20:21:11Z,,,,,,3381.9
2026-07-06T20:21:11Z,51.556618,-0.074020,-76.8,6,1,3387.4
2026-07-06T20:21:11Z,,,,,,3391.9
2026-07-06T20:21:12Z,,,,,,3395.5
2026-07-06T20:21:12Z,,,,,,3400.5
2026-07-06T20:21:12Z,,,,,,3403.9
2026-07-06T20:21:12Z,,,,,,3402.9
2026-07-06T20:21:12Z,,,,,,3400.5
2026-07-06T20:21:12Z,,,,,,3399.5
2026-07-06T20:21:12Z,,,,,,3397.3
2026-07-06T20:21:12Z,,,,,,3393.8
2026-07-06T20:21:12Z,51.556629,-0.074049,-77.5,6,1,3390.5
2026-07-06T20:21:12Z,,,,,,3385.3
2026-07-06T20:21:13Z,,,,,,3378.7
2026-07-06T20:21:13Z,,,,,,3371.9
2026-07-06T20:21:13Z,,,,,,3366.1
2026-07-06T20:21:13Z,,,,,,3361.8
2026-07-06T20:21:13Z,,,,,,3358.0
2026-07-06T20:21:13Z,,,,,,3353.4
2026-07-06T20:21:13Z,,,,,,3348.5
2026-07-06T20:21:13Z,,,,,,3344.9
2026-07-06T20:21:13Z,51.556644,-0.074069,-76.2,6,1,3342.3
2026-07-06T20:21:13Z,,,,,,3339.7
2026-07-06T20:21:14Z,,,,,,3336.9
2026-07-06T20:21:14Z,,,,,,3333.4
2026-07-06T20:21:14Z,,,,,,3330.1
2026-07-06T20:21:14Z,,,,,,3327.2
2026-07-06T20:21:14Z,,,,,,3325.7
2026-07-06T20:21:14Z,,,,,,3325.2
2026-07-06T20:21:14Z,,,,,,3324.1
2026-07-06T20:21:14Z,,,,,,3323.5
2026-07-06T20:21:14Z,51.556660,-0.074086,-76.1,6,1,3324.0
2026-07-06T20:21:14Z,,,,,,3324.8
2026-07-06T20:21:15Z,,,,,,3325.6
2026-07-06T20:21:15Z,,,,,,3327.3
2026-07-06T20:21:15Z,,,,,,3328.2
2026-07-06T20:21:15Z,,,,,,3327.8
2026-07-06T20:21:15Z,,,,,,3326.7
2026-07-06T20:21:15Z,,,,,,3326.4
2026-07-06T20:21:15Z,,,,,,3327.8
2026-07-06T20:21:15Z,,,,,,3329.7
2026-07-06T20:21:15Z,51.556667,-0.074087,-72.7,6,1,3329.6
2026-07-06T20:21:15Z,,,,,,3328.2
2026-07-06T20:21:16Z,,,,,,3327.7
2026-07-06T20:21:16Z,,,,,,3327.2
2026-07-06T20:21:16Z,,,,,,3326.3
2026-07-06T20:21:16Z,,,,,,3326.2
2026-07-06T20:21:16Z,,,,,,3325.4
2026-07-06T20:21:16Z,,,,,,3323.2
2026-07-06T20:21:16Z,,,,,,3320.6
2026-07-06T20:21:16Z,,,,,,3318.8
2026-07-06T20:21:16Z,51.556671,-0.074082,-70.3,6,1,3318.4
2026-07-06T20:21:16Z,,,,,,3317.6
2026-07-06T20:21:17Z,,,,,,3315.1
2026-07-06T20:21:17Z,,,,,,3312.2
2026-07-06T20:21:17Z,,,,,,3310.0
2026-07-06T20:21:17Z,,,,,,3307.6
2026-07-06T20:21:17Z,,,,,,3305.2
2026-07-06T20:21:17Z,,,,,,3303.3
2026-07-06T20:21:17Z,,,,,,3300.4
2026-07-06T20:21:17Z,,,,,,3296.0
2026-07-06T20:21:17Z,51.556683,-0.074092,-68.0,6,1,3291.9
2026-07-06T20:21:17Z,,,,,,3288.1
2026-07-06T20:21:18Z,,,,,,3284.7
2026-07-06T20:21:18Z,,,,,,3281.3
2026-07-06T20:21:18Z,,,,,,3277.5
2026-07-06T20:21:18Z,,,,,,3273.6
2026-07-06T20:21:18Z,,,,,,3270.7
2026-07-06T20:21:18Z,,,,,,3268.8
2026-07-06T20:21:18Z,,,,,,3267.2
2026-07-06T20:21:18Z,,,,,,3266.8
2026-07-06T20:21:18Z,51.556705,-0.074099,-64.9,6,1,3267.3
2026-07-06T20:21:18Z,,,,,,3269.2
2026-07-06T20:21:19Z,,,,,,3273.0
2026-07-06T20:21:19Z,,,,,,3280.7
2026-07-06T20:21:19Z,,,,,,3293.0
2026-07-06T20:21:19Z,,,,,,3307.7
2026-07-06T20:21:19Z,,,,,,3323.1
2026-07-06T20:21:19Z,,,,,,3339.1
2026-07-06T20:21:19Z,,,,,,3356.2
2026-07-06T20:21:19Z,,,,,,3371.1
2026-07-06T20:21:19Z,51.556725,-0.074100,-61.5,6,1,3384.2
2026-07-06T20:21:19Z,,,,,,3396.4
2026-07-06T20:21:20Z,,,,,,3404.6
2026-07-06T20:21:20Z,,,,,,3410.6
2026-07-06T20:21:20Z,,,,,,3414.9
2026-07-06T20:21:20Z,,,,,,3417.4
2026-07-06T20:21:20Z,,,,,,3420.5
2026-07-06T20:21:20Z,,,,,,3424.4
2026-07-06T20:21:20Z,,,,,,3426.3
2026-07-06T20:21:20Z,,,,,,3428.8
2026-07-06T20:21:20Z,51.556744,-0.074098,-58.5,6,1,3433.8
2026-07-06T20:21:20Z,,,,,,3438.8
2026-07-06T20:21:21Z,,,,,,3442.9
2026-07-06T20:21:21Z,,,,,,3446.9
2026-07-06T20:21:21Z,,,,,,3450.8
2026-07-06T20:21:21Z,,,,,,3453.2
2026-07-06T20:21:21Z,,,,,,3452.1
2026-07-06T20:21:21Z,,,,,,3450.1
2026-07-06T20:21:21Z,,,,,,3449.1
2026-07-06T20:21:21Z,,,,,,3448.8
2026-07-06T20:21:21Z,51.556759,-0.074092,-56.1,6,1,3449.4
2026-07-06T20:21:21Z,,,,,,3451.2
2026-07-06T20:21:22Z,,,,,,3454.8
2026-07-06T20:21:22Z,,,,,,3459.2
2026-07-06T20:21:22Z,,,,,,3462.8
2026-07-06T20:21:22Z,,,,,,3465.6
2026-07-06T20:21:22Z,,,,,,3468.6
2026-07-06T20:21:22Z,,,,,,3469.3
2026-07-06T20:21:22Z,,,,,,3467.6
2026-07-06T20:21:22Z,,,,,,3464.1
2026-07-06T20:21:22Z,51.556782,-0.074083,-52.8,6,1,3460.0
2026-07-06T20:21:22Z,,,,,,3455.7
2026-07-06T20:21:23Z,,,,,,3451.3
2026-07-06T20:21:23Z,,,,,,3445.3
2026-07-06T20:21:23Z,,,,,,3437.1
2026-07-06T20:21:23Z,,,,,,3429.6
2026-07-06T20:21:23Z,,,,,,3422.1
2026-07-06T20:21:23Z,,,,,,3414.3
2026-07-06T20:21:23Z,,,,,,3406.7
2026-07-06T20:21:23Z,,,,,,3397.9
2026-07-06T20:21:23Z,51.556786,-0.074076,-51.3,6,1,3387.8
2026-07-06T20:21:23Z,,,,,,3378.3
2026-07-06T20:21:24Z,,,,,,3370.2
2026-07-06T20:21:24Z,,,,,,3363.1
2026-07-06T20:21:24Z,,,,,,3356.9
2026-07-06T20:21:24Z,,,,,,3351.5
2026-07-06T20:21:24Z,,,,,,3346.4
2026-07-06T20:21:24Z,,,,,,3341.6
2026-07-06T20:21:24Z,,,,,,3336.8
2026-07-06T20:21:24Z,,,,,,3331.6
2026-07-06T20:21:24Z,51.556789,-0.074065,-50.6,6,1,3327.5
2026-07-06T20:21:24Z,,,,,,3324.0
2026-07-06T20:21:25Z,,,,,,3319.5
2026-07-06T20:21:25Z,,,,,,3314.2
2026-07-06T20:21:25Z,,,,,,3309.4
2026-07-06T20:21:25Z,,,,,,3306.7
2026-07-06T20:21:25Z,,,,,,3303.9
2026-07-06T20:21:25Z,,,,,,3300.9
2026-07-06T20:21:25Z,,,,,,3299.6
2026-07-06T20:21:25Z,,,,,,3298.7
2026-07-06T20:21:25Z,51.556789,-0.074037,-49.3,6,1,3297.5
2026-07-06T20:21:25Z,,,,,,3296.2
2026-07-06T20:21:26Z,,,,,,3295.1
2026-07-06T20:21:26Z,,,,,,3293.8
2026-07-06T20:21:26Z,,,,,,3291.9
2026-07-06T20:21:26Z,,,,,,3289.2
2026-07-06T20:21:26Z,,,,,,3286.6
2026-07-06T20:21:26Z,,,,,,3285.0
2026-07-06T20:21:26Z,,,,,,3283.1
2026-07-06T20:21:26Z,,,,,,3279.7
2026-07-06T20:21:26Z,51.556789,-0.074017,-48.6,6,1,3276.3
2026-07-06T20:21:26Z,,,,,,3274.1
2026-07-06T20:21:27Z,,,,,,3271.8
2026-07-06T20:21:27Z,,,,,,3270.0
2026-07-06T20:21:27Z,,,,,,3268.8
2026-07-06T20:21:27Z,,,,,,3268.2
2026-07-06T20:21:27Z,,,,,,3268.6
2026-07-06T20:21:27Z,,,,,,3269.6
2026-07-06T20:21:27Z,,,,,,3270.5
2026-07-06T20:21:27Z,,,,,,3272.3
2026-07-06T20:21:27Z,51.556793,-0.073993,-46.0,6,1,3275.8
2026-07-06T20:21:27Z,,,,,,3277.5
2026-07-06T20:21:28Z,,,,,,3276.7
2026-07-06T20:21:28Z,,,,,,3277.1
2026-07-06T20:21:28Z,,,,,,3278.0
2026-07-06T20:21:28Z,,,,,,3277.9
2026-07-06T20:21:28Z,,,,,,3277.9
2026-07-06T20:21:28Z,,,,,,3277.7
2026-07-06T20:21:28Z,,,,,,3276.3
2026-07-06T20:21:28Z,,,,,,3274.5
2026-07-06T20:21:28Z,51.556797,-0.073968,-43.6,6,1,3272.7
2026-07-06T20:21:28Z,,,,,,3271.0
2026-07-06T20:21:29Z,,,,,,3269.7
2026-07-06T20:21:29Z,,,,,,3268.4
2026-07-06T20:21:29Z,,,,,,3266.5
2026-07-06T20:21:29Z,,,,,,3265.8
2026-07-06T20:21:29Z,,,,,,3267.1
2026-07-06T20:21:29Z,,,,,,3268.5
2026-07-06T20:21:29Z,,,,,,3270.1
2026-07-06T20:21:29Z,,,,,,3272.0
2026-07-06T20:21:29Z,51.556793,-0.073934,-43.2,6,1,3273.9
2026-07-06T20:21:29Z,,,,,,3275.1
2026-07-06T20:21:30Z,,,,,,3275.9
2026-07-06T20:21:30Z,,,,,,3277.8
2026-07-06T20:21:30Z,,,,,,3280.8
2026-07-06T20:21:30Z,,,,,,3284.8
2026-07-06T20:21:30Z,,,,,,3288.7
2026-07-06T20:21:30Z,,,,,,3292.5
2026-07-06T20:21:30Z,,,,,,3297.9
2026-07-06T20:21:30Z,,,,,,3304.4
2026-07-06T20:21:30Z,51.556793,-0.073919,-41.1,6,1,3311.8
2026-07-06T20:21:30Z,,,,,,3319.8
2026-07-06T20:21:31Z,,,,,,3326.5
2026-07-06T20:21:31Z,,,,,,3331.2
2026-07-06T20:21:31Z,,,,,,3335.9
2026-07-06T20:21:31Z,,,,,,3340.3
2026-07-06T20:21:31Z,,,,,,3343.8
2026-07-06T20:21:31Z,,,,,,3345.5
2026-07-06T20:21:31Z,,,,,,3344.6
2026-07-06T20:21:31Z,,,,,,3342.8
2026-07-06T20:21:31Z,51.556789,-0.073886,-38.1,6,1,3341.2
2026-07-06T20:21:31Z,,,,,,3339.3
2026-07-06T20:21:32Z,,,,,,3336.9
2026-07-06T20:21:32Z,,,,,,3333.9
2026-07-06T20:21:32Z,,,,,,3330.3
2026-07-06T20:21:32Z,,,,,,3325.6
2026-07-06T20:21:32Z,,,,,,3320.4
2026-07-06T20:21:32Z,,,,,,3315.0
2026-07-06T20:21:32Z,,,,,,3310.9
2026-07-06T20:21:32Z,,,,,,3307.5
2026-07-06T20:21:32Z,51.556789,-0.073865,-36.8,6,1,3302.5
2026-07-06T20:21:32Z,,,,,,3297.0
2026-07-06T20:21:33Z,,,,,,3292.4
2026-07-06T20:21:33Z,,,,,,3287.7
2026-07-06T20:21:33Z,,,,,,3283.5
2026-07-06T20:21:33Z,,,,,,3280.2
2026-07-06T20:21:33Z,,,,,,3275.9
2026-07-06T20:21:33Z,,,,,,3271.2
2026-07-06T20:21:33Z,,,,,,3268.1
2026-07-06T20:21:33Z,,,,,,3266.7
2026-07-06T20:21:33Z,51.556789,-0.073840,-35.7,6,1,3268.3
2026-07-06T20:21:33Z,,,,,,3271.0
2026-07-06T20:21:34Z,,,,,,3272.6
2026-07-06T20:21:34Z,,,,,,3275.4
2026-07-06T20:21:34Z,,,,,,3279.6
2026-07-06T20:21:34Z,,,,,,3284.7
2026-07-06T20:21:34Z,,,,,,3290.5
2026-07-06T20:21:34Z,,,,,,3296.0
2026-07-06T20:21:34Z,,,,,,3299.8
2026-07-06T20:21:34Z,,,,,,3301.7
2026-07-06T20:21:34Z,51.556789,-0.073811,-33.8,6,1,3302.8
2026-07-06T20:21:34Z,,,,,,3303.7
2026-07-06T20:21:35Z,,,,,,3304.2
2026-07-06T20:21:35Z,,,,,,3304.2
2026-07-06T20:21:35Z,,,,,,3302.5
2026-07-06T20:21:35Z,,,,,,3300.0
2026-07-06T20:21:35Z,,,,,,3297.1
2026-07-06T20:21:35Z,,,,,,3293.9
2026-07-06T20:21:35Z,,,,,,3290.6
2026-07-06T20:21:35Z,,,,,,3287.6
2026-07-06T20:21:35Z,51.556789,-0.073788,-31.7,6,1,3284.4
2026-07-06T20:21:35Z,,,,,,3280.2
2026-07-06T20:21:36Z,,,,,,3275.4
2026-07-06T20:21:36Z,,,,,,3271.8
2026-07-06T20:21:36Z,,,,,,3270.2
2026-07-06T20:21:36Z,,,,,,3268.0
2026-07-06T20:21:36Z,,,,,,3264.6
2026-07-06T20:21:36Z,,,,,,3262.6
2026-07-06T20:21:36Z,,,,,,3261.8
2026-07-06T20:21:36Z,,,,,,3260.8
2026-07-06T20:21:36Z,51.556786,-0.073761,-29.8,6,1,3260.6
2026-07-06T20:21:36Z,,,,,,3260.3
2026-07-06T20:21:37Z,,,,,,3259.6
2026-07-06T20:21:37Z,,,,,,3259.1
2026-07-06T20:21:37Z,,,,,,3258.2
2026-07-06T20:21:37Z,,,,,,3256.9
2026-07-06T20:21:37Z,,,,,,3256.7
2026-07-06T20:21:37Z,,,,,,3256.9
2026-07-06T20:21:37Z,,,,,,3256.0
2026-07-06T20:21:37Z,,,,,,3255.6
2026-07-06T20:21:37Z,51.556786,-0.073747,-29.0,6,1,3256.5
2026-07-06T20:21:37Z,,,,,,3257.4
2026-07-06T20:21:38Z,,,,,,3257.9
2026-07-06T20:21:38Z,,,,,,3259.5
2026-07-06T20:21:38Z,,,,,,3261.1
2026-07-06T20:21:38Z,,,,,,3261.5
2026-07-06T20:21:38Z,,,,,,3262.2
2026-07-06T20:21:38Z,,,,,,3262.7
2026-07-06T20:21:38Z,,,,,,3264.8
2026-07-06T20:21:38Z,,,,,,3269.0
2026-07-06T20:21:38Z,51.556782,-0.073716,-27.9,6,1,3272.6
2026-07-06T20:21:38Z,,,,,,3278.2
2026-07-06T20:21:39Z,,,,,,3287.9
2026-07-06T20:21:39Z,,,,,,3298.4
2026-07-06T20:21:39Z,,,,,,3308.4
2026-07-06T20:21:39Z,,,,,,3319.3
2026-07-06T20:21:39Z,,,,,,3330.3
2026-07-06T20:21:39Z,,,,,,3339.2
2026-07-06T20:21:39Z,,,,,,3346.6
2026-07-06T20:21:39Z,,,,,,3353.1
2026-07-06T20:21:39Z,51.556778,-0.073687,-27.3,6,1,3359.3
2026-07-06T20:21:39Z,,,,,,3365.3
2026-07-06T20:21:40Z,,,,,,3370.4
2026-07-06T20:21:40Z,,,,,,3375.0
2026-07-06T20:21:40Z,,,,,,3380.9
2026-07-06T20:21:40Z,,,,,,3387.9
2026-07-06T20:21:40Z,,,,,,3395.1
2026-07-06T20:21:40Z,,,,,,3402.0
2026-07-06T20:21:40Z,,,,,,3408.1
2026-07-06T20:21:40Z,,,,,,3413.1
2026-07-06T20:21:40Z,51.556778,-0.073660,-25.3,6,1,3416.9
2026-07-06T20:21:40Z,,,,,,3418.4
2026-07-06T20:21:41Z,,,,,,3419.7
2026-07-06T20:21:41Z,,,,,,3420.0
2026-07-06T20:21:41Z,,,,,,3417.1
2026-07-06T20:21:41Z,,,,,,3413.5
2026-07-06T20:21:41Z,,,,,,3410.0
2026-07-06T20:21:41Z,,,,,,3404.8
2026-07-06T20:21:41Z,,,,,,3398.0
2026-07-06T20:21:41Z,,,,,,3392.0
2026-07-06T20:21:41Z,51.556778,-0.073654,-23.1,6,1,3386.5
2026-07-06T20:21:41Z,,,,,,3380.0
2026-07-06T20:21:42Z,,,,,,3372.9
2026-07-06T20:21:42Z,,,,,,3366.5
2026-07-06T20:21:42Z,,,,,,3361.8
2026-07-06T20:21:42Z,,,,,,3357.7
2026-07-06T20:21:42Z,,,,,,3352.9
2026-07-06T20:21:42Z,,,,,,3348.7
2026-07-06T20:21:42Z,,,,,,3346.9
2026-07-06T20:21:42Z,,,,,,3346.0
2026-07-06T20:21:42Z,51.556782,-0.073652,-22.2,6,1,3345.7
2026-07-06T20:21:42Z,,,,,,3346.3
2026-07-06T20:21:43Z,,,,,,3345.3
2026-07-06T20:21:43Z,,,,,,3343.8
2026-07-06T20:21:43Z,,,,,,3342.1
2026-07-06T20:21:43Z,,,,,,3339.5
2026-07-06T20:21:43Z,,,,,,3338.0
2026-07-06T20:21:43Z,,,,,,3337.6
2026-07-06T20:21:43Z,,,,,,3335.0
2026-07-06T20:21:43Z,,,,,,3331.0
2026-07-06T20:21:43Z,51.556782,-0.073650,-21.8,6,1,3328.9
2026-07-06T20:21:43Z,,,,,,3327.1
2026-07-06T20:21:44Z,,,,,,3323.7
2026-07-06T20:21:44Z,,,,,,3321.3
2026-07-06T20:21:44Z,,,,,,3319.3
2026-07-06T20:21:44Z,,,,,,3316.2
2026-07-06T20:21:44Z,,,,,,3312.6
2026-07-06T20:21:44Z,,,,,,3308.8
2026-07-06T20:21:44Z,,,,,,3306.1
2026-07-06T20:21:44Z,,,,,,3303.6
2026-07-06T20:21:44Z,51.556782,-0.073650,-21.5,6,1,3300.1
2026-07-06T20:21:44Z,,,,,,3296.1
2026-07-06T20:21:45Z,,,,,,3293.0
2026-07-06T20:21:45Z,,,,,,3289.7
2026-07-06T20:21:45Z,,,,,,3285.7
2026-07-06T20:21:45Z,,,,,,3282.7
2026-07-06T20:21:45Z,,,,,,3279.5
2026-07-06T20:21:45Z,,,,,,3275.5
2026-07-06T20:21:45Z,,,,,,3271.0
2026-07-06T20:21:45Z,,,,,,3267.3
2026-07-06T20:21:45Z,51.556782,-0.073642,-20.1,6,1,3264.8
2026-07-06T20:21:45Z,,,,,,3261.8
2026-07-06T20:21:46Z,,,,,,3258.3
2026-07-06T20:21:46Z,,,,,,3255.0
2026-07-06T20:21:46Z,,,,,,3252.0
2026-07-06T20:21:46Z,,,,,,3248.5
2026-07-06T20:21:46Z,,,,,,3245.1
2026-07-06T20:21:46Z,,,,,,3242.4
2026-07-06T20:21:46Z,,,,,,3239.7
2026-07-06T20:21:46Z,,,,,,3237.2
2026-07-06T20:21:46Z,51.556782,-0.073628,-18.5,6,1,3234.4
2026-07-06T20:21:46Z,,,,,,3231.3
2026-07-06T20:21:47Z,,,,,,3228.9
2026-07-06T20:21:47Z,,,,,,3226.7
2026-07-06T20:21:47Z,,,,,,3223.6
2026-07-06T20:21:47Z,,,,,,3222.1
2026-07-06T20:21:47Z,,,,,,3222.5
2026-07-06T20:21:47Z,,,,,,3223.4
2026-07-06T20:21:47Z,,,,,,3224.6
2026-07-06T20:21:47Z,,,,,,3226.7
2026-07-06T20:21:47Z,51.556782,-0.073612,-17.0,6,1,3229.8
2026-07-06T20:21:47Z,,,,,,3232.6
2026-07-06T20:21:48Z,,,,,,3235.4
2026-07-06T20:21:48Z,,,,,,3237.5
2026-07-06T20:21:48Z,,,,,,3240.0
2026-07-06T20:21:48Z,,,,,,3243.2
2026-07-06T20:21:48Z,,,,,,3245.7
2026-07-06T20:21:48Z,,,,,,3248.4
2026-07-06T20:21:48Z,,,,,,3252.1
2026-07-06T20:21:48Z,,,,,,3254.5
2026-07-06T20:21:48Z,51.556786,-0.073594,-15.5,6,1,3255.4
2026-07-06T20:21:48Z,,,,,,3256.7
2026-07-06T20:21:49Z,,,,,,3259.4
2026-07-06T20:21:49Z,,,,,,3262.8
2026-07-06T20:21:49Z,,,,,,3266.7
2026-07-06T20:21:49Z,,,,,,3271.2
2026-07-06T20:21:49Z,,,,,,3277.1
2026-07-06T20:21:49Z,,,,,,3284.3
2026-07-06T20:21:49Z,,,,,,3290.4
2026-07-06T20:21:49Z,,,,,,3295.9
2026-07-06T20:21:49Z,51.556782,-0.073568,-14.1,6,1,3301.1
2026-07-06T20:21:49Z,,,,,,3304.6
2026-07-06T20:21:50Z,,,,,,3305.5
2026-07-06T20:21:50Z,,,,,,3305.5
2026-07-06T20:21:50Z,,,,,,3305.2
2026-07-06T20:21:50Z,,,,,,3303.3
2026-07-06T20:21:50Z,,,,,,3300.2
2026-07-06T20:21:50Z,,,,,,3295.7
2026-07-06T20:21:50Z,,,,,,3291.4
2026-07-06T20:21:50Z,,,,,,3288.1
2026-07-06T20:21:50Z,51.556782,-0.073548,-12.9,6,1,3283.2
2026-07-06T20:21:50Z,,,,,,3277.6
2026-07-06T20:21:51Z,,,,,,3273.5
2026-07-06T20:21:51Z,,,,,,3269.2
2026-07-06T20:21:51Z,,,,,,3265.4
2026-07-06T20:21:51Z,,,,,,3265.2
2026-07-06T20:21:51Z,,,,,,3270.4
2026-07-06T20:21:51Z,,,,,,3280.0
2026-07-06T20:21:51Z,,,,,,3291.0
2026-07-06T20:21:51Z,,,,,,3301.9
2026-07-06T20:21:51Z,51.556782,-0.073528,-11.9,6,1,3312.6
2026-07-06T20:21:51Z,,,,,,3323.4
2026-07-06T20:21:52Z,,,,,,3332.7
2026-07-06T20:21:52Z,,,,,,3340.9
2026-07-06T20:21:52Z,,,,,,3348.2
2026-07-06T20:21:52Z,,,,,,3353.3
2026-07-06T20:21:52Z,,,,,,3357.1
2026-07-06T20:21:52Z,,,,,,3360.9
2026-07-06T20:21:52Z,,,,,,3364.3
2026-07-06T20:21:52Z,,,,,,3366.1
2026-07-06T20:21:52Z,51.556782,-0.073509,-11.0,6,1,3366.7
2026-07-06T20:21:52Z,,,,,,3364.5
2026-07-06T20:21:53Z,,,,,,3360.7
2026-07-06T20:21:53Z,,,,,,3356.5
2026-07-06T20:21:53Z,,,,,,3351.5
2026-07-06T20:21:53Z,,,,,,3346.1
2026-07-06T20:21:53Z,,,,,,3339.6
2026-07-06T20:21:53Z,,,,,,3333.0
2026-07-06T20:21:53Z,,,,,,3327.1
2026-07-06T20:21:53Z,,,,,,3320.7
2026-07-06T20:21:53Z,51.556782,-0.073490,-10.0,6,1,3314.9
2026-07-06T20:21:53Z,,,,,,3310.4
2026-07-06T20:21:54Z,,,,,,3305.4
2026-07-06T20:21:54Z,,,,,,3299.7
2026-07-06T20:21:54Z,,,,,,3294.7
2026-07-06T20:21:54Z,,,,,,3290.4
2026-07-06T20:21:54Z,,,,,,3286.3
2026-07-06T20:21:54Z,,,,,,3282.4
2026-07-06T20:21:54Z,,,,,,3278.1
2026-07-06T20:21:54Z,,,,,,3275.2
2026-07-06T20:21:54Z,51.556778,-0.073469,-8.7,6,1,3272.0
2026-07-06T20:21:54Z,,,,,,3268.7
2026-07-06T20:21:55Z,,,,,,3266.5
2026-07-06T20:21:55Z,,,,,,3264.0
2026-07-06T20:21:55Z,,,,,,3262.3
2026-07-06T20:21:55Z,,,,,,3261.2
2026-07-06T20:21:55Z,,,,,,3260.6
2026-07-06T20:21:55Z,,,,,,3261.2
2026-07-06T20:21:55Z,,,,,,3262.5
2026-07-06T20:21:55Z,,,,,,3263.0
2026-07-06T20:21:55Z,51.556774,-0.073445,-7.4,6,1,3265.5
2026-07-06T20:21:55Z,,,,,,3268.7
2026-07-06T20:21:56Z,,,,,,3270.4
2026-07-06T20:21:56Z,,,,,,3272.8
2026-07-06T20:21:56Z,,,,,,3276.5
2026-07-06T20:21:56Z,,,,,,3279.8
2026-07-06T20:21:56Z,,,,,,3281.9
2026-07-06T20:21:56Z,,,,,,3283.8
2026-07-06T20:21:56Z,,,,,,3285.0
2026-07-06T20:21:56Z,,,,,,3285.3
2026-07-06T20:21:56Z,51.556782,-0.073409,-3.7,6,1,3285.5
2026-07-06T20:21:56Z,,,,,,3284.4
2026-07-06T20:21:57Z,,,,,,3282.5
2026-07-06T20:21:57Z,,,,,,3281.1
2026-07-06T20:21:57Z,,,,,,3280.0
2026-07-06T20:21:57Z,,,,,,3278.9
2026-07-06T20:21:57Z,,,,,,3277.4
2026-07-06T20:21:57Z,,,,,,3276.0
2026-07-06T20:21:57Z,,,,,,3275.1
2026-07-06T20:21:57Z,,,,,,3274.3
2026-07-06T20:21:57Z,51.556782,-0.073381,-1.6,6,1,3273.8
2026-07-06T20:21:57Z,,,,,,3273.7
2026-07-06T20:21:58Z,,,,,,3272.7
2026-07-06T20:21:58Z,,,,,,3269.8
2026-07-06T20:21:58Z,,,,,,3267.3
2026-07-06T20:21:58Z,,,,,,3266.5
2026-07-06T20:21:58Z,,,,,,3265.4
2026-07-06T20:21:58Z,,,,,,3265.5
2026-07-06T20:21:58Z,,,,,,3269.1
2026-07-06T20:21:58Z,,,,,,3275.8
2026-07-06T20:21:58Z,51.556778,-0.073352,0.5,6,1,3286.0
2026-07-06T20:21:58Z,,,,,,3298.5
2026-07-06T20:21:59Z,,,,,,3310.1
2026-07-06T20:21:59Z,,,,,,3322.3
2026-07-06T20:21:59Z,,,,,,3335.1
2026-07-06T20:21:59Z,,,,,,3346.1
2026-07-06T20:21:59Z,,,,,,3354.6
2026-07-06T20:21:59Z,,,,,,3360.9
2026-07-06T20:21:59Z,,,,,,3365.0
2026-07-06T20:21:59Z,,,,,,3366.8
2026-07-06T20:21:59Z,51.556778,-0.073344,1.6,6,1,3368.4
2026-07-06T20:21:59Z,,,,,,3370.0
2026-07-06T20:22:00Z,,,,,,3369.3
2026-07-06T20:22:00Z,,,,,,3366.2
2026-07-06T20:22:00Z,,,,,,3361.1
2026-07-06T20:22:00Z,,,,,,3355.9
2026-07-06T20:22:00Z,,,,,,3350.7
2026-07-06T20:22:00Z,,,,,,3345.6
2026-07-06T20:22:00Z,,,,,,3343.0
2026-07-06T20:22:00Z,,,,,,3343.9
2026-07-06T20:22:00Z,51.556782,-0.073344,1.7,6,1,3348.5
2026-07-06T20:22:00Z,,,,,,3356.9
2026-07-06T20:22:01Z,,,,,,3368.3
2026-07-06T20:22:01Z,,,,,,3382.6
2026-07-06T20:22:01Z,,,,,,3397.5
2026-07-06T20:22:01Z,,,,,,3413.0
2026-07-06T20:22:01Z,,,,,,3428.9
2026-07-06T20:22:01Z,,,,,,3442.7
2026-07-06T20:22:01Z,,,,,,3455.9
2026-07-06T20:22:01Z,,,,,,3466.5
2026-07-06T20:22:01Z,51.556782,-0.073337,2.7,6,1,3475.1
2026-07-06T20:22:01Z,,,,,,3481.5
2026-07-06T20:22:02Z,,,,,,3484.9
2026-07-06T20:22:02Z,,,,,,3486.6
2026-07-06T20:22:02Z,,,,,,3487.4
2026-07-06T20:22:02Z,,,,,,3487.8
2026-07-06T20:22:02Z,,,,,,3485.3
2026-07-06T20:22:02Z,,,,,,3480.8
2026-07-06T20:22:02Z,,,,,,3474.4
2026-07-06T20:22:02Z,,,,,,3468.6
2026-07-06T20:22:02Z,51.556789,-0.073321,2.8,6,1,3467.0
2026-07-06T20:22:02Z,,,,,,3468.3
2026-07-06T20:22:03Z,,,,,,3476.1
2026-07-06T20:22:03Z,,,,,,3489.8
2026-07-06T20:22:03Z,,,,,,3507.4
2026-07-06T20:22:03Z,,,,,,3528.6
2026-07-06T20:22:03Z,,,,,,3552.3
2026-07-06T20:22:03Z,,,,,,3575.2
2026-07-06T20:22:03Z,,,,,,3595.7
2026-07-06T20:22:03Z,,,,,,3612.7
2026-07-06T20:22:03Z,51.556797,-0.073295,3.5,6,1,3626.8
2026-07-06T20:22:03Z,,,,,,3639.3
2026-07-06T20:22:04Z,,,,,,3650.3
2026-07-06T20:22:04Z,,,,,,3658.1
2026-07-06T20:22:04Z,,,,,,3661.7
2026-07-06T20:22:04Z,,,,,,3663.3
2026-07-06T20:22:04Z,,,,,,3662.2
2026-07-06T20:22:04Z,,,,,,3658.2
2026-07-06T20:22:04Z,,,,,,3653.0
2026-07-06T20:22:04Z,,,,,,3646.6
2026-07-06T20:22:04Z,51.556808,-0.073266,6.2,6,1,3638.3
2026-07-06T20:22:04Z,,,,,,3628.4
2026-07-06T20:22:05Z,,,,,,3616.7
2026-07-06T20:22:05Z,,,,,,3602.7
2026-07-06T20:22:05Z,,,,,,3590.0
2026-07-06T20:22:05Z,,,,,,3578.8
2026-07-06T20:22:05Z,,,,,,3567.0
2026-07-06T20:22:05Z,,,,,,3556.4
2026-07-06T20:22:05Z,,,,,,3547.0
2026-07-06T20:22:05Z,,,,,,3538.2
2026-07-06T20:22:05Z,51.556816,-0.073234,9.7,6,1,3531.7
2026-07-06T20:22:05Z,,,,,,3527.1
2026-07-06T20:22:06Z,,,,,,3522.1
2026-07-06T20:22:06Z,,,,,,3517.3
2026-07-06T20:22:06Z,,,,,,3512.4
2026-07-06T20:22:06Z,,,,,,3507.9
2026-07-06T20:22:06Z,,,,,,3504.4
2026-07-06T20:22:06Z,,,,,,3501.3
2026-07-06T20:22:06Z,,,,,,3498.4
2026-07-06T20:22:06Z,,,,,,3495.4
2026-07-06T20:22:06Z,51.556828,-0.073225,9.5,6,1,3492.7
2026-07-06T20:22:06Z,,,,,,3490.8
2026-07-06T20:22:07Z,,,,,,3490.2
2026-07-06T20:22:07Z,,,,,,3491.0
2026-07-06T20:22:07Z,,,,,,3492.2
2026-07-06T20:22:07Z,,,,,,3492.9
2026-07-06T20:22:07Z,,,,,,3494.5
2026-07-06T20:22:07Z,,,,,,3497.6
2026-07-06T20:22:07Z,,,,,,3503.4
2026-07-06T20:22:07Z,,,,,,3510.5
2026-07-06T20:22:07Z,51.556839,-0.073212,9.5,6,1,3517.2
2026-07-06T20:22:07Z,,,,,,3525.0
2026-07-06T20:22:08Z,,,,,,3532.5
2026-07-06T20:22:08Z,,,,,,3537.6
2026-07-06T20:22:08Z,,,,,,3540.7
2026-07-06T20:22:08Z,,,,,,3542.8
2026-07-06T20:22:08Z,,,,,,3542.5
2026-07-06T20:22:08Z,,,,,,3540.2
2026-07-06T20:22:08Z,,,,,,3536.5
2026-07-06T20:22:08Z,,,,,,3530.9
2026-07-06T20:22:08Z,51.556850,-0.073179,12.2,6,1,3525.8
2026-07-06T20:22:08Z,,,,,,3520.1
2026-07-06T20:22:09Z,,,,,,3512.3
2026-07-06T20:22:09Z,,,,,,3504.9
2026-07-06T20:22:09Z,,,,,,3499.1
2026-07-06T20:22:09Z,,,,,,3492.7
2026-07-06T20:22:09Z,,,,,,3485.2
2026-07-06T20:22:09Z,,,,,,3479.4
2026-07-06T20:22:09Z,,,,,,3474.3
2026-07-06T20:22:09Z,,,,,,3468.5
2026-07-06T20:22:09Z,51.556854,-0.073161,13.8,6,1,3463.4
2026-07-06T20:22:09Z,,,,,,3458.5
2026-07-06T20:22:10Z,,,,,,3453.7
2026-07-06T20:22:10Z,,,,,,3450.0
2026-07-06T20:22:10Z,,,,,,3446.0
2026-07-06T20:22:10Z,,,,,,3442.2
2026-07-06T20:22:10Z,,,,,,3438.9
2026-07-06T20:22:10Z,,,,,,3435.6
2026-07-06T20:22:10Z,,,,,,3432.6
2026-07-06T20:22:10Z,,,,,,3429.4
2026-07-06T20:22:10Z,51.556870,-0.073121,17.7,6,1,3425.9
2026-07-06T20:22:10Z,,,,,,3422.3
2026-07-06T20:22:11Z,,,,,,3417.4
2026-07-06T20:22:11Z,,,,,,3411.3
2026-07-06T20:22:11Z,,,,,,3406.4
2026-07-06T20:22:11Z,,,,,,3402.4
2026-07-06T20:22:11Z,,,,,,3396.8
2026-07-06T20:22:11Z,,,,,,3391.4
2026-07-06T20:22:11Z,,,,,,3386.4
2026-07-06T20:22:11Z,,,,,,3380.1
2026-07-06T20:22:11Z,51.556881,-0.073103,17.5,6,1,3374.0
2026-07-06T20:22:11Z,,,,,,3368.8
2026-07-06T20:22:12Z,,,,,,3363.7
2026-07-06T20:22:12Z,,,,,,3358.5
2026-07-06T20:22:12Z,,,,,,3353.9
2026-07-06T20:22:12Z,,,,,,3349.0
2026-07-06T20:22:12Z,,,,,,3345.2
2026-07-06T20:22:12Z,,,,,,3343.6
2026-07-06T20:22:12Z,,,,,,3342.0
2026-07-06T20:22:12Z,,,,,,3340.1
2026-07-06T20:22:12Z,51.556892,-0.073055,21.2,6,1,3339.2
2026-07-06T20:22:12Z,,,,,,3337.5
2026-07-06T20:22:13Z,,,,,,3334.2
2026-07-06T20:22:13Z,,,,,,3332.2
2026-07-06T20:22:13Z,,,,,,3331.0
2026-07-06T20:22:13Z,,,,,,3328.7
2026-07-06T20:22:13Z,,,,,,3326.1
2026-07-06T20:22:13Z,,,,,,3323.6
2026-07-06T20:22:13Z,,,,,,3321.6
2026-07-06T20:22:13Z,,,,,,3320.3
2026-07-06T20:22:13Z,51.556896,-0.073018,23.9,6,1,3317.9
2026-07-06T20:22:13Z,,,,,,3316.0
2026-07-06T20:22:14Z,,,,,,3313.8
2026-07-06T20:22:14Z,,,,,,3310.5
2026-07-06T20:22:14Z,,,,,,3308.1
2026-07-06T20:22:14Z,,,,,,3307.4
2026-07-06T20:22:14Z,,,,,,3308.5
2026-07-06T20:22:14Z,,,,,,3311.3
2026-07-06T20:22:14Z,,,,,,3315.8
2026-07-06T20:22:14Z,,,,,,3323.1
2026-07-06T20:22:14Z,51.556911,-0.073014,21.7,6,1,3333.2
2026-07-06T20:22:14Z,,,,,,3344.0
2026-07-06T20:22:15Z,,,,,,3355.0
2026-07-06T20:22:15Z,,,,,,3365.5
2026-07-06T20:22:15Z,,,,,,3374.9
2026-07-06T20:22:15Z,,,,,,3383.7
2026-07-06T20:22:15Z,,,,,,3390.3
2026-07-06T20:22:15Z,,,,,,3395.0
2026-07-06T20:22:15Z,,,,,,3398.6
2026-07-06T20:22:15Z,,,,,,3401.7
2026-07-06T20:22:15Z,51.556919,-0.073002,21.4,6,1,3404.3
2026-07-06T20:22:15Z,,,,,,3405.6
2026-07-06T20:22:16Z,,,,,,3406.9
2026-07-06T20:22:16Z,,,,,,3409.5
2026-07-06T20:22:16Z,,,,,,3411.6
2026-07-06T20:22:16Z,,,,,,3412.8
2026-07-06T20:22:16Z,,,,,,3415.3
2026-07-06T20:22:16Z,,,,,,3419.3
2026-07-06T20:22:16Z,,,,,,3423.8
2026-07-06T20:22:16Z,,,,,,3428.5
2026-07-06T20:22:16Z,51.556927,-0.072990,20.7,6,1,3433.4
2026-07-06T20:22:16Z,,,,,,3437.7
2026-07-06T20:22:17Z,,,,,,3440.5
2026-07-06T20:22:17Z,,,,,,3443.1
2026-07-06T20:22:17Z,,,,,,3444.7
2026-07-06T20:22:17Z,,,,,,3445.3
2026-07-06T20:22:17Z,,,,,,3445.2
2026-07-06T20:22:17Z,,,,,,3444.3
2026-07-06T20:22:17Z,,,,,,3441.5
2026-07-06T20:22:17Z,,,,,,3439.0
2026-07-06T20:22:17Z,51.556931,-0.072977,19.9,6,1,3436.1
2026-07-06T20:22:17Z,,,,,,3431.4
2026-07-06T20:22:18Z,,,,,,3427.3
2026-07-06T20:22:18Z,,,,,,3423.5
2026-07-06T20:22:18Z,,,,,,3419.9
2026-07-06T20:22:18Z,,,,,,3417.0
2026-07-06T20:22:18Z,,,,,,3415.9
2026-07-06T20:22:18Z,,,,,,3417.4
2026-07-06T20:22:18Z,,,,,,3422.4
2026-07-06T20:22:18Z,,,,,,3430.7
2026-07-06T20:22:18Z,51.556938,-0.072940,22.8,6,1,3442.1
2026-07-06T20:22:18Z,,,,,,3455.4
2026-07-06T20:22:19Z,,,,,,3470.4
2026-07-06T20:22:19Z,,,,,,3490.5
2026-07-06T20:22:19Z,,,,,,3513.4
2026-07-06T20:22:19Z,,,,,,3534.7
2026-07-06T20:22:19Z,,,,,,3554.9
2026-07-06T20:22:19Z,,,,,,3571.5
2026-07-06T20:22:19Z,,,,,,3584.8
2026-07-06T20:22:19Z,,,,,,3594.9
2026-07-06T20:22:19Z,51.556942,-0.072932,22.1,6,1,3603.7
2026-07-06T20:22:19Z,,,,,,3609.7
2026-07-06T20:22:20Z,,,,,,3611.5
2026-07-06T20:22:20Z,,,,,,3612.4
2026-07-06T20:22:20Z,,,,,,3613.2
2026-07-06T20:22:20Z,,,,,,3612.6
2026-07-06T20:22:20Z,,,,,,3612.0
2026-07-06T20:22:20Z,,,,,,3609.3
2026-07-06T20:22:20Z,,,,,,3606.1
2026-07-06T20:22:20Z,,,,,,3604.7
2026-07-06T20:22:20Z,51.556946,-0.072910,24.3,6,1,3602.3
2026-07-06T20:22:20Z,,,,,,3599.1
2026-07-06T20:22:21Z,,,,,,3595.0
2026-07-06T20:22:21Z,,,,,,3590.3
2026-07-06T20:22:21Z,,,,,,3586.0
2026-07-06T20:22:21Z,,,,,,3583.6
2026-07-06T20:22:21Z,,,,,,3585.5
2026-07-06T20:22:21Z,,,,,,3590.7
2026-07-06T20:22:21Z,,,,,,3598.8
2026-07-06T20:22:21Z,,,,,,3610.4
2026-07-06T20:22:21Z,51.556950,-0.072915,24.1,6,1,3623.2
2026-07-06T20:22:21Z,,,,,,3634.9
2026-07-06T20:22:22Z,,,,,,3645.6
2026-07-06T20:22:22Z,,,,,,3655.5
2026-07-06T20:22:22Z,,,,,,3662.3
2026-07-06T20:22:22Z,,,,,,3665.7
2026-07-06T20:22:22Z,,,,,,3667.4
2026-07-06T20:22:22Z,,,,,,3667.2
2026-07-06T20:22:22Z,,,,,,3665.0
2026-07-06T20:22:22Z,,,,,,3662.2
2026-07-06T20:22:22Z,51.556953,-0.072900,26.2,6,1,3658.9
2026-07-06T20:22:22Z,,,,,,3654.9
2026-07-06T20:22:23Z,,,,,,3649.2
2026-07-06T20:22:23Z,,,,,,3641.4
2026-07-06T20:22:23Z,,,,,,3632.7
2026-07-06T20:22:23Z,,,,,,3624.4
2026-07-06T20:22:23Z,,,,,,3616.3
2026-07-06T20:22:23Z,,,,,,3607.3
2026-07-06T20:22:23Z,,,,,,3597.3
2026-07-06T20:22:23Z,,,,,,3589.7
2026-07-06T20:22:23Z,51.556950,-0.072901,26.3,6,1,3588.4
2026-07-06T20:22:23Z,,,,,,3594.0
2026-07-06T20:22:24Z,,,,,,3608.7
2026-07-06T20:22:24Z,,,,,,3634.6
2026-07-06T20:22:24Z,,,,,,3668.5
2026-07-06T20:22:24Z,,,,,,3706.8
2026-07-06T20:22:24Z,,,,,,3747.3
2026-07-06T20:22:24Z,,,,,,3787.7
2026-07-06T20:22:24Z,,,,,,3824.6
2026-07-06T20:22:24Z,,,,,,3854.6
2026-07-06T20:22:24Z,51.556946,-0.072888,27.9,6,1,3877.2
2026-07-06T20:22:24Z,,,,,,3895.5
2026-07-06T20:22:25Z,,,,,,3909.0
2026-07-06T20:22:25Z,,,,,,3916.8
2026-07-06T20:22:25Z,,,,,,3919.9
2026-07-06T20:22:25Z,,,,,,3919.3
2026-07-06T20:22:25Z,,,,,,3916.4
2026-07-06T20:22:25Z,,,,,,3912.3
2026-07-06T20:22:25Z,,,,,,3906.4
2026-07-06T20:22:25Z,,,,,,3899.2
2026-07-06T20:22:25Z,51.556946,-0.072888,27.8,6,1,3893.4
2026-07-06T20:22:25Z,,,,,,3889.4
2026-07-06T20:22:26Z,,,,,,3885.2
2026-07-06T20:22:26Z,,,,,,3881.4
2026-07-06T20:22:26Z,,,,,,3882.3
2026-07-06T20:22:26Z,,,,,,3888.7
2026-07-06T20:22:26Z,,,,,,3902.2
2026-07-06T20:22:26Z,,,,,,3924.0
2026-07-06T20:22:26Z,,,,,,3953.0
2026-07-06T20:22:26Z,,,,,,3986.3
2026-07-06T20:22:26Z,51.556946,-0.072891,27.6,6,1,4019.5
2026-07-06T20:22:26Z,,,,,,4049.8
2026-07-06T20:22:27Z,,,,,,4075.7
2026-07-06T20:22:27Z,,,,,,4096.2
2026-07-06T20:22:27Z,,,,,,4113.2
2026-07-06T20:22:27Z,,,,,,4124.8
2026-07-06T20:22:27Z,,,,,,4129.6
2026-07-06T20:22:27Z,,,,,,4130.8
2026-07-06T20:22:27Z,,,,,,4134.3
2026-07-06T20:22:27Z,,,,,,4136.5
2026-07-06T20:22:27Z,51.556950,-0.072895,27.2,6,1,4135.0
2026-07-06T20:22:27Z,,,,,,4136.6
2026-07-06T20:22:28Z,,,,,,4139.9
2026-07-06T20:22:28Z,,,,,,4139.5
2026-07-06T20:22:28Z,,,,,,4138.4
2026-07-06T20:22:28Z,,,,,,4137.9
2026-07-06T20:22:28Z,,,,,,4133.5
2026-07-06T20:22:28Z,,,,,,4125.8
2026-07-06T20:22:28Z,,,,,,4117.0
2026-07-06T20:22:28Z,,,,,,4105.2
2026-07-06T20:22:28Z,51.556950,-0.072897,27.0,6,1,4092.1
2026-07-06T20:22:28Z,,,,,,4078.1
2026-07-06T20:22:29Z,,,,,,4060.7
2026-07-06T20:22:29Z,,,,,,4040.1
2026-07-06T20:22:29Z,,,,,,4018.8
2026-07-06T20:22:29Z,,,,,,3997.2
2026-07-06T20:22:29Z,,,,,,3972.6
2026-07-06T20:22:29Z,,,,,,3947.6
2026-07-06T20:22:29Z,,,,,,3923.7
2026-07-06T20:22:29Z,,,,,,3900.6
2026-07-06T20:22:29Z,51.556953,-0.072900,26.9,6,1,3879.2
2026-07-06T20:22:29Z,,,,,,3858.9
2026-07-06T20:22:30Z,,,,,,3839.9
2026-07-06T20:22:30Z,,,,,,3822.1
2026-07-06T20:22:30Z,,,,,,3809.4
2026-07-06T20:22:30Z,,,,,,3800.0
2026-07-06T20:22:30Z,,,,,,3791.2
2026-07-06T20:22:30Z,,,,,,3784.7
2026-07-06T20:22:30Z,,,,,,3781.3
2026-07-06T20:22:30Z,,,,,,3777.2
2026-07-06T20:22:30Z,51.556953,-0.072903,26.7,6,1,3772.2
2026-07-06T20:22:30Z,,,,,,3770.9
2026-07-06T20:22:31Z,,,,,,3770.3
2026-07-06T20:22:31Z,,,,,,3768.5
2026-07-06T20:22:31Z,,,,,,3767.3
2026-07-06T20:22:31Z,,,,,,3765.7
2026-07-06T20:22:31Z,,,,,,3763.6
2026-07-06T20:22:31Z,,,,,,3760.5
2026-07-06T20:22:31Z,,,,,,3755.8
2026-07-06T20:22:31Z,,,,,,3750.2
2026-07-06T20:22:31Z,51.556961,-0.072913,26.3,6,1,3745.3
2026-07-06T20:22:31Z,,,,,,3738.5
2026-07-06T20:22:32Z,,,,,,3728.3
2026-07-06T20:22:32Z,,,,,,3717.9
2026-07-06T20:22:32Z,,,,,,3709.7
2026-07-06T20:22:32Z,,,,,,3701.0
2026-07-06T20:22:32Z,,,,,,3690.5
2026-07-06T20:22:32Z,,,,,,3681.4
2026-07-06T20:22:32Z,,,,,,3674.0
2026-07-06T20:22:32Z,,,,,,3666.5
2026-07-06T20:22:32Z,51.556965,-0.072923,25.6,6,1,3658.3
2026-07-06T20:22:32Z,,,,,,3650.6
2026-07-06T20:22:33Z,,,,,,3644.4
2026-07-06T20:22:33Z,,,,,,3639.3
2026-07-06T20:22:33Z,,,,,,3632.9
2026-07-06T20:22:33Z,,,,,,3625.0
2026-07-06T20:22:33Z,,,,,,3618.6
2026-07-06T20:22:33Z,,,,,,3614.1
2026-07-06T20:22:33Z,,,,,,3608.1
2026-07-06T20:22:33Z,,,,,,3600.8
2026-07-06T20:22:33Z,51.556965,-0.072930,25.2,6,1,3596.4
2026-07-06T20:22:33Z,,,,,,3594.1
2026-07-06T20:22:34Z,,,,,,3589.6
2026-07-06T20:22:34Z,,,,,,3584.6
2026-07-06T20:22:34Z,,,,,,3581.2
2026-07-06T20:22:34Z,,,,,,3579.2
2026-07-06T20:22:34Z,,,,,,3577.2
2026-07-06T20:22:34Z,,,,,,3572.7
2026-07-06T20:22:34Z,,,,,,3568.3
2026-07-06T20:22:34Z,,,,,,3565.8
2026-07-06T20:22:34Z,51.556965,-0.072932,25.0,6,1,3563.6
2026-07-06T20:22:34Z,,,,,,3558.7
2026-07-06T20:22:35Z,,,,,,3553.0
2026-07-06T20:22:35Z,,,,,,3548.6
2026-07-06T20:22:35Z,,,,,,3546.4
2026-07-06T20:22:35Z,,,,,,3545.2
2026-07-06T20:22:35Z,,,,,,3544.2
2026-07-06T20:22:35Z,,,,,,3542.6
2026-07-06T20:22:35Z,,,,,,3541.4
2026-07-06T20:22:35Z,,,,,,3541.2
2026-07-06T20:22:35Z,51.556965,-0.072938,24.7,6,1,3542.2
2026-07-06T20:22:35Z,,,,,,3545.4
2026-07-06T20:22:36Z,,,,,,3550.5
2026-07-06T20:22:36Z,,,,,,3558.0
2026-07-06T20:22:36Z,,,,,,3566.2
2026-07-06T20:22:36Z,,,,,,3574.6
2026-07-06T20:22:36Z,,,,,,3583.4
2026-07-06T20:22:36Z,,,,,,3591.5
2026-07-06T20:22:36Z,,,,,,3597.5
2026-07-06T20:22:36Z,,,,,,3602.9
2026-07-06T20:22:36Z,51.556969,-0.072941,24.5,6,1,3609.6
2026-07-06T20:22:36Z,,,,,,3614.4
2026-07-06T20:22:37Z,,,,,,3617.6
2026-07-06T20:22:37Z,,,,,,3622.2
2026-07-06T20:22:37Z,,,,,,3626.7
2026-07-06T20:22:37Z,,,,,,3630.3
2026-07-06T20:22:37Z,,,,,,3633.2
2026-07-06T20:22:37Z,,,,,,3635.4
2026-07-06T20:22:37Z,,,,,,3636.0
2026-07-06T20:22:37Z,,,,,,3634.7
2026-07-06T20:22:37Z,51.556965,-0.072942,24.5,6,1,3633.1
2026-07-06T20:22:37Z,,,,,,3631.6
2026-07-06T20:22:38Z,,,,,,3627.9
2026-07-06T20:22:38Z,,,,,,3623.7
2026-07-06T20:22:38Z,,,,,,3619.7
2026-07-06T20:22:38Z,,,,,,3615.7
2026-07-06T20:22:38Z,,,,,,3611.5
2026-07-06T20:22:38Z,,,,,,3606.6
2026-07-06T20:22:38Z,,,,,,3602.6
2026-07-06T20:22:38Z,,,,,,3601.2
2026-07-06T20:22:38Z,51.556965,-0.072943,24.5,6,1,3602.2
2026-07-06T20:22:38Z,,,,,,3602.9
2026-07-06T20:22:39Z,,,,,,3606.5
2026-07-06T20:22:39Z,,,,,,3614.0
2026-07-06T20:22:39Z,,,,,,3620.8
2026-07-06T20:22:39Z,,,,,,3624.7
2026-07-06T20:22:39Z,,,,,,3629.0
2026-07-06T20:22:39Z,,,,,,3633.7
2026-07-06T20:22:39Z,,,,,,3635.5
2026-07-06T20:22:39Z,,,,,,3634.1
2026-07-06T20:22:39Z,51.556965,-0.072947,24.5,6,1,3633.2
2026-07-06T20:22:39Z,,,,,,3631.6
2026-07-06T20:22:40Z,,,,,,3627.4
2026-07-06T20:22:40Z,,,,,,3622.8
2026-07-06T20:22:40Z,,,,,,3618.8
2026-07-06T20:22:40Z,,,,,,3614.9
2026-07-06T20:22:40Z,,,,,,3610.5
2026-07-06T20:22:40Z,,,,,,3605.7
2026-07-06T20:22:40Z,,,,,,3602.1
2026-07-06T20:22:40Z,,,,,,3598.3
2026-07-06T20:22:40Z,51.556969,-0.072950,24.4,6,1,3593.4
2026-07-06T20:22:40Z,,,,,,3589.1
2026-07-06T20:22:41Z,,,,,,3586.3
2026-07-06T20:22:41Z,,,,,,3584.0
2026-07-06T20:22:41Z,,,,,,3580.3
2026-07-06T20:22:41Z,,,,,,3576.2
2026-07-06T20:22:41Z,,,,,,3573.1
2026-07-06T20:22:41Z,,,,,,3569.3
2026-07-06T20:22:41Z,,,,,,3564.5
2026-07-06T20:22:41Z,,,,,,3559.5
2026-07-06T20:22:41Z,51.556969,-0.072953,24.4,6,1,3555.2
2026-07-06T20:22:41Z,,,,,,3550.8
2026-07-06T20:22:42Z,,,,,,3544.8
2026-07-06T20:22:42Z,,,,,,3539.0
2026-07-06T20:22:42Z,,,,,,3534.5
2026-07-06T20:22:42Z,,,,,,3529.6
2026-07-06T20:22:42Z,,,,,,3523.4
2026-07-06T20:22:42Z,,,,,,3518.1
2026-07-06T20:22:42Z,,,,,,3514.2
2026-07-06T20:22:42Z,,,,,,3510.2
2026-07-06T20:22:42Z,51.556969,-0.072957,24.4,7,1,3506.5
2026-07-06T20:22:42Z,,,,,,3504.0
2026-07-06T20:22:42Z,,,,,,3502.8
2026-07-06T20:22:43Z,,,,,,3502.6
2026-07-06T20:22:43Z,,,,,,3503.7
2026-07-06T20:22:43Z,,,,,,3507.1
2026-07-06T20:22:43Z,,,,,,3514.3
2026-07-06T20:22:43Z,,,,,,3524.6
2026-07-06T20:22:43Z,,,,,,3536.4
2026-07-06T20:22:43Z,,,,,,3546.1
2026-07-06T20:22:43Z,51.556969,-0.072959,24.6,7,1,3553.1
2026-07-06T20:22:43Z,,,,,,3559.8
2026-07-06T20:22:43Z,,,,,,3565.3
2026-07-06T20:22:44Z,,,,,,3569.5
2026-07-06T20:22:44Z,,,,,,3574.1
2026-07-06T20:22:44Z,,,,,,3576.6
2026-07-06T20:22:44Z,,,,,,3575.6
2026-07-06T20:22:44Z,,,,,,3574.2
2026-07-06T20:22:44Z,,,,,,3573.8
2026-07-06T20:22:44Z,,,,,,3572.4
2026-07-06T20:22:44Z,51.556969,-0.072960,24.8,7,1,3574.0
2026-07-06T20:22:44Z,,,,,,3580.2
2026-07-06T20:22:44Z,,,,,,3587.5
2026-07-06T20:22:45Z,,,,,,3596.7
2026-07-06T20:22:45Z,,,,,,3607.9
2026-07-06T20:22:45Z,,,,,,3620.0
2026-07-06T20:22:45Z,,,,,,3621.1
2026-07-06T20:22:45Z,,,,,,3611.1
2026-07-06T20:22:45Z,,,,,,3593.2
2026-07-06T20:22:45Z,,,,,,3561.1
2026-07-06T20:22:45Z,51.556965,-0.072961,25.0,7,1,3545.5
2026-07-06T20:22:45Z,,,,,,3589.6
2026-07-06T20:22:45Z,,,,,,3646.1
2026-07-06T20:22:46Z,,,,,,3661.9
2026-07-06T20:22:46Z,,,,,,3656.6
2026-07-06T20:22:46Z,,,,,,3646.7
2026-07-06T20:22:46Z,,,,,,3636.3
2026-07-06T20:22:46Z,,,,,,3625.2
2026-07-06T20:22:46Z,,,,,,3614.3
2026-07-06T20:22:46Z,,,,,,3603.8
2026-07-06T20:22:46Z,51.556965,-0.072960,24.7,8,1,3595.0
2026-07-06T20:22:46Z,,,,,,3591.8
2026-07-06T20:22:46Z,,,,,,3589.9
2026-07-06T20:22:47Z,,,,,,3589.4
2026-07-06T20:22:47Z,,,,,,3593.7
2026-07-06T20:22:47Z,,,,,,3601.6
2026-07-06T20:22:47Z,,,,,,3609.8
2026-07-06T20:22:47Z,,,,,,3618.8
2026-07-06T20:22:47Z,,,,,,3630.9
2026-07-06T20:22:47Z,,,,,,3645.2
2026-07-06T20:22:47Z,51.556965,-0.072961,24.3,8,1,3657.9
2026-07-06T20:22:47Z,,,,,,3666.4
2026-07-06T20:22:47Z,,,,,,3674.8
2026-07-06T20:22:48Z,,,,,,3685.7
2026-07-06T20:22:48Z,,,,,,3695.2
2026-07-06T20:22:48Z,,,,,,3700.5
2026-07-06T20:22:48Z,,,,,,3707.6
2026-07-06T20:22:48Z,,,,,,3720.2
2026-07-06T20:22:48Z,,,,,,3731.8
2026-07-06T20:22:48Z,,,,,,3736.0
2026-07-06T20:22:48Z,51.556965,-0.072962,24.1,8,1,3739.8
2026-07-06T20:22:48Z,,,,,,3747.4
2026-07-06T20:22:48Z,,,,,,3751.1
2026-07-06T20:22:49Z,,,,,,3751.8
2026-07-06T20:22:49Z,,,,,,3753.8
2026-07-06T20:22:49Z,,,,,,3757.7
2026-07-06T20:22:49Z,,,,,,3755.7
2026-07-06T20:22:49Z,,,,,,3748.9
2026-07-06T20:22:49Z,,,,,,3745.6
2026-07-06T20:22:49Z,,,,,,3744.9
2026-07-06T20:22:49Z,51.556969,-0.072961,23.8,8,1,3741.1
2026-07-06T20:22:49Z,,,,,,3736.8
2026-07-06T20:22:49Z,,,,,,3735.1
2026-07-06T20:22:50Z,,,,,,3732.9
2026-07-06T20:22:50Z,,,,,,3727.0
2026-07-06T20:22:50Z,,,,,,3721.1
2026-07-06T20:22:50Z,,,,,,3718.8
2026-07-06T20:22:50Z,,,,,,3716.6
2026-07-06T20:22:50Z,,,,,,3711.6
2026-07-06T20:22:50Z,,,,,,3703.8
2026-07-06T20:22:50Z,51.556969,-0.072962,23.6,8,1,3697.8
2026-07-06T20:22:50Z,,,,,,3693.6
2026-07-06T20:22:50Z,,,,,,3686.2
2026-07-06T20:22:51Z,,,,,,3677.7
2026-07-06T20:22:51Z,,,,,,3671.4
2026-07-06T20:22:51Z,,,,,,3665.8
2026-07-06T20:22:51Z,,,,,,3657.7
2026-07-06T20:22:51Z,,,,,,3650.3
2026-07-06T20:22:51Z,,,,,,3645.0
2026-07-06T20:22:51Z,,,,,,3638.3
2026-07-06T20:22:51Z,51.556969,-0.072962,23.4,8,1,3630.7
2026-07-06T20:22:51Z,,,,,,3623.8
2026-07-06T20:22:51Z,,,,,,3619.1
2026-07-06T20:22:52Z,,,,,,3615.4
2026-07-06T20:22:52Z,,,,,,3610.8
2026-07-06T20:22:52Z,,,,,,3608.0
2026-07-06T20:22:52Z,,,,,,3607.9
2026-07-06T20:22:52Z,,,,,,3606.1
2026-07-06T20:22:52Z,,,,,,3602.0
2026-07-06T20:22:52Z,,,,,,3599.0
2026-07-06T20:22:52Z,51.556969,-0.072962,23.4,8,1,3597.7
2026-07-06T20:22:52Z,,,,,,3595.6
2026-07-06T20:22:52Z,,,,,,3591.7
2026-07-06T20:22:53Z,,,,,,3590.4
2026-07-06T20:22:53Z,,,,,,3592.1
2026-07-06T20:22:53Z,,,,,,3591.4
2026-07-06T20:22:53Z,,,,,,3587.4
2026-07-06T20:22:53Z,,,,,,3584.3
2026-07-06T20:22:53Z,,,,,,3583.7
2026-07-06T20:22:53Z,,,,,,3580.3
2026-07-06T20:22:53Z,51.556969,-0.072961,23.4,8,1,3575.2
2026-07-06T20:22:53Z,,,,,,3572.9
2026-07-06T20:22:53Z,,,,,,3571.9
2026-07-06T20:22:54Z,,,,,,3570.7
2026-07-06T20:22:54Z,,,,,,3568.8
2026-07-06T20:22:54Z,,,,,,3568.1
2026-07-06T20:22:54Z,,,,,,3567.3
2026-07-06T20:22:54Z,,,,,,3562.3
2026-07-06T20:22:54Z,,,,,,3558.4
2026-07-06T20:22:54Z,,,,,,3555.2
2026-07-06T20:22:54Z,51.556969,-0.072962,23.3,8,1,3551.5
2026-07-06T20:22:54Z,,,,,,3548.6
2026-07-06T20:22:54Z,,,,,,3540.4
2026-07-06T20:22:55Z,,,,,,3529.7
2026-07-06T20:22:55Z,,,,,,3524.2
2026-07-06T20:22:55Z,,,,,,3521.0
2026-07-06T20:22:55Z,,,,,,3511.8
2026-07-06T20:22:55Z,,,,,,3499.7
2026-07-06T20:22:55Z,,,,,,3491.8
2026-07-06T20:22:55Z,,,,,,3485.8
2026-07-06T20:22:55Z,51.556969,-0.072959,23.2,8,1,3479.9
2026-07-06T20:22:55Z,,,,,,3473.5
2026-07-06T20:22:55Z,,,,,,3468.0
2026-07-06T20:22:56Z,,,,,,3463.7
2026-07-06T20:22:56Z,,,,,,3460.3
2026-07-06T20:22:56Z,,,,,,3457.6
2026-07-06T20:22:56Z,,,,,,3454.6
2026-07-06T20:22:56Z,,,,,,3453.0
2026-07-06T20:22:56Z,,,,,,3453.3
2026-07-06T20:22:56Z,,,,,,3454.4
2026-07-06T20:22:56Z,51.556969,-0.072957,23.1,8,1,3454.3
2026-07-06T20:22:56Z,,,,,,3453.9
2026-07-06T20:22:56Z,,,,,,3455.9
2026-07-06T20:22:57Z,,,,,,3457.4
2026-07-06T20:22:57Z,,,,,,3455.6
2026-07-06T20:22:57Z,,,,,,3453.0
2026-07-06T20:22:57Z,,,,,,3452.0
2026-07-06T20:22:57Z,,,,,,3451.4
2026-07-06T20:22:57Z,,,,,,3449.6
2026-07-06T20:22:57Z,,,,,,3446.8
2026-07-06T20:22:57Z,51.556969,-0.072957,23.0,8,1,3444.4
2026-07-06T20:22:57Z,,,,,,3442.0
2026-07-06T20:22:57Z,,,,,,3439.5
2026-07-06T20:22:58Z,,,,,,3438.2
2026-07-06T20:22:58Z,,,,,,3437.2
2026-07-06T20:22:58Z,,,,,,3438.5
2026-07-06T20:22:58Z,,,,,,3441.0
2026-07-06T20:22:58Z,,,,,,3441.8
2026-07-06T20:22:58Z,,,,,,3442.8
2026-07-06T20:22:58Z,,,,,,3445.0
2026-07-06T20:22:58Z,51.556969,-0.072955,22.9,8,1,3447.3
2026-07-06T20:22:58Z,,,,,,3448.6
2026-07-06T20:22:58Z,,,,,,3452.2
2026-07-06T20:22:59Z,,,,,,3454.3
2026-07-06T20:22:59Z,,,,,,3453.5
2026-07-06T20:22:59Z,,,,,,3454.3
2026-07-06T20:22:59Z,,,,,,3455.5
2026-07-06T20:22:59Z,,,,,,3451.5
2026-07-06T20:22:59Z,,,,,,3444.3
2026-07-06T20:22:59Z,,,,,,3444.0
2026-07-06T20:22:59Z,51.556969,-0.072954,22.9,8,1,3444.9
2026-07-06T20:22:59Z,,,,,,3439.8
2026-07-06T20:22:59Z,,,,,,3434.1
2026-07-06T20:23:00Z,,,,,,3429.7
2026-07-06T20:23:00Z,,,,,,3426.3
2026-07-06T20:23:00Z,,,,,,3421.8
2026-07-06T20:23:00Z,,,,,,3416.8
2026-07-06T20:23:00Z,,,,,,3413.2
2026-07-06T20:23:00Z,,,,,,3411.7
2026-07-06T20:23:00Z,,,,,,3407.5
2026-07-06T20:23:00Z,51.556969,-0.072952,22.7,8,1,3399.9
2026-07-06T20:23:00Z,,,,,,3391.9
2026-07-06T20:23:00Z,,,,,,3386.3
2026-07-06T20:23:01Z,,,,,,3382.3
2026-07-06T20:23:01Z,,,,,,3375.5
2026-07-06T20:23:01Z,,,,,,3370.9
2026-07-06T20:23:01Z,,,,,,3369.8
2026-07-06T20:23:01Z,,,,,,3366.8
2026-07-06T20:23:01Z,,,,,,3359.7
2026-07-06T20:23:01Z,,,,,,3356.7
2026-07-06T20:23:01Z,51.556969,-0.072951,22.6,8,1,3357.2
2026-07-06T20:23:01Z,,,,,,3354.3
2026-07-06T20:23:01Z,,,,,,3348.5
2026-07-06T20:23:02Z,,,,,,3345.2
2026-07-06T20:23:02Z,,,,,,3344.3
2026-07-06T20:23:02Z,,,,,,3340.7
2026-07-06T20:23:02Z,,,,,,3334.9
2026-07-06T20:23:02Z,,,,,,3331.8
2026-07-06T20:23:02Z,,,,,,3332.3
2026-07-06T20:23:02Z,,,,,,3333.8
2026-07-06T20:23:02Z,51.556969,-0.072951,22.5,8,1,3333.8
2026-07-06T20:23:02Z,,,,,,3332.3
2026-07-06T20:23:02Z,,,,,,3332.4
2026-07-06T20:23:03Z,,,,,,3334.7
2026-07-06T20:23:03Z,,,,,,3335.4
2026-07-06T20:23:03Z,,,,,,3336.5
2026-07-06T20:23:03Z,,,,,,3342.0
2026-07-06T20:23:03Z,,,,,,3345.9
2026-07-06T20:23:03Z,,,,,,3344.8
2026-07-06T20:23:03Z,,,,,,3346.1
2026-07-06T20:23:03Z,51.556969,-0.072951,22.4,8,1,3349.0
2026-07-06T20:23:03Z,,,,,,3348.9
2026-07-06T20:23:03Z,,,,,,3346.8
2026-07-06T20:23:04Z,,,,,,3344.9
2026-07-06T20:23:04Z,,,,,,3344.0
2026-07-06T20:23:04Z,,,,,,3341.8
2026-07-06T20:23:04Z,,,,,,3338.0
2026-07-06T20:23:04Z,,,,,,3334.8
2026-07-06T20:23:04Z,,,,,,3332.6
2026-07-06T20:23:04Z,,,,,,3330.5
2026-07-06T20:23:04Z,51.556969,-0.072951,22.4,8,1,3327.6
2026-07-06T20:23:04Z,,,,,,3324.3
2026-07-06T20:23:04Z,,,,,,3321.0
2026-07-06T20:23:05Z,,,,,,3317.8
2026-07-06T20:23:05Z,,,,,,3315.2
2026-07-06T20:23:05Z,,,,,,3313.4
2026-07-06T20:23:05Z,,,,,,3311.4
2026-07-06T20:23:05Z,,,,,,3308.6
2026-07-06T20:23:05Z,,,,,,3305.7
2026-07-06T20:23:05Z,,,,,,3303.1
2026-07-06T20:23:05Z,51.556969,-0.072950,22.3,8,1,3301.3
2026-07-06T20:23:05Z,,,,,,3299.2
2026-07-06T20:23:05Z,,,,,,3296.0
2026-07-06T20:23:06Z,,,,,,3293.4
2026-07-06T20:23:06Z,,,,,,3290.6
2026-07-06T20:23:06Z,,,,,,3287.3
2026-07-06T20:23:06Z,,,,,,3283.9
2026-07-06T20:23:06Z,,,,,,3280.8
2026-07-06T20:23:06Z,,,,,,3278.5
2026-07-06T20:23:06Z,,,,,,3278.5
2026-07-06T20:23:06Z,51.556969,-0.072949,22.3,8,1,3280.0
2026-07-06T20:23:06Z,,,,,,3283.8
2026-07-06T20:23:06Z,,,,,,3292.7
2026-07-06T20:23:07Z,,,,,,3305.9
2026-07-06T20:23:07Z,,,,,,3319.2
2026-07-06T20:23:07Z,,,,,,3334.5
2026-07-06T20:23:07Z,,,,,,3352.1
2026-07-06T20:23:07Z,,,,,,3366.7
2026-07-06T20:23:07Z,,,,,,3379.9
2026-07-06T20:23:07Z,,,,,,3393.3
2026-07-06T20:23:07Z,51.556969,-0.072949,22.2,8,1,3406.1
2026-07-06T20:23:07Z,,,,,,3418.7
2026-07-06T20:23:07Z,,,,,,3427.2
2026-07-06T20:23:08Z,,,,,,3431.0
2026-07-06T20:23:08Z,,,,,,3431.8
2026-07-06T20:23:08Z,,,,,,3429.2
2026-07-06T20:23:08Z,,,,,,3426.5
2026-07-06T20:23:08Z,,,,,,3424.2
2026-07-06T20:23:08Z,,,,,,3420.0
2026-07-06T20:23:08Z,,,,,,3414.5
2026-07-06T20:23:08Z,51.556969,-0.072949,22.2,8,1,3407.7
2026-07-06T20:23:08Z,,,,,,3398.5
2026-07-06T20:23:08Z,,,,,,3389.2
2026-07-06T20:23:09Z,,,,,,3381.5
2026-07-06T20:23:09Z,,,,,,3374.8
2026-07-06T20:23:09Z,,,,,,3367.9
2026-07-06T20:23:09Z,,,,,,3361.3
2026-07-06T20:23:09Z,,,,,,3355.2
2026-07-06T20:23:09Z,,,,,,3348.8
2026-07-06T20:23:09Z,,,,,,3342.3
2026-07-06T20:23:09Z,51.556969,-0.072949,22.2,8,1,3337.4
2026-07-06T20:23:09Z,,,,,,3331.4
2026-07-06T20:23:09Z,,,,,,3323.8
2026-07-06T20:23:10Z,,,,,,3317.9
2026-07-06T20:23:10Z,,,,,,3312.1
2026-07-06T20:23:10Z,,,,,,3307.2
2026-07-06T20:23:10Z,,,,,,3302.7
2026-07-06T20:23:10Z,,,,,,3297.6
2026-07-06T20:23:10Z,,,,,,3293.0
2026-07-06T20:23:10Z,,,,,,3288.8
2026-07-06T20:23:10Z,51.556965,-0.072949,22.1,8,1,3285.3
2026-07-06T20:23:10Z,,,,,,3281.9
2026-07-06T20:23:10Z,,,,,,3279.8
2026-07-06T20:23:11Z,,,,,,3279.4
2026-07-06T20:23:11Z,,,,,,3279.5
2026-07-06T20:23:11Z,,,,,,3281.0
2026-07-06T20:23:11Z,,,,,,3283.5
2026-07-06T20:23:11Z,,,,,,3286.7
2026-07-06T20:23:11Z,,,,,,3290.2
2026-07-06T20:23:11Z,,,,,,3294.3
2026-07-06T20:23:11Z,51.556965,-0.072948,22.1,9,1,3299.4
2026-07-06T20:23:11Z,,,,,,3304.0
2026-07-06T20:23:11Z,,,,,,3307.8
2026-07-06T20:23:12Z,,,,,,3309.7
2026-07-06T20:23:12Z,,,,,,3310.1
2026-07-06T20:23:12Z,,,,,,3310.4
2026-07-06T20:23:12Z,,,,,,3310.6
2026-07-06T20:23:12Z,,,,,,3309.7
2026-07-06T20:23:12Z,,,,,,3308.4
2026-07-06T20:23:12Z,,,,,,3306.9
2026-07-06T20:23:12Z,51.556965,-0.072947,22.1,9,1,3303.8
2026-07-06T20:23:12Z,,,,,,3299.4
2026-07-06T20:23:12Z,,,,,,3294.9
2026-07-06T20:23:13Z,,,,,,3290.4
2026-07-06T20:23:13Z,,,,,,3285.2
2026-07-06T20:23:13Z,,,,,,3280.3
2026-07-06T20:23:13Z,,,,,,3274.9
2026-07-06T20:23:13Z,,,,,,3270.8
2026-07-06T20:23:13Z,,,,,,3267.1
2026-07-06T20:23:13Z,,,,,,3262.4
2026-07-06T20:23:13Z,51.556965,-0.072947,22.1,9,1,3260.5
2026-07-06T20:23:13Z,,,,,,3258.1
2026-07-06T20:23:13Z,,,,,,3255.5
2026-07-06T20:23:14Z,,,,,,3254.6
2026-07-06T20:23:14Z,,,,,,3253.2
2026-07-06T20:23:14Z,,,,,,3250.2
2026-07-06T20:23:14Z,,,,,,3247.9
2026-07-06T20:23:14Z,,,,,,3247.5
2026-07-06T20:23:14Z,,,,,,3246.2
2026-07-06T20:23:14Z,,,,,,3243.8
2026-07-06T20:23:14Z,51.556965,-0.072947,22.0,9,1,3241.3
2026-07-06T20:23:14Z,,,,,,3239.6
2026-07-06T20:23:14Z,,,,,,3237.7
2026-07-06T20:23:14Z,,,,,,3236.0
2026-07-06T20:23:15Z,,,,,,3235.2
2026-07-06T20:23:15Z,,,,,,3233.8
2026-07-06T20:23:15Z,,,,,,3233.1
2026-07-06T20:23:15Z,,,,,,3234.0
2026-07-06T20:23:15Z,,,,,,3233.4
2026-07-06T20:23:15Z,,,,,,3231.2
2026-07-06T20:23:15Z,51.556965,-0.072946,22.0,10,1,3232.6
2026-07-06T20:23:15Z,,,,,,3235.6
2026-07-06T20:23:15Z,,,,,,3238.6
2026-07-06T20:23:16Z,,,,,,3250.6
2026-07-06T20:23:16Z,,,,,,3266.5
2026-07-06T20:23:16Z,,,,,,3279.9
2026-07-06T20:23:16Z,,,,,,3297.7
2026-07-06T20:23:16Z,,,,,,3314.9
2026-07-06T20:23:16Z,,,,,,3330.5
2026-07-06T20:23:16Z,,,,,,3347.3
2026-07-06T20:23:16Z,51.556965,-0.072946,22.0,10,1,3364.1
2026-07-06T20:23:16Z,,,,,,3388.0
2026-07-06T20:23:16Z,,,,,,3411.0
2026-07-06T20:23:17Z,,,,,,3429.7
2026-07-06T20:23:17Z,,,,,,3450.5
2026-07-06T20:23:17Z,,,,,,3468.7
2026-07-06T20:23:17Z,,,,,,3486.3
2026-07-06T20:23:17Z,,,,,,3510.4
2026-07-06T20:23:17Z,,,,,,3543.2
2026-07-06T20:23:17Z,,,,,,3577.9
2026-07-06T20:23:17Z,51.556965,-0.072945,21.9,10,1,3609.3
2026-07-06T20:23:17Z,,,,,,3643.4
2026-07-06T20:23:17Z,,,,,,3682.6
2026-07-06T20:23:18Z,,,,,,3723.4
2026-07-06T20:23:18Z,,,,,,3765.2
2026-07-06T20:23:18Z,,,,,,3802.4
2026-07-06T20:23:18Z,,,,,,3840.9
2026-07-06T20:23:18Z,,,,,,3882.5
2026-07-06T20:23:18Z,,,,,,3921.6
2026-07-06T20:23:18Z,,,,,,3957.3
2026-07-06T20:23:18Z,51.556957,-0.072946,21.8,10,1,3988.6
2026-07-06T20:23:18Z,,,,,,4010.3
2026-07-06T20:23:18Z,,,,,,4026.7
2026-07-06T20:23:19Z,,,,,,4044.0
2026-07-06T20:23:19Z,,,,,,4056.8
2026-07-06T20:23:19Z,,,,,,4070.5
2026-07-06T20:23:19Z,,,,,,4086.3
2026-07-06T20:23:19Z,,,,,,4099.9
2026-07-06T20:23:19Z,,,,,,4098.8
2026-07-06T20:23:19Z,,,,,,4090.3
2026-07-06T20:23:19Z,51.556953,-0.072944,21.7,10,1,4092.0
2026-07-06T20:23:19Z,,,,,,4089.9
2026-07-06T20:23:19Z,,,,,,4075.2
2026-07-06T20:23:20Z,,,,,,4066.3
2026-07-06T20:23:20Z,,,,,,4059.9
2026-07-06T20:23:20Z,,,,,,4048.2
2026-07-06T20:23:20Z,,,,,,4036.5
2026-07-06T20:23:20Z,,,,,,4025.5
2026-07-06T20:23:20Z,,,,,,4017.7
2026-07-06T20:23:20Z,,,,,,4007.7
2026-07-06T20:23:20Z,51.556953,-0.072943,21.6,10,1,3999.3
2026-07-06T20:23:20Z,,,,,,3991.6
2026-07-06T20:23:20Z,,,,,,3976.7
2026-07-06T20:23:21Z,,,,,,3962.6
2026-07-06T20:23:21Z,,,,,,3949.1
2026-07-06T20:23:21Z,,,,,,3938.5
2026-07-06T20:23:21Z,,,,,,3931.3
2026-07-06T20:23:21Z,,,,,,3922.2
2026-07-06T20:23:21Z,,,,,,3914.7
2026-07-06T20:23:21Z,,,,,,3906.4
2026-07-06T20:23:21Z,51.556953,-0.072941,21.7,10,1,3896.1
2026-07-06T20:23:21Z,,,,,,3888.7
2026-07-06T20:23:21Z,,,,,,3879.0
2026-07-06T20:23:22Z,,,,,,3870.2
2026-07-06T20:23:22Z,,,,,,3861.0
2026-07-06T20:23:22Z,,,,,,3847.8
2026-07-06T20:23:22Z,,,,,,3839.8
2026-07-06T20:23:22Z,,,,,,3835.1
2026-07-06T20:23:22Z,,,,,,3826.0
2026-07-06T20:23:22Z,,,,,,3811.7
2026-07-06T20:23:22Z,51.556953,-0.072941,21.6,10,1,3792.7
2026-07-06T20:23:22Z,,,,,,3770.3
2026-07-06T20:23:22Z,,,,,,3752.8
2026-07-06T20:23:23Z,,,,,,3744.9
2026-07-06T20:23:23Z,,,,,,3738.5
2026-07-06T20:23:23Z,,,,,,3730.8
2026-07-06T20:23:23Z,,,,,,3721.6
2026-07-06T20:23:23Z,,,,,,3711.7
2026-07-06T20:23:23Z,,,,,,3701.7
2026-07-06T20:23:23Z,,,,,,3693.5
2026-07-06T20:23:23Z,51.556953,-0.072940,21.7,10,1,3686.4
2026-07-06T20:23:23Z,,,,,,3676.9
2026-07-06T20:23:23Z,,,,,,3666.0
2026-07-06T20:23:24Z,,,,,,3654.8
2026-07-06T20:23:24Z,,,,,,3642.0
2026-07-06T20:23:24Z,,,,,,3628.5
2026-07-06T20:23:24Z,,,,,,3617.6
2026-07-06T20:23:24Z,,,,,,3610.0
2026-07-06T20:23:24Z,,,,,,3604.1
2026-07-06T20:23:24Z,,,,,,3600.1
2026-07-06T20:23:24Z,51.556953,-0.072940,21.7,10,1,3599.2
2026-07-06T20:23:24Z,,,,,,3600.0
2026-07-06T20:23:24Z,,,,,,3605.4
2026-07-06T20:23:25Z,,,,,,3614.7
2026-07-06T20:23:25Z,,,,,,3621.2
2026-07-06T20:23:25Z,,,,,,3625.4
2026-07-06T20:23:25Z,,,,,,3629.4
2026-07-06T20:23:25Z,,,,,,3632.8
2026-07-06T20:23:25Z,,,,,,3634.3
2026-07-06T20:23:25Z,,,,,,3634.5
2026-07-06T20:23:25Z,51.556953,-0.072938,21.7,10,1,3633.4
2026-07-06T20:23:25Z,,,,,,3630.7
2026-07-06T20:23:25Z,,,,,,3627.0
2026-07-06T20:23:26Z,,,,,,3622.4
2026-07-06T20:23:26Z,,,,,,3616.5
2026-07-06T20:23:26Z,,,,,,3609.6
2026-07-06T20:23:26Z,,,,,,3602.1
2026-07-06T20:23:26Z,,,,,,3593.5
2026-07-06T20:23:26Z,,,,,,3584.2
2026-07-06T20:23:26Z,,,,,,3574.7
2026-07-06T20:23:26Z,51.556953,-0.072938,21.7,10,1,3564.8
2026-07-06T20:23:26Z,,,,,,3555.2
2026-07-06T20:23:26Z,,,,,,3546.1
2026-07-06T20:23:26Z,,,,,,3535.7
2026-07-06T20:23:27Z,,,,,,3526.1
2026-07-06T20:23:27Z,,,,,,3517.9
2026-07-06T20:23:27Z,,,,,,3510.3
2026-07-06T20:23:27Z,,,,,,3502.3
2026-07-06T20:23:27Z,,,,,,3494.6
2026-07-06T20:23:27Z,,,,,,3488.4
2026-07-06T20:23:27Z,51.556953,-0.072939,21.7,10,1,3481.9
2026-07-06T20:23:27Z,,,,,,3475.0
2026-07-06T20:23:27Z,,,,,,3469.4
2026-07-06T20:23:28Z,,,,,,3462.3
2026-07-06T20:23:28Z,,,,,,3453.8
2026-07-06T20:23:28Z,,,,,,3445.9
2026-07-06T20:23:28Z,,,,,,3439.8
2026-07-06T20:23:28Z,,,,,,3436.2
2026-07-06T20:23:28Z,,,,,,3432.0
2026-07-06T20:23:28Z,,,,,,3430.1
2026-07-06T20:23:28Z,51.556953,-0.072938,21.7,10,1,3430.4
2026-07-06T20:23:28Z,,,,,,3430.0
2026-07-06T20:23:28Z,,,,,,3430.9
2026-07-06T20:23:29Z,,,,,,3431.2
2026-07-06T20:23:29Z,,,,,,3432.6
2026-07-06T20:23:29Z,,,,,,3436.0
2026-07-06T20:23:29Z,,,,,,3439.8
2026-07-06T20:23:29Z,,,,,,3444.8
2026-07-06T20:23:29Z,,,,,,3451.4
2026-07-06T20:23:29Z,,,,,,3461.6
2026-07-06T20:23:29Z,51.556953,-0.072937,21.7,10,1,3473.7
2026-07-06T20:23:29Z,,,,,,3485.2
2026-07-06T20:23:29Z,,,,,,3498.6
2026-07-06T20:23:30Z,,,,,,3513.1
2026-07-06T20:23:30Z,,,,,,3526.2
2026-07-06T20:23:30Z,,,,,,3538.0
2026-07-06T20:23:30Z,,,,,,3549.2
2026-07-06T20:23:30Z,,,,,,3559.9
2026-07-06T20:23:30Z,,,,,,3568.7
2026-07-06T20:23:30Z,,,,,,3576.0
2026-07-06T20:23:30Z,51.556957,-0.072937,21.7,10,1,3582.5
2026-07-06T20:23:30Z,,,,,,3588.2
2026-07-06T20:23:30Z,,,,,,3593.9
2026-07-06T20:23:31Z,,,,,,3602.1
2026-07-06T20:23:31Z,,,,,,3615.2
2026-07-06T20:23:31Z,,,,,,3630.0
2026-07-06T20:23:31Z,,,,,,3643.9
2026-07-06T20:23:31Z,,,,,,3657.3
2026-07-06T20:23:31Z,,,,,,3670.3
2026-07-06T20:23:31Z,,,,,,3682.1
2026-07-06T20:23:31Z,51.556957,-0.072937,21.7,10,1,3689.7
2026-07-06T20:23:31Z,,,,,,3695.1
2026-07-06T20:23:31Z,,,,,,3700.3
2026-07-06T20:23:32Z,,,,,,3703.7
2026-07-06T20:23:32Z,,,,,,3704.1
2026-07-06T20:23:32Z,,,,,,3701.8
2026-07-06T20:23:32Z,,,,,,3698.0
2026-07-06T20:23:32Z,,,,,,3691.6
2026-07-06T20:23:32Z,,,,,,3683.2
2026-07-06T20:23:32Z,,,,,,3675.2
2026-07-06T20:23:32Z,51.556957,-0.072937,21.7,10,1,3667.6
2026-07-06T20:23:32Z,,,,,,3659.8
2026-07-06T20:23:32Z,,,,,,3654.9
2026-07-06T20:23:33Z,,,,,,3655.2
2026-07-06T20:23:33Z,,,,,,3656.7
2026-07-06T20:23:33Z,,,,,,3659.2
2026-07-06T20:23:33Z,,,,,,3667.5
2026-07-06T20:23:33Z,,,,,,3680.1
2026-07-06T20:23:33Z,,,,,,3696.3
2026-07-06T20:23:33Z,,,,,,3718.5
2026-07-06T20:23:33Z,51.556957,-0.072938,21.7,10,1,3745.0
2026-07-06T20:23:33Z,,,,,,3773.0
2026-07-06T20:23:33Z,,,,,,3801.0
2026-07-06T20:23:34Z,,,,,,3827.9
2026-07-06T20:23:34Z,,,,,,3852.0
2026-07-06T20:23:34Z,,,,,,3871.0
2026-07-06T20:23:34Z,,,,,,3885.9
2026-07-06T20:23:34Z,,,,,,3898.1
2026-07-06T20:23:34Z,,,,,,3908.7
2026-07-06T20:23:34Z,,,,,,3916.5
2026-07-06T20:23:34Z,51.556957,-0.072939,21.6,10,1,3918.6
2026-07-06T20:23:34Z,,,,,,3917.9
2026-07-06T20:23:34Z,,,,,,3918.6
2026-07-06T20:23:35Z,,,,,,3917.8
2026-07-06T20:23:35Z,,,,,,3913.4
2026-07-06T20:23:35Z,,,,,,3906.9
2026-07-06T20:23:35Z,,,,,,3899.6
2026-07-06T20:23:35Z,,,,,,3888.9
2026-07-06T20:23:35Z,,,,,,3876.8
2026-07-06T20:23:35Z,,,,,,3866.3
2026-07-06T20:23:35Z,51.556957,-0.072939,21.6,10,1,3855.4
2026-07-06T20:23:35Z,,,,,,3842.4
2026-07-06T20:23:35Z,,,,,,3828.8
2026-07-06T20:23:36Z,,,,,,3815.1
2026-07-06T20:23:36Z,,,,,,3801.2
2026-07-06T20:23:36Z,,,,,,3785.1
2026-07-06T20:23:36Z,,,,,,3769.1
2026-07-06T20:23:36Z,,,,,,3753.8
2026-07-06T20:23:36Z,,,,,,3738.1
2026-07-06T20:23:36Z,,,,,,3723.3
2026-07-06T20:23:36Z,51.556957,-0.072940,21.6,10,1,3709.5
2026-07-06T20:23:36Z,,,,,,3694.4
2026-07-06T20:23:36Z,,,,,,3678.0
2026-07-06T20:23:37Z,,,,,,3663.8
2026-07-06T20:23:37Z,,,,,,3652.3
2026-07-06T20:23:37Z,,,,,,3641.9
2026-07-06T20:23:37Z,,,,,,3631.8
2026-07-06T20:23:37Z,,,,,,3622.8
2026-07-06T20:23:37Z,,,,,,3613.3
2026-07-06T20:23:37Z,,,,,,3603.0
2026-07-06T20:23:37Z,51.556957,-0.072940,21.6,10,1,3594.5
2026-07-06T20:23:37Z,,,,,,3587.8
2026-07-06T20:23:37Z,,,,,,3581.8
2026-07-06T20:23:38Z,,,,,,3577.1
2026-07-06T20:23:38Z,,,,,,3573.7
2026-07-06T20:23:38Z,,,,,,3570.9
2026-07-06T20:23:38Z,,,,,,3567.3
2026-07-06T20:23:38Z,,,,,,3565.3
2026-07-06T20:23:38Z,,,,,,3565.6
2026-07-06T20:23:38Z,,,,,,3567.7
2026-07-06T20:23:38Z,51.556957,-0.072941,21.6,10,1,3573.0
2026-07-06T20:23:38Z,,,,,,3581.8
2026-07-06T20:23:38Z,,,,,,3593.1
2026-07-06T20:23:39Z,,,,,,3606.5
2026-07-06T20:23:39Z,,,,,,3623.5
2026-07-06T20:23:39Z,,,,,,3643.4
2026-07-06T20:23:39Z,,,,,,3661.8
2026-07-06T20:23:39Z,,,,,,3678.4
2026-07-06T20:23:39Z,,,,,,3694.0
2026-07-06T20:23:39Z,,,,,,3707.5
2026-07-06T20:23:39Z,51.556957,-0.072942,21.6,10,1,3716.6
2026-07-06T20:23:39Z,,,,,,3723.1
2026-07-06T20:23:39Z,,,,,,3727.6
2026-07-06T20:23:40Z,,,,,,3727.8
2026-07-06T20:23:40Z,,,,,,3726.7
2026-07-06T20:23:40Z,,,,,,3726.3
2026-07-06T20:23:40Z,,,,,,3721.8
2026-07-06T20:23:40Z,,,,,,3715.3
2026-07-06T20:23:40Z,,,,,,3710.9
2026-07-06T20:23:40Z,,,,,,3705.7
2026-07-06T20:23:40Z,51.556957,-0.072943,21.6,10,1,3699.7
2026-07-06T20:23:40Z,,,,,,3694.9
2026-07-06T20:23:40Z,,,,,,3690.6
2026-07-06T20:23:41Z,,,,,,3684.0
2026-07-06T20:23:41Z,,,,,,3676.8
2026-07-06T20:23:41Z,,,,,,3672.4
2026-07-06T20:23:41Z,,,,,,3666.2
2026-07-06T20:23:41Z,,,,,,3656.7
2026-07-06T20:23:41Z,,,,,,3650.6
2026-07-06T20:23:41Z,,,,,,3645.3
2026-07-06T20:23:41Z,51.556957,-0.072943,21.7,12,1,3636.8
2026-07-06T20:23:41Z,,,,,,3629.0
2026-07-06T20:23:41Z,,,,,,3625.9
2026-07-06T20:23:42Z,,,,,,3622.4
2026-07-06T20:23:42Z,,,,,,3617.0
2026-07-06T20:23:42Z,,,,,,3616.7
2026-07-06T20:23:42Z,,,,,,3616.5
2026-07-06T20:23:42Z,,,,,,3612.1
2026-07-06T20:23:42Z,,,,,,3609.0
2026-07-06T20:23:42Z,,,,,,3605.9
2026-07-06T20:23:42Z,51.556953,-0.072943,21.7,12,1,3600.5
2026-07-06T20:23:42Z,,,,,,3596.2
2026-07-06T20:23:42Z,,,,,,3591.9
2026-07-06T20:23:43Z,,,,,,3585.4
2026-07-06T20:23:43Z,,,,,,3579.1
2026-07-06T20:23:43Z,,,,,,3575.0
2026-07-06T20:23:43Z,,,,,,3570.3
2026-07-06T20:23:43Z,,,,,,3564.6
2026-07-06T20:23:43Z,,,,,,3561.7
2026-07-06T20:23:43Z,,,,,,3557.5
2026-07-06T20:23:43Z,51.556953,-0.072944,21.7,12,1,3549.6
2026-07-06T20:23:43Z,,,,,,3544.4
2026-07-06T20:23:43Z,,,,,,3542.7
2026-07-06T20:23:44Z,,,,,,3539.7
2026-07-06T20:23:44Z,,,,,,3538.2
2026-07-06T20:23:44Z,,,,,,3539.7
2026-07-06T20:23:44Z,,,,,,3541.2
2026-07-06T20:23:44Z,,,,,,3542.7
2026-07-06T20:23:44Z,,,,,,3544.6
2026-07-06T20:23:44Z,,,,,,3546.4
2026-07-06T20:23:44Z,51.556953,-0.072944,21.7,12,1,3547.9
2026-07-06T20:23:44Z,,,,,,3549.4
2026-07-06T20:23:44Z,,,,,,3550.3
2026-07-06T20:23:45Z,,,,,,3550.3
2026-07-06T20:23:45Z,,,,,,3550.7
2026-07-06T20:23:45Z,,,,,,3551.1
2026-07-06T20:23:45Z,,,,,,3550.7
2026-07-06T20:23:45Z,,,,,,3550.2
2026-07-06T20:23:45Z,,,,,,3549.2
2026-07-06T20:23:45Z,,,,,,3547.2
2026-07-06T20:23:45Z,51.556953,-0.072945,21.6,13,1,3544.6
2026-07-06T20:23:45Z,,,,,,3541.2
2026-07-06T20:23:45Z,,,,,,3536.8
2026-07-06T20:23:46Z,,,,,,3532.6
2026-07-06T20:23:46Z,,,,,,3528.0
2026-07-06T20:23:46Z,,,,,,3523.4
2026-07-06T20:23:46Z,,,,,,3520.5
2026-07-06T20:23:46Z,,,,,,3519.9
2026-07-06T20:23:46Z,,,,,,3521.9
2026-07-06T20:23:46Z,,,,,,3527.5
2026-07-06T20:23:46Z,51.556957,-0.072946,21.6,13,1,3536.9
2026-07-06T20:23:46Z,,,,,,3548.1
2026-07-06T20:23:46Z,,,,,,3560.0
2026-07-06T20:23:47Z,,,,,,3572.4
2026-07-06T20:23:47Z,,,,,,3584.3
2026-07-06T20:23:47Z,,,,,,3593.6
2026-07-06T20:23:47Z,,,,,,3599.8
2026-07-06T20:23:47Z,,,,,,3605.8
2026-07-06T20:23:47Z,,,,,,3611.4
2026-07-06T20:23:47Z,,,,,,3615.9
2026-07-06T20:23:47Z,51.556953,-0.072949,21.8,13,1,3620.8
2026-07-06T20:23:47Z,,,,,,3625.2
2026-07-06T20:23:47Z,,,,,,3628.6
2026-07-06T20:23:48Z,,,,,,3630.8
2026-07-06T20:23:48Z,,,,,,3632.2
2026-07-06T20:23:48Z,,,,,,3633.3
2026-07-06T20:23:48Z,,,,,,3633.8
2026-07-06T20:23:48Z,,,,,,3633.4
2026-07-06T20:23:48Z,,,,,,3631.4
2026-07-06T20:23:48Z,,,,,,3628.9
2026-07-06T20:23:48Z,51.556953,-0.072949,21.9,13,1,3626.5
2026-07-06T20:23:48Z,,,,,,3624.0
2026-07-06T20:23:48Z,,,,,,3622.9
2026-07-06T20:23:49Z,,,,,,3622.8
2026-07-06T20:23:49Z,,,,,,3623.9
2026-07-06T20:23:49Z,,,,,,3626.5
2026-07-06T20:23:49Z,,,,,,3629.8
2026-07-06T20:23:49Z,,,,,,3632.7
2026-07-06T20:23:49Z,,,,,,3634.7
2026-07-06T20:23:49Z,,,,,,3636.1
2026-07-06T20:23:49Z,51.556953,-0.072949,21.8,13,1,3638.2
2026-07-06T20:23:49Z,,,,,,3642.3
2026-07-06T20:23:49Z,,,,,,3648.1
2026-07-06T20:23:50Z,,,,,,3657.4
2026-07-06T20:23:50Z,,,,,,3667.8
2026-07-06T20:23:50Z,,,,,,3680.1
2026-07-06T20:23:50Z,,,,,,3696.8
2026-07-06T20:23:50Z,,,,,,3718.1
2026-07-06T20:23:50Z,,,,,,3745.3
2026-07-06T20:23:50Z,,,,,,3777.6
2026-07-06T20:23:50Z,51.556953,-0.072949,21.8,13,1,3812.0
2026-07-06T20:23:50Z,,,,,,3843.9
2026-07-06T20:23:50Z,,,,,,3871.1
2026-07-06T20:23:50Z,,,,,,3894.5
2026-07-06T20:23:51Z,,,,,,3913.0
2026-07-06T20:23:51Z,,,,,,3931.1
2026-07-06T20:23:51Z,,,,,,3951.1
2026-07-06T20:23:51Z,,,,,,3972.0
2026-07-06T20:23:51Z,,,,,,3990.3
2026-07-06T20:23:51Z,,,,,,4005.6
2026-07-06T20:23:51Z,51.556957,-0.072944,21.4,13,1,4020.7
2026-07-06T20:23:51Z,,,,,,4032.5
2026-07-06T20:23:51Z,,,,,,4038.1
2026-07-06T20:23:52Z,,,,,,4038.8
2026-07-06T20:23:52Z,,,,,,4038.3
2026-07-06T20:23:52Z,,,,,,4039.7
2026-07-06T20:23:52Z,,,,,,4038.4
2026-07-06T20:23:52Z,,,,,,4031.8
2026-07-06T20:23:52Z,,,,,,4020.4
2026-07-06T20:23:52Z,,,,,,4007.9
2026-07-06T20:23:52Z,51.556957,-0.072944,21.4,13,1,3995.9
2026-07-06T20:23:52Z,,,,,,3980.5
2026-07-06T20:23:52Z,,,,,,3962.4
2026-07-06T20:23:53Z,,,,,,3945.3
2026-07-06T20:23:53Z,,,,,,3928.4
2026-07-06T20:23:53Z,,,,,,3909.6
2026-07-06T20:23:53Z,,,,,,3890.4
2026-07-06T20:23:53Z,,,,,,3872.6
2026-07-06T20:23:53Z,,,,,,3855.6
2026-07-06T20:23:53Z,,,,,,3838.5
2026-07-06T20:23:53Z,51.556957,-0.072944,21.4,13,1,3822.1
2026-07-06T20:23:53Z,,,,,,3807.5
2026-07-06T20:23:53Z,,,,,,3793.7
2026-07-06T20:23:54Z,,,,,,3780.8
2026-07-06T20:23:54Z,,,,,,3769.0
2026-07-06T20:23:54Z,,,,,,3756.5
2026-07-06T20:23:54Z,,,,,,3743.1
2026-07-06T20:23:54Z,,,,,,3732.3
2026-07-06T20:23:54Z,,,,,,3723.0
2026-07-06T20:23:54Z,,,,,,3713.9
2026-07-06T20:23:54Z,51.556957,-0.072944,21.4,13,1,3704.6
2026-07-06T20:23:54Z,,,,,,3696.6
2026-07-06T20:23:54Z,,,,,,3688.5
2026-07-06T20:23:55Z,,,,,,3679.6
2026-07-06T20:23:55Z,,,,,,3671.4
2026-07-06T20:23:55Z,,,,,,3663.5
2026-07-06T20:23:55Z,,,,,,3655.9
2026-07-06T20:23:55Z,,,,,,3649.1
2026-07-06T20:23:55Z,,,,,,3642.6
2026-07-06T20:23:55Z,,,,,,3635.3
2026-07-06T20:23:55Z,51.556957,-0.072944,21.4,13,1,3628.4
2026-07-06T20:23:55Z,,,,,,3622.5
2026-07-06T20:23:55Z,,,,,,3618.0
2026-07-06T20:23:56Z,,,,,,3614.1
2026-07-06T20:23:56Z,,,,,,3609.9
2026-07-06T20:23:56Z,,,,,,3605.8
2026-07-06T20:23:56Z,,,,,,3602.3
2026-07-06T20:23:56Z,,,,,,3598.5
2026-07-06T20:23:56Z,,,,,,3595.0
2026-07-06T20:23:56Z,,,,,,3592.2
2026-07-06T20:23:56Z,51.556957,-0.072944,21.3,13,1,3589.2
2026-07-06T20:23:56Z,,,,,,3586.3
2026-07-06T20:23:56Z,,,,,,3583.8
2026-07-06T20:23:57Z,,,,,,3581.2
2026-07-06T20:23:57Z,,,,,,3579.4
2026-07-06T20:23:57Z,,,,,,3579.5
2026-07-06T20:23:57Z,,,,,,3582.4
2026-07-06T20:23:57Z,,,,,,3587.7
2026-07-06T20:23:57Z,,,,,,3595.3
2026-07-06T20:23:57Z,,,,,,3605.0
2026-07-06T20:23:57Z,51.556957,-0.072944,21.3,13,1,3615.7
2026-07-06T20:23:57Z,,,,,,3625.3
2026-07-06T20:23:57Z,,,,,,3633.7
2026-07-06T20:23:58Z,,,,,,3641.1
2026-07-06T20:23:58Z,,,,,,3647.2
2026-07-06T20:23:58Z,,,,,,3652.5
2026-07-06T20:23:58Z,,,,,,3656.3
2026-07-06T20:23:58Z,,,,,,3656.3
2026-07-06T20:23:58Z,,,,,,3653.8
2026-07-06T20:23:58Z,,,,,,3650.6
2026-07-06T20:23:58Z,51.556957,-0.072944,21.3,13,1,3646.7
2026-07-06T20:23:58Z,,,,,,3642.1
2026-07-06T20:23:58Z,,,,,,3635.0
2026-07-06T20:23:59Z,,,,,,3625.4
2026-07-06T20:23:59Z,,,,,,3614.4
2026-07-06T20:23:59Z,,,,,,3602.9
2026-07-06T20:23:59Z,,,,,,3594.1
2026-07-06T20:23:59Z,,,,,,3588.0
2026-07-06T20:23:59Z,,,,,,3584.7
2026-07-06T20:23:59Z,,,,,,3582.2
2026-07-06T20:23:59Z,51.556961,-0.072937,21.1,13,1,3578.9
2026-07-06T20:23:59Z,,,,,,3577.4
2026-07-06T20:23:59Z,,,,,,3575.4
2026-07-06T20:24:00Z,,,,,,3574.3
2026-07-06T20:24:00Z,,,,,,3576.2
2026-07-06T20:24:00Z,,,,,,3576.8
2026-07-06T20:24:00Z,,,,,,3574.6
2026-07-06T20:24:00Z,,,,,,3572.9
2026-07-06T20:24:00Z,,,,,,3571.8
2026-07-06T20:24:00Z,,,,,,3573.4
2026-07-06T20:24:00Z,51.556965,-0.072930,21.3,13,1,3576.6
2026-07-06T20:24:00Z,,,,,,3578.0
2026-07-06T20:24:00Z,,,,,,3581.9
2026-07-06T20:24:01Z,,,,,,3585.6
2026-07-06T20:24:01Z,,,,,,3584.1
2026-07-06T20:24:01Z,,,,,,3581.2
2026-07-06T20:24:01Z,,,,,,3581.9
2026-07-06T20:24:01Z,,,,,,3584.5
2026-07-06T20:24:01Z,,,,,,3582.3
2026-07-06T20:24:01Z,,,,,,3576.5
2026-07-06T20:24:01Z,51.556969,-0.072925,21.4,13,1,3574.7
2026-07-06T20:24:01Z,,,,,,3580.6
2026-07-06T20:24:01Z,,,,,,3587.2
2026-07-06T20:24:02Z,,,,,,3589.9
2026-07-06T20:24:02Z,,,,,,3588.1
2026-07-06T20:24:02Z,,,,,,3579.3
2026-07-06T20:24:02Z,,,,,,3569.2
2026-07-06T20:24:02Z,,,,,,3561.1
2026-07-06T20:24:02Z,,,,,,3556.4
2026-07-06T20:24:02Z,,,,,,3555.2
2026-07-06T20:24:02Z,51.556973,-0.072917,21.1,13,1,3549.6
2026-07-06T20:24:02Z,,,,,,3538.1
2026-07-06T20:24:02Z,,,,,,3529.3
2026-07-06T20:24:03Z,,,,,,3524.1
2026-07-06T20:24:03Z,,,,,,3520.2
2026-07-06T20:24:03Z,,,,,,3517.4
2026-07-06T20:24:03Z,,,,,,3515.7
2026-07-06T20:24:03Z,,,,,,3511.8
2026-07-06T20:24:03Z,,,,,,3501.8
2026-07-06T20:24:03Z,,,,,,3489.8
2026-07-06T20:24:03Z,51.556973,-0.072909,20.7,13,1,3483.0
2026-07-06T20:24:03Z,,,,,,3478.0
2026-07-06T20:24:03Z,,,,,,3471.7
2026-07-06T20:24:03Z,,,,,,3465.2
2026-07-06T20:24:04Z,,,,,,3457.1
2026-07-06T20:24:04Z,,,,,,3449.4
2026-07-06T20:24:04Z,,,,,,3437.4
2026-07-06T20:24:04Z,,,,,,3418.2
2026-07-06T20:24:04Z,,,,,,3407.1
2026-07-06T20:24:04Z,,,,,,3410.1
2026-07-06T20:24:04Z,51.556976,-0.072901,20.2,13,1,3402.8
2026-07-06T20:24:04Z,,,,,,3392.8
2026-07-06T20:24:04Z,,,,,,3390.5
2026-07-06T20:24:04Z,,,,,,3381.3
2026-07-06T20:24:05Z,,,,,,3371.4
2026-07-06T20:24:05Z,,,,,,3363.3
2026-07-06T20:24:05Z,,,,,,3355.6
2026-07-06T20:24:05Z,,,,,,3351.6
2026-07-06T20:24:05Z,,,,,,3353.0
2026-07-06T20:24:05Z,,,,,,3355.9
2026-07-06T20:24:05Z,51.556980,-0.072885,21.2,13,1,3354.7
2026-07-06T20:24:05Z,,,,,,3350.0
2026-07-06T20:24:05Z,,,,,,3345.6
2026-07-06T20:24:05Z,,,,,,3338.7
2026-07-06T20:24:06Z,,,,,,3332.8
2026-07-06T20:24:06Z,,,,,,3329.3
2026-07-06T20:24:06Z,,,,,,3327.2
2026-07-06T20:24:06Z,,,,,,3325.5
2026-07-06T20:24:06Z,,,,,,3325.6
2026-07-06T20:24:06Z,,,,,,3325.7
2026-07-06T20:24:06Z,51.556980,-0.072872,21.7,13,1,3321.9
2026-07-06T20:24:06Z,,,,,,3318.4
2026-07-06T20:24:06Z,,,,,,3314.2
2026-07-06T20:24:07Z,,,,,,3308.6
2026-07-06T20:24:07Z,,,,,,3305.3
2026-07-06T20:24:07Z,,,,,,3305.1
2026-07-06T20:24:07Z,,,,,,3304.6
2026-07-06T20:24:07Z,,,,,,3302.6
2026-07-06T20:24:07Z,,,,,,3298.3
2026-07-06T20:24:07Z,,,,,,3291.2
2026-07-06T20:24:07Z,51.556980,-0.072874,21.7,13,1,3284.8
2026-07-06T20:24:07Z,,,,,,3283.9
2026-07-06T20:24:07Z,,,,,,3279.1
2026-07-06T20:24:08Z,,,,,,3280.4
2026-07-06T20:24:08Z,,,,,,3286.4
2026-07-06T20:24:08Z,,,,,,3281.7
2026-07-06T20:24:08Z,,,,,,3281.0
2026-07-06T20:24:08Z,,,,,,3282.9
2026-07-06T20:24:08Z,,,,,,3281.9
2026-07-06T20:24:08Z,,,,,,3284.9
2026-07-06T20:24:08Z,51.556980,-0.072874,21.6,13,1,3293.9
2026-07-06T20:24:08Z,,,,,,3305.7
2026-07-06T20:24:08Z,,,,,,3314.7
2026-07-06T20:24:09Z,,,,,,3318.9
2026-07-06T20:24:09Z,,,,,,3324.7
2026-07-06T20:24:09Z,,,,,,3337.5
2026-07-06T20:24:09Z,,,,,,3344.5
2026-07-06T20:24:09Z,,,,,,3352.8
2026-07-06T20:24:09Z,,,,,,3365.2
2026-07-06T20:24:09Z,,,,,,3366.0
2026-07-06T20:24:09Z,51.556984,-0.072875,21.5,13,1,3363.0
2026-07-06T20:24:09Z,,,,,,3361.5
2026-07-06T20:24:09Z,,,,,,3364.1
2026-07-06T20:24:09Z,,,,,,3369.5
2026-07-06T20:24:10Z,,,,,,3371.3
2026-07-06T20:24:10Z,,,,,,3369.1
2026-07-06T20:24:10Z,,,,,,3365.3
2026-07-06T20:24:10Z,,,,,,3360.1
2026-07-06T20:24:10Z,,,,,,3355.7
2026-07-06T20:24:10Z,,,,,,3360.5
2026-07-06T20:24:10Z,51.556988,-0.072861,22.6,13,1,3360.4
2026-07-06T20:24:10Z,,,,,,3358.0
2026-07-06T20:24:10Z,,,,,,3365.0
2026-07-06T20:24:10Z,,,,,,3366.4
2026-07-06T20:24:11Z,,,,,,3364.9
2026-07-06T20:24:11Z,,,,,,3362.5
2026-07-06T20:24:11Z,,,,,,3363.1
2026-07-06T20:24:11Z,,,,,,3371.9
2026-07-06T20:24:11Z,,,,,,3377.1
2026-07-06T20:24:11Z,,,,,,3377.8
2026-07-06T20:24:11Z,51.556995,-0.072846,23.3,13,1,3374.8
2026-07-06T20:24:11Z,,,,,,3366.7
2026-07-06T20:24:11Z,,,,,,3360.4
2026-07-06T20:24:11Z,,,,,,3362.4
2026-07-06T20:24:12Z,,,,,,3360.7
2026-07-06T20:24:12Z,,,,,,3357.1
2026-07-06T20:24:12Z,,,,,,3357.1
2026-07-06T20:24:12Z,,,,,,3349.4
2026-07-06T20:24:12Z,,,,,,3334.4
2026-07-06T20:24:12Z,,,,,,3320.4
2026-07-06T20:24:12Z,51.556999,-0.072825,25.2,13,1,3318.4
2026-07-06T20:24:12Z,,,,,,3323.5
2026-07-06T20:24:12Z,,,,,,3325.0
2026-07-06T20:24:12Z,,,,,,3321.4
2026-07-06T20:24:13Z,,,,,,3313.4
2026-07-06T20:24:13Z,,,,,,3307.3
2026-07-06T20:24:13Z,,,,,,3305.2
2026-07-06T20:24:13Z,,,,,,3302.7
2026-07-06T20:24:13Z,,,,,,3301.2
2026-07-06T20:24:13Z,,,,,,3297.1
2026-07-06T20:24:13Z,51.557003,-0.072805,26.3,13,1,3294.4
2026-07-06T20:24:13Z,,,,,,3287.9
2026-07-06T20:24:13Z,,,,,,3271.3
2026-07-06T20:24:14Z,,,,,,3268.9
2026-07-06T20:24:14Z,,,,,,3280.0
2026-07-06T20:24:14Z,,,,,,3282.6
2026-07-06T20:24:14Z,,,,,,3273.5
2026-07-06T20:24:14Z,,,,,,3259.1
2026-07-06T20:24:14Z,,,,,,3251.1
2026-07-06T20:24:14Z,,,,,,3253.9
2026-07-06T20:24:14Z,51.557007,-0.072794,27.4,13,1,3258.3
2026-07-06T20:24:14Z,,,,,,3258.9
2026-07-06T20:24:14Z,,,,,,3257.5
2026-07-06T20:24:15Z,,,,,,3251.7
2026-07-06T20:24:15Z,,,,,,3240.0
2026-07-06T20:24:15Z,,,,,,3228.9
2026-07-06T20:24:15Z,,,,,,3226.4
2026-07-06T20:24:15Z,,,,,,3234.7
2026-07-06T20:24:15Z,,,,,,3245.2
2026-07-06T20:24:15Z,,,,,,3243.4
2026-07-06T20:24:15Z,51.557011,-0.072789,27.7,13,1,3239.8
2026-07-06T20:24:15Z,,,,,,3244.4
2026-07-06T20:24:15Z,,,,,,3252.5
2026-07-06T20:24:15Z,,,,,,3257.0
2026-07-06T20:24:16Z,,,,,,3261.2
2026-07-06T20:24:16Z,,,,,,3266.4
2026-07-06T20:24:16Z,,,,,,3264.5
2026-07-06T20:24:16Z,,,,,,3257.6
2026-07-06T20:24:16Z,,,,,,3254.8
2026-07-06T20:24:16Z,,,,,,3257.4
2026-07-06T20:24:16Z,51.557014,-0.072780,28.0,13,1,3262.5
2026-07-06T20:24:16Z,,,,,,3265.8
2026-07-06T20:24:16Z,,,,,,3265.2
2026-07-06T20:24:17Z,,,,,,3261.9
2026-07-06T20:24:17Z,,,,,,3259.4
2026-07-06T20:24:17Z,,,,,,3258.5
2026-07-06T20:24:17Z,,,,,,3254.1
2026-07-06T20:24:17Z,,,,,,3252.6
2026-07-06T20:24:17Z,,,,,,3253.6
2026-07-06T20:24:17Z,,,,,,3249.6
2026-07-06T20:24:17Z,51.557018,-0.072764,29.0,13,1,3237.8
2026-07-06T20:24:17Z,,,,,,3231.0
2026-07-06T20:24:17Z,,,,,,3233.5
2026-07-06T20:24:17Z,,,,,,3237.2
2026-07-06T20:24:18Z,,,,,,3238.3
2026-07-06T20:24:18Z,,,,,,3232.7
2026-07-06T20:24:18Z,,,,,,3228.6
2026-07-06T20:24:18Z,,,,,,3225.5
2026-07-06T20:24:18Z,,,,,,3223.9
2026-07-06T20:24:18Z,,,,,,3221.7
2026-07-06T20:24:18Z,51.557018,-0.072754,28.4,13,1,3220.4
2026-07-06T20:24:18Z,,,,,,3221.7
2026-07-06T20:24:18Z,,,,,,3223.1
2026-07-06T20:24:19Z,,,,,,3227.3
2026-07-06T20:24:19Z,,,,,,3232.3
2026-07-06T20:24:19Z,,,,,,3238.6
2026-07-06T20:24:19Z,,,,,,3249.5
2026-07-06T20:24:19Z,,,,,,3259.9
2026-07-06T20:24:19Z,,,,,,3265.1
2026-07-06T20:24:19Z,,,,,,3264.0
2026-07-06T20:24:19Z,51.557018,-0.072748,27.9,13,1,3260.3
2026-07-06T20:24:19Z,,,,,,3262.8
2026-07-06T20:24:19Z,,,,,,3265.9
2026-07-06T20:24:20Z,,,,,,3268.0
2026-07-06T20:24:20Z,,,,,,3271.1
2026-07-06T20:24:20Z,,,,,,3264.2
2026-07-06T20:24:20Z,,,,,,3250.0
2026-07-06T20:24:20Z,,,,,,3249.0
2026-07-06T20:24:20Z,,,,,,3260.7
2026-07-06T20:24:20Z,,,,,,3270.5
2026-07-06T20:24:20Z,51.557022,-0.072747,27.9,13,1,3276.8
2026-07-06T20:24:20Z,,,,,,3276.8
2026-07-06T20:24:20Z,,,,,,3268.6
2026-07-06T20:24:21Z,,,,,,3267.4
2026-07-06T20:24:21Z,,,,,,3271.4
2026-07-06T20:24:21Z,,,,,,3273.9
2026-07-06T20:24:21Z,,,,,,3274.4
2026-07-06T20:24:21Z,,,,,,3269.6
2026-07-06T20:24:21Z,,,,,,3262.1
2026-07-06T20:24:21Z,,,,,,3249.8
2026-07-06T20:24:21Z,51.557022,-0.072746,27.9,13,1,3247.4
2026-07-06T20:24:21Z,,,,,,3255.9
2026-07-06T20:24:21Z,,,,,,3260.1
2026-07-06T20:24:22Z,,,,,,3261.9
2026-07-06T20:24:22Z,,,,,,3263.5
2026-07-06T20:24:22Z,,,,,,3265.0
2026-07-06T20:24:22Z,,,,,,3264.8
2026-07-06T20:24:22Z,,,,,,3267.1
2026-07-06T20:24:22Z,,,,,,3275.1
2026-07-06T20:24:22Z,,,,,,3285.2
2026-07-06T20:24:22Z,51.557018,-0.072743,27.9,13,1,3291.0
2026-07-06T20:24:22Z,,,,,,3289.5
2026-07-06T20:24:22Z,,,,,,3280.7
2026-07-06T20:24:23Z,,,,,,3275.6
2026-07-06T20:24:23Z,,,,,,3279.7
2026-07-06T20:24:23Z,,,,,,3284.5
2026-07-06T20:24:23Z,,,,,,3285.9
2026-07-06T20:24:23Z,,,,,,3282.9
2026-07-06T20:24:23Z,,,,,,3278.4
2026-07-06T20:24:23Z,,,,,,3272.6
2026-07-06T20:24:23Z,51.557022,-0.072742,27.9,13,1,3269.9
2026-07-06T20:24:23Z,,,,,,3268.9
2026-07-06T20:24:23Z,,,,,,3266.7
2026-07-06T20:24:24Z,,,,,,3265.0
2026-07-06T20:24:24Z,,,,,,3259.3
2026-07-06T20:24:24Z,,,,,,3250.5
2026-07-06T20:24:24Z,,,,,,3246.3
2026-07-06T20:24:24Z,,,,,,3248.9
2026-07-06T20:24:24Z,,,,,,3251.6
2026-07-06T20:24:24Z,,,,,,3252.6
2026-07-06T20:24:24Z,51.557022,-0.072741,27.9,13,1,3247.6
2026-07-06T20:24:24Z,,,,,,3237.4
2026-07-06T20:24:24Z,,,,,,3235.9
2026-07-06T20:24:25Z,,,,,,3240.2
2026-07-06T20:24:25Z,,,,,,3240.4
2026-07-06T20:24:25Z,,,,,,3239.1
2026-07-06T20:24:25Z,,,,,,3240.4
2026-07-06T20:24:25Z,,,,,,3242.6
2026-07-06T20:24:25Z,,,,,,3246.2
2026-07-06T20:24:25Z,,,,,,3259.8
2026-07-06T20:24:25Z,51.557022,-0.072731,29.1,13,1,3279.9
2026-07-06T20:24:25Z,,,,,,3297.3
2026-07-06T20:24:25Z,,,,,,3308.1
2026-07-06T20:24:26Z,,,,,,3318.4
2026-07-06T20:24:26Z,,,,,,3329.6
2026-07-06T20:24:26Z,,,,,,3341.0
2026-07-06T20:24:26Z,,,,,,3352.6
2026-07-06T20:24:26Z,,,,,,3361.9
2026-07-06T20:24:26Z,,,,,,3367.7
2026-07-06T20:24:26Z,,,,,,3369.9
2026-07-06T20:24:26Z,51.557022,-0.072719,29.7,13,1,3371.4
2026-07-06T20:24:26Z,,,,,,3378.0
2026-07-06T20:24:26Z,,,,,,3388.3
2026-07-06T20:24:27Z,,,,,,3400.6
2026-07-06T20:24:27Z,,,,,,3413.0
2026-07-06T20:24:27Z,,,,,,3413.0
2026-07-06T20:24:27Z,,,,,,3404.4
2026-07-06T20:24:27Z,,,,,,3403.2
2026-07-06T20:24:27Z,,,,,,3406.4
2026-07-06T20:24:27Z,,,,,,3409.7
2026-07-06T20:24:27Z,51.557022,-0.072718,29.1,13,1,3410.9
2026-07-06T20:24:27Z,,,,,,3407.0
2026-07-06T20:24:27Z,,,,,,3397.0
2026-07-06T20:24:28Z,,,,,,3386.5
2026-07-06T20:24:28Z,,,,,,3385.2
2026-07-06T20:24:28Z,,,,,,3386.7
2026-07-06T20:24:28Z,,,,,,3384.7
2026-07-06T20:24:28Z,,,,,,3379.6
2026-07-06T20:24:28Z,,,,,,3369.9
2026-07-06T20:24:28Z,,,,,,3359.9
2026-07-06T20:24:28Z,51.557022,-0.072716,29.1,13,1,3357.1
2026-07-06T20:24:28Z,,,,,,3355.0
2026-07-06T20:24:28Z,,,,,,3355.1
2026-07-06T20:24:29Z,,,,,,3357.9
2026-07-06T20:24:29Z,,,,,,3355.9
2026-07-06T20:24:29Z,,,,,,3349.1
2026-07-06T20:24:29Z,,,,,,3338.8
2026-07-06T20:24:29Z,,,,,,3334.7
2026-07-06T20:24:29Z,,,,,,3338.0
2026-07-06T20:24:29Z,,,,,,3338.6
2026-07-06T20:24:29Z,51.557018,-0.072715,28.9,13,1,3335.6
2026-07-06T20:24:29Z,,,,,,3327.6
2026-07-06T20:24:29Z,,,,,,3316.7
2026-07-06T20:24:30Z,,,,,,3311.4
2026-07-06T20:24:30Z,,,,,,3311.0
2026-07-06T20:24:30Z,,,,,,3313.8
2026-07-06T20:24:30Z,,,,,,3315.8
2026-07-06T20:24:30Z,,,,,,3314.6
2026-07-06T20:24:30Z,,,,,,3312.4
2026-07-06T20:24:30Z,,,,,,3309.7
2026-07-06T20:24:30Z,51.557018,-0.072714,28.7,13,1,3307.6
2026-07-06T20:24:30Z,,,,,,3306.0
2026-07-06T20:24:30Z,,,,,,3307.5
2026-07-06T20:24:31Z,,,,,,3304.1
2026-07-06T20:24:31Z,,,,,,3295.5
2026-07-06T20:24:31Z,,,,,,3291.1
2026-07-06T20:24:31Z,,,,,,3288.2
2026-07-06T20:24:31Z,,,,,,3285.0
2026-07-06T20:24:31Z,,,,,,3282.7
2026-07-06T20:24:31Z,,,,,,3278.3
2026-07-06T20:24:31Z,51.557007,-0.072698,29.2,13,1,3267.4
2026-07-06T20:24:31Z,,,,,,3253.5
2026-07-06T20:24:31Z,,,,,,3247.0
2026-07-06T20:24:32Z,,,,,,3248.3
2026-07-06T20:24:32Z,,,,,,3247.1
2026-07-06T20:24:32Z,,,,,,3242.4
2026-07-06T20:24:32Z,,,,,,3233.8
2026-07-06T20:24:32Z,,,,,,3222.6
2026-07-06T20:24:32Z,,,,,,3218.1
2026-07-06T20:24:32Z,,,,,,3217.0
2026-07-06T20:24:32Z,51.556999,-0.072688,28.6,13,1,3217.7
2026-07-06T20:24:32Z,,,,,,3216.4
2026-07-06T20:24:32Z,,,,,,3210.6
2026-07-06T20:24:33Z,,,,,,3202.3
2026-07-06T20:24:33Z,,,,,,3190.7
2026-07-06T20:24:33Z,,,,,,3187.2
2026-07-06T20:24:33Z,,,,,,3194.6
2026-07-06T20:24:33Z,,,,,,3201.9
2026-07-06T20:24:33Z,,,,,,3204.2
2026-07-06T20:24:33Z,,,,,,3202.1
2026-07-06T20:24:33Z,51.556995,-0.072682,28.8,13,1,3205.0
2026-07-06T20:24:33Z,,,,,,3213.8
2026-07-06T20:24:33Z,,,,,,3225.0
2026-07-06T20:24:34Z,,,,,,3236.9
2026-07-06T20:24:34Z,,,,,,3247.9
2026-07-06T20:24:34Z,,,,,,3256.1
2026-07-06T20:24:34Z,,,,,,3258.9
2026-07-06T20:24:34Z,,,,,,3256.3
2026-07-06T20:24:34Z,,,,,,3254.1
2026-07-06T20:24:34Z,,,,,,3264.1
2026-07-06T20:24:34Z,51.556992,-0.072667,29.5,13,1,3279.7
2026-07-06T20:24:34Z,,,,,,3291.2
2026-07-06T20:24:34Z,,,,,,3295.2
2026-07-06T20:24:34Z,,,,,,3293.6
2026-07-06T20:24:35Z,,,,,,3293.1
2026-07-06T20:24:35Z,,,,,,3293.0
2026-07-06T20:24:35Z,,,,,,3292.4
2026-07-06T20:24:35Z,,,,,,3292.1
2026-07-06T20:24:35Z,,,,,,3293.6
2026-07-06T20:24:35Z,,,,,,3289.7
2026-07-06T20:24:35Z,51.556984,-0.072658,28.9,13,1,3276.4
2026-07-06T20:24:35Z,,,,,,3264.8
2026-07-06T20:24:35Z,,,,,,3260.4
2026-07-06T20:24:35Z,,,,,,3262.0
2026-07-06T20:24:36Z,,,,,,3262.5
2026-07-06T20:24:36Z,,,,,,3258.1
2026-07-06T20:24:36Z,,,,,,3247.2
2026-07-06T20:24:36Z,,,,,,3237.2
2026-07-06T20:24:36Z,,,,,,3236.4
2026-07-06T20:24:36Z,,,,,,3232.4
2026-07-06T20:24:36Z,51.556984,-0.072652,28.7,13,1,3230.4
2026-07-06T20:24:36Z,,,,,,3233.8
2026-07-06T20:24:36Z,,,,,,3229.3
2026-07-06T20:24:36Z,,,,,,3222.3
2026-07-06T20:24:37Z,,,,,,3216.5
2026-07-06T20:24:37Z,,,,,,3217.7
2026-07-06T20:24:37Z,,,,,,3224.8
2026-07-06T20:24:37Z,,,,,,3228.7
2026-07-06T20:24:37Z,,,,,,3227.5
2026-07-06T20:24:37Z,,,,,,3220.0
2026-07-06T20:24:37Z,51.556980,-0.072644,28.9,13,1,3214.5
2026-07-06T20:24:37Z,,,,,,3219.8
2026-07-06T20:24:37Z,,,,,,3221.0
2026-07-06T20:24:37Z,,,,,,3222.0
2026-07-06T20:24:38Z,,,,,,3227.8
2026-07-06T20:24:38Z,,,,,,3226.5
2026-07-06T20:24:38Z,,,,,,3220.2
2026-07-06T20:24:38Z,,,,,,3215.5
2026-07-06T20:24:38Z,,,,,,3214.5
2026-07-06T20:24:38Z,,,,,,3220.2
2026-07-06T20:24:38Z,51.556976,-0.072637,28.5,13,1,3228.3
2026-07-06T20:24:38Z,,,,,,3230.1
2026-07-06T20:24:38Z,,,,,,3226.2
2026-07-06T20:24:38Z,,,,,,3221.4
2026-07-06T20:24:39Z,,,,,,3216.1
2026-07-06T20:24:39Z,,,,,,3217.6
2026-07-06T20:24:39Z,,,,,,3215.9
2026-07-06T20:24:39Z,,,,,,3217.9
2026-07-06T20:24:39Z,,,,,,3227.5
2026-07-06T20:24:39Z,,,,,,3225.1
2026-07-06T20:24:39Z,51.556973,-0.072629,27.9,13,1,3217.2
2026-07-06T20:24:39Z,,,,,,3207.5
2026-07-06T20:24:39Z,,,,,,3205.5
2026-07-06T20:24:39Z,,,,,,3211.2
2026-07-06T20:24:40Z,,,,,,3216.0
2026-07-06T20:24:40Z,,,,,,3217.2
2026-07-06T20:24:40Z,,,,,,3211.1
2026-07-06T20:24:40Z,,,,,,3204.6
2026-07-06T20:24:40Z,,,,,,3206.4
2026-07-06T20:24:40Z,,,,,,3211.1
2026-07-06T20:24:40Z,51.556969,-0.072618,28.0,13,1,3210.4
2026-07-06T20:24:40Z,,,,,,3213.2
2026-07-06T20:24:40Z,,,,,,3216.2
2026-07-06T20:24:41Z,,,,,,3210.3
2026-07-06T20:24:41Z,,,,,,3199.1
2026-07-06T20:24:41Z,,,,,,3193.8
2026-07-06T20:24:41Z,,,,,,3197.9
2026-07-06T20:24:41Z,,,,,,3202.1
2026-07-06T20:24:41Z,,,,,,3204.5
2026-07-06T20:24:41Z,,,,,,3199.4
2026-07-06T20:24:41Z,51.556969,-0.072609,27.7,13,1,3195.0
2026-07-06T20:24:41Z,,,,,,3197.8
2026-07-06T20:24:41Z,,,,,,3199.3
2026-07-06T20:24:42Z,,,,,,3200.2
2026-07-06T20:24:42Z,,,,,,3205.3
2026-07-06T20:24:42Z,,,,,,3208.2
2026-07-06T20:24:42Z,,,,,,3206.2
2026-07-06T20:24:42Z,,,,,,3206.0
2026-07-06T20:24:42Z,,,,,,3211.0
2026-07-06T20:24:42Z,,,,,,3220.1
2026-07-06T20:24:42Z,51.556969,-0.072600,27.2,13,1,3228.1
2026-07-06T20:24:42Z,,,,,,3231.7
2026-07-06T20:24:42Z,,,,,,3233.8
2026-07-06T20:24:42Z,,,,,,3239.1
2026-07-06T20:24:43Z,,,,,,3244.3
2026-07-06T20:24:43Z,,,,,,3248.6
2026-07-06T20:24:43Z,,,,,,3252.2
2026-07-06T20:24:43Z,,,,,,3259.2
2026-07-06T20:24:43Z,,,,,,3263.5
2026-07-06T20:24:43Z,,,,,,3260.7
2026-07-06T20:24:43Z,51.556965,-0.072592,26.7,13,1,3256.6
2026-07-06T20:24:43Z,,,,,,3254.6
2026-07-06T20:24:43Z,,,,,,3258.8
2026-07-06T20:24:44Z,,,,,,3261.7
2026-07-06T20:24:44Z,,,,,,3258.3
2026-07-06T20:24:44Z,,,,,,3249.8
2026-07-06T20:24:44Z,,,,,,3240.0
2026-07-06T20:24:44Z,,,,,,3234.4
2026-07-06T20:24:44Z,,,,,,3233.4
2026-07-06T20:24:44Z,,,,,,3229.4
2026-07-06T20:24:44Z,51.556965,-0.072592,26.4,13,1,3226.1
2026-07-06T20:24:44Z,,,,,,3229.0
2026-07-06T20:24:44Z,,,,,,3230.7
2026-07-06T20:24:45Z,,,,,,3228.9
2026-07-06T20:24:45Z,,,,,,3224.3
2026-07-06T20:24:45Z,,,,,,3223.4
2026-07-06T20:24:45Z,,,,,,3231.7
2026-07-06T20:24:45Z,,,,,,3237.6
2026-07-06T20:24:45Z,,,,,,3238.1
2026-07-06T20:24:45Z,,,,,,3235.8
2026-07-06T20:24:45Z,51.556965,-0.072590,26.3,13,1,3231.1
2026-07-06T20:24:45Z,,,,,,3224.7
2026-07-06T20:24:45Z,,,,,,3224.7
2026-07-06T20:24:46Z,,,,,,3224.2
2026-07-06T20:24:46Z,,,,,,3225.2
2026-07-06T20:24:46Z,,,,,,3228.7
2026-07-06T20:24:46Z,,,,,,3224.0
2026-07-06T20:24:46Z,,,,,,3212.0
2026-07-06T20:24:46Z,,,,,,3203.4
2026-07-06T20:24:46Z,,,,,,3203.1
2026-07-06T20:24:46Z,51.556965,-0.072587,26.3,13,1,3205.0
2026-07-06T20:24:46Z,,,,,,3203.9
2026-07-06T20:24:46Z,,,,,,3194.7
2026-07-06T20:24:46Z,,,,,,3182.1
2026-07-06T20:24:47Z,,,,,,3171.9
2026-07-06T20:24:47Z,,,,,,3169.2
2026-07-06T20:24:47Z,,,,,,3175.2
2026-07-06T20:24:47Z,,,,,,3184.8
2026-07-06T20:24:47Z,,,,,,3193.7
2026-07-06T20:24:47Z,,,,,,3196.8
2026-07-06T20:24:47Z,51.556965,-0.072586,26.3,13,1,3193.5
2026-07-06T20:24:47Z,,,,,,3203.9
2026-07-06T20:24:47Z,,,,,,3224.5
2026-07-06T20:24:47Z,,,,,,3239.4
2026-07-06T20:24:48Z,,,,,,3249.9
2026-07-06T20:24:48Z,,,,,,3251.3
2026-07-06T20:24:48Z,,,,,,3252.4
2026-07-06T20:24:48Z,,,,,,3255.9
2026-07-06T20:24:48Z,,,,,,3257.4
2026-07-06T20:24:48Z,,,,,,3260.1
2026-07-06T20:24:48Z,51.556953,-0.072571,25.4,13,1,3270.2
2026-07-06T20:24:48Z,,,,,,3278.1
2026-07-06T20:24:48Z,,,,,,3274.4
2026-07-06T20:24:49Z,,,,,,3263.2
2026-07-06T20:24:49Z,,,,,,3258.8
2026-07-06T20:24:49Z,,,,,,3264.5
2026-07-06T20:24:49Z,,,,,,3267.4
2026-07-06T20:24:49Z,,,,,,3266.2
2026-07-06T20:24:49Z,,,,,,3258.7
2026-07-06T20:24:49Z,,,,,,3247.6
2026-07-06T20:24:49Z,51.556953,-0.072568,25.4,13,1,3239.5
2026-07-06T20:24:49Z,,,,,,3238.2
2026-07-06T20:24:49Z,,,,,,3234.0
2026-07-06T20:24:50Z,,,,,,3233.0
2026-07-06T20:24:50Z,,,,,,3235.6
2026-07-06T20:24:50Z,,,,,,3231.0
2026-07-06T20:24:50Z,,,,,,3222.1
2026-07-06T20:24:50Z,,,,,,3220.3
2026-07-06T20:24:50Z,,,,,,3230.8
2026-07-06T20:24:50Z,,,,,,3245.8
2026-07-06T20:24:50Z,51.556953,-0.072566,25.4,13,1,3261.5
2026-07-06T20:24:50Z,,,,,,3273.1
2026-07-06T20:24:50Z,,,,,,3282.7
2026-07-06T20:24:51Z,,,,,,3293.7
2026-07-06T20:24:51Z,,,,,,3308.6
2026-07-06T20:24:51Z,,,,,,3322.5
2026-07-06T20:24:51Z,,,,,,3338.1
2026-07-06T20:24:51Z,,,,,,3351.5
2026-07-06T20:24:51Z,,,,,,3354.7
2026-07-06T20:24:51Z,,,,,,3352.7
2026-07-06T20:24:51Z,51.556950,-0.072563,25.4,13,1,3353.2
2026-07-06T20:24:51Z,,,,,,3356.0
2026-07-06T20:24:51Z,,,,,,3357.5
2026-07-06T20:24:52Z,,,,,,3355.8
2026-07-06T20:24:52Z,,,,,,3349.5
2026-07-06T20:24:52Z,,,,,,3339.5
2026-07-06T20:24:52Z,,,,,,3331.5
2026-07-06T20:24:52Z,,,,,,3329.4
2026-07-06T20:24:52Z,,,,,,3328.8
2026-07-06T20:24:52Z,,,,,,3339.3
2026-07-06T20:24:52Z,51.556950,-0.072561,25.4,13,1,3356.6
2026-07-06T20:24:52Z,,,,,,3370.9
2026-07-06T20:24:52Z,,,,,,3383.6
2026-07-06T20:24:53Z,,,,,,3400.4
2026-07-06T20:24:53Z,,,,,,3424.1
2026-07-06T20:24:53Z,,,,,,3450.6
2026-07-06T20:24:53Z,,,,,,3474.9
2026-07-06T20:24:53Z,,,,,,3490.2
2026-07-06T20:24:53Z,,,,,,3497.4
2026-07-06T20:24:53Z,,,,,,3502.8
2026-07-06T20:24:53Z,51.556950,-0.072558,25.4,13,1,3510.2
2026-07-06T20:24:53Z,,,,,,3513.0
2026-07-06T20:24:53Z,,,,,,3518.0
2026-07-06T20:24:54Z,,,,,,3528.0
2026-07-06T20:24:54Z,,,,,,3527.1
2026-07-06T20:24:54Z,,,,,,3515.1
2026-07-06T20:24:54Z,,,,,,3502.6
2026-07-06T20:24:54Z,,,,,,3502.9
2026-07-06T20:24:54Z,,,,,,3508.0
2026-07-06T20:24:54Z,,,,,,3507.9
2026-07-06T20:24:54Z,51.556950,-0.072556,25.4,13,1,3507.7
2026-07-06T20:24:54Z,,,,,,3508.6
2026-07-06T20:24:54Z,,,,,,3513.2
2026-07-06T20:24:55Z,,,,,,3527.1
2026-07-06T20:24:55Z,,,,,,3548.3
2026-07-06T20:24:55Z,,,,,,3575.9
2026-07-06T20:24:55Z,,,,,,3607.6
2026-07-06T20:24:55Z,,,,,,3636.4
2026-07-06T20:24:55Z,,,,,,3654.0
2026-07-06T20:24:55Z,,,,,,3653.5
2026-07-06T20:24:55Z,51.556950,-0.072554,25.4,13,1,3655.8
2026-07-06T20:24:55Z,,,,,,3670.7
2026-07-06T20:24:55Z,,,,,,3683.9
2026-07-06T20:24:56Z,,,,,,3688.0
2026-07-06T20:24:56Z,,,,,,3679.7
2026-07-06T20:24:56Z,,,,,,3665.9
2026-07-06T20:24:56Z,,,,,,3657.9
2026-07-06T20:24:56Z,,,,,,3656.3
2026-07-06T20:24:56Z,,,,,,3652.9
2026-07-06T20:24:56Z,,,,,,3652.8
2026-07-06T20:24:56Z,51.556950,-0.072553,25.4,13,1,3651.7
2026-07-06T20:24:56Z,,,,,,3644.2
2026-07-06T20:24:56Z,,,,,,3628.2
2026-07-06T20:24:57Z,,,,,,3616.9
2026-07-06T20:24:57Z,,,,,,3620.4
2026-07-06T20:24:57Z,,,,,,3620.8
2026-07-06T20:24:57Z,,,,,,3614.8
2026-07-06T20:24:57Z,,,,,,3602.1
2026-07-06T20:24:57Z,,,,,,3586.7
2026-07-06T20:24:57Z,,,,,,3581.3
2026-07-06T20:24:57Z,51.556946,-0.072551,25.5,13,1,3577.2
2026-07-06T20:24:57Z,,,,,,3565.3
2026-07-06T20:24:57Z,,,,,,3563.7
2026-07-06T20:24:58Z,,,,,,3571.0
2026-07-06T20:24:58Z,,,,,,3570.8
2026-07-06T20:24:58Z,,,,,,3567.9
2026-07-06T20:24:58Z,,,,,,3566.6
2026-07-06T20:24:58Z,,,,,,3568.1
2026-07-06T20:24:58Z,,,,,,3572.4
2026-07-06T20:24:58Z,,,,,,3574.3
2026-07-06T20:24:58Z,51.556946,-0.072550,25.5,13,1,3572.4
2026-07-06T20:24:58Z,,,,,,3573.9
2026-07-06T20:24:58Z,,,,,,3577.0
2026-07-06T20:24:59Z,,,,,,3575.6
2026-07-06T20:24:59Z,,,,,,3571.7
2026-07-06T20:24:59Z,,,,,,3568.8
2026-07-06T20:24:59Z,,,,,,3566.8
2026-07-06T20:24:59Z,,,,,,3562.5
2026-07-06T20:24:59Z,,,,,,3556.5
2026-07-06T20:24:59Z,,,,,,3544.9
2026-07-06T20:24:59Z,51.556946,-0.072548,25.5,13,1,3528.5
2026-07-06T20:24:59Z,,,,,,3517.1
2026-07-06T20:24:59Z,,,,,,3513.9
2026-07-06T20:25:00Z,,,,,,3510.1
2026-07-06T20:25:00Z,,,,,,3492.8
2026-07-06T20:25:00Z,,,,,,3467.8
2026-07-06T20:25:00Z,,,,,,3454.3
2026-07-06T20:25:00Z,,,,,,3454.8
2026-07-06T20:25:00Z,,,,,,3458.4
2026-07-06T20:25:00Z,,,,,,3466.1
2026-07-06T20:25:00Z,51.556946,-0.072547,25.5,13,1,3477.2
2026-07-06T20:25:00Z,,,,,,3484.9
2026-07-06T20:25:00Z,,,,,,3489.8
2026-07-06T20:25:01Z,,,,,,3497.8
2026-07-06T20:25:01Z,,,,,,3508.8
2026-07-06T20:25:01Z,,,,,,3521.2
2026-07-06T20:25:01Z,,,,,,3536.7
2026-07-06T20:25:01Z,,,,,,3557.3
2026-07-06T20:25:01Z,,,,,,3576.0
2026-07-06T20:25:01Z,,,,,,3593.6
2026-07-06T20:25:01Z,51.556946,-0.072545,25.6,13,1,3612.1
2026-07-06T20:25:01Z,,,,,,3628.1
2026-07-06T20:25:01Z,,,,,,3639.1
2026-07-06T20:25:02Z,,,,,,3648.5
2026-07-06T20:25:02Z,,,,,,3658.8
2026-07-06T20:25:02Z,,,,,,3666.7
2026-07-06T20:25:02Z,,,,,,3673.6
2026-07-06T20:25:02Z,,,,,,3679.6
2026-07-06T20:25:02Z,,,,,,3688.9
2026-07-06T20:25:02Z,,,,,,3707.0
2026-07-06T20:25:02Z,51.556946,-0.072544,25.6,13,1,3730.6
2026-07-06T20:25:02Z,,,,,,3753.1
2026-07-06T20:25:02Z,,,,,,3773.0
2026-07-06T20:25:02Z,,,,,,3790.8
2026-07-06T20:25:03Z,,,,,,3805.8
2026-07-06T20:25:03Z,,,,,,3823.9
2026-07-06T20:25:03Z,,,,,,3845.3
2026-07-06T20:25:03Z,,,,,,3865.5
2026-07-06T20:25:03Z,,,,,,3885.6
2026-07-06T20:25:03Z,,,,,,3904.4
2026-07-06T20:25:03Z,51.556946,-0.072542,25.6,13,1,3918.2
2026-07-06T20:25:03Z,,,,,,3929.8
2026-07-06T20:25:03Z,,,,,,3938.2
2026-07-06T20:25:03Z,,,,,,3942.1
2026-07-06T20:25:04Z,,,,,,3940.9
2026-07-06T20:25:04Z,,,,,,3932.7
2026-07-06T20:25:04Z,,,,,,3921.3
2026-07-06T20:25:04Z,,,,,,3909.6
2026-07-06T20:25:04Z,,,,,,3894.5
2026-07-06T20:25:04Z,,,,,,3875.5
2026-07-06T20:25:04Z,51.556946,-0.072540,25.6,13,1,3856.7
2026-07-06T20:25:04Z,,,,,,3841.1
2026-07-06T20:25:04Z,,,,,,3829.0
2026-07-06T20:25:05Z,,,,,,3817.4
2026-07-06T20:25:05Z,,,,,,3803.1
2026-07-06T20:25:05Z,,,,,,3786.2
2026-07-06T20:25:05Z,,,,,,3770.1
2026-07-06T20:25:05Z,,,,,,3757.1
2026-07-06T20:25:05Z,,,,,,3745.6
2026-07-06T20:25:05Z,,,,,,3736.9
2026-07-06T20:25:05Z,51.556946,-0.072539,25.7,13,1,3728.4
2026-07-06T20:25:05Z,,,,,,3718.5
2026-07-06T20:25:05Z,,,,,,3702.0
2026-07-06T20:25:06Z,,,,,,3677.6
2026-07-06T20:25:06Z,,,,,,3663.0
2026-07-06T20:25:06Z,,,,,,3657.5
2026-07-06T20:25:06Z,,,,,,3656.0
2026-07-06T20:25:06Z,,,,,,3657.0
2026-07-06T20:25:06Z,,,,,,3657.1
2026-07-06T20:25:06Z,,,,,,3656.2
2026-07-06T20:25:06Z,51.556946,-0.072537,25.7,13,1,3651.1
2026-07-06T20:25:06Z,,,,,,3642.9
2026-07-06T20:25:06Z,,,,,,3635.0
2026-07-06T20:25:06Z,,,,,,3627.4
2026-07-06T20:25:07Z,,,,,,3620.8
2026-07-06T20:25:07Z,,,,,,3614.1
2026-07-06T20:25:07Z,,,,,,3607.9
2026-07-06T20:25:07Z,,,,,,3600.3
2026-07-06T20:25:07Z,,,,,,3590.0
2026-07-06T20:25:07Z,,,,,,3579.7
2026-07-06T20:25:07Z,51.556946,-0.072522,26.1,13,1,3569.8
2026-07-06T20:25:07Z,,,,,,3558.4
2026-07-06T20:25:07Z,,,,,,3547.6
2026-07-06T20:25:07Z,,,,,,3538.8
2026-07-06T20:25:08Z,,,,,,3529.7
2026-07-06T20:25:08Z,,,,,,3520.9
2026-07-06T20:25:08Z,,,,,,3514.8
2026-07-06T20:25:08Z,,,,,,3508.2
2026-07-06T20:25:08Z,,,,,,3501.4
2026-07-06T20:25:08Z,,,,,,3495.4
2026-07-06T20:25:08Z,51.556946,-0.072512,26.1,13,1,3490.3
2026-07-06T20:25:08Z,,,,,,3484.3
2026-07-06T20:25:08Z,,,,,,3477.1
2026-07-06T20:25:09Z,,,,,,3472.2
2026-07-06T20:25:09Z,,,,,,3468.0
2026-07-06T20:25:09Z,,,,,,3461.4
2026-07-06T20:25:09Z,,,,,,3455.1
2026-07-06T20:25:09Z,,,,,,3449.9
2026-07-06T20:25:09Z,,,,,,3444.0
2026-07-06T20:25:09Z,,,,,,3438.4
2026-07-06T20:25:09Z,51.556946,-0.072510,26.2,13,1,3435.0
2026-07-06T20:25:09Z,,,,,,3432.7
2026-07-06T20:25:09Z,,,,,,3428.6
2026-07-06T20:25:10Z,,,,,,3424.7
2026-07-06T20:25:10Z,,,,,,3420.6
2026-07-06T20:25:10Z,,,,,,3416.0
2026-07-06T20:25:10Z,,,,,,3410.3
2026-07-06T20:25:10Z,,,,,,3406.2
2026-07-06T20:25:10Z,,,,,,3404.8
2026-07-06T20:25:10Z,,,,,,3401.0
2026-07-06T20:25:10Z,51.556946,-0.072507,26.2,13,1,3396.5
2026-07-06T20:25:10Z,,,,,,3393.0
2026-07-06T20:25:10Z,,,,,,3389.1
2026-07-06T20:25:11Z,,,,,,3384.3
2026-07-06T20:25:11Z,,,,,,3380.9
2026-07-06T20:25:11Z,,,,,,3379.9
2026-07-06T20:25:11Z,,,,,,3377.3
2026-07-06T20:25:11Z,,,,,,3373.3
2026-07-06T20:25:11Z,,,,,,3369.5
2026-07-06T20:25:11Z,,,,,,3366.3
2026-07-06T20:25:11Z,51.556946,-0.072505,26.2,13,1,3362.6
2026-07-06T20:25:11Z,,,,,,3358.5
2026-07-06T20:25:11Z,,,,,,3356.8
2026-07-06T20:25:12Z,,,,,,3355.8
2026-07-06T20:25:12Z,,,,,,3353.4
2026-07-06T20:25:12Z,,,,,,3351.4
2026-07-06T20:25:12Z,,,,,,3349.8
2026-07-06T20:25:12Z,,,,,,3347.8
2026-07-06T20:25:12Z,,,,,,3345.5
2026-07-06T20:25:12Z,,,,,,3344.1
2026-07-06T20:25:12Z,51.556942,-0.072502,26.3,13,1,3344.2
2026-07-06T20:25:12Z,,,,,,3344.2
2026-07-06T20:25:12Z,,,,,,3343.5
2026-07-06T20:25:12Z,,,,,,3343.0
2026-07-06T20:25:13Z,,,,,,3342.0
2026-07-06T20:25:13Z,,,,,,3339.4
2026-07-06T20:25:13Z,,,,,,3337.7
2026-07-06T20:25:13Z,,,,,,3338.0
2026-07-06T20:25:13Z,,,,,,3338.8
2026-07-06T20:25:13Z,,,,,,3338.7
2026-07-06T20:25:13Z,51.556946,-0.072494,26.4,13,1,3338.7
2026-07-06T20:25:13Z,,,,,,3338.7
2026-07-06T20:25:13Z,,,,,,3338.7
2026-07-06T20:25:13Z,,,,,,3341.2
2026-07-06T20:25:14Z,,,,,,3346.2
2026-07-06T20:25:14Z,,,,,,3352.0
2026-07-06T20:25:14Z,,,,,,3355.6
2026-07-06T20:25:14Z,,,,,,3357.1
2026-07-06T20:25:14Z,,,,,,3358.1
2026-07-06T20:25:14Z,,,,,,3358.2
2026-07-06T20:25:14Z,51.556950,-0.072483,26.5,13,1,3358.8
2026-07-06T20:25:14Z,,,,,,3359.8
2026-07-06T20:25:14Z,,,,,,3360.1
2026-07-06T20:25:14Z,,,,,,3359.2
2026-07-06T20:25:15Z,,,,,,3358.8
2026-07-06T20:25:15Z,,,,,,3359.5
2026-07-06T20:25:15Z,,,,,,3359.9
2026-07-06T20:25:15Z,,,,,,3362.8
2026-07-06T20:25:15Z,,,,,,3368.5
2026-07-06T20:25:15Z,,,,,,3373.9
2026-07-06T20:25:15Z,51.556950,-0.072466,26.6,13,1,3377.3
2026-07-06T20:25:15Z,,,,,,3380.4
2026-07-06T20:25:15Z,,,,,,3382.8
2026-07-06T20:25:15Z,,,,,,3383.4
2026-07-06T20:25:16Z,,,,,,3383.5
2026-07-06T20:25:16Z,,,,,,3384.0
2026-07-06T20:25:16Z,,,,,,3383.7
2026-07-06T20:25:16Z,,,,,,3382.0
2026-07-06T20:25:16Z,,,,,,3379.7
2026-07-06T20:25:16Z,,,,,,3376.5
2026-07-06T20:25:16Z,51.556950,-0.072446,26.7,13,1,3371.1
2026-07-06T20:25:16Z,,,,,,3365.4
2026-07-06T20:25:16Z,,,,,,3362.5
2026-07-06T20:25:16Z,,,,,,3361.0
2026-07-06T20:25:17Z,,,,,,3358.6
2026-07-06T20:25:17Z,,,,,,3354.4
2026-07-06T20:25:17Z,,,,,,3350.2
2026-07-06T20:25:17Z,,,,,,3345.7
2026-07-06T20:25:17Z,,,,,,3340.0
2026-07-06T20:25:17Z,,,,,,3335.5
2026-07-06T20:25:17Z,51.556953,-0.072429,26.8,13,1,3332.5
2026-07-06T20:25:17Z,,,,,,3328.7
2026-07-06T20:25:17Z,,,,,,3324.2
2026-07-06T20:25:17Z,,,,,,3320.0
2026-07-06T20:25:18Z,,,,,,3315.7
2026-07-06T20:25:18Z,,,,,,3311.7
2026-07-06T20:25:18Z,,,,,,3309.7
2026-07-06T20:25:18Z,,,,,,3309.4
2026-07-06T20:25:18Z,,,,,,3308.2
2026-07-06T20:25:18Z,,,,,,3307.2
2026-07-06T20:25:18Z,51.556953,-0.072410,26.7,13,1,3308.6
2026-07-06T20:25:18Z,,,,,,3312.8
2026-07-06T20:25:18Z,,,,,,3320.5
2026-07-06T20:25:18Z,,,,,,3333.9
2026-07-06T20:25:19Z,,,,,,3351.2
2026-07-06T20:25:19Z,,,,,,3369.5
2026-07-06T20:25:19Z,,,,,,3389.7
2026-07-06T20:25:19Z,,,,,,3409.7
2026-07-06T20:25:19Z,,,,,,3427.9
2026-07-06T20:25:19Z,,,,,,3443.0
2026-07-06T20:25:19Z,51.556950,-0.072394,26.3,13,1,3455.4
2026-07-06T20:25:19Z,,,,,,3466.8
2026-07-06T20:25:19Z,,,,,,3476.0
2026-07-06T20:25:19Z,,,,,,3482.1
2026-07-06T20:25:20Z,,,,,,3486.4
2026-07-06T20:25:20Z,,,,,,3489.5
2026-07-06T20:25:20Z,,,,,,3490.5
2026-07-06T20:25:20Z,,,,,,3490.0
2026-07-06T20:25:20Z,,,,,,3490.6
2026-07-06T20:25:20Z,,,,,,3492.0
2026-07-06T20:25:20Z,51.556946,-0.072379,26.5,13,1,3491.1
2026-07-06T20:25:20Z,,,,,,3489.2
2026-07-06T20:25:20Z,,,,,,3487.1
2026-07-06T20:25:21Z,,,,,,3483.6
2026-07-06T20:25:21Z,,,,,,3480.8
2026-07-06T20:25:21Z,,,,,,3479.8
2026-07-06T20:25:21Z,,,,,,3479.2
2026-07-06T20:25:21Z,,,,,,3478.3
2026-07-06T20:25:21Z,,,,,,3477.7
2026-07-06T20:25:21Z,,,,,,3478.0
2026-07-06T20:25:21Z,51.556946,-0.072373,26.4,13,1,3477.8
2026-07-06T20:25:21Z,,,,,,3477.1
2026-07-06T20:25:21Z,,,,,,3476.8
2026-07-06T20:25:22Z,,,,,,3478.5
2026-07-06T20:25:22Z,,,,,,3479.9
2026-07-06T20:25:22Z,,,,,,3479.2
2026-07-06T20:25:22Z,,,,,,3478.3
2026-07-06T20:25:22Z,,,,,,3476.6
2026-07-06T20:25:22Z,,,,,,3474.2
2026-07-06T20:25:22Z,,,,,,3472.2
2026-07-06T20:25:22Z,51.556946,-0.072366,26.4,13,1,3471.4
2026-07-06T20:25:22Z,,,,,,3470.2
2026-07-06T20:25:22Z,,,,,,3467.9
2026-07-06T20:25:23Z,,,,,,3465.5
2026-07-06T20:25:23Z,,,,,,3462.6
2026-07-06T20:25:23Z,,,,,,3458.5
2026-07-06T20:25:23Z,,,,,,3453.8
2026-07-06T20:25:23Z,,,,,,3450.2
2026-07-06T20:25:23Z,,,,,,3447.3
2026-07-06T20:25:23Z,,,,,,3443.2
2026-07-06T20:25:23Z,51.556946,-0.072358,26.3,13,1,3438.9
2026-07-06T20:25:23Z,,,,,,3434.6
2026-07-06T20:25:23Z,,,,,,3428.7
2026-07-06T20:25:24Z,,,,,,3423.0
2026-07-06T20:25:24Z,,,,,,3420.0
2026-07-06T20:25:24Z,,,,,,3418.1
2026-07-06T20:25:24Z,,,,,,3416.6
2026-07-06T20:25:24Z,,,,,,3415.5
2026-07-06T20:25:24Z,,,,,,3415.0
2026-07-06T20:25:24Z,,,,,,3413.6
2026-07-06T20:25:24Z,51.556946,-0.072351,26.3,13,1,3411.9
2026-07-06T20:25:24Z,,,,,,3411.1
2026-07-06T20:25:24Z,,,,,,3411.7
2026-07-06T20:25:24Z,,,,,,3412.8
2026-07-06T20:25:25Z,,,,,,3413.0
2026-07-06T20:25:25Z,,,,,,3412.7
2026-07-06T20:25:25Z,,,,,,3411.1
2026-07-06T20:25:25Z,,,,,,3408.0
2026-07-06T20:25:25Z,,,,,,3405.6
2026-07-06T20:25:25Z,,,,,,3404.4
2026-07-06T20:25:25Z,51.556946,-0.072338,26.2,13,1,3403.1
2026-07-06T20:25:25Z,,,,,,3401.0
2026-07-06T20:25:25Z,,,,,,3398.5
2026-07-06T20:25:25Z,,,,,,3396.1
2026-07-06T20:25:26Z,,,,,,3393.2
2026-07-06T20:25:26Z,,,,,,3391.1
2026-07-06T20:25:26Z,,,,,,3392.1
2026-07-06T20:25:26Z,,,,,,3395.1
2026-07-06T20:25:26Z,,,,,,3399.5
2026-07-06T20:25:26Z,,,,,,3404.7
2026-07-06T20:25:26Z,51.556946,-0.072326,25.7,13,1,3411.1
2026-07-06T20:25:26Z,,,,,,3417.8
2026-07-06T20:25:26Z,,,,,,3424.8
2026-07-06T20:25:27Z,,,,,,3433.5
2026-07-06T20:25:27Z,,,,,,3442.2
2026-07-06T20:25:27Z,,,,,,3450.3
2026-07-06T20:25:27Z,,,,,,3458.0
2026-07-06T20:25:27Z,,,,,,3464.5
2026-07-06T20:25:27Z,,,,,,3468.4
2026-07-06T20:25:27Z,,,,,,3471.1
2026-07-06T20:25:27Z,51.556946,-0.072320,25.6,13,1,3474.4
2026-07-06T20:25:27Z,,,,,,3476.4
2026-07-06T20:25:27Z,,,,,,3477.3
2026-07-06T20:25:28Z,,,,,,3476.5
2026-07-06T20:25:28Z,,,,,,3473.8
2026-07-06T20:25:28Z,,,,,,3471.8
2026-07-06T20:25:28Z,,,,,,3469.1
2026-07-06T20:25:28Z,,,,,,3466.2
2026-07-06T20:25:28Z,,,,,,3465.3
2026-07-06T20:25:28Z,,,,,,3464.0
2026-07-06T20:25:28Z,51.556946,-0.072313,25.5,13,1,3462.0
2026-07-06T20:25:28Z,,,,,,3462.1
2026-07-06T20:25:28Z,,,,,,3464.1
2026-07-06T20:25:29Z,,,,,,3465.8
2026-07-06T20:25:29Z,,,,,,3467.5
2026-07-06T20:25:29Z,,,,,,3471.5
2026-07-06T20:25:29Z,,,,,,3477.1
2026-07-06T20:25:29Z,,,,,,3483.0
2026-07-06T20:25:29Z,,,,,,3489.2
2026-07-06T20:25:29Z,,,,,,3496.4
2026-07-06T20:25:29Z,51.556946,-0.072306,25.4,13,1,3503.4
2026-07-06T20:25:29Z,,,,,,3510.4
2026-07-06T20:25:29Z,,,,,,3517.9
2026-07-06T20:25:30Z,,,,,,3524.7
2026-07-06T20:25:30Z,,,,,,3530.2
2026-07-06T20:25:30Z,,,,,,3534.9
2026-07-06T20:25:30Z,,,,,,3538.1
2026-07-06T20:25:30Z,,,,,,3540.0
2026-07-06T20:25:30Z,,,,,,3540.3
2026-07-06T20:25:30Z,,,,,,3539.7
2026-07-06T20:25:30Z,51.556946,-0.072302,25.4,13,1,3539.7
2026-07-06T20:25:30Z,,,,,,3538.9
2026-07-06T20:25:30Z,,,,,,3536.9
2026-07-06T20:25:31Z,,,,,,3533.3
2026-07-06T20:25:31Z,,,,,,3527.9
2026-07-06T20:25:31Z,,,,,,3521.6
2026-07-06T20:25:31Z,,,,,,3514.1
2026-07-06T20:25:31Z,,,,,,3505.7
2026-07-06T20:25:31Z,,,,,,3498.2
2026-07-06T20:25:31Z,,,,,,3490.9
2026-07-06T20:25:31Z,51.556946,-0.072297,25.4,13,1,3484.0
2026-07-06T20:25:31Z,,,,,,3477.1
2026-07-06T20:25:31Z,,,,,,3469.5
2026-07-06T20:25:31Z,,,,,,3461.2
2026-07-06T20:25:32Z,,,,,,3453.5
2026-07-06T20:25:32Z,,,,,,3446.4
2026-07-06T20:25:32Z,,,,,,3439.2
2026-07-06T20:25:32Z,,,,,,3432.6
2026-07-06T20:25:32Z,,,,,,3426.5
2026-07-06T20:25:32Z,,,,,,3420.6
2026-07-06T20:25:32Z,51.556946,-0.072291,25.4,13,1,3414.5
2026-07-06T20:25:32Z,,,,,,3408.7
2026-07-06T20:25:32Z,,,,,,3404.9
2026-07-06T20:25:33Z,,,,,,3403.2
2026-07-06T20:25:33Z,,,,,,3401.2
2026-07-06T20:25:33Z,,,,,,3399.4
2026-07-06T20:25:33Z,,,,,,3398.3
2026-07-06T20:25:33Z,,,,,,3397.0
2026-07-06T20:25:33Z,,,,,,3394.3
2026-07-06T20:25:33Z,,,,,,3391.2
2026-07-06T20:25:33Z,51.556946,-0.072287,25.3,13,1,3389.5
2026-07-06T20:25:33Z,,,,,,3386.9
2026-07-06T20:25:33Z,,,,,,3383.2
2026-07-06T20:25:33Z,,,,,,3380.1
2026-07-06T20:25:34Z,,,,,,3376.6
2026-07-06T20:25:34Z,,,,,,3372.3
2026-07-06T20:25:34Z,,,,,,3367.4
2026-07-06T20:25:34Z,,,,,,3362.7
2026-07-06T20:25:34Z,,,,,,3358.4
2026-07-06T20:25:34Z,,,,,,3354.4
2026-07-06T20:25:34Z,51.556942,-0.072282,25.3,13,1,3350.2
2026-07-06T20:25:34Z,,,,,,3345.7
2026-07-06T20:25:34Z,,,,,,3341.8
2026-07-06T20:25:34Z,,,,,,3336.5
2026-07-06T20:25:35Z,,,,,,3331.4
2026-07-06T20:25:35Z,,,,,,3327.9
2026-07-06T20:25:35Z,,,,,,3324.8
2026-07-06T20:25:35Z,,,,,,3321.3
2026-07-06T20:25:35Z,,,,,,3318.4
2026-07-06T20:25:35Z,,,,,,3315.8
2026-07-06T20:25:35Z,51.556942,-0.072276,25.3,13,1,3312.1
2026-07-06T20:25:35Z,,,,,,3307.8
2026-07-06T20:25:35Z,,,,,,3304.9
2026-07-06T20:25:35Z,,,,,,3302.9
2026-07-06T20:25:36Z,,,,,,3300.7
2026-07-06T20:25:36Z,,,,,,3299.3
2026-07-06T20:25:36Z,,,,,,3298.7
2026-07-06T20:25:36Z,,,,,,3298.6
2026-07-06T20:25:36Z,,,,,,3297.6
2026-07-06T20:25:36Z,,,,,,3296.5
2026-07-06T20:25:36Z,51.556942,-0.072272,25.3,13,1,3296.0
2026-07-06T20:25:36Z,,,,,,3294.0
2026-07-06T20:25:36Z,,,,,,3292.1
2026-07-06T20:25:37Z,,,,,,3290.4
2026-07-06T20:25:37Z,,,,,,3287.7
2026-07-06T20:25:37Z,,,,,,3284.4
2026-07-06T20:25:37Z,,,,,,3281.8
2026-07-06T20:25:37Z,,,,,,3280.6
2026-07-06T20:25:37Z,,,,,,3278.2
2026-07-06T20:25:37Z,,,,,,3274.6
2026-07-06T20:25:37Z,51.556942,-0.072268,25.3,13,1,3270.9
2026-07-06T20:25:37Z,,,,,,3267.0
2026-07-06T20:25:37Z,,,,,,3263.3
2026-07-06T20:25:37Z,,,,,,3260.6
2026-07-06T20:25:38Z,,,,,,3258.9
2026-07-06T20:25:38Z,,,,,,3256.9
2026-07-06T20:25:38Z,,,,,,3253.9
2026-07-06T20:25:38Z,,,,,,3251.0
2026-07-06T20:25:38Z,,,,,,3248.7
2026-07-06T20:25:38Z,,,,,,3247.0
2026-07-06T20:25:38Z,51.556938,-0.072254,25.3,13,1,3246.3
2026-07-06T20:25:38Z,,,,,,3246.9
2026-07-06T20:25:38Z,,,,,,3247.2
2026-07-06T20:25:39Z,,,,,,3245.9
2026-07-06T20:25:39Z,,,,,,3244.7
2026-07-06T20:25:39Z,,,,,,3244.3
2026-07-06T20:25:39Z,,,,,,3242.9
2026-07-06T20:25:39Z,,,,,,3241.1
2026-07-06T20:25:39Z,,,,,,3241.1
2026-07-06T20:25:39Z,,,,,,3240.7
2026-07-06T20:25:39Z,51.556938,-0.072238,25.5,13,1,3239.7
2026-07-06T20:25:39Z,,,,,,3238.9
2026-07-06T20:25:39Z,,,,,,3236.6
2026-07-06T20:25:39Z,,,,,,3231.7
2026-07-06T20:25:40Z,,,,,,3224.6
2026-07-06T20:25:40Z,,,,,,3218.2
2026-07-06T20:25:40Z,,,,,,3215.5
2026-07-06T20:25:40Z,,,,,,3214.7
2026-07-06T20:25:40Z,,,,,,3214.1
2026-07-06T20:25:40Z,,,,,,3211.7
2026-07-06T20:25:40Z,51.556934,-0.072224,25.9,13,1,3206.8
2026-07-06T20:25:40Z,,,,,,3201.2
2026-07-06T20:25:40Z,,,,,,3199.4
2026-07-06T20:25:40Z,,,,,,3200.0
2026-07-06T20:25:41Z,,,,,,3199.7
2026-07-06T20:25:41Z,,,,,,3198.6
2026-07-06T20:25:41Z,,,,,,3195.2
2026-07-06T20:25:41Z,,,,,,3189.5
2026-07-06T20:25:41Z,,,,,,3186.5
2026-07-06T20:25:41Z,,,,,,3185.7
2026-07-06T20:25:41Z,51.556934,-0.072207,25.8,13,1,3184.0
2026-07-06T20:25:41Z,,,,,,3181.8
2026-07-06T20:25:41Z,,,,,,3179.2
2026-07-06T20:25:41Z,,,,,,3176.1
2026-07-06T20:25:42Z,,,,,,3172.0
2026-07-06T20:25:42Z,,,,,,3168.5
2026-07-06T20:25:42Z,,,,,,3168.1
2026-07-06T20:25:42Z,,,,,,3169.0
2026-07-06T20:25:42Z,,,,,,3168.9
2026-07-06T20:25:42Z,,,,,,3167.4
2026-07-06T20:25:42Z,51.556931,-0.072188,24.7,13,1,3166.1
2026-07-06T20:25:42Z,,,,,,3165.7
2026-07-06T20:25:42Z,,,,,,3166.4
2026-07-06T20:25:42Z,,,,,,3167.3
2026-07-06T20:25:43Z,,,,,,3167.9
2026-07-06T20:25:43Z,,,,,,3169.7
2026-07-06T20:25:43Z,,,,,,3170.6
2026-07-06T20:25:43Z,,,,,,3170.3
2026-07-06T20:25:43Z,,,,,,3169.4
2026-07-06T20:25:43Z,,,,,,3166.9
2026-07-06T20:25:43Z,51.556931,-0.072171,24.4,13,1,3165.2
2026-07-06T20:25:43Z,,,,,,3165.0
2026-07-06T20:25:43Z,,,,,,3164.7
2026-07-06T20:25:43Z,,,,,,3165.6
2026-07-06T20:25:44Z,,,,,,3166.2
2026-07-06T20:25:44Z,,,,,,3166.6
2026-07-06T20:25:44Z,,,,,,3166.9
2026-07-06T20:25:44Z,,,,,,3168.0
2026-07-06T20:25:44Z,,,,,,3170.5
2026-07-06T20:25:44Z,,,,,,3171.8
2026-07-06T20:25:44Z,51.556931,-0.072159,24.0,13,1,3172.5
2026-07-06T20:25:44Z,,,,,,3172.8
2026-07-06T20:25:44Z,,,,,,3173.8
2026-07-06T20:25:44Z,,,,,,3174.6
2026-07-06T20:25:45Z,,,,,,3174.1
2026-07-06T20:25:45Z,,,,,,3174.2
2026-07-06T20:25:45Z,,,,,,3174.5
2026-07-06T20:25:45Z,,,,,,3174.7
2026-07-06T20:25:45Z,,,,,,3173.6
2026-07-06T20:25:45Z,,,,,,3170.8
2026-07-06T20:25:45Z,51.556934,-0.072147,23.8,13,1,3167.9
2026-07-06T20:25:45Z,,,,,,3166.5
2026-07-06T20:25:45Z,,,,,,3166.9
2026-07-06T20:25:46Z,,,,,,3168.3
2026-07-06T20:25:46Z,,,,,,3169.3
2026-07-06T20:25:46Z,,,,,,3170.0
2026-07-06T20:25:46Z,,,,,,3170.5
2026-07-06T20:25:46Z,,,,,,3170.4
2026-07-06T20:25:46Z,,,,,,3169.4
2026-07-06T20:25:46Z,,,,,,3167.7
2026-07-06T20:25:46Z,51.556934,-0.072139,23.9,13,1,3167.3
2026-07-06T20:25:46Z,,,,,,3167.4
2026-07-06T20:25:46Z,,,,,,3167.3
2026-07-06T20:25:47Z,,,,,,3166.9
2026-07-06T20:25:47Z,,,,,,3165.9
2026-07-06T20:25:47Z,,,,,,3164.7
2026-07-06T20:25:47Z,,,,,,3162.0
2026-07-06T20:25:47Z,,,,,,3158.9
2026-07-06T20:25:47Z,,,,,,3157.1
2026-07-06T20:25:47Z,,,,,,3154.3
2026-07-06T20:25:47Z,51.556934,-0.072134,24.0,13,1,3152.3
2026-07-06T20:25:47Z,,,,,,3152.4
2026-07-06T20:25:47Z,,,,,,3151.9
2026-07-06T20:25:47Z,,,,,,3150.7
2026-07-06T20:25:48Z,,,,,,3149.2
2026-07-06T20:25:48Z,,,,,,3148.2
2026-07-06T20:25:48Z,,,,,,3147.5
2026-07-06T20:25:48Z,,,,,,3146.7
2026-07-06T20:25:48Z,,,,,,3145.9
2026-07-06T20:25:48Z,,,,,,3144.9
2026-07-06T20:25:48Z,51.556934,-0.072129,24.0,13,1,3143.6
2026-07-06T20:25:48Z,,,,,,3141.1
2026-07-06T20:25:48Z,,,,,,3138.3
2026-07-06T20:25:48Z,,,,,,3136.6
2026-07-06T20:25:49Z,,,,,,3135.3
2026-07-06T20:25:49Z,,,,,,3133.4
2026-07-06T20:25:49Z,,,,,,3131.9
2026-07-06T20:25:49Z,,,,,,3130.3
2026-07-06T20:25:49Z,,,,,,3127.5
2026-07-06T20:25:49Z,,,,,,3124.0
2026-07-06T20:25:49Z,51.556934,-0.072124,23.9,13,1,3121.8
2026-07-06T20:25:49Z,,,,,,3119.9
2026-07-06T20:25:49Z,,,,,,3117.8
2026-07-06T20:25:49Z,,,,,,3116.1
2026-07-06T20:25:50Z,,,,,,3114.7
2026-07-06T20:25:50Z,,,,,,3112.9
2026-07-06T20:25:50Z,,,,,,3110.4
2026-07-06T20:25:50Z,,,,,,3107.8
2026-07-06T20:25:50Z,,,,,,3105.9
2026-07-06T20:25:50Z,,,,,,3104.3
2026-07-06T20:25:50Z,51.556934,-0.072120,23.9,13,1,3102.8
2026-07-06T20:25:50Z,,,,,,3101.3
2026-07-06T20:25:50Z,,,,,,3099.8
2026-07-06T20:25:50Z,,,,,,3098.3
2026-07-06T20:25:51Z,,,,,,3096.3
2026-07-06T20:25:51Z,,,,,,3095.3
2026-07-06T20:25:51Z,,,,,,3095.4
2026-07-06T20:25:51Z,,,,,,3095.6
2026-07-06T20:25:51Z,,,,,,3096.0
2026-07-06T20:25:51Z,,,,,,3096.9
2026-07-06T20:25:51Z,51.556934,-0.072116,23.9,13,1,3098.1
2026-07-06T20:25:51Z,,,,,,3098.3
2026-07-06T20:25:51Z,,,,,,3099.7
2026-07-06T20:25:51Z,,,,,,3104.0
2026-07-06T20:25:52Z,,,,,,3109.3
2026-07-06T20:25:52Z,,,,,,3116.2
2026-07-06T20:25:52Z,,,,,,3124.6
2026-07-06T20:25:52Z,,,,,,3133.6
2026-07-06T20:25:52Z,,,,,,3141.7
2026-07-06T20:25:52Z,,,,,,3149.5
2026-07-06T20:25:52Z,51.556934,-0.072111,23.9,13,1,3157.9
2026-07-06T20:25:52Z,,,,,,3165.1
2026-07-06T20:25:52Z,,,,,,3171.0
2026-07-06T20:25:52Z,,,,,,3176.3
2026-07-06T20:25:53Z,,,,,,3179.9
2026-07-06T20:25:53Z,,,,,,3181.0
2026-07-06T20:25:53Z,,,,,,3181.2
2026-07-06T20:25:53Z,,,,,,3181.8
2026-07-06T20:25:53Z,,,,,,3181.6
2026-07-06T20:25:53Z,,,,,,3180.5
2026-07-06T20:25:53Z,51.556934,-0.072107,23.9,13,1,3179.3
2026-07-06T20:25:53Z,,,,,,3177.0
2026-07-06T20:25:53Z,,,,,,3173.2
2026-07-06T20:25:53Z,,,,,,3168.9
2026-07-06T20:25:54Z,,,,,,3165.1
2026-07-06T20:25:54Z,,,,,,3161.4
2026-07-06T20:25:54Z,,,,,,3157.2
2026-07-06T20:25:54Z,,,,,,3153.1
2026-07-06T20:25:54Z,,,,,,3149.5
2026-07-06T20:25:54Z,,,,,,3146.7
2026-07-06T20:25:54Z,51.556934,-0.072103,23.9,13,1,3143.0
2026-07-06T20:25:54Z,,,,,,3138.3
2026-07-06T20:25:54Z,,,,,,3134.4
2026-07-06T20:25:54Z,,,,,,3130.5
2026-07-06T20:25:55Z,,,,,,3126.8
2026-07-06T20:25:55Z,,,,,,3123.0
2026-07-06T20:25:55Z,,,,,,3119.1
2026-07-06T20:25:55Z,,,,,,3114.5
2026-07-06T20:25:55Z,,,,,,3110.6
2026-07-06T20:25:55Z,,,,,,3107.7
2026-07-06T20:25:55Z,51.556934,-0.072099,24.0,13,1,3104.2
2026-07-06T20:25:55Z,,,,,,3100.9
2026-07-06T20:25:55Z,,,,,,3098.2
2026-07-06T20:25:55Z,,,,,,3094.8
2026-07-06T20:25:56Z,,,,,,3090.8
2026-07-06T20:25:56Z,,,,,,3087.1
2026-07-06T20:25:56Z,,,,,,3084.6
2026-07-06T20:25:56Z,,,,,,3082.3
2026-07-06T20:25:56Z,,,,,,3079.7
2026-07-06T20:25:56Z,,,,,,3077.5
2026-07-06T20:25:56Z,51.556934,-0.072096,24.0,13,1,3075.1
2026-07-06T20:25:56Z,,,,,,3072.0
2026-07-06T20:25:56Z,,,,,,3069.5
2026-07-06T20:25:57Z,,,,,,3068.5
2026-07-06T20:25:57Z,,,,,,3067.6
2026-07-06T20:25:57Z,,,,,,3066.2
2026-07-06T20:25:57Z,,,,,,3064.8
2026-07-06T20:25:57Z,,,,,,3063.6
2026-07-06T20:25:57Z,,,,,,3061.9
2026-07-06T20:25:57Z,,,,,,3059.9
2026-07-06T20:25:57Z,51.556934,-0.072094,24.0,13,1,3059.0
2026-07-06T20:25:57Z,,,,,,3058.3
2026-07-06T20:25:57Z,,,,,,3057.6
2026-07-06T20:25:57Z,,,,,,3056.7
2026-07-06T20:25:58Z,,,,,,3055.9
2026-07-06T20:25:58Z,,,,,,3054.7
2026-07-06T20:25:58Z,,,,,,3052.5
2026-07-06T20:25:58Z,,,,,,3052.3
2026-07-06T20:25:58Z,,,,,,3052.8
2026-07-06T20:25:58Z,,,,,,3053.7
2026-07-06T20:25:58Z,51.556934,-0.072092,24.1,13,1,3056.7
2026-07-06T20:25:58Z,,,,,,3061.8
2026-07-06T20:25:58Z,,,,,,3067.1
2026-07-06T20:25:59Z,,,,,,3073.4
2026-07-06T20:25:59Z,,,,,,3081.4
2026-07-06T20:25:59Z,,,,,,3090.5
2026-07-06T20:25:59Z,,,,,,3101.1
2026-07-06T20:25:59Z,,,,,,3112.0
2026-07-06T20:25:59Z,,,,,,3122.3
2026-07-06T20:25:59Z,,,,,,3132.4
2026-07-06T20:25:59Z,51.556934,-0.072091,24.1,13,1,3141.9
2026-07-06T20:25:59Z,,,,,,3152.1
2026-07-06T20:25:59Z,,,,,,3161.5
2026-07-06T20:25:59Z,,,,,,3170.0
2026-07-06T20:26:00Z,,,,,,3177.8
2026-07-06T20:26:00Z,,,,,,3185.6
2026-07-06T20:26:00Z,,,,,,3191.2
2026-07-06T20:26:00Z,,,,,,3194.3
2026-07-06T20:26:00Z,,,,,,3196.5
2026-07-06T20:26:00Z,,,,,,3197.8
2026-07-06T20:26:00Z,51.556934,-0.072089,24.2,13,1,3198.1
2026-07-06T20:26:00Z,,,,,,3197.4
2026-07-06T20:26:00Z,,,,,,3195.8
2026-07-06T20:26:00Z,,,,,,3193.3
2026-07-06T20:26:01Z,,,,,,3190.1
2026-07-06T20:26:01Z,,,,,,3186.9
2026-07-06T20:26:01Z,,,,,,3183.0
2026-07-06T20:26:01Z,,,,,,3178.6
2026-07-06T20:26:01Z,,,,,,3174.8
2026-07-06T20:26:01Z,,,,,,3172.7
2026-07-06T20:26:01Z,51.556934,-0.072082,24.4,14,1,3171.8
2026-07-06T20:26:01Z,,,,,,3172.3
2026-07-06T20:26:01Z,,,,,,3176.6
2026-07-06T20:26:01Z,,,,,,3183.3
2026-07-06T20:26:02Z,,,,,,3188.9
2026-07-06T20:26:02Z,,,,,,3194.8
2026-07-06T20:26:02Z,,,,,,3200.7
2026-07-06T20:26:02Z,,,,,,3205.0
2026-07-06T20:26:02Z,,,,,,3207.7
2026-07-06T20:26:02Z,,,,,,3210.0
2026-07-06T20:26:02Z,51.556934,-0.072077,24.6,14,1,3211.7
2026-07-06T20:26:02Z,,,,,,3212.1
2026-07-06T20:26:02Z,,,,,,3211.4
2026-07-06T20:26:02Z,,,,,,3210.0
2026-07-06T20:26:03Z,,,,,,3207.7
2026-07-06T20:26:03Z,,,,,,3204.6
2026-07-06T20:26:03Z,,,,,,3201.6
2026-07-06T20:26:03Z,,,,,,3198.9
2026-07-06T20:26:03Z,,,,,,3196.0
2026-07-06T20:26:03Z,,,,,,3193.6
2026-07-06T20:26:03Z,51.556931,-0.072072,24.7,14,1,3192.0
2026-07-06T20:26:03Z,,,,,,3190.4
2026-07-06T20:26:03Z,,,,,,3188.6
2026-07-06T20:26:03Z,,,,,,3187.6
2026-07-06T20:26:04Z,,,,,,3187.0
2026-07-06T20:26:04Z,,,,,,3186.4
2026-07-06T20:26:04Z,,,,,,3185.8
2026-07-06T20:26:04Z,,,,,,3185.1
2026-07-06T20:26:04Z,,,,,,3184.0
2026-07-06T20:26:04Z,,,,,,3181.6
2026-07-06T20:26:04Z,51.556931,-0.072069,24.9,14,1,3178.6
2026-07-06T20:26:04Z,,,,,,3176.5
2026-07-06T20:26:04Z,,,,,,3174.1
2026-07-06T20:26:04Z,,,,,,3171.7
2026-07-06T20:26:05Z,,,,,,3169.0
2026-07-06T20:26:05Z,,,,,,3165.8
2026-07-06T20:26:05Z,,,,,,3162.4
2026-07-06T20:26:05Z,,,,,,3158.6
2026-07-06T20:26:05Z,,,,,,3155.8
2026-07-06T20:26:05Z,,,,,,3153.5
2026-07-06T20:26:05Z,51.556931,-0.072067,25.0,14,1,3150.6
2026-07-06T20:26:05Z,,,,,,3147.8
2026-07-06T20:26:05Z,,,,,,3145.2
2026-07-06T20:26:06Z,,,,,,3142.1
2026-07-06T20:26:06Z,,,,,,3138.1
2026-07-06T20:26:06Z,,,,,,3134.0
2026-07-06T20:26:06Z,,,,,,3131.3
2026-07-06T20:26:06Z,,,,,,3128.3
2026-07-06T20:26:06Z,,,,,,3124.9
2026-07-06T20:26:06Z,,,,,,3121.8
2026-07-06T20:26:06Z,51.556931,-0.072066,25.2,14,1,3118.7
2026-07-06T20:26:06Z,,,,,,3114.5
2026-07-06T20:26:06Z,,,,,,3109.7
2026-07-06T20:26:06Z,,,,,,3106.4
2026-07-06T20:26:07Z,,,,,,3103.6
2026-07-06T20:26:07Z,,,,,,3100.6
2026-07-06T20:26:07Z,,,,,,3098.1
2026-07-06T20:26:07Z,,,,,,3096.0
2026-07-06T20:26:07Z,,,,,,3093.9
2026-07-06T20:26:07Z,,,,,,3091.8
2026-07-06T20:26:07Z,51.556931,-0.072063,25.3,14,1,3090.9
2026-07-06T20:26:07Z,,,,,,3091.2
2026-07-06T20:26:07Z,,,,,,3091.2
2026-07-06T20:26:07Z,,,,,,3091.3
2026-07-06T20:26:08Z,,,,,,3091.7
2026-07-06T20:26:08Z,,,,,,3091.7
2026-07-06T20:26:08Z,,,,,,3090.8
2026-07-06T20:26:08Z,,,,,,3089.7
2026-07-06T20:26:08Z,,,,,,3089.1
2026-07-06T20:26:08Z,,,,,,3088.1
2026-07-06T20:26:08Z,51.556931,-0.072060,25.4,14,1,3086.0
2026-07-06T20:26:08Z,,,,,,3084.0
2026-07-06T20:26:08Z,,,,,,3082.7
2026-07-06T20:26:08Z,,,,,,3080.2
2026-07-06T20:26:09Z,,,,,,3077.7
2026-07-06T20:26:09Z,,,,,,3076.2
2026-07-06T20:26:09Z,,,,,,3074.2
2026-07-06T20:26:09Z,,,,,,3071.8
2026-07-06T20:26:09Z,,,,,,3069.6
2026-07-06T20:26:09Z,,,,,,3067.7
2026-07-06T20:26:09Z,51.556931,-0.072058,25.4,14,1,3065.0
2026-07-06T20:26:09Z,,,,,,3062.1
2026-07-06T20:26:09Z,,,,,,3060.3
2026-07-06T20:26:10Z,,,,,,3057.9
2026-07-06T20:26:10Z,,,,,,3055.1
2026-07-06T20:26:10Z,,,,,,3052.0
2026-07-06T20:26:10Z,,,,,,3049.1
2026-07-06T20:26:10Z,,,,,,3046.1
2026-07-06T20:26:10Z,,,,,,3044.0
2026-07-06T20:26:10Z,,,,,,3042.2
2026-07-06T20:26:10Z,51.556931,-0.072057,25.5,14,1,3040.0
2026-07-06T20:26:10Z,,,,,,3038.9
2026-07-06T20:26:10Z,,,,,,3037.6
2026-07-06T20:26:10Z,,,,,,3036.4
2026-07-06T20:26:11Z,,,,,,3035.9
2026-07-06T20:26:11Z,,,,,,3035.7
2026-07-06T20:26:11Z,,,,,,3036.3
2026-07-06T20:26:11Z,,,,,,3037.4
2026-07-06T20:26:11Z,,,,,,3039.2
2026-07-06T20:26:11Z,,,,,,3041.3
2026-07-06T20:26:11Z,51.556931,-0.072054,25.5,14,1,3042.9
2026-07-06T20:26:11Z,,,,,,3044.2
2026-07-06T20:26:11Z,,,,,,3046.6
2026-07-06T20:26:11Z,,,,,,3049.7
2026-07-06T20:26:12Z,,,,,,3052.2
2026-07-06T20:26:12Z,,,,,,3053.9
2026-07-06T20:26:12Z,,,,,,3055.6
2026-07-06T20:26:12Z,,,,,,3056.8
2026-07-06T20:26:12Z,,,,,,3057.5
2026-07-06T20:26:12Z,,,,,,3058.5
2026-07-06T20:26:12Z,51.556931,-0.072053,25.5,14,1,3058.8
2026-07-06T20:26:12Z,,,,,,3057.6
2026-07-06T20:26:12Z,,,,,,3056.0
2026-07-06T20:26:12Z,,,,,,3054.5
2026-07-06T20:26:13Z,,,,,,3052.6
2026-07-06T20:26:13Z,,,,,,3049.9
2026-07-06T20:26:13Z,,,,,,3047.4
2026-07-06T20:26:13Z,,,,,,3045.3
2026-07-06T20:26:13Z,,,,,,3043.2
2026-07-06T20:26:13Z,,,,,,3041.4
2026-07-06T20:26:13Z,51.556931,-0.072052,25.5,14,1,3040.2
2026-07-06T20:26:13Z,,,,,,3039.3
2026-07-06T20:26:13Z,,,,,,3039.4
2026-07-06T20:26:13Z,,,,,,3042.4
2026-07-06T20:26:14Z,,,,,,3047.0
2026-07-06T20:26:14Z,,,,,,3053.5
2026-07-06T20:26:14Z,,,,,,3061.4
2026-07-06T20:26:14Z,,,,,,3069.9
2026-07-06T20:26:14Z,,,,,,3078.4
2026-07-06T20:26:14Z,,,,,,3086.5
2026-07-06T20:26:14Z,51.556931,-0.072051,25.6,14,1,3094.2
2026-07-06T20:26:14Z,,,,,,3100.6
2026-07-06T20:26:14Z,,,,,,3106.1
2026-07-06T20:26:14Z,,,,,,3111.4
2026-07-06T20:26:15Z,,,,,,3115.7
2026-07-06T20:26:15Z,,,,,,3119.0
2026-07-06T20:26:15Z,,,,,,3120.4
2026-07-06T20:26:15Z,,,,,,3120.8
2026-07-06T20:26:15Z,,,,,,3120.7
2026-07-06T20:26:15Z,,,,,,3119.4
2026-07-06T20:26:15Z,51.556934,-0.072051,25.6,14,1,3116.9
2026-07-06T20:26:15Z,,,,,,3113.8
2026-07-06T20:26:15Z,,,,,,3110.1
2026-07-06T20:26:16Z,,,,,,3105.4
2026-07-06T20:26:16Z,,,,,,3100.5
2026-07-06T20:26:16Z,,,,,,3095.4
2026-07-06T20:26:16Z,,,,,,3090.8
2026-07-06T20:26:16Z,,,,,,3085.9
2026-07-06T20:26:16Z,,,,,,3081.3
2026-07-06T20:26:16Z,,,,,,3077.0
2026-07-06T20:26:16Z,51.556934,-0.072050,25.6,14,1,3073.6
2026-07-06T20:26:16Z,,,,,,3070.2
2026-07-06T20:26:16Z,,,,,,3067.9
2026-07-06T20:26:17Z,,,,,,3068.7
2026-07-06T20:26:17Z,,,,,,3071.4
2026-07-06T20:26:17Z,,,,,,3075.9
2026-07-06T20:26:17Z,,,,,,3082.0
2026-07-06T20:26:17Z,,,,,,3089.2
2026-07-06T20:26:17Z,,,,,,3096.3
2026-07-06T20:26:17Z,,,,,,3103.0
2026-07-06T20:26:17Z,51.556934,-0.072050,25.7,14,1,3109.7
2026-07-06T20:26:17Z,,,,,,3114.2
2026-07-06T20:26:17Z,,,,,,3117.2
2026-07-06T20:26:17Z,,,,,,3120.7
2026-07-06T20:26:18Z,,,,,,3123.3
2026-07-06T20:26:18Z,,,,,,3124.5
2026-07-06T20:26:18Z,,,,,,3124.4
2026-07-06T20:26:18Z,,,,,,3123.7
2026-07-06T20:26:18Z,,,,,,3121.7
2026-07-06T20:26:18Z,,,,,,3118.6
2026-07-06T20:26:18Z,51.556938,-0.072051,25.7,14,1,3115.4
2026-07-06T20:26:18Z,,,,,,3111.8
2026-07-06T20:26:18Z,,,,,,3108.3
2026-07-06T20:26:18Z,,,,,,3104.0
2026-07-06T20:26:19Z,,,,,,3099.5
2026-07-06T20:26:19Z,,,,,,3094.0
2026-07-06T20:26:19Z,,,,,,3090.7
2026-07-06T20:26:19Z,,,,,,3093.3
2026-07-06T20:26:19Z,,,,,,3098.1
2026-07-06T20:26:19Z,,,,,,3101.4
2026-07-06T20:26:19Z,51.556938,-0.072050,25.7,14,1,3103.5
2026-07-06T20:26:19Z,,,,,,3105.4
2026-07-06T20:26:19Z,,,,,,3106.4
2026-07-06T20:26:19Z,,,,,,3107.2
2026-07-06T20:26:20Z,,,,,,3108.3
2026-07-06T20:26:20Z,,,,,,3108.6
2026-07-06T20:26:20Z,,,,,,3107.6
2026-07-06T20:26:20Z,,,,,,3107.9
2026-07-06T20:26:20Z,,,,,,3109.9
2026-07-06T20:26:20Z,,,,,,3111.6
2026-07-06T20:26:20Z,51.556942,-0.072050,25.8,14,1,3111.8
2026-07-06T20:26:20Z,,,,,,3111.1
2026-07-06T20:26:20Z,,,,,,3109.9
2026-07-06T20:26:20Z,,,,,,3108.0
2026-07-06T20:26:21Z,,,,,,3105.9
2026-07-06T20:26:21Z,,,,,,3104.9
2026-07-06T20:26:21Z,,,,,,3105.9
2026-07-06T20:26:21Z,,,,,,3108.3
2026-07-06T20:26:21Z,,,,,,3113.9
2026-07-06T20:26:21Z,,,,,,3122.0
2026-07-06T20:26:21Z,51.556942,-0.072049,25.8,14,1,3129.3
2026-07-06T20:26:21Z,,,,,,3137.9
2026-07-06T20:26:21Z,,,,,,3151.0
2026-07-06T20:26:21Z,,,,,,3167.3
2026-07-06T20:26:22Z,,,,,,3183.2
2026-07-06T20:26:22Z,,,,,,3200.6
2026-07-06T20:26:22Z,,,,,,3218.3
2026-07-06T20:26:22Z,,,,,,3234.6
2026-07-06T20:26:22Z,,,,,,3251.9
2026-07-06T20:26:22Z,,,,,,3269.8
2026-07-06T20:26:22Z,51.556942,-0.072049,25.9,14,1,3288.0
2026-07-06T20:26:22Z,,,,,,3306.1
2026-07-06T20:26:22Z,,,,,,3314.8
2026-07-06T20:26:22Z,,,,,,3317.0
2026-07-06T20:26:23Z,,,,,,3321.6
2026-07-06T20:26:23Z,,,,,,3328.9
2026-07-06T20:26:23Z,,,,,,3335.1
2026-07-06T20:26:23Z,,,,,,3338.1
2026-07-06T20:26:23Z,,,,,,3338.9
2026-07-06T20:26:23Z,,,,,,3341.0
2026-07-06T20:26:23Z,51.556946,-0.072049,26.1,14,1,3342.6
2026-07-06T20:26:23Z,,,,,,3344.3
2026-07-06T20:26:23Z,,,,,,3347.2
2026-07-06T20:26:23Z,,,,,,3349.4
2026-07-06T20:26:24Z,,,,,,3351.9
2026-07-06T20:26:24Z,,,,,,3356.5
2026-07-06T20:26:24Z,,,,,,3364.3
2026-07-06T20:26:24Z,,,,,,3372.8
2026-07-06T20:26:24Z,,,,,,3379.7
2026-07-06T20:26:24Z,,,,,,3387.0
2026-07-06T20:26:24Z,51.556946,-0.072049,26.1,14,1,3394.9
2026-07-06T20:26:24Z,,,,,,3401.9
2026-07-06T20:26:24Z,,,,,,3408.0
2026-07-06T20:26:24Z,,,,,,3414.0
2026-07-06T20:26:25Z,,,,,,3420.8
2026-07-06T20:26:25Z,,,,,,3427.4
2026-07-06T20:26:25Z,,,,,,3431.8
2026-07-06T20:26:25Z,,,,,,3434.9
2026-07-06T20:26:25Z,,,,,,3435.7
2026-07-06T20:26:25Z,,,,,,3433.6
2026-07-06T20:26:25Z,51.556946,-0.072049,26.1,14,1,3431.3
2026-07-06T20:26:25Z,,,,,,3430.0
2026-07-06T20:26:25Z,,,,,,3428.8
2026-07-06T20:26:26Z,,,,,,3425.7
2026-07-06T20:26:26Z,,,,,,3420.2
2026-07-06T20:26:26Z,,,,,,3413.3
2026-07-06T20:26:26Z,,,,,,3405.8
2026-07-06T20:26:26Z,,,,,,3397.0
2026-07-06T20:26:26Z,,,,,,3388.5
2026-07-06T20:26:26Z,,,,,,3381.2
2026-07-06T20:26:26Z,51.556946,-0.072050,26.2,14,1,3373.7
2026-07-06T20:26:26Z,,,,,,3365.0
2026-07-06T20:26:26Z,,,,,,3355.3
2026-07-06T20:26:27Z,,,,,,3345.8
2026-07-06T20:26:27Z,,,,,,3336.9
2026-07-06T20:26:27Z,,,,,,3327.9
2026-07-06T20:26:27Z,,,,,,3319.8
2026-07-06T20:26:27Z,,,,,,3312.4
2026-07-06T20:26:27Z,,,,,,3304.8
2026-07-06T20:26:27Z,,,,,,3296.8
2026-07-06T20:26:27Z,51.556946,-0.072050,26.1,14,1,3288.9
2026-07-06T20:26:27Z,,,,,,3281.0
2026-07-06T20:26:27Z,,,,,,3273.1
2026-07-06T20:26:28Z,,,,,,3266.0
2026-07-06T20:26:28Z,,,,,,3260.0
2026-07-06T20:26:28Z,,,,,,3254.9
2026-07-06T20:26:28Z,,,,,,3249.9
2026-07-06T20:26:28Z,,,,,,3244.1
2026-07-06T20:26:28Z,,,,,,3238.4
2026-07-06T20:26:28Z,,,,,,3232.9
2026-07-06T20:26:28Z,51.556946,-0.072049,26.1,14,1,3227.7
2026-07-06T20:26:28Z,,,,,,3222.6
2026-07-06T20:26:28Z,,,,,,3218.4
2026-07-06T20:26:28Z,,,,,,3215.1
2026-07-06T20:26:29Z,,,,,,3211.8
2026-07-06T20:26:29Z,,,,,,3207.9
2026-07-06T20:26:29Z,,,,,,3203.4
2026-07-06T20:26:29Z,,,,,,3199.2
2026-07-06T20:26:29Z,,,,,,3195.1
2026-07-06T20:26:29Z,,,,,,3190.9
2026-07-06T20:26:29Z,51.556946,-0.072049,26.1,14,1,3187.5
2026-07-06T20:26:29Z,,,,,,3184.4
2026-07-06T20:26:29Z,,,,,,3181.0
2026-07-06T20:26:29Z,,,,,,3177.4
2026-07-06T20:26:30Z,,,,,,3174.0
2026-07-06T20:26:30Z,,,,,,3169.9
2026-07-06T20:26:30Z,,,,,,3166.2
2026-07-06T20:26:30Z,,,,,,3163.1
2026-07-06T20:26:30Z,,,,,,3160.8
2026-07-06T20:26:30Z,,,,,,3158.8
2026-07-06T20:26:30Z,51.556946,-0.072049,26.1,14,1,3156.2
2026-07-06T20:26:30Z,,,,,,3153.5
2026-07-06T20:26:30Z,,,,,,3150.1
2026-07-06T20:26:30Z,,,,,,3146.9
2026-07-06T20:26:31Z,,,,,,3144.3
2026-07-06T20:26:31Z,,,,,,3141.7
2026-07-06T20:26:31Z,,,,,,3141.7
2026-07-06T20:26:31Z,,,,,,3144.3
2026-07-06T20:26:31Z,,,,,,3147.4
2026-07-06T20:26:31Z,,,,,,3149.5
2026-07-06T20:26:31Z,51.556946,-0.072048,26.2,14,1,3148.1
2026-07-06T20:26:31Z,,,,,,3143.7
2026-07-06T20:26:31Z,,,,,,3139.3
2026-07-06T20:26:31Z,,,,,,3135.7
2026-07-06T20:26:32Z,,,,,,3133.1
2026-07-06T20:26:32Z,,,,,,3131.6
2026-07-06T20:26:32Z,,,,,,3130.0
2026-07-06T20:26:32Z,,,,,,3127.7
2026-07-06T20:26:32Z,,,,,,3124.8
2026-07-06T20:26:32Z,,,,,,3121.6
2026-07-06T20:26:32Z,51.556950,-0.072049,26.3,14,1,3118.4
2026-07-06T20:26:32Z,,,,,,3116.0
2026-07-06T20:26:32Z,,,,,,3115.8
2026-07-06T20:26:32Z,,,,,,3116.5
2026-07-06T20:26:33Z,,,,,,3117.8
2026-07-06T20:26:33Z,,,,,,3122.1
2026-07-06T20:26:33Z,,,,,,3128.8
2026-07-06T20:26:33Z,,,,,,3136.8
2026-07-06T20:26:33Z,,,,,,3145.5
2026-07-06T20:26:33Z,,,,,,3155.2
2026-07-06T20:26:33Z,51.556950,-0.072049,26.3,14,1,3166.4
2026-07-06T20:26:33Z,,,,,,3177.8
2026-07-06T20:26:33Z,,,,,,3187.1
2026-07-06T20:26:33Z,,,,,,3195.1
2026-07-06T20:26:34Z,,,,,,3201.8
2026-07-06T20:26:34Z,,,,,,3205.5
2026-07-06T20:26:34Z,,,,,,3206.9
2026-07-06T20:26:34Z,,,,,,3207.7
2026-07-06T20:26:34Z,,,,,,3207.4
2026-07-06T20:26:34Z,,,,,,3207.1
2026-07-06T20:26:34Z,51.556950,-0.072049,26.5,14,1,3206.4
2026-07-06T20:26:34Z,,,,,,3204.7
2026-07-06T20:26:34Z,,,,,,3202.8
2026-07-06T20:26:34Z,,,,,,3200.7
2026-07-06T20:26:35Z,,,,,,3196.9
2026-07-06T20:26:35Z,,,,,,3191.0
2026-07-06T20:26:35Z,,,,,,3186.2
2026-07-06T20:26:35Z,,,,,,3181.4
2026-07-06T20:26:35Z,,,,,,3175.7
2026-07-06T20:26:35Z,,,,,,3169.2
2026-07-06T20:26:35Z,51.556950,-0.072049,26.5,14,1,3163.1
2026-07-06T20:26:35Z,,,,,,3158.1
2026-07-06T20:26:35Z,,,,,,3154.1
2026-07-06T20:26:35Z,,,,,,3150.8
2026-07-06T20:26:36Z,,,,,,3146.7
2026-07-06T20:26:36Z,,,,,,3142.7
2026-07-06T20:26:36Z,,,,,,3140.4
2026-07-06T20:26:36Z,,,,,,3139.0
2026-07-06T20:26:36Z,,,,,,3138.1
2026-07-06T20:26:36Z,,,,,,3139.2
2026-07-06T20:26:36Z,51.556950,-0.072052,26.4,14,1,3141.7
2026-07-06T20:26:36Z,,,,,,3143.8
2026-07-06T20:26:36Z,,,,,,3146.0
2026-07-06T20:26:37Z,,,,,,3147.5
2026-07-06T20:26:37Z,,,,,,3148.2
2026-07-06T20:26:37Z,,,,,,3148.9
2026-07-06T20:26:37Z,,,,,,3149.0
2026-07-06T20:26:37Z,,,,,,3147.3
2026-07-06T20:26:37Z,,,,,,3144.2
2026-07-06T20:26:37Z,,,,,,3142.5
2026-07-06T20:26:37Z,51.556953,-0.072052,26.6,14,1,3140.5
2026-07-06T20:26:37Z,,,,,,3137.6
2026-07-06T20:26:37Z,,,,,,3134.6
2026-07-06T20:26:37Z,,,,,,3131.2
2026-07-06T20:26:38Z,,,,,,3126.7
2026-07-06T20:26:38Z,,,,,,3122.7
2026-07-06T20:26:38Z,,,,,,3121.3
2026-07-06T20:26:38Z,,,,,,3121.0
2026-07-06T20:26:38Z,,,,,,3121.6
2026-07-06T20:26:38Z,,,,,,3122.0
2026-07-06T20:26:38Z,51.556953,-0.072052,26.6,14,1,3120.8
2026-07-06T20:26:38Z,,,,,,3117.7
2026-07-06T20:26:38Z,,,,,,3114.4
2026-07-06T20:26:39Z,,,,,,3112.3
2026-07-06T20:26:39Z,,,,,,3110.2
2026-07-06T20:26:39Z,,,,,,3108.3
2026-07-06T20:26:39Z,,,,,,3106.8
2026-07-06T20:26:39Z,,,,,,3105.5
2026-07-06T20:26:39Z,,,,,,3103.6
2026-07-06T20:26:39Z,,,,,,3102.0
2026-07-06T20:26:39Z,51.556953,-0.072052,26.7,14,1,3104.3
2026-07-06T20:26:39Z,,,,,,3106.7
2026-07-06T20:26:39Z,,,,,,3106.1
2026-07-06T20:26:39Z,,,,,,3106.7
2026-07-06T20:26:40Z,,,,,,3108.2
2026-07-06T20:26:40Z,,,,,,3108.7
2026-07-06T20:26:40Z,,,,,,3108.1
2026-07-06T20:26:40Z,,,,,,3109.0
2026-07-06T20:26:40Z,,,,,,3111.2
2026-07-06T20:26:40Z,,,,,,3111.4
2026-07-06T20:26:40Z,51.556953,-0.072052,26.8,14,1,3110.5
2026-07-06T20:26:40Z,,,,,,3109.7
2026-07-06T20:26:40Z,,,,,,3108.8
2026-07-06T20:26:40Z,,,,,,3107.7
2026-07-06T20:26:41Z,,,,,,3105.7
2026-07-06T20:26:41Z,,,,,,3103.6
2026-07-06T20:26:41Z,,,,,,3102.7
2026-07-06T20:26:41Z,,,,,,3101.9
2026-07-06T20:26:41Z,,,,,,3100.8
2026-07-06T20:26:41Z,,,,,,3099.5
2026-07-06T20:26:41Z,51.556953,-0.072052,26.8,14,1,3097.5
2026-07-06T20:26:41Z,,,,,,3095.8
2026-07-06T20:26:41Z,,,,,,3093.2
2026-07-06T20:26:41Z,,,,,,3089.6
2026-07-06T20:26:42Z,,,,,,3087.2
2026-07-06T20:26:42Z,,,,,,3084.6
2026-07-06T20:26:42Z,,,,,,3081.3
2026-07-06T20:26:42Z,,,,,,3078.5
2026-07-06T20:26:42Z,,,,,,3076.3
2026-07-06T20:26:42Z,,,,,,3073.9
2026-07-06T20:26:42Z,51.556953,-0.072052,26.9,14,1,3071.2
2026-07-06T20:26:42Z,,,,,,3067.5
2026-07-06T20:26:42Z,,,,,,3065.1
2026-07-06T20:26:42Z,,,,,,3064.3
2026-07-06T20:26:43Z,,,,,,3064.5
2026-07-06T20:26:43Z,,,,,,3066.6
2026-07-06T20:26:43Z,,,,,,3070.6
2026-07-06T20:26:43Z,,,,,,3076.2
2026-07-06T20:26:43Z,,,,,,3082.5
2026-07-06T20:26:43Z,,,,,,3089.6
2026-07-06T20:26:43Z,51.556953,-0.072052,27.0,14,1,3098.6
2026-07-06T20:26:43Z,,,,,,3107.9
2026-07-06T20:26:43Z,,,,,,3116.8
2026-07-06T20:26:43Z,,,,,,3125.8
2026-07-06T20:26:44Z,,,,,,3133.9
2026-07-06T20:26:44Z,,,,,,3143.9
2026-07-06T20:26:44Z,,,,,,3151.6
2026-07-06T20:26:44Z,,,,,,3157.0
2026-07-06T20:26:44Z,,,,,,3161.9
2026-07-06T20:26:44Z,,,,,,3164.1
2026-07-06T20:26:44Z,51.556953,-0.072053,27.1,14,1,3164.0
2026-07-06T20:26:44Z,,,,,,3161.9
2026-07-06T20:26:44Z,,,,,,3159.5
2026-07-06T20:26:44Z,,,,,,3157.1
2026-07-06T20:26:45Z,,,,,,3152.6
2026-07-06T20:26:45Z,,,,,,3147.2
2026-07-06T20:26:45Z,,,,,,3143.0
2026-07-06T20:26:45Z,,,,,,3138.1
2026-07-06T20:26:45Z,,,,,,3132.4
2026-07-06T20:26:45Z,,,,,,3126.8
2026-07-06T20:26:45Z,51.556953,-0.072052,27.2,14,1,3121.0
2026-07-06T20:26:45Z,,,,,,3114.4
2026-07-06T20:26:45Z,,,,,,3107.1
2026-07-06T20:26:45Z,,,,,,3101.7
2026-07-06T20:26:46Z,,,,,,3097.2
2026-07-06T20:26:46Z,,,,,,3091.3
2026-07-06T20:26:46Z,,,,,,3086.1
2026-07-06T20:26:46Z,,,,,,3082.0
2026-07-06T20:26:46Z,,,,,,3077.4
2026-07-06T20:26:46Z,,,,,,3071.0
2026-07-06T20:26:46Z,51.556953,-0.072052,27.2,14,1,3065.1
2026-07-06T20:26:46Z,,,,,,3061.2
2026-07-06T20:26:46Z,,,,,,3057.8
2026-07-06T20:26:46Z,,,,,,3055.6
2026-07-06T20:26:47Z,,,,,,3053.6
2026-07-06T20:26:47Z,,,,,,3052.8
2026-07-06T20:26:47Z,,,,,,3052.5
2026-07-06T20:26:47Z,,,,,,3050.0
2026-07-06T20:26:47Z,,,,,,3049.9
2026-07-06T20:26:47Z,,,,,,3051.6
2026-07-06T20:26:47Z,51.556953,-0.072052,27.2,14,1,3052.3
2026-07-06T20:26:47Z,,,,,,3053.9
2026-07-06T20:26:47Z,,,,,,3056.6
2026-07-06T20:26:48Z,,,,,,3059.0
2026-07-06T20:26:48Z,,,,,,3061.0
2026-07-06T20:26:48Z,,,,,,3063.6
2026-07-06T20:26:48Z,,,,,,3066.8
2026-07-06T20:26:48Z,,,,,,3070.1
2026-07-06T20:26:48Z,,,,,,3072.9
2026-07-06T20:26:48Z,,,,,,3074.9
2026-07-06T20:26:48Z,51.556953,-0.072051,27.3,14,1,3076.7
2026-07-06T20:26:48Z,,,,,,3077.1
2026-07-06T20:26:48Z,,,,,,3076.7
2026-07-06T20:26:49Z,,,,,,3076.9
2026-07-06T20:26:49Z,,,,,,3076.5
2026-07-06T20:26:49Z,,,,,,3075.5
2026-07-06T20:26:49Z,,,,,,3074.5
2026-07-06T20:26:49Z,,,,,,3073.0
2026-07-06T20:26:49Z,,,,,,3070.2
2026-07-06T20:26:49Z,,,,,,3066.6
2026-07-06T20:26:49Z,51.556953,-0.072050,27.3,14,1,3064.6
2026-07-06T20:26:49Z,,,,,,3063.1
2026-07-06T20:26:49Z,,,,,,3060.9
2026-07-06T20:26:49Z,,,,,,3059.0
2026-07-06T20:26:50Z,,,,,,3056.5
2026-07-06T20:26:50Z,,,,,,3053.6
2026-07-06T20:26:50Z,,,,,,3050.8
2026-07-06T20:26:50Z,,,,,,3048.8
2026-07-06T20:26:50Z,,,,,,3047.2
2026-07-06T20:26:50Z,,,,,,3044.6
2026-07-06T20:26:50Z,51.556953,-0.072050,27.3,14,1,3042.1
2026-07-06T20:26:50Z,,,,,,3039.9
2026-07-06T20:26:50Z,,,,,,3037.6
2026-07-06T20:26:50Z,,,,,,3033.9
2026-07-06T20:26:51Z,,,,,,3030.6
2026-07-06T20:26:51Z,,,,,,3029.1
2026-07-06T20:26:51Z,,,,,,3028.2
2026-07-06T20:26:51Z,,,,,,3027.2
2026-07-06T20:26:51Z,,,,,,3025.6
2026-07-06T20:26:51Z,,,,,,3023.6
2026-07-06T20:26:51Z,51.556957,-0.072050,27.4,14,1,3021.6
2026-07-06T20:26:51Z,,,,,,3019.9
2026-07-06T20:26:51Z,,,,,,3019.4
2026-07-06T20:26:51Z,,,,,,3019.5
2026-07-06T20:26:52Z,,,,,,3019.0
2026-07-06T20:26:52Z,,,,,,3018.2
2026-07-06T20:26:52Z,,,,,,3016.2
2026-07-06T20:26:52Z,,,,,,3013.7
2026-07-06T20:26:52Z,,,,,,3011.5
2026-07-06T20:26:52Z,,,,,,3009.8
2026-07-06T20:26:52Z,51.556957,-0.072049,27.4,14,1,3009.8
2026-07-06T20:26:52Z,,,,,,3009.2
2026-07-06T20:26:52Z,,,,,,3006.9
2026-07-06T20:26:52Z,,,,,,3004.4
2026-07-06T20:26:53Z,,,,,,3001.9
2026-07-06T20:26:53Z,,,,,,2999.4
2026-07-06T20:26:53Z,,,,,,2996.9
2026-07-06T20:26:53Z,,,,,,2993.9
2026-07-06T20:26:53Z,,,,,,2991.2
2026-07-06T20:26:53Z,,,,,,2989.5
2026-07-06T20:26:53Z,51.556957,-0.072049,27.4,14,1,2987.8
2026-07-06T20:26:53Z,,,,,,2985.9
2026-07-06T20:26:53Z,,,,,,2984.0
2026-07-06T20:26:53Z,,,,,,2982.1
2026-07-06T20:26:54Z,,,,,,2980.0
2026-07-06T20:26:54Z,,,,,,2977.8
2026-07-06T20:26:54Z,,,,,,2976.3
2026-07-06T20:26:54Z,,,,,,2975.8
2026-07-06T20:26:54Z,,,,,,2975.6
2026-07-06T20:26:54Z,,,,,,2974.6
2026-07-06T20:26:54Z,51.556957,-0.072049,27.4,14,1,2972.7
2026-07-06T20:26:54Z,,,,,,2971.1
2026-07-06T20:26:54Z,,,,,,2969.4
2026-07-06T20:26:54Z,,,,,,2968.2
2026-07-06T20:26:55Z,,,,,,2967.5
2026-07-06T20:26:55Z,,,,,,2965.9
2026-07-06T20:26:55Z,,,,,,2964.0
2026-07-06T20:26:55Z,,,,,,2961.2
2026-07-06T20:26:55Z,,,,,,2956.9
2026-07-06T20:26:55Z,,,,,,2953.3
2026-07-06T20:26:55Z,51.556957,-0.072050,27.3,14,1,2951.1
2026-07-06T20:26:55Z,,,,,,2948.5
2026-07-06T20:26:55Z,,,,,,2946.6
2026-07-06T20:26:55Z,,,,,,2945.1
2026-07-06T20:26:56Z,,,,,,2942.9
2026-07-06T20:26:56Z,,,,,,2940.7
2026-07-06T20:26:56Z,,,,,,2938.8
2026-07-06T20:26:56Z,,,,,,2937.4
2026-07-06T20:26:56Z,,,,,,2935.8
2026-07-06T20:26:56Z,,,,,,2933.9
2026-07-06T20:26:56Z,51.556957,-0.072050,27.3,14,1,2933.3
2026-07-06T20:26:56Z,,,,,,2932.7
2026-07-06T20:26:56Z,,,,,,2931.6
2026-07-06T20:26:56Z,,,,,,2930.7
2026-07-06T20:26:57Z,,,,,,2929.7
2026-07-06T20:26:57Z,,,,,,2928.3
2026-07-06T20:26:57Z,,,,,,2926.0
2026-07-06T20:26:57Z,,,,,,2923.7
2026-07-06T20:26:57Z,,,,,,2922.7
2026-07-06T20:26:57Z,,,,,,2921.5
2026-07-06T20:26:57Z,51.556957,-0.072050,27.3,14,1,2919.4
2026-07-06T20:26:57Z,,,,,,2917.9
2026-07-06T20:26:57Z,,,,,,2916.5
2026-07-06T20:26:57Z,,,,,,2914.1
2026-07-06T20:26:58Z,,,,,,2911.3
2026-07-06T20:26:58Z,,,,,,2909.1
2026-07-06T20:26:58Z,,,,,,2907.6
2026-07-06T20:26:58Z,,,,,,2905.6
2026-07-06T20:26:58Z,,,,,,2903.4
2026-07-06T20:26:58Z,,,,,,2901.4
2026-07-06T20:26:58Z,51.556957,-0.072050,27.3,14,1,2899.8
2026-07-06T20:26:58Z,,,,,,2897.2
2026-07-06T20:26:58Z,,,,,,2893.8
2026-07-06T20:26:58Z,,,,,,2891.8
2026-07-06T20:26:59Z,,,,,,2890.6
2026-07-06T20:26:59Z,,,,,,2889.0
2026-07-06T20:26:59Z,,,,,,2888.3
2026-07-06T20:26:59Z,,,,,,2887.9
2026-07-06T20:26:59Z,,,,,,2887.8
2026-07-06T20:26:59Z,,,,,,2887.0
2026-07-06T20:26:59Z,51.556957,-0.072050,27.2,14,1,2886.4
2026-07-06T20:26:59Z,,,,,,2887.3
2026-07-06T20:26:59Z,,,,,,2887.9
2026-07-06T20:26:59Z,,,,,,2888.7
2026-07-06T20:27:00Z,,,,,,2890.0
2026-07-06T20:27:00Z,,,,,,2890.3
2026-07-06T20:27:00Z,,,,,,2889.8
2026-07-06T20:27:00Z,,,,,,2888.6
2026-07-06T20:27:00Z,,,,,,2887.6
2026-07-06T20:27:00Z,,,,,,2887.0
2026-07-06T20:27:00Z,51.556957,-0.072051,27.2,14,1,2886.1
2026-07-06T20:27:00Z,,,,,,2885.6
2026-07-06T20:27:00Z,,,,,,2884.9
2026-07-06T20:27:00Z,,,,,,2883.3
2026-07-06T20:27:01Z,,,,,,2880.9
2026-07-06T20:27:01Z,,,,,,2878.7
2026-07-06T20:27:01Z,,,,,,2877.3
2026-07-06T20:27:01Z,,,,,,2875.8
2026-07-06T20:27:01Z,,,,,,2874.7
2026-07-06T20:27:01Z,,,,,,2873.8
2026-07-06T20:27:01Z,51.556957,-0.072051,27.1,15,1,2872.8
2026-07-06T20:27:01Z,,,,,,2871.0
2026-07-06T20:27:01Z,,,,,,2869.3
2026-07-06T20:27:01Z,,,,,,2869.3
2026-07-06T20:27:02Z,,,,,,2870.7
2026-07-06T20:27:02Z,,,,,,2872.9
2026-07-06T20:27:02Z,,,,,,2875.7
2026-07-06T20:27:02Z,,,,,,2879.2
2026-07-06T20:27:02Z,,,,,,2882.0
2026-07-06T20:27:02Z,,,,,,2884.4
2026-07-06T20:27:02Z,51.556957,-0.072051,27.1,15,1,2887.9
2026-07-06T20:27:02Z,,,,,,2890.9
2026-07-06T20:27:02Z,,,,,,2893.3
2026-07-06T20:27:02Z,,,,,,2895.7
2026-07-06T20:27:03Z,,,,,,2897.0
2026-07-06T20:27:03Z,,,,,,2897.0
2026-07-06T20:27:03Z,,,,,,2895.8
2026-07-06T20:27:03Z,,,,,,2895.2
2026-07-06T20:27:03Z,,,,,,2894.9
2026-07-06T20:27:03Z,,,,,,2893.9
2026-07-06T20:27:03Z,51.556957,-0.072051,27.1,15,1,2892.7
2026-07-06T20:27:03Z,,,,,,2891.3
2026-07-06T20:27:03Z,,,,,,2889.2
2026-07-06T20:27:03Z,,,,,,2886.1
2026-07-06T20:27:04Z,,,,,,2882.8
2026-07-06T20:27:04Z,,,,,,2880.4
2026-07-06T20:27:04Z,,,,,,2878.2
2026-07-06T20:27:04Z,,,,,,2876.0
2026-07-06T20:27:04Z,,,,,,2874.3
2026-07-06T20:27:04Z,,,,,,2872.5
2026-07-06T20:27:04Z,51.556957,-0.072051,27.0,15,1,2870.0
2026-07-06T20:27:04Z,,,,,,2866.7
2026-07-06T20:27:04Z,,,,,,2863.9
2026-07-06T20:27:04Z,,,,,,2862.3
2026-07-06T20:27:05Z,,,,,,2860.8
2026-07-06T20:27:05Z,,,,,,2859.7
2026-07-06T20:27:05Z,,,,,,2859.0
2026-07-06T20:27:05Z,,,,,,2858.0
2026-07-06T20:27:05Z,,,,,,2856.7
2026-07-06T20:27:05Z,,,,,,2855.6
2026-07-06T20:27:05Z,51.556957,-0.072051,27.0,15,1,2856.2
2026-07-06T20:27:05Z,,,,,,2856.8
2026-07-06T20:27:05Z,,,,,,2857.2
2026-07-06T20:27:05Z,,,,,,2858.3
2026-07-06T20:27:06Z,,,,,,2859.8
2026-07-06T20:27:06Z,,,,,,2861.7
2026-07-06T20:27:06Z,,,,,,2862.3
2026-07-06T20:27:06Z,,,,,,2863.7
2026-07-06T20:27:06Z,,,,,,2866.7
2026-07-06T20:27:06Z,,,,,,2869.1
2026-07-06T20:27:06Z,51.556957,-0.072051,26.9,15,1,2871.6
2026-07-06T20:27:06Z,,,,,,2873.5
2026-07-06T20:27:06Z,,,,,,2874.2
2026-07-06T20:27:06Z,,,,,,2874.5
2026-07-06T20:27:07Z,,,,,,2873.3
2026-07-06T20:27:07Z,,,,,,2872.0
2026-07-06T20:27:07Z,,,,,,2871.8
2026-07-06T20:27:07Z,,,,,,2871.4
2026-07-06T20:27:07Z,,,,,,2871.1
2026-07-06T20:27:07Z,,,,,,2870.7
2026-07-06T20:27:07Z,51.556957,-0.072052,26.9,15,1,2869.9
2026-07-06T20:27:07Z,,,,,,2868.1
2026-07-06T20:27:07Z,,,,,,2865.7
2026-07-06T20:27:07Z,,,,,,2864.6
2026-07-06T20:27:08Z,,,,,,2864.1
2026-07-06T20:27:08Z,,,,,,2863.6
2026-07-06T20:27:08Z,,,,,,2864.6
2026-07-06T20:27:08Z,,,,,,2867.3
2026-07-06T20:27:08Z,,,,,,2871.1
2026-07-06T20:27:08Z,,,,,,2875.9
2026-07-06T20:27:08Z,51.556957,-0.072052,26.8,15,1,2883.5
2026-07-06T20:27:08Z,,,,,,2893.6
2026-07-06T20:27:08Z,,,,,,2904.1
2026-07-06T20:27:08Z,,,,,,2915.1
2026-07-06T20:27:09Z,,,,,,2925.1
2026-07-06T20:27:09Z,,,,,,2935.2
2026-07-06T20:27:09Z,,,,,,2942.0
2026-07-06T20:27:09Z,,,,,,2945.8
2026-07-06T20:27:09Z,,,,,,2949.7
2026-07-06T20:27:09Z,,,,,,2952.7
2026-07-06T20:27:09Z,51.556957,-0.072052,26.7,15,1,2955.3
2026-07-06T20:27:09Z,,,,,,2956.7
2026-07-06T20:27:09Z,,,,,,2956.9
2026-07-06T20:27:09Z,,,,,,2956.6
2026-07-06T20:27:10Z,,,,,,2954.6
2026-07-06T20:27:10Z,,,,,,2951.7
2026-07-06T20:27:10Z,,,,,,2949.5
2026-07-06T20:27:10Z,,,,,,2946.5
2026-07-06T20:27:10Z,,,,,,2942.8
2026-07-06T20:27:10Z,,,,,,2939.3
2026-07-06T20:27:10Z,51.556957,-0.072053,26.6,15,1,2935.1
2026-07-06T20:27:10Z,,,,,,2929.9
2026-07-06T20:27:10Z,,,,,,2924.4
2026-07-06T20:27:10Z,,,,,,2919.9
2026-07-06T20:27:11Z,,,,,,2916.1
2026-07-06T20:27:11Z,,,,,,2911.9
2026-07-06T20:27:11Z,,,,,,2907.9
2026-07-06T20:27:11Z,,,,,,2903.8
2026-07-06T20:27:11Z,,,,,,2899.4
2026-07-06T20:27:11Z,,,,,,2894.8
2026-07-06T20:27:11Z,51.556957,-0.072053,26.6,15,1,2891.4
2026-07-06T20:27:11Z,,,,,,2888.4
2026-07-06T20:27:11Z,,,,,,2885.1
2026-07-06T20:27:11Z,,,,,,2883.0
2026-07-06T20:27:12Z,,,,,,2880.8
2026-07-06T20:27:12Z,,,,,,2878.5
2026-07-06T20:27:12Z,,,,,,2876.2
2026-07-06T20:27:12Z,,,,,,2875.0
2026-07-06T20:27:12Z,,,,,,2875.2
2026-07-06T20:27:12Z,,,,,,2876.0
2026-07-06T20:27:12Z,51.556957,-0.072054,26.5,15,1,2878.2
2026-07-06T20:27:12Z,,,,,,2881.3
2026-07-06T20:27:12Z,,,,,,2884.8
2026-07-06T20:27:12Z,,,,,,2888.2
2026-07-06T20:27:13Z,,,,,,2891.8
2026-07-06T20:27:13Z,,,,,,2896.1
2026-07-06T20:27:13Z,,,,,,2899.7
2026-07-06T20:27:13Z,,,,,,2902.6
2026-07-06T20:27:13Z,,,,,,2905.4
2026-07-06T20:27:13Z,,,,,,2907.9
2026-07-06T20:27:13Z,51.556957,-0.072054,26.4,15,1,2908.6
2026-07-06T20:27:13Z,,,,,,2909.0
2026-07-06T20:27:13Z,,,,,,2910.5
2026-07-06T20:27:13Z,,,,,,2911.9
2026-07-06T20:27:14Z,,,,,,2912.8
2026-07-06T20:27:14Z,,,,,,2913.2
2026-07-06T20:27:14Z,,,,,,2913.3
2026-07-06T20:27:14Z,,,,,,2911.7
2026-07-06T20:27:14Z,,,,,,2909.7
2026-07-06T20:27:14Z,,,,,,2909.0
2026-07-06T20:27:14Z,51.556957,-0.072054,26.4,15,1,2908.7
2026-07-06T20:27:14Z,,,,,,2908.4
2026-07-06T20:27:14Z,,,,,,2908.6
2026-07-06T20:27:14Z,,,,,,2910.0
2026-07-06T20:27:15Z,,,,,,2911.6
2026-07-06T20:27:15Z,,,,,,2913.2
2026-07-06T20:27:15Z,,,,,,2915.3
2026-07-06T20:27:15Z,,,,,,2917.6
2026-07-06T20:27:15Z,,,,,,2919.5
2026-07-06T20:27:15Z,,,,,,2921.1
2026-07-06T20:27:15Z,51.556957,-0.072054,26.4,16,1,2922.1
2026-07-06T20:27:15Z,,,,,,2922.1
2026-07-06T20:27:15Z,,,,,,2921.4
2026-07-06T20:27:15Z,,,,,,2921.1
2026-07-06T20:27:16Z,,,,,,2922.4
2026-07-06T20:27:16Z,,,,,,2924.2
2026-07-06T20:27:16Z,,,,,,2924.5
2026-07-06T20:27:16Z,,,,,,2924.2
2026-07-06T20:27:16Z,,,,,,2923.3
2026-07-06T20:27:16Z,,,,,,2921.4
2026-07-06T20:27:16Z,51.556957,-0.072054,26.4,16,1,2920.0
2026-07-06T20:27:16Z,,,,,,2919.2
2026-07-06T20:27:16Z,,,,,,2917.5
2026-07-06T20:27:16Z,,,,,,2915.5
2026-07-06T20:27:17Z,,,,,,2914.5
2026-07-06T20:27:17Z,,,,,,2914.4
2026-07-06T20:27:17Z,,,,,,2913.7
2026-07-06T20:27:17Z,,,,,,2914.1
2026-07-06T20:27:17Z,,,,,,2915.0
2026-07-06T20:27:17Z,,,,,,2914.0
2026-07-06T20:27:17Z,51.556957,-0.072054,26.4,16,1,2912.4
2026-07-06T20:27:17Z,,,,,,2910.9
2026-07-06T20:27:17Z,,,,,,2909.5
2026-07-06T20:27:17Z,,,,,,2907.4
2026-07-06T20:27:18Z,,,,,,2904.7
2026-07-06T20:27:18Z,,,,,,2902.7
2026-07-06T20:27:18Z,,,,,,2901.0
2026-07-06T20:27:18Z,,,,,,2899.2
2026-07-06T20:27:18Z,,,,,,2897.6
2026-07-06T20:27:18Z,,,,,,2895.7
2026-07-06T20:27:18Z,51.556957,-0.072054,26.4,16,1,2893.6
2026-07-06T20:27:18Z,,,,,,2890.4
2026-07-06T20:27:18Z,,,,,,2887.2
2026-07-06T20:27:18Z,,,,,,2884.6
2026-07-06T20:27:19Z,,,,,,2882.0
2026-07-06T20:27:19Z,,,,,,2879.9
2026-07-06T20:27:19Z,,,,,,2877.0
2026-07-06T20:27:19Z,,,,,,2873.4
2026-07-06T20:27:19Z,,,,,,2870.4
2026-07-06T20:27:19Z,,,,,,2869.5
2026-07-06T20:27:19Z,51.556957,-0.072054,26.5,16,1,2870.8
2026-07-06T20:27:19Z,,,,,,2871.5
2026-07-06T20:27:19Z,,,,,,2869.1
2026-07-06T20:27:19Z,,,,,,2865.4
2026-07-06T20:27:20Z,,,,,,2863.0
2026-07-06T20:27:20Z,,,,,,2861.4
2026-07-06T20:27:20Z,,,,,,2859.2
2026-07-06T20:27:20Z,,,,,,2857.3
2026-07-06T20:27:20Z,,,,,,2855.3
2026-07-06T20:27:20Z,,,,,,2853.5
2026-07-06T20:27:20Z,51.556957,-0.072054,26.5,16,1,2852.7
2026-07-06T20:27:20Z,,,,,,2852.0
2026-07-06T20:27:20Z,,,,,,2851.3
2026-07-06T20:27:20Z,,,,,,2850.0
2026-07-06T20:27:21Z,,,,,,2848.5
2026-07-06T20:27:21Z,,,,,,2848.1
2026-07-06T20:27:21Z,,,,,,2847.6
2026-07-06T20:27:21Z,,,,,,2846.9
2026-07-06T20:27:21Z,,,,,,2846.5
2026-07-06T20:27:21Z,,,,,,2845.4
2026-07-06T20:27:21Z,51.556957,-0.072054,26.6,16,1,2844.0
2026-07-06T20:27:21Z,,,,,,2842.5
2026-07-06T20:27:21Z,,,,,,2841.8
2026-07-06T20:27:21Z,,,,,,2841.7
2026-07-06T20:27:22Z,,,,,,2841.3
2026-07-06T20:27:22Z,,,,,,2842.1
2026-07-06T20:27:22Z,,,,,,2844.2
2026-07-06T20:27:22Z,,,,,,2846.7
2026-07-06T20:27:22Z,,,,,,2849.7
2026-07-06T20:27:22Z,,,,,,2854.0
2026-07-06T20:27:22Z,51.556957,-0.072054,26.7,16,1,2859.5
2026-07-06T20:27:22Z,,,,,,2864.7
2026-07-06T20:27:22Z,,,,,,2869.6
2026-07-06T20:27:22Z,,,,,,2874.7
2026-07-06T20:27:23Z,,,,,,2877.8
2026-07-06T20:27:23Z,,,,,,2879.3
2026-07-06T20:27:23Z,,,,,,2880.3
2026-07-06T20:27:23Z,,,,,,2880.8
2026-07-06T20:27:23Z,,,,,,2880.5
2026-07-06T20:27:23Z,,,,,,2879.9
2026-07-06T20:27:23Z,51.556957,-0.072054,26.7,16,1,2878.9
2026-07-06T20:27:23Z,,,,,,2877.3
2026-07-06T20:27:23Z,,,,,,2875.1
2026-07-06T20:27:23Z,,,,,,2872.5
2026-07-06T20:27:24Z,,,,,,2870.7
2026-07-06T20:27:24Z,,,,,,2869.0
2026-07-06T20:27:24Z,,,,,,2865.8
2026-07-06T20:27:24Z,,,,,,2862.7
2026-07-06T20:27:24Z,,,,,,2860.5
2026-07-06T20:27:24Z,,,,,,2857.4
2026-07-06T20:27:24Z,51.556957,-0.072054,26.8,16,1,2854.6
2026-07-06T20:27:24Z,,,,,,2854.0
2026-07-06T20:27:24Z,,,,,,2853.9
2026-07-06T20:27:24Z,,,,,,2855.8
2026-07-06T20:27:25Z,,,,,,2859.6
2026-07-06T20:27:25Z,,,,,,2864.1
2026-07-06T20:27:25Z,,,,,,2869.0
2026-07-06T20:27:25Z,,,,,,2875.0
2026-07-06T20:27:25Z,,,,,,2882.2
2026-07-06T20:27:25Z,,,,,,2888.0
2026-07-06T20:27:25Z,51.556957,-0.072054,26.8,16,1,2894.6
2026-07-06T20:27:25Z,,,,,,2901.1
2026-07-06T20:27:25Z,,,,,,2905.8
2026-07-06T20:27:25Z,,,,,,2909.8
2026-07-06T20:27:26Z,,,,,,2912.3
2026-07-06T20:27:26Z,,,,,,2914.8
2026-07-06T20:27:26Z,,,,,,2916.8
2026-07-06T20:27:26Z,,,,,,2917.4
2026-07-06T20:27:26Z,,,,,,2917.6
2026-07-06T20:27:26Z,,,,,,2917.5
2026-07-06T20:27:26Z,51.556961,-0.072058,26.7,16,1,2918.6
2026-07-06T20:27:26Z,,,,,,2921.3
2026-07-06T20:27:26Z,,,,,,2925.7
2026-07-06T20:27:26Z,,,,,,2933.0
2026-07-06T20:27:27Z,,,,,,2941.1
2026-07-06T20:27:27Z,,,,,,2948.3
2026-07-06T20:27:27Z,,,,,,2953.4
2026-07-06T20:27:27Z,,,,,,2957.3
2026-07-06T20:27:27Z,,,,,,2961.3
2026-07-06T20:27:27Z,,,,,,2964.7
2026-07-06T20:27:27Z,51.556965,-0.072063,26.4,16,1,2967.5
2026-07-06T20:27:27Z,,,,,,2969.4
2026-07-06T20:27:27Z,,,,,,2971.6
2026-07-06T20:27:27Z,,,,,,2973.1
2026-07-06T20:27:28Z,,,,,,2973.1
2026-07-06T20:27:28Z,,,,,,2972.3
2026-07-06T20:27:28Z,,,,,,2969.3
2026-07-06T20:27:28Z,,,,,,2963.8
2026-07-06T20:27:28Z,,,,,,2960.1
2026-07-06T20:27:28Z,,,,,,2957.8
2026-07-06T20:27:28Z,51.556957,-0.072071,25.9,16,1,2953.8
2026-07-06T20:27:28Z,,,,,,2950.7
2026-07-06T20:27:28Z,,,,,,2947.3
2026-07-06T20:27:28Z,,,,,,2941.0
2026-07-06T20:27:29Z,,,,,,2934.4
2026-07-06T20:27:29Z,,,,,,2928.5
2026-07-06T20:27:29Z,,,,,,2923.8
2026-07-06T20:27:29Z,,,,,,2918.5
2026-07-06T20:27:29Z,,,,,,2914.4
2026-07-06T20:27:29Z,,,,,,2912.7
2026-07-06T20:27:29Z,51.556957,-0.072079,25.7,16,1,2908.9
2026-07-06T20:27:29Z,,,,,,2902.4
2026-07-06T20:27:29Z,,,,,,2896.5
2026-07-06T20:27:29Z,,,,,,2893.7
2026-07-06T20:27:30Z,,,,,,2891.1
2026-07-06T20:27:30Z,,,,,,2888.2
2026-07-06T20:27:30Z,,,,,,2886.5
2026-07-06T20:27:30Z,,,,,,2884.7
2026-07-06T20:27:30Z,,,,,,2881.0
2026-07-06T20:27:30Z,,,,,,2878.3
2026-07-06T20:27:30Z,51.556965,-0.072086,25.8,16,1,2878.1
2026-07-06T20:27:30Z,,,,,,2877.4
2026-07-06T20:27:30Z,,,,,,2878.0
2026-07-06T20:27:30Z,,,,,,2880.4
2026-07-06T20:27:31Z,,,,,,2881.1
2026-07-06T20:27:31Z,,,,,,2878.8
2026-07-06T20:27:31Z,,,,,,2878.1
2026-07-06T20:27:31Z,,,,,,2880.3
2026-07-06T20:27:31Z,,,,,,2880.9
2026-07-06T20:27:31Z,,,,,,2879.9
2026-07-06T20:27:31Z,51.556965,-0.072093,25.8,16,1,2878.8
2026-07-06T20:27:31Z,,,,,,2877.1
2026-07-06T20:27:31Z,,,,,,2874.6
2026-07-06T20:27:31Z,,,,,,2872.7
2026-07-06T20:27:32Z,,,,,,2871.1
2026-07-06T20:27:32Z,,,,,,2869.6
2026-07-06T20:27:32Z,,,,,,2868.0
2026-07-06T20:27:32Z,,,,,,2865.3
2026-07-06T20:27:32Z,,,,,,2861.5
2026-07-06T20:27:32Z,,,,,,2859.0
2026-07-06T20:27:32Z,51.556973,-0.072104,26.3,16,1,2858.6
2026-07-06T20:27:32Z,,,,,,2856.8
2026-07-06T20:27:32Z,,,,,,2855.5
2026-07-06T20:27:32Z,,,,,,2853.9
2026-07-06T20:27:33Z,,,,,,2850.0
2026-07-06T20:27:33Z,,,,,,2846.9
2026-07-06T20:27:33Z,,,,,,2846.9
2026-07-06T20:27:33Z,,,,,,2847.9
2026-07-06T20:27:33Z,,,,,,2849.5
2026-07-06T20:27:33Z,,,,,,2852.2
2026-07-06T20:27:33Z,51.556980,-0.072117,27.2,16,1,2853.7
2026-07-06T20:27:33Z,,,,,,2854.3
2026-07-06T20:27:33Z,,,,,,2857.4
2026-07-06T20:27:33Z,,,,,,2862.1
2026-07-06T20:27:34Z,,,,,,2866.5
2026-07-06T20:27:34Z,,,,,,2870.9
2026-07-06T20:27:34Z,,,,,,2873.4
2026-07-06T20:27:34Z,,,,,,2873.9
2026-07-06T20:27:34Z,,,,,,2872.7
2026-07-06T20:27:34Z,,,,,,2873.6
2026-07-06T20:27:34Z,51.556992,-0.072127,27.8,16,1,2876.7
2026-07-06T20:27:34Z,,,,,,2878.2
2026-07-06T20:27:34Z,,,,,,2878.8
2026-07-06T20:27:34Z,,,,,,2877.9
2026-07-06T20:27:35Z,,,,,,2874.7
2026-07-06T20:27:35Z,,,,,,2872.2
2026-07-06T20:27:35Z,,,,,,2872.7
2026-07-06T20:27:35Z,,,,,,2873.0
2026-07-06T20:27:35Z,,,,,,2872.7
2026-07-06T20:27:35Z,,,,,,2871.7
2026-07-06T20:27:35Z,51.556995,-0.072140,28.0,16,1,2869.8
2026-07-06T20:27:35Z,,,,,,2866.2
2026-07-06T20:27:35Z,,,,,,2863.3
2026-07-06T20:27:35Z,,,,,,2861.9
2026-07-06T20:27:36Z,,,,,,2860.6
2026-07-06T20:27:36Z,,,,,,2859.7
2026-07-06T20:27:36Z,,,,,,2857.7
2026-07-06T20:27:36Z,,,,,,2854.4
2026-07-06T20:27:36Z,,,,,,2852.8
2026-07-06T20:27:36Z,,,,,,2851.9
2026-07-06T20:27:36Z,51.557003,-0.072150,28.2,16,1,2850.5
2026-07-06T20:27:36Z,,,,,,2850.3
2026-07-06T20:27:36Z,,,,,,2847.7
2026-07-06T20:27:36Z,,,,,,2846.1
2026-07-06T20:27:37Z,,,,,,2845.3
2026-07-06T20:27:37Z,,,,,,2843.1
2026-07-06T20:27:37Z,,,,,,2841.4
2026-07-06T20:27:37Z,,,,,,2841.0
2026-07-06T20:27:37Z,,,,,,2841.6
2026-07-06T20:27:37Z,,,,,,2840.7
2026-07-06T20:27:37Z,51.557007,-0.072157,28.3,16,1,2839.4
2026-07-06T20:27:37Z,,,,,,2838.7
2026-07-06T20:27:37Z,,,,,,2838.3
2026-07-06T20:27:37Z,,,,,,2837.7
2026-07-06T20:27:38Z,,,,,,2837.7
2026-07-06T20:27:38Z,,,,,,2837.9
2026-07-06T20:27:38Z,,,,,,2837.9
2026-07-06T20:27:38Z,,,,,,2838.0
2026-07-06T20:27:38Z,,,,,,2840.2
2026-07-06T20:27:38Z,,,,,,2844.9
2026-07-06T20:27:38Z,51.557007,-0.072166,28.6,16,1,2852.0
2026-07-06T20:27:38Z,,,,,,2861.3
2026-07-06T20:27:38Z,,,,,,2869.6
2026-07-06T20:27:38Z,,,,,,2877.8
2026-07-06T20:27:39Z,,,,,,2887.6
2026-07-06T20:27:39Z,,,,,,2898.8
2026-07-06T20:27:39Z,,,,,,2909.4
2026-07-06T20:27:39Z,,,,,,2919.0
2026-07-06T20:27:39Z,,,,,,2926.2
2026-07-06T20:27:39Z,,,,,,2930.3
2026-07-06T20:27:39Z,51.557011,-0.072180,28.7,16,1,2932.6
2026-07-06T20:27:39Z,,,,,,2933.7
2026-07-06T20:27:39Z,,,,,,2934.7
2026-07-06T20:27:39Z,,,,,,2935.2
2026-07-06T20:27:40Z,,,,,,2934.9
2026-07-06T20:27:40Z,,,,,,2935.2
2026-07-06T20:27:40Z,,,,,,2935.7
2026-07-06T20:27:40Z,,,,,,2932.5
2026-07-06T20:27:40Z,,,,,,2928.5
2026-07-06T20:27:40Z,,,,,,2924.2
2026-07-06T20:27:40Z,51.557011,-0.072181,28.6,16,1,2919.5
2026-07-06T20:27:40Z,,,,,,2915.6
2026-07-06T20:27:40Z,,,,,,2912.0
2026-07-06T20:27:40Z,,,,,,2908.6
2026-07-06T20:27:41Z,,,,,,2904.0
2026-07-06T20:27:41Z,,,,,,2898.2
2026-07-06T20:27:41Z,,,,,,2893.2
2026-07-06T20:27:41Z,,,,,,2889.7
2026-07-06T20:27:41Z,,,,,,2887.6
2026-07-06T20:27:41Z,,,,,,2887.3
2026-07-06T20:27:41Z,51.557007,-0.072182,28.5,16,1,2889.1
2026-07-06T20:27:41Z,,,,,,2892.1
2026-07-06T20:27:41Z,,,,,,2895.1
2026-07-06T20:27:41Z,,,,,,2897.5
2026-07-06T20:27:42Z,,,,,,2898.4
2026-07-06T20:27:42Z,,,,,,2899.2
2026-07-06T20:27:42Z,,,,,,2898.9
2026-07-06T20:27:42Z,,,,,,2898.3
2026-07-06T20:27:42Z,,,,,,2899.7
2026-07-06T20:27:42Z,,,,,,2900.9
2026-07-06T20:27:42Z,51.557007,-0.072183,28.6,16,1,2901.0
2026-07-06T20:27:42Z,,,,,,2900.1
2026-07-06T20:27:42Z,,,,,,2899.2
2026-07-06T20:27:42Z,,,,,,2898.1
2026-07-06T20:27:43Z,,,,,,2895.8
2026-07-06T20:27:43Z,,,,,,2894.7
2026-07-06T20:27:43Z,,,,,,2894.8
2026-07-06T20:27:43Z,,,,,,2895.6
2026-07-06T20:27:43Z,,,,,,2896.4
2026-07-06T20:27:43Z,,,,,,2897.7
2026-07-06T20:27:43Z,51.557011,-0.072191,28.0,16,1,2899.9
2026-07-06T20:27:43Z,,,,,,2900.9
2026-07-06T20:27:43Z,,,,,,2903.2
2026-07-06T20:27:43Z,,,,,,2909.3
2026-07-06T20:27:44Z,,,,,,2917.1
2026-07-06T20:27:44Z,,,,,,2926.0
2026-07-06T20:27:44Z,,,,,,2936.8
2026-07-06T20:27:44Z,,,,,,2950.0
2026-07-06T20:27:44Z,,,,,,2962.2
2026-07-06T20:27:44Z,,,,,,2971.8
2026-07-06T20:27:44Z,51.557014,-0.072197,28.0,16,1,2981.1
2026-07-06T20:27:44Z,,,,,,2990.3
2026-07-06T20:27:44Z,,,,,,2996.5
2026-07-06T20:27:44Z,,,,,,3000.9
2026-07-06T20:27:45Z,,,,,,3004.9
2026-07-06T20:27:45Z,,,,,,3007.7
2026-07-06T20:27:45Z,,,,,,3008.2
2026-07-06T20:27:45Z,,,,,,3008.0
2026-07-06T20:27:45Z,,,,,,3006.8
2026-07-06T20:27:45Z,,,,,,3004.9
2026-07-06T20:27:45Z,51.557014,-0.072198,28.0,16,1,3002.7
2026-07-06T20:27:45Z,,,,,,2998.7
2026-07-06T20:27:45Z,,,,,,2994.6
2026-07-06T20:27:45Z,,,,,,2988.6
2026-07-06T20:27:46Z,,,,,,2981.7
2026-07-06T20:27:46Z,,,,,,2977.3
2026-07-06T20:27:46Z,,,,,,2973.7
2026-07-06T20:27:46Z,,,,,,2968.7
2026-07-06T20:27:46Z,,,,,,2963.3
2026-07-06T20:27:46Z,,,,,,2958.5
2026-07-06T20:27:46Z,51.557014,-0.072198,28.1,16,1,2954.1
2026-07-06T20:27:46Z,,,,,,2950.0
2026-07-06T20:27:46Z,,,,,,2948.3
2026-07-06T20:27:46Z,,,,,,2947.7
2026-07-06T20:27:47Z,,,,,,2945.5
2026-07-06T20:27:47Z,,,,,,2943.0
2026-07-06T20:27:47Z,,,,,,2941.0
2026-07-06T20:27:47Z,,,,,,2939.5
2026-07-06T20:27:47Z,,,,,,2938.1
2026-07-06T20:27:47Z,,,,,,2937.4
2026-07-06T20:27:47Z,51.557014,-0.072199,28.2,16,1,2938.9
2026-07-06T20:27:47Z,,,,,,2940.3
2026-07-06T20:27:47Z,,,,,,2940.9
2026-07-06T20:27:47Z,,,,,,2941.2
2026-07-06T20:27:48Z,,,,,,2941.4
2026-07-06T20:27:48Z,,,,,,2940.8
2026-07-06T20:27:48Z,,,,,,2939.5
2026-07-06T20:27:48Z,,,,,,2939.0
2026-07-06T20:27:48Z,,,,,,2938.3
2026-07-06T20:27:48Z,,,,,,2936.7
2026-07-06T20:27:48Z,51.557014,-0.072205,28.0,16,1,2934.7
2026-07-06T20:27:48Z,,,,,,2932.6
2026-07-06T20:27:48Z,,,,,,2929.6
2026-07-06T20:27:48Z,,,,,,2926.4
2026-07-06T20:27:49Z,,,,,,2925.3
2026-07-06T20:27:49Z,,,,,,2923.1
2026-07-06T20:27:49Z,,,,,,2918.1
2026-07-06T20:27:49Z,,,,,,2913.1
2026-07-06T20:27:49Z,,,,,,2909.0
2026-07-06T20:27:49Z,,,,,,2905.3
2026-07-06T20:27:49Z,51.557014,-0.072206,28.1,16,1,2901.3
2026-07-06T20:27:49Z,,,,,,2897.6
2026-07-06T20:27:49Z,,,,,,2895.1
2026-07-06T20:27:49Z,,,,,,2893.1
2026-07-06T20:27:50Z,,,,,,2890.3
2026-07-06T20:27:50Z,,,,,,2887.2
2026-07-06T20:27:50Z,,,,,,2885.1
2026-07-06T20:27:50Z,,,,,,2882.2
2026-07-06T20:27:50Z,,,,,,2879.5
2026-07-06T20:27:50Z,,,,,,2879.8
2026-07-06T20:27:50Z,51.557014,-0.072206,28.1,16,1,2881.0
2026-07-06T20:27:50Z,,,,,,2880.7
2026-07-06T20:27:50Z,,,,,,2880.1
2026-07-06T20:27:50Z,,,,,,2881.1
2026-07-06T20:27:51Z,,,,,,2883.6
2026-07-06T20:27:51Z,,,,,,2887.7
2026-07-06T20:27:51Z,,,,,,2891.2
2026-07-06T20:27:51Z,,,,,,2894.2
2026-07-06T20:27:51Z,,,,,,2897.6
2026-07-06T20:27:51Z,,,,,,2900.5
2026-07-06T20:27:51Z,51.557014,-0.072206,28.1,16,1,2902.8
2026-07-06T20:27:51Z,,,,,,2904.5
2026-07-06T20:27:51Z,,,,,,2904.5
2026-07-06T20:27:51Z,,,,,,2904.3
2026-07-06T20:27:52Z,,,,,,2904.6
2026-07-06T20:27:52Z,,,,,,2904.4
2026-07-06T20:27:52Z,,,,,,2903.3
2026-07-06T20:27:52Z,,,,,,2901.3
2026-07-06T20:27:52Z,,,,,,2898.9
2026-07-06T20:27:52Z,,,,,,2895.9
2026-07-06T20:27:52Z,51.557014,-0.072212,28.3,16,1,2891.3
2026-07-06T20:27:52Z,,,,,,2887.8
2026-07-06T20:27:52Z,,,,,,2885.7
2026-07-06T20:27:52Z,,,,,,2882.7
2026-07-06T20:27:53Z,,,,,,2879.2
2026-07-06T20:27:53Z,,,,,,2875.7
2026-07-06T20:27:53Z,,,,,,2872.3
2026-07-06T20:27:53Z,,,,,,2868.7
2026-07-06T20:27:53Z,,,,,,2865.1
2026-07-06T20:27:53Z,,,,,,2862.9
2026-07-06T20:27:53Z,51.557014,-0.072210,28.6,16,1,2862.1
2026-07-06T20:27:53Z,,,,,,2859.0
2026-07-06T20:27:53Z,,,,,,2854.6
2026-07-06T20:27:53Z,,,,,,2851.2
2026-07-06T20:27:54Z,,,,,,2849.1
2026-07-06T20:27:54Z,,,,,,2845.9
2026-07-06T20:27:54Z,,,,,,2842.3
2026-07-06T20:27:54Z,,,,,,2840.3
2026-07-06T20:27:54Z,,,,,,2838.0
2026-07-06T20:27:54Z,,,,,,2835.8
2026-07-06T20:27:54Z,51.557011,-0.072209,28.3,16,1,2834.0
2026-07-06T20:27:54Z,,,,,,2832.9
2026-07-06T20:27:54Z,,,,,,2833.0
2026-07-06T20:27:54Z,,,,,,2834.0
2026-07-06T20:27:55Z,,,,,,2836.1
2026-07-06T20:27:55Z,,,,,,2839.7
2026-07-06T20:27:55Z,,,,,,2843.9
2026-07-06T20:27:55Z,,,,,,2848.3
2026-07-06T20:27:55Z,,,,,,2854.2
2026-07-06T20:27:55Z,,,,,,2860.2
2026-07-06T20:27:55Z,51.557007,-0.072212,28.2,16,1,2864.1
2026-07-06T20:27:55Z,,,,,,2867.2
2026-07-06T20:27:55Z,,,,,,2870.5
2026-07-06T20:27:55Z,,,,,,2872.6
2026-07-06T20:27:56Z,,,,,,2872.1
2026-07-06T20:27:56Z,,,,,,2870.2
2026-07-06T20:27:56Z,,,,,,2867.9
2026-07-06T20:27:56Z,,,,,,2865.0
2026-07-06T20:27:56Z,,,,,,2862.4
2026-07-06T20:27:56Z,,,,,,2860.0
2026-07-06T20:27:56Z,51.557003,-0.072211,28.6,16,1,2858.9
2026-07-06T20:27:56Z,,,,,,2858.5
2026-07-06T20:27:56Z,,,,,,2857.1
2026-07-06T20:27:56Z,,,,,,2854.7
2026-07-06T20:27:57Z,,,,,,2851.7
2026-07-06T20:27:57Z,,,,,,2849.1
2026-07-06T20:27:57Z,,,,,,2845.5
2026-07-06T20:27:57Z,,,,,,2842.5
2026-07-06T20:27:57Z,,,,,,2840.9
2026-07-06T20:27:57Z,,,,,,2839.1
2026-07-06T20:27:57Z,51.556999,-0.072206,28.4,16,1,2836.8
2026-07-06T20:27:57Z,,,,,,2834.7
2026-07-06T20:27:57Z,,,,,,2832.6
2026-07-06T20:27:57Z,,,,,,2831.8
2026-07-06T20:27:58Z,,,,,,2834.6
2026-07-06T20:27:58Z,,,,,,2841.8
2026-07-06T20:27:58Z,,,,,,2852.9
2026-07-06T20:27:58Z,,,,,,2866.6
2026-07-06T20:27:58Z,,,,,,2883.0
2026-07-06T20:27:58Z,,,,,,2899.9
2026-07-06T20:27:58Z,51.556995,-0.072195,28.3,16,1,2916.8
2026-07-06T20:27:58Z,,,,,,2933.8
2026-07-06T20:27:58Z,,,,,,2954.3
2026-07-06T20:27:58Z,,,,,,2972.6
2026-07-06T20:27:59Z,,,,,,2985.4
2026-07-06T20:27:59Z,,,,,,3000.2
2026-07-06T20:27:59Z,,,,,,3013.3
2026-07-06T20:27:59Z,,,,,,3022.5
2026-07-06T20:27:59Z,,,,,,3031.3
2026-07-06T20:27:59Z,,,,,,3039.3
2026-07-06T20:27:59Z,51.556992,-0.072190,28.4,16,1,3048.8
2026-07-06T20:27:59Z,,,,,,3061.9
2026-07-06T20:27:59Z,,,,,,3076.5
2026-07-06T20:27:59Z,,,,,,3089.4
2026-07-06T20:28:00Z,,,,,,3100.6
2026-07-06T20:28:00Z,,,,,,3112.0
2026-07-06T20:28:00Z,,,,,,3118.8
2026-07-06T20:28:00Z,,,,,,3124.9
2026-07-06T20:28:00Z,,,,,,3132.5
2026-07-06T20:28:00Z,,,,,,3137.3
2026-07-06T20:28:00Z,51.556992,-0.072190,28.4,16,1,3141.7
2026-07-06T20:28:00Z,,,,,,3145.0
2026-07-06T20:28:00Z,,,,,,3143.3
2026-07-06T20:28:00Z,,,,,,3136.4
2026-07-06T20:28:01Z,,,,,,3128.5
2026-07-06T20:28:01Z,,,,,,3121.7
2026-07-06T20:28:01Z,,,,,,3113.8
2026-07-06T20:28:01Z,,,,,,3105.5
2026-07-06T20:28:01Z,,,,,,3096.8
2026-07-06T20:28:01Z,,,,,,3086.5
2026-07-06T20:28:01Z,51.556992,-0.072190,28.4,16,1,3074.4
2026-07-06T20:28:01Z,,,,,,3064.3
2026-07-06T20:28:01Z,,,,,,3057.5
2026-07-06T20:28:01Z,,,,,,3048.9
2026-07-06T20:28:02Z,,,,,,3039.9
2026-07-06T20:28:02Z,,,,,,3032.4
2026-07-06T20:28:02Z,,,,,,3026.9
2026-07-06T20:28:02Z,,,,,,3021.3
2026-07-06T20:28:02Z,,,,,,3016.2
2026-07-06T20:28:02Z,,,,,,3012.8
2026-07-06T20:28:02Z,51.556992,-0.072189,28.4,16,1,3008.6
2026-07-06T20:28:02Z,,,,,,3004.1
2026-07-06T20:28:02Z,,,,,,2999.5
2026-07-06T20:28:02Z,,,,,,2995.8
2026-07-06T20:28:03Z,,,,,,2992.2
2026-07-06T20:28:03Z,,,,,,2987.2
2026-07-06T20:28:03Z,,,,,,2984.3
2026-07-06T20:28:03Z,,,,,,2982.5
2026-07-06T20:28:03Z,,,,,,2979.0
2026-07-06T20:28:03Z,,,,,,2975.9
2026-07-06T20:28:03Z,51.556980,-0.072182,28.7,16,1,2973.7
2026-07-06T20:28:03Z,,,,,,2971.6
2026-07-06T20:28:03Z,,,,,,2969.1
2026-07-06T20:28:03Z,,,,,,2969.1
2026-07-06T20:28:04Z,,,,,,2969.0
2026-07-06T20:28:04Z,,,,,,2965.4
2026-07-06T20:28:04Z,,,,,,2962.7
2026-07-06T20:28:04Z,,,,,,2961.9
2026-07-06T20:28:04Z,,,,,,2960.5
2026-07-06T20:28:04Z,,,,,,2956.5
2026-07-06T20:28:04Z,51.556973,-0.072175,28.8,16,1,2951.5
2026-07-06T20:28:04Z,,,,,,2948.3
2026-07-06T20:28:04Z,,,,,,2946.2
2026-07-06T20:28:04Z,,,,,,2943.8
2026-07-06T20:28:05Z,,,,,,2941.5
2026-07-06T20:28:05Z,,,,,,2939.6
2026-07-06T20:28:05Z,,,,,,2937.5
2026-07-06T20:28:05Z,,,,,,2934.7
2026-07-06T20:28:05Z,,,,,,2932.0
2026-07-06T20:28:05Z,,,,,,2929.7
2026-07-06T20:28:05Z,51.556969,-0.072166,29.3,16,1,2927.3
2026-07-06T20:28:05Z,,,,,,2924.2
2026-07-06T20:28:05Z,,,,,,2921.1
2026-07-06T20:28:05Z,,,,,,2918.2
2026-07-06T20:28:06Z,,,,,,2915.8
2026-07-06T20:28:06Z,,,,,,2913.5
2026-07-06T20:28:06Z,,,,,,2911.1
2026-07-06T20:28:06Z,,,,,,2909.4
2026-07-06T20:28:06Z,,,,,,2907.9
2026-07-06T20:28:06Z,,,,,,2906.4
2026-07-06T20:28:06Z,51.556965,-0.072159,29.5,16,1,2904.0
2026-07-06T20:28:06Z,,,,,,2901.5
2026-07-06T20:28:06Z,,,,,,2900.3
2026-07-06T20:28:06Z,,,,,,2900.3
2026-07-06T20:28:07Z,,,,,,2900.4
2026-07-06T20:28:07Z,,,,,,2900.3
2026-07-06T20:28:07Z,,,,,,2900.4
2026-07-06T20:28:07Z,,,,,,2901.4
2026-07-06T20:28:07Z,,,,,,2902.7
2026-07-06T20:28:07Z,,,,,,2903.0
2026-07-06T20:28:07Z,51.556961,-0.072157,29.4,16,1,2902.9
2026-07-06T20:28:07Z,,,,,,2904.1
2026-07-06T20:28:07Z,,,,,,2906.6
2026-07-06T20:28:07Z,,,,,,2908.7
2026-07-06T20:28:08Z,,,,,,2910.7
2026-07-06T20:28:08Z,,,,,,2912.6
2026-07-06T20:28:08Z,,,,,,2913.6
2026-07-06T20:28:08Z,,,,,,2914.1
2026-07-06T20:28:08Z,,,,,,2913.5
2026-07-06T20:28:08Z,,,,,,2912.7
2026-07-06T20:28:08Z,51.556961,-0.072156,29.4,16,1,2912.1
2026-07-06T20:28:08Z,,,,,,2910.7
2026-07-06T20:28:08Z,,,,,,2909.3
2026-07-06T20:28:08Z,,,,,,2908.3
2026-07-06T20:28:09Z,,,,,,2906.9
2026-07-06T20:28:09Z,,,,,,2904.9
2026-07-06T20:28:09Z,,,,,,2902.9
2026-07-06T20:28:09Z,,,,,,2902.0
2026-07-06T20:28:09Z,,,,,,2900.2
2026-07-06T20:28:09Z,,,,,,2899.2
2026-07-06T20:28:09Z,51.556961,-0.072155,29.5,16,1,2899.5
2026-07-06T20:28:09Z,,,,,,2900.3
2026-07-06T20:28:09Z,,,,,,2901.1
2026-07-06T20:28:09Z,,,,,,2902.0
2026-07-06T20:28:10Z,,,,,,2904.7
2026-07-06T20:28:10Z,,,,,,2908.6
2026-07-06T20:28:10Z,,,,,,2913.7
2026-07-06T20:28:10Z,,,,,,2920.1
2026-07-06T20:28:10Z,,,,,,2928.8
2026-07-06T20:28:10Z,,,,,,2938.2
2026-07-06T20:28:10Z,51.556961,-0.072154,29.4,16,1,2947.9
2026-07-06T20:28:10Z,,,,,,2959.7
2026-07-06T20:28:10Z,,,,,,2970.8
2026-07-06T20:28:10Z,,,,,,2980.0
2026-07-06T20:28:11Z,,,,,,2988.1
2026-07-06T20:28:11Z,,,,,,2995.5
2026-07-06T20:28:11Z,,,,,,3001.5
2026-07-06T20:28:11Z,,,,,,3004.7
2026-07-06T20:28:11Z,,,,,,3005.9
2026-07-06T20:28:11Z,,,,,,3007.7
2026-07-06T20:28:11Z,51.556961,-0.072153,29.4,16,1,3009.1
2026-07-06T20:28:11Z,,,,,,3008.5
2026-07-06T20:28:11Z,,,,,,3007.6
2026-07-06T20:28:11Z,,,,,,3006.3
2026-07-06T20:28:12Z,,,,,,3003.0
2026-07-06T20:28:12Z,,,,,,2999.0
2026-07-06T20:28:12Z,,,,,,2995.6
2026-07-06T20:28:12Z,,,,,,2990.7
2026-07-06T20:28:12Z,,,,,,2985.1
2026-07-06T20:28:12Z,,,,,,2981.1
2026-07-06T20:28:12Z,51.556961,-0.072152,29.4,16,1,2977.3
2026-07-06T20:28:12Z,,,,,,2972.8
2026-07-06T20:28:12Z,,,,,,2968.8
2026-07-06T20:28:12Z,,,,,,2965.5
2026-07-06T20:28:13Z,,,,,,2961.5
2026-07-06T20:28:13Z,,,,,,2956.7
2026-07-06T20:28:13Z,,,,,,2951.9
2026-07-06T20:28:13Z,,,,,,2947.2
2026-07-06T20:28:13Z,,,,,,2942.5
2026-07-06T20:28:13Z,,,,,,2938.2
2026-07-06T20:28:13Z,51.556961,-0.072151,29.4,16,1,2934.9
2026-07-06T20:28:13Z,,,,,,2932.5
2026-07-06T20:28:13Z,,,,,,2929.6
2026-07-06T20:28:13Z,,,,,,2926.4
2026-07-06T20:28:14Z,,,,,,2923.4
2026-07-06T20:28:14Z,,,,,,2920.1
2026-07-06T20:28:14Z,,,,,,2915.6
2026-07-06T20:28:14Z,,,,,,2911.6
2026-07-06T20:28:14Z,,,,,,2909.3
2026-07-06T20:28:14Z,,,,,,2906.6
2026-07-06T20:28:14Z,51.556957,-0.072150,29.4,16,1,2903.9
2026-07-06T20:28:14Z,,,,,,2901.7
2026-07-06T20:28:14Z,,,,,,2899.7
2026-07-06T20:28:14Z,,,,,,2898.0
2026-07-06T20:28:15Z,,,,,,2896.5
2026-07-06T20:28:15Z,,,,,,2895.7
2026-07-06T20:28:15Z,,,,,,2895.9
2026-07-06T20:28:15Z,,,,,,2895.8
2026-07-06T20:28:15Z,,,,,,2895.9
2026-07-06T20:28:15Z,,,,,,2896.1
2026-07-06T20:28:15Z,51.556957,-0.072148,29.5,16,1,2895.8
2026-07-06T20:28:15Z,,,,,,2894.6
2026-07-06T20:28:15Z,,,,,,2893.9
2026-07-06T20:28:15Z,,,,,,2894.4
2026-07-06T20:28:16Z,,,,,,2894.8
2026-07-06T20:28:16Z,,,,,,2895.1
2026-07-06T20:28:16Z,,,,,,2895.9
2026-07-06T20:28:16Z,,,,,,2897.0
2026-07-06T20:28:16Z,,,,,,2898.1
2026-07-06T20:28:16Z,,,,,,2900.1
2026-07-06T20:28:16Z,51.556957,-0.072146,29.5,16,1,2903.5
2026-07-06T20:28:16Z,,,,,,2906.3
2026-07-06T20:28:16Z,,,,,,2907.4
2026-07-06T20:28:16Z,,,,,,2908.2
2026-07-06T20:28:17Z,,,,,,2908.6
2026-07-06T20:28:17Z,,,,,,2908.0
2026-07-06T20:28:17Z,,,,,,2907.5
2026-07-06T20:28:17Z,,,,,,2908.6
2026-07-06T20:28:17Z,,,,,,2910.5
2026-07-06T20:28:17Z,,,,,,2909.5
2026-07-06T20:28:17Z,51.556957,-0.072145,29.4,16,1,2907.6
2026-07-06T20:28:17Z,,,,,,2906.2
2026-07-06T20:28:17Z,,,,,,2904.4
2026-07-06T20:28:17Z,,,,,,2902.8
2026-07-06T20:28:18Z,,,,,,2902.7
2026-07-06T20:28:18Z,,,,,,2904.2
2026-07-06T20:28:18Z,,,,,,2905.3
2026-07-06T20:28:18Z,,,,,,2907.2
2026-07-06T20:28:18Z,,,,,,2910.9
2026-07-06T20:28:18Z,,,,,,2913.0
2026-07-06T20:28:18Z,51.556957,-0.072144,29.4,16,1,2912.5
2026-07-06T20:28:18Z,,,,,,2912.0
2026-07-06T20:28:18Z,,,,,,2911.8
2026-07-06T20:28:18Z,,,,,,2911.0
2026-07-06T20:28:19Z,,,,,,2910.9
2026-07-06T20:28:19Z,,,,,,2911.6
2026-07-06T20:28:19Z,,,,,,2912.2
2026-07-06T20:28:19Z,,,,,,2912.1
2026-07-06T20:28:19Z,,,,,,2911.8
2026-07-06T20:28:19Z,,,,,,2911.4
2026-07-06T20:28:19Z,51.556957,-0.072142,29.5,16,1,2911.3
2026-07-06T20:28:19Z,,,,,,2910.0
2026-07-06T20:28:19Z,,,,,,2907.4
2026-07-06T20:28:19Z,,,,,,2905.0
2026-07-06T20:28:20Z,,,,,,2902.3
2026-07-06T20:28:20Z,,,,,,2899.2
2026-07-06T20:28:20Z,,,,,,2895.4
2026-07-06T20:28:20Z,,,,,,2892.5
2026-07-06T20:28:20Z,,,,,,2890.4
2026-07-06T20:28:20Z,,,,,,2888.0
2026-07-06T20:28:20Z,51.556957,-0.072142,29.5,16,1,2885.7
2026-07-06T20:28:20Z,,,,,,2883.6
2026-07-06T20:28:20Z,,,,,,2882.4
2026-07-06T20:28:20Z,,,,,,2881.0
2026-07-06T20:28:21Z,,,,,,2879.2
2026-07-06T20:28:21Z,,,,,,2877.9
2026-07-06T20:28:21Z,,,,,,2877.0
2026-07-06T20:28:21Z,,,,,,2876.0
2026-07-06T20:28:21Z,,,,,,2874.7
2026-07-06T20:28:21Z,,,,,,2873.1
2026-07-06T20:28:21Z,51.556957,-0.072141,29.5,16,1,2871.1
2026-07-06T20:28:21Z,,,,,,2868.2
2026-07-06T20:28:21Z,,,,,,2865.8
2026-07-06T20:28:21Z,,,,,,2864.0
2026-07-06T20:28:22Z,,,,,,2861.7
2026-07-06T20:28:22Z,,,,,,2859.4
2026-07-06T20:28:22Z,,,,,,2857.2
2026-07-06T20:28:22Z,,,,,,2855.4
2026-07-06T20:28:22Z,,,,,,2853.5
2026-07-06T20:28:22Z,,,,,,2850.8
2026-07-06T20:28:22Z,51.556957,-0.072140,29.5,16,1,2849.0
2026-07-06T20:28:22Z,,,,,,2847.5
2026-07-06T20:28:22Z,,,,,,2845.6
2026-07-06T20:28:22Z,,,,,,2844.0
2026-07-06T20:28:23Z,,,,,,2842.0
2026-07-06T20:28:23Z,,,,,,2840.2
2026-07-06T20:28:23Z,,,,,,2839.3
2026-07-06T20:28:23Z,,,,,,2840.4
2026-07-06T20:28:23Z,,,,,,2845.0
2026-07-06T20:28:23Z,,,,,,2851.3
2026-07-06T20:28:23Z,51.556957,-0.072139,29.6,16,1,2859.7
2026-07-06T20:28:23Z,,,,,,2869.1
2026-07-06T20:28:23Z,,,,,,2878.1
2026-07-06T20:28:23Z,,,,,,2887.2
2026-07-06T20:28:24Z,,,,,,2896.4
2026-07-06T20:28:24Z,,,,,,2906.5
2026-07-06T20:28:24Z,,,,,,2913.6
2026-07-06T20:28:24Z,,,,,,2918.1
2026-07-06T20:28:24Z,,,,,,2923.0
2026-07-06T20:28:24Z,,,,,,2925.4
2026-07-06T20:28:24Z,51.556957,-0.072138,29.6,16,1,2927.0
2026-07-06T20:28:24Z,,,,,,2928.9
2026-07-06T20:28:24Z,,,,,,2929.6
2026-07-06T20:28:24Z,,,,,,2929.9
2026-07-06T20:28:25Z,,,,,,2930.6
2026-07-06T20:28:25Z,,,,,,2931.2
2026-07-06T20:28:25Z,,,,,,2931.7
2026-07-06T20:28:25Z,,,,,,2930.8
2026-07-06T20:28:25Z,,,,,,2929.2
2026-07-06T20:28:25Z,,,,,,2929.3
2026-07-06T20:28:25Z,51.556957,-0.072137,29.6,16,1,2929.9
2026-07-06T20:28:25Z,,,,,,2930.2
2026-07-06T20:28:25Z,,,,,,2929.7
2026-07-06T20:28:25Z,,,,,,2927.9
2026-07-06T20:28:26Z,,,,,,2929.7
2026-07-06T20:28:26Z,,,,,,2933.6
2026-07-06T20:28:26Z,,,,,,2935.1
2026-07-06T20:28:26Z,,,,,,2933.7
2026-07-06T20:28:26Z,,,,,,2931.5
2026-07-06T20:28:26Z,,,,,,2932.0
2026-07-06T20:28:26Z,51.556957,-0.072136,29.6,16,1,2933.6
2026-07-06T20:28:26Z,,,,,,2932.1
2026-07-06T20:28:26Z,,,,,,2928.7
2026-07-06T20:28:26Z,,,,,,2926.3
2026-07-06T20:28:27Z,,,,,,2923.9
2026-07-06T20:28:27Z,,,,,,2921.3
2026-07-06T20:28:27Z,,,,,,2918.8
2026-07-06T20:28:27Z,,,,,,2916.7
2026-07-06T20:28:27Z,,,,,,2917.6
2026-07-06T20:28:27Z,,,,,,2922.4
2026-07-06T20:28:27Z,51.556957,-0.072136,29.7,16,1,2927.9
2026-07-06T20:28:27Z,,,,,,2931.5
2026-07-06T20:28:27Z,,,,,,2933.9
2026-07-06T20:28:27Z,,,,,,2937.8
2026-07-06T20:28:28Z,,,,,,2945.0
2026-07-06T20:28:28Z,,,,,,2955.7
2026-07-06T20:28:28Z,,,,,,2967.6
2026-07-06T20:28:28Z,,,,,,2979.4
2026-07-06T20:28:28Z,,,,,,2992.2
2026-07-06T20:28:28Z,,,,,,3005.0
2026-07-06T20:28:28Z,51.556957,-0.072135,29.7,16,1,3016.1
2026-07-06T20:28:28Z,,,,,,3024.1
2026-07-06T20:28:28Z,,,,,,3030.6
2026-07-06T20:28:28Z,,,,,,3036.2
2026-07-06T20:28:29Z,,,,,,3038.6
2026-07-06T20:28:29Z,,,,,,3039.3
2026-07-06T20:28:29Z,,,,,,3040.6
2026-07-06T20:28:29Z,,,,,,3041.4
2026-07-06T20:28:29Z,,,,,,3041.2
2026-07-06T20:28:29Z,,,,,,3039.6
2026-07-06T20:28:29Z,51.556957,-0.072135,29.8,16,1,3036.0
2026-07-06T20:28:29Z,,,,,,3031.6
2026-07-06T20:28:29Z,,,,,,3027.5
2026-07-06T20:28:29Z,,,,,,3023.4
2026-07-06T20:28:30Z,,,,,,3019.6
2026-07-06T20:28:30Z,,,,,,3015.3
2026-07-06T20:28:30Z,,,,,,3010.9
2026-07-06T20:28:30Z,,,,,,3007.3
2026-07-06T20:28:30Z,,,,,,3004.4
2026-07-06T20:28:30Z,,,,,,3002.4
2026-07-06T20:28:30Z,51.556957,-0.072134,29.9,16,1,3003.0
2026-07-06T20:28:30Z,,,,,,3003.5
2026-07-06T20:28:30Z,,,,,,3002.6
2026-07-06T20:28:30Z,,,,,,3002.8
2026-07-06T20:28:31Z,,,,,,3004.0
2026-07-06T20:28:31Z,,,,,,3004.8
2026-07-06T20:28:31Z,,,,,,3004.7
2026-07-06T20:28:31Z,,,,,,3007.0
2026-07-06T20:28:31Z,,,,,,3010.6
2026-07-06T20:28:31Z,,,,,,3013.0
2026-07-06T20:28:31Z,51.556957,-0.072132,30.0,16,1,3015.0
2026-07-06T20:28:31Z,,,,,,3018.0
2026-07-06T20:28:31Z,,,,,,3022.0
2026-07-06T20:28:31Z,,,,,,3027.4
2026-07-06T20:28:32Z,,,,,,3035.4
2026-07-06T20:28:32Z,,,,,,3049.3
2026-07-06T20:28:32Z,,,,,,3069.1
2026-07-06T20:28:32Z,,,,,,3090.9
2026-07-06T20:28:32Z,,,,,,3115.5
2026-07-06T20:28:32Z,,,,,,3139.0
2026-07-06T20:28:32Z,51.556957,-0.072131,30.1,16,1,3160.3
2026-07-06T20:28:32Z,,,,,,3182.5
2026-07-06T20:28:32Z,,,,,,3205.5
2026-07-06T20:28:32Z,,,,,,3228.6
2026-07-06T20:28:33Z,,,,,,3248.6
2026-07-06T20:28:33Z,,,,,,3267.9
2026-07-06T20:28:33Z,,,,,,3287.1
2026-07-06T20:28:33Z,,,,,,3304.9
2026-07-06T20:28:33Z,,,,,,3323.6
2026-07-06T20:28:33Z,,,,,,3344.2
2026-07-06T20:28:33Z,51.556957,-0.072131,30.1,16,1,3368.2
2026-07-06T20:28:33Z,,,,,,3395.4
2026-07-06T20:28:33Z,,,,,,3424.0
2026-07-06T20:28:33Z,,,,,,3453.0
2026-07-06T20:28:34Z,,,,,,3484.8
2026-07-06T20:28:34Z,,,,,,3517.2
2026-07-06T20:28:34Z,,,,,,3539.7
2026-07-06T20:28:34Z,,,,,,3553.0
2026-07-06T20:28:34Z,,,,,,3564.2
2026-07-06T20:28:34Z,,,,,,3572.4
2026-07-06T20:28:34Z,51.556953,-0.072125,29.5,16,1,3580.2
2026-07-06T20:28:34Z,,,,,,3585.9
2026-07-06T20:28:34Z,,,,,,3585.7
2026-07-06T20:28:34Z,,,,,,3580.2
2026-07-06T20:28:35Z,,,,,,3570.4
2026-07-06T20:28:35Z,,,,,,3558.9
2026-07-06T20:28:35Z,,,,,,3546.1
2026-07-06T20:28:35Z,,,,,,3531.5
2026-07-06T20:28:35Z,,,,,,3516.8
2026-07-06T20:28:35Z,,,,,,3500.0
2026-07-06T20:28:35Z,51.556953,-0.072116,29.2,16,1,3479.7
2026-07-06T20:28:35Z,,,,,,3458.2
2026-07-06T20:28:35Z,,,,,,3439.3
2026-07-06T20:28:35Z,,,,,,3421.5
2026-07-06T20:28:36Z,,,,,,3405.1
2026-07-06T20:28:36Z,,,,,,3389.4
2026-07-06T20:28:36Z,,,,,,3373.0
2026-07-06T20:28:36Z,,,,,,3356.9
2026-07-06T20:28:36Z,,,,,,3342.1
2026-07-06T20:28:36Z,,,,,,3329.2
2026-07-06T20:28:36Z,51.556957,-0.072104,29.0,16,1,3317.5
2026-07-06T20:28:36Z,,,,,,3307.3
2026-07-06T20:28:36Z,,,,,,3297.1
2026-07-06T20:28:36Z,,,,,,3286.0
2026-07-06T20:28:37Z,,,,,,3275.2
2026-07-06T20:28:37Z,,,,,,3266.1
2026-07-06T20:28:37Z,,,,,,3259.2
2026-07-06T20:28:37Z,,,,,,3252.9
2026-07-06T20:28:37Z,,,,,,3248.4
2026-07-06T20:28:37Z,,,,,,3244.0
2026-07-06T20:28:37Z,51.556957,-0.072102,28.8,16,1,3237.5
2026-07-06T20:28:37Z,,,,,,3230.6
2026-07-06T20:28:37Z,,,,,,3225.7
2026-07-06T20:28:37Z,,,,,,3221.8
2026-07-06T20:28:38Z,,,,,,3219.1
2026-07-06T20:28:38Z,,,,,,3217.3
2026-07-06T20:28:38Z,,,,,,3215.1
2026-07-06T20:28:38Z,,,,,,3212.7
2026-07-06T20:28:38Z,,,,,,3211.5
2026-07-06T20:28:38Z,,,,,,3214.5
2026-07-06T20:28:38Z,51.556957,-0.072101,28.9,16,1,3217.9
2026-07-06T20:28:38Z,,,,,,3221.0
2026-07-06T20:28:38Z,,,,,,3226.2
2026-07-06T20:28:38Z,,,,,,3230.6
2026-07-06T20:28:39Z,,,,,,3232.9
2026-07-06T20:28:39Z,,,,,,3234.9
2026-07-06T20:28:39Z,,,,,,3239.1
2026-07-06T20:28:39Z,,,,,,3243.7
2026-07-06T20:28:39Z,,,,,,3247.2
2026-07-06T20:28:39Z,,,,,,3249.7
2026-07-06T20:28:39Z,51.556957,-0.072100,28.9,16,1,3250.1
2026-07-06T20:28:39Z,,,,,,3248.0
2026-07-06T20:28:39Z,,,,,,3244.2
2026-07-06T20:28:39Z,,,,,,3241.1
2026-07-06T20:28:40Z,,,,,,3237.8
2026-07-06T20:28:40Z,,,,,,3233.3
2026-07-06T20:28:40Z,,,,,,3228.5
2026-07-06T20:28:40Z,,,,,,3223.0
2026-07-06T20:28:40Z,,,,,,3214.4
2026-07-06T20:28:40Z,,,,,,3204.6
2026-07-06T20:28:40Z,51.556953,-0.072089,28.5,16,1,3198.6
2026-07-06T20:28:40Z,,,,,,3194.5
2026-07-06T20:28:40Z,,,,,,3189.2
2026-07-06T20:28:40Z,,,,,,3185.0
2026-07-06T20:28:41Z,,,,,,3181.0
2026-07-06T20:28:41Z,,,,,,3176.9
2026-07-06T20:28:41Z,,,,,,3174.7
2026-07-06T20:28:41Z,,,,,,3177.3
2026-07-06T20:28:41Z,,,,,,3182.7
2026-07-06T20:28:41Z,,,,,,3189.2
2026-07-06T20:28:41Z,51.556953,-0.072078,28.5,16,1,3199.9
2026-07-06T20:28:41Z,,,,,,3212.2
2026-07-06T20:28:41Z,,,,,,3222.6
2026-07-06T20:28:41Z,,,,,,3230.0
2026-07-06T20:28:42Z,,,,,,3237.7
2026-07-06T20:28:42Z,,,,,,3246.4
2026-07-06T20:28:42Z,,,,,,3253.7
2026-07-06T20:28:42Z,,,,,,3259.7
2026-07-06T20:28:42Z,,,,,,3261.6
2026-07-06T20:28:42Z,,,,,,3259.5
2026-07-06T20:28:42Z,51.556950,-0.072065,28.2,16,1,3256.2
2026-07-06T20:28:42Z,,,,,,3254.7
2026-07-06T20:28:42Z,,,,,,3252.8
2026-07-06T20:28:42Z,,,,,,3248.5
2026-07-06T20:28:43Z,,,,,,3244.4
2026-07-06T20:28:43Z,,,,,,3238.8
2026-07-06T20:28:43Z,,,,,,3228.4
2026-07-06T20:28:43Z,,,,,,3219.1
2026-07-06T20:28:43Z,,,,,,3216.0
2026-07-06T20:28:43Z,,,,,,3212.4
2026-07-06T20:28:43Z,51.556950,-0.072048,28.0,16,1,3207.3
2026-07-06T20:28:43Z,,,,,,3202.0
2026-07-06T20:28:43Z,,,,,,3195.7
2026-07-06T20:28:43Z,,,,,,3188.7
2026-07-06T20:28:44Z,,,,,,3181.2
2026-07-06T20:28:44Z,,,,,,3176.2
2026-07-06T20:28:44Z,,,,,,3175.1
2026-07-06T20:28:44Z,,,,,,3176.5
2026-07-06T20:28:44Z,,,,,,3180.1
2026-07-06T20:28:44Z,,,,,,3185.4
2026-07-06T20:28:44Z,51.556942,-0.072031,27.9,16,1,3190.6
2026-07-06T20:28:44Z,,,,,,3196.9
2026-07-06T20:28:44Z,,,,,,3206.9
2026-07-06T20:28:44Z,,,,,,3218.7
2026-07-06T20:28:45Z,,,,,,3229.2
2026-07-06T20:28:45Z,,,,,,3237.2
2026-07-06T20:28:45Z,,,,,,3241.8
2026-07-06T20:28:45Z,,,,,,3244.3
2026-07-06T20:28:45Z,,,,,,3247.7
2026-07-06T20:28:45Z,,,,,,3250.4
2026-07-06T20:28:45Z,51.556938,-0.072017,27.6,16,1,3251.4
2026-07-06T20:28:45Z,,,,,,3253.1
2026-07-06T20:28:45Z,,,,,,3252.7
2026-07-06T20:28:45Z,,,,,,3248.1
2026-07-06T20:28:46Z,,,,,,3241.6
2026-07-06T20:28:46Z,,,,,,3235.2
2026-07-06T20:28:46Z,,,,,,3229.5
2026-07-06T20:28:46Z,,,,,,3224.6
2026-07-06T20:28:46Z,,,,,,3221.2
2026-07-06T20:28:46Z,,,,,,3217.0
2026-07-06T20:28:46Z,51.556931,-0.072003,27.4,16,1,3211.2
2026-07-06T20:28:46Z,,,,,,3204.5
2026-07-06T20:28:46Z,,,,,,3199.4
2026-07-06T20:28:46Z,,,,,,3196.1
2026-07-06T20:28:47Z,,,,,,3194.3
2026-07-06T20:28:47Z,,,,,,3195.4
2026-07-06T20:28:47Z,,,,,,3197.4
2026-07-06T20:28:47Z,,,,,,3199.5
2026-07-06T20:28:47Z,,,,,,3199.6
2026-07-06T20:28:47Z,,,,,,3203.4
2026-07-06T20:28:47Z,51.556927,-0.071988,27.1,16,1,3213.0
2026-07-06T20:28:47Z,,,,,,3222.7
2026-07-06T20:28:47Z,,,,,,3233.4
2026-07-06T20:28:47Z,,,,,,3241.9
2026-07-06T20:28:48Z,,,,,,3246.9
2026-07-06T20:28:48Z,,,,,,3252.6
2026-07-06T20:28:48Z,,,,,,3258.6
2026-07-06T20:28:48Z,,,,,,3262.0
2026-07-06T20:28:48Z,,,,,,3263.4
2026-07-06T20:28:48Z,,,,,,3265.0
2026-07-06T20:28:48Z,51.556923,-0.071971,26.7,16,1,3263.3
2026-07-06T20:28:48Z,,,,,,3257.1
2026-07-06T20:28:48Z,,,,,,3252.6
2026-07-06T20:28:48Z,,,,,,3251.0
2026-07-06T20:28:49Z,,,,,,3248.2
2026-07-06T20:28:49Z,,,,,,3243.3
2026-07-06T20:28:49Z,,,,,,3237.0
2026-07-06T20:28:49Z,,,,,,3230.0
2026-07-06T20:28:49Z,,,,,,3222.4
2026-07-06T20:28:49Z,,,,,,3215.1
2026-07-06T20:28:49Z,51.556915,-0.071953,26.2,16,1,3208.7
2026-07-06T20:28:49Z,,,,,,3202.7
2026-07-06T20:28:49Z,,,,,,3197.2
2026-07-06T20:28:49Z,,,,,,3192.3
2026-07-06T20:28:50Z,,,,,,3185.8
2026-07-06T20:28:50Z,,,,,,3183.3
2026-07-06T20:28:50Z,,,,,,3187.0
2026-07-06T20:28:50Z,,,,,,3192.1
2026-07-06T20:28:50Z,,,,,,3200.1
2026-07-06T20:28:50Z,,,,,,3209.4
2026-07-06T20:28:50Z,51.556908,-0.071938,25.9,16,1,3218.6
2026-07-06T20:28:50Z,,,,,,3228.8
2026-07-06T20:28:50Z,,,,,,3242.6
2026-07-06T20:28:50Z,,,,,,3256.6
2026-07-06T20:28:51Z,,,,,,3267.5
2026-07-06T20:28:51Z,,,,,,3278.2
2026-07-06T20:28:51Z,,,,,,3288.0
2026-07-06T20:28:51Z,,,,,,3293.0
2026-07-06T20:28:51Z,,,,,,3294.4
2026-07-06T20:28:51Z,,,,,,3298.6
2026-07-06T20:28:51Z,51.556900,-0.071926,25.4,16,1,3303.3
2026-07-06T20:28:51Z,,,,,,3305.6
2026-07-06T20:28:51Z,,,,,,3304.9
2026-07-06T20:28:51Z,,,,,,3299.9
2026-07-06T20:28:52Z,,,,,,3293.1
2026-07-06T20:28:52Z,,,,,,3287.4
2026-07-06T20:28:52Z,,,,,,3283.7
2026-07-06T20:28:52Z,,,,,,3278.8
2026-07-06T20:28:52Z,,,,,,3272.6
2026-07-06T20:28:52Z,,,,,,3265.8
2026-07-06T20:28:52Z,51.556896,-0.071908,25.1,16,1,3257.6
2026-07-06T20:28:52Z,,,,,,3247.7
2026-07-06T20:28:52Z,,,,,,3240.5
2026-07-06T20:28:52Z,,,,,,3237.1
2026-07-06T20:28:53Z,,,,,,3234.3
2026-07-06T20:28:53Z,,,,,,3230.8
2026-07-06T20:28:53Z,,,,,,3225.0
2026-07-06T20:28:53Z,,,,,,3217.7
2026-07-06T20:28:53Z,,,,,,3212.2
2026-07-06T20:28:53Z,,,,,,3209.5
2026-07-06T20:28:53Z,51.556896,-0.071889,25.5,16,1,3208.5
2026-07-06T20:28:53Z,,,,,,3208.7
2026-07-06T20:28:53Z,,,,,,3209.6
2026-07-06T20:28:53Z,,,,,,3209.7
2026-07-06T20:28:54Z,,,,,,3206.8
2026-07-06T20:28:54Z,,,,,,3206.0
2026-07-06T20:28:54Z,,,,,,3209.5
2026-07-06T20:28:54Z,,,,,,3214.0
2026-07-06T20:28:54Z,,,,,,3218.3
2026-07-06T20:28:54Z,,,,,,3219.0
2026-07-06T20:28:54Z,51.556896,-0.071872,25.6,16,1,3216.9
2026-07-06T20:28:54Z,,,,,,3214.6
2026-07-06T20:28:54Z,,,,,,3213.1
2026-07-06T20:28:54Z,,,,,,3212.5
2026-07-06T20:28:55Z,,,,,,3212.7
2026-07-06T20:28:55Z,,,,,,3213.1
2026-07-06T20:28:55Z,,,,,,3210.1
2026-07-06T20:28:55Z,,,,,,3202.4
2026-07-06T20:28:55Z,,,,,,3198.0
2026-07-06T20:28:55Z,,,,,,3196.0
2026-07-06T20:28:55Z,51.556896,-0.071854,25.8,16,1,3192.6
2026-07-06T20:28:55Z,,,,,,3190.8
2026-07-06T20:28:55Z,,,,,,3188.7
2026-07-06T20:28:55Z,,,,,,3186.2
2026-07-06T20:28:56Z,,,,,,3183.3
2026-07-06T20:28:56Z,,,,,,3183.1
2026-07-06T20:28:56Z,,,,,,3185.7
2026-07-06T20:28:56Z,,,,,,3189.4
2026-07-06T20:28:56Z,,,,,,3195.0
2026-07-06T20:28:56Z,,,,,,3201.7
2026-07-06T20:28:56Z,51.556892,-0.071839,25.9,16,1,3203.8
2026-07-06T20:28:56Z,,,,,,3204.1
2026-07-06T20:28:56Z,,,,,,3208.1
2026-07-06T20:28:56Z,,,,,,3212.0
2026-07-06T20:28:57Z,,,,,,3214.1
2026-07-06T20:28:57Z,,,,,,3214.8
2026-07-06T20:28:57Z,,,,,,3212.8
2026-07-06T20:28:57Z,,,,,,3210.2
2026-07-06T20:28:57Z,,,,,,3208.5
2026-07-06T20:28:57Z,,,,,,3207.2
2026-07-06T20:28:57Z,51.556889,-0.071824,25.8,16,1,3206.4
2026-07-06T20:28:57Z,,,,,,3204.4
2026-07-06T20:28:57Z,,,,,,3201.7
2026-07-06T20:28:57Z,,,,,,3197.9
2026-07-06T20:28:58Z,,,,,,3194.5
2026-07-06T20:28:58Z,,,,,,3193.9
2026-07-06T20:28:58Z,,,,,,3194.1
2026-07-06T20:28:58Z,,,,,,3193.9
2026-07-06T20:28:58Z,,,,,,3192.4
2026-07-06T20:28:58Z,,,,,,3189.6
2026-07-06T20:28:58Z,51.556885,-0.071811,25.2,16,1,3187.4
2026-07-06T20:28:58Z,,,,,,3188.7
2026-07-06T20:28:58Z,,,,,,3189.8
2026-07-06T20:28:58Z,,,,,,3190.0
2026-07-06T20:28:59Z,,,,,,3191.5
2026-07-06T20:28:59Z,,,,,,3191.0
2026-07-06T20:28:59Z,,,,,,3188.5
2026-07-06T20:28:59Z,,,,,,3185.5
2026-07-06T20:28:59Z,,,,,,3184.8
2026-07-06T20:28:59Z,,,,,,3184.9
2026-07-06T20:28:59Z,51.556885,-0.071796,24.8,16,1,3184.2
2026-07-06T20:28:59Z,,,,,,3182.9
2026-07-06T20:28:59Z,,,,,,3180.5
2026-07-06T20:28:59Z,,,,,,3177.1
2026-07-06T20:29:00Z,,,,,,3174.3
2026-07-06T20:29:00Z,,,,,,3174.2
2026-07-06T20:29:00Z,,,,,,3175.0
2026-07-06T20:29:00Z,,,,,,3176.4
2026-07-06T20:29:00Z,,,,,,3179.0
2026-07-06T20:29:00Z,,,,,,3180.2
2026-07-06T20:29:00Z,51.556881,-0.071785,24.4,16,1,3179.7
2026-07-06T20:29:00Z,,,,,,3179.5
2026-07-06T20:29:00Z,,,,,,3182.6
2026-07-06T20:29:00Z,,,,,,3187.1
2026-07-06T20:29:01Z,,,,,,3190.3
2026-07-06T20:29:01Z,,,,,,3192.4
2026-07-06T20:29:01Z,,,,,,3193.6
2026-07-06T20:29:01Z,,,,,,3194.9
2026-07-06T20:29:01Z,,,,,,3198.0
2026-07-06T20:29:01Z,,,,,,3201.6
2026-07-06T20:29:01Z,51.556877,-0.071774,23.9,16,1,3204.0
2026-07-06T20:29:01Z,,,,,,3205.6
2026-07-06T20:29:01Z,,,,,,3206.2
2026-07-06T20:29:01Z,,,,,,3203.3
2026-07-06T20:29:02Z,,,,,,3199.4
2026-07-06T20:29:02Z,,,,,,3197.7
2026-07-06T20:29:02Z,,,,,,3198.9
2026-07-06T20:29:02Z,,,,,,3200.1
2026-07-06T20:29:02Z,,,,,,3197.6
2026-07-06T20:29:02Z,,,,,,3192.6
2026-07-06T20:29:02Z,51.556877,-0.071760,23.8,16,1,3188.0
2026-07-06T20:29:02Z,,,,,,3183.5
2026-07-06T20:29:02Z,,,,,,3179.1
2026-07-06T20:29:02Z,,,,,,3175.6
2026-07-06T20:29:03Z,,,,,,3173.0
2026-07-06T20:29:03Z,,,,,,3169.6
2026-07-06T20:29:03Z,,,,,,3163.7
2026-07-06T20:29:03Z,,,,,,3160.2
2026-07-06T20:29:03Z,,,,,,3160.2
2026-07-06T20:29:03Z,,,,,,3159.9
2026-07-06T20:29:03Z,51.556877,-0.071745,23.3,16,1,3159.6
2026-07-06T20:29:03Z,,,,,,3159.3
2026-07-06T20:29:03Z,,,,,,3158.2
2026-07-06T20:29:03Z,,,,,,3158.1
2026-07-06T20:29:04Z,,,,,,3160.6
2026-07-06T20:29:04Z,,,,,,3163.7
2026-07-06T20:29:04Z,,,,,,3166.7
2026-07-06T20:29:04Z,,,,,,3170.9
2026-07-06T20:29:04Z,,,,,,3174.8
2026-07-06T20:29:04Z,,,,,,3176.0
2026-07-06T20:29:04Z,51.556873,-0.071734,22.8,16,1,3178.5
2026-07-06T20:29:04Z,,,,,,3185.6
2026-07-06T20:29:04Z,,,,,,3194.5
2026-07-06T20:29:04Z,,,,,,3205.6
2026-07-06T20:29:05Z,,,,,,3216.8
2026-07-06T20:29:05Z,,,,,,3227.3
2026-07-06T20:29:05Z,,,,,,3238.9
2026-07-06T20:29:05Z,,,,,,3254.4
2026-07-06T20:29:05Z,,,,,,3272.0
2026-07-06T20:29:05Z,,,,,,3289.1
2026-07-06T20:29:05Z,51.556870,-0.071720,22.4,16,1,3305.8
2026-07-06T20:29:05Z,,,,,,3319.0
2026-07-06T20:29:05Z,,,,,,3329.0
2026-07-06T20:29:05Z,,,,,,3337.5
2026-07-06T20:29:06Z,,,,,,3347.6
2026-07-06T20:29:06Z,,,,,,3360.1
2026-07-06T20:29:06Z,,,,,,3372.7
2026-07-06T20:29:06Z,,,,,,3385.9
2026-07-06T20:29:06Z,,,,,,3398.5
2026-07-06T20:29:06Z,,,,,,3407.1
2026-07-06T20:29:06Z,51.556873,-0.071707,21.9,16,1,3415.0
2026-07-06T20:29:06Z,,,,,,3422.8
2026-07-06T20:29:06Z,,,,,,3428.0
2026-07-06T20:29:06Z,,,,,,3432.6
2026-07-06T20:29:07Z,,,,,,3434.4
2026-07-06T20:29:07Z,,,,,,3431.2
2026-07-06T20:29:07Z,,,,,,3424.4
2026-07-06T20:29:07Z,,,,,,3420.1
2026-07-06T20:29:07Z,,,,,,3417.3
2026-07-06T20:29:07Z,,,,,,3412.5
2026-07-06T20:29:07Z,51.556870,-0.071694,21.2,16,1,3405.8
2026-07-06T20:29:07Z,,,,,,3396.2
2026-07-06T20:29:07Z,,,,,,3383.9
2026-07-06T20:29:07Z,,,,,,3371.4
2026-07-06T20:29:08Z,,,,,,3363.1
2026-07-06T20:29:08Z,,,,,,3357.9
2026-07-06T20:29:08Z,,,,,,3353.4
2026-07-06T20:29:08Z,,,,,,3349.1
2026-07-06T20:29:08Z,,,,,,3341.9
2026-07-06T20:29:08Z,,,,,,3329.2
2026-07-06T20:29:08Z,51.556870,-0.071681,20.8,16,1,3322.4
2026-07-06T20:29:08Z,,,,,,3323.9
2026-07-06T20:29:08Z,,,,,,3325.1
2026-07-06T20:29:08Z,,,,,,3327.0
2026-07-06T20:29:09Z,,,,,,3326.7
2026-07-06T20:29:09Z,,,,,,3324.2
2026-07-06T20:29:09Z,,,,,,3322.0
2026-07-06T20:29:09Z,,,,,,3322.5
2026-07-06T20:29:09Z,,,,,,3324.5
2026-07-06T20:29:09Z,,,,,,3327.1
2026-07-06T20:29:09Z,51.556866,-0.071670,20.4,16,1,3329.5
2026-07-06T20:29:09Z,,,,,,3327.1
2026-07-06T20:29:09Z,,,,,,3321.1
2026-07-06T20:29:09Z,,,,,,3317.2
2026-07-06T20:29:10Z,,,,,,3315.3
2026-07-06T20:29:10Z,,,,,,3313.6
2026-07-06T20:29:10Z,,,,,,3313.7
2026-07-06T20:29:10Z,,,,,,3311.4
2026-07-06T20:29:10Z,,,,,,3304.1
2026-07-06T20:29:10Z,,,,,,3295.4
2026-07-06T20:29:10Z,51.556866,-0.071658,20.0,16,1,3290.5
2026-07-06T20:29:10Z,,,,,,3287.6
2026-07-06T20:29:10Z,,,,,,3283.6
2026-07-06T20:29:10Z,,,,,,3281.4
2026-07-06T20:29:11Z,,,,,,3279.3
2026-07-06T20:29:11Z,,,,,,3274.6
2026-07-06T20:29:11Z,,,,,,3267.3
2026-07-06T20:29:11Z,,,,,,3266.2
2026-07-06T20:29:11Z,,,,,,3272.6
2026-07-06T20:29:11Z,,,,,,3282.7
2026-07-06T20:29:11Z,51.556866,-0.071643,19.8,16,1,3299.5
2026-07-06T20:29:11Z,,,,,,3319.5
2026-07-06T20:29:11Z,,,,,,3340.9
2026-07-06T20:29:11Z,,,,,,3370.7
2026-07-06T20:29:12Z,,,,,,3404.9
2026-07-06T20:29:12Z,,,,,,3439.3
2026-07-06T20:29:12Z,,,,,,3471.4
2026-07-06T20:29:12Z,,,,,,3496.3
2026-07-06T20:29:12Z,,,,,,3513.1
2026-07-06T20:29:12Z,,,,,,3522.6
2026-07-06T20:29:12Z,51.556862,-0.071634,19.6,16,1,3529.0
2026-07-06T20:29:12Z,,,,,,3535.8
2026-07-06T20:29:12Z,,,,,,3541.2
2026-07-06T20:29:12Z,,,,,,3542.7
2026-07-06T20:29:13Z,,,,,,3539.2
2026-07-06T20:29:13Z,,,,,,3532.0
2026-07-06T20:29:13Z,,,,,,3524.7
2026-07-06T20:29:13Z,,,,,,3517.9
2026-07-06T20:29:13Z,,,,,,3508.8
2026-07-06T20:29:13Z,,,,,,3499.1
2026-07-06T20:29:13Z,51.556862,-0.071628,19.9,16,1,3488.7
2026-07-06T20:29:13Z,,,,,,3474.6
2026-07-06T20:29:13Z,,,,,,3459.0
2026-07-06T20:29:13Z,,,,,,3447.5
2026-07-06T20:29:14Z,,,,,,3440.5
2026-07-06T20:29:14Z,,,,,,3435.0
2026-07-06T20:29:14Z,,,,,,3429.4
2026-07-06T20:29:14Z,,,,,,3422.4
2026-07-06T20:29:14Z,,,,,,3417.8
2026-07-06T20:29:14Z,,,,,,3420.5
2026-07-06T20:29:14Z,51.556858,-0.071620,19.7,16,1,3428.2
2026-07-06T20:29:14Z,,,,,,3434.3
2026-07-06T20:29:14Z,,,,,,3442.1
2026-07-06T20:29:14Z,,,,,,3452.8
2026-07-06T20:29:15Z,,,,,,3459.1
2026-07-06T20:29:15Z,,,,,,3462.6
2026-07-06T20:29:15Z,,,,,,3471.0
2026-07-06T20:29:15Z,,,,,,3480.0
2026-07-06T20:29:15Z,,,,,,3484.1
2026-07-06T20:29:15Z,,,,,,3485.2
2026-07-06T20:29:15Z,51.556858,-0.071610,19.5,16,1,3481.7
2026-07-06T20:29:15Z,,,,,,3474.5
2026-07-06T20:29:15Z,,,,,,3469.6
2026-07-06T20:29:15Z,,,,,,3469.2
2026-07-06T20:29:16Z,,,,,,3466.7
2026-07-06T20:29:16Z,,,,,,3460.9
2026-07-06T20:29:16Z,,,,,,3454.5
2026-07-06T20:29:16Z,,,,,,3446.4
2026-07-06T20:29:16Z,,,,,,3434.8
2026-07-06T20:29:16Z,,,,,,3427.4
2026-07-06T20:29:16Z,51.556854,-0.071597,19.4,16,1,3427.1
2026-07-06T20:29:16Z,,,,,,3427.7
2026-07-06T20:29:16Z,,,,,,3426.3
2026-07-06T20:29:16Z,,,,,,3422.2
2026-07-06T20:29:17Z,,,,,,3417.5
2026-07-06T20:29:17Z,,,,,,3414.9
2026-07-06T20:29:17Z,,,,,,3415.4
2026-07-06T20:29:17Z,,,,,,3417.6
2026-07-06T20:29:17Z,,,,,,3421.9
2026-07-06T20:29:17Z,,,,,,3426.4
2026-07-06T20:29:17Z,51.556854,-0.071582,19.9,16,1,3428.4
2026-07-06T20:29:17Z,,,,,,3426.3
2026-07-06T20:29:17Z,,,,,,3426.7
2026-07-06T20:29:17Z,,,,,,3431.8
2026-07-06T20:29:18Z,,,,,,3437.9
2026-07-06T20:29:18Z,,,,,,3444.9
2026-07-06T20:29:18Z,,,,,,3447.9
2026-07-06T20:29:18Z,,,,,,3446.6
2026-07-06T20:29:18Z,,,,,,3447.0
2026-07-06T20:29:18Z,,,,,,3450.8
2026-07-06T20:29:18Z,51.556854,-0.071570,19.9,16,1,3453.7
2026-07-06T20:29:18Z,,,,,,3456.6
2026-07-06T20:29:18Z,,,,,,3460.9
2026-07-06T20:29:18Z,,,,,,3462.8
2026-07-06T20:29:19Z,,,,,,3458.8
2026-07-06T20:29:19Z,,,,,,3456.1
2026-07-06T20:29:19Z,,,,,,3458.9
2026-07-06T20:29:19Z,,,,,,3461.1
2026-07-06T20:29:19Z,,,,,,3462.0
2026-07-06T20:29:19Z,,,,,,3461.0
2026-07-06T20:29:19Z,51.556847,-0.071559,19.5,16,1,3455.5
2026-07-06T20:29:19Z,,,,,,3446.4
2026-07-06T20:29:19Z,,,,,,3439.8
2026-07-06T20:29:19Z,,,,,,3434.4
2026-07-06T20:29:20Z,,,,,,3428.4
2026-07-06T20:29:20Z,,,,,,3424.4
2026-07-06T20:29:20Z,,,,,,3420.8
2026-07-06T20:29:20Z,,,,,,3413.0
2026-07-06T20:29:20Z,,,,,,3401.8
2026-07-06T20:29:20Z,,,,,,3395.6
2026-07-06T20:29:20Z,51.556847,-0.071548,19.5,16,1,3393.7
2026-07-06T20:29:20Z,,,,,,3392.1
2026-07-06T20:29:20Z,,,,,,3393.1
2026-07-06T20:29:20Z,,,,,,3396.1
2026-07-06T20:29:21Z,,,,,,3396.5
2026-07-06T20:29:21Z,,,,,,3395.5
2026-07-06T20:29:21Z,,,,,,3399.0
2026-07-06T20:29:21Z,,,,,,3402.9
2026-07-06T20:29:21Z,,,,,,3405.9
2026-07-06T20:29:21Z,,,,,,3409.4
2026-07-06T20:29:21Z,51.556843,-0.071540,19.1,16,1,3411.6
2026-07-06T20:29:21Z,,,,,,3409.8
2026-07-06T20:29:21Z,,,,,,3405.4
2026-07-06T20:29:21Z,,,,,,3402.5
2026-07-06T20:29:22Z,,,,,,3400.0
2026-07-06T20:29:22Z,,,,,,3397.0
2026-07-06T20:29:22Z,,,,,,3393.3
2026-07-06T20:29:22Z,,,,,,3388.4
2026-07-06T20:29:22Z,,,,,,3382.5
2026-07-06T20:29:22Z,,,,,,3376.0
2026-07-06T20:29:22Z,51.556843,-0.071532,18.7,16,1,3372.1
2026-07-06T20:29:22Z,,,,,,3367.4
2026-07-06T20:29:22Z,,,,,,3362.1
2026-07-06T20:29:22Z,,,,,,3359.6
2026-07-06T20:29:23Z,,,,,,3357.6
2026-07-06T20:29:23Z,,,,,,3354.3
2026-07-06T20:29:23Z,,,,,,3348.2
2026-07-06T20:29:23Z,,,,,,3344.5
2026-07-06T20:29:23Z,,,,,,3343.0
2026-07-06T20:29:23Z,,,,,,3341.3
2026-07-06T20:29:23Z,51.556843,-0.071525,18.5,16,1,3339.8
2026-07-06T20:29:23Z,,,,,,3337.8
2026-07-06T20:29:23Z,,,,,,3334.3
2026-07-06T20:29:23Z,,,,,,3328.4
2026-07-06T20:29:24Z,,,,,,3325.2
2026-07-06T20:29:24Z,,,,,,3323.5
2026-07-06T20:29:24Z,,,,,,3322.0
2026-07-06T20:29:24Z,,,,,,3322.5
2026-07-06T20:29:24Z,,,,,,3323.4
2026-07-06T20:29:24Z,,,,,,3322.9
2026-07-06T20:29:24Z,51.556847,-0.071518,17.9,16,1,3318.2
2026-07-06T20:29:24Z,,,,,,3315.9
2026-07-06T20:29:24Z,,,,,,3317.4
2026-07-06T20:29:24Z,,,,,,3317.7
2026-07-06T20:29:25Z,,,,,,3317.2
2026-07-06T20:29:25Z,,,,,,3316.6
2026-07-06T20:29:25Z,,,,,,3314.7
2026-07-06T20:29:25Z,,,,,,3310.8
2026-07-06T20:29:25Z,,,,,,3310.8
2026-07-06T20:29:25Z,,,,,,3311.5
2026-07-06T20:29:25Z,51.556847,-0.071508,17.7,16,1,3310.2
2026-07-06T20:29:25Z,,,,,,3310.8
2026-07-06T20:29:25Z,,,,,,3312.9
2026-07-06T20:29:25Z,,,,,,3313.8
2026-07-06T20:29:26Z,,,,,,3310.1
2026-07-06T20:29:26Z,,,,,,3308.9
2026-07-06T20:29:26Z,,,,,,3312.4
2026-07-06T20:29:26Z,,,,,,3315.8
2026-07-06T20:29:26Z,,,,,,3319.1
2026-07-06T20:29:26Z,,,,,,3323.4
2026-07-06T20:29:26Z,51.556850,-0.071501,17.8,16,1,3326.8
2026-07-06T20:29:26Z,,,,,,3328.5
2026-07-06T20:29:26Z,,,,,,3334.1
2026-07-06T20:29:26Z,,,,,,3339.9
2026-07-06T20:29:27Z,,,,,,3342.8
2026-07-06T20:29:27Z,,,,,,3347.2
2026-07-06T20:29:27Z,,,,,,3350.6
2026-07-06T20:29:27Z,,,,,,3349.8
2026-07-06T20:29:27Z,,,,,,3347.2
2026-07-06T20:29:27Z,,,,,,3347.6
2026-07-06T20:29:27Z,51.556850,-0.071495,16.8,16,1,3348.3
2026-07-06T20:29:27Z,,,,,,3348.4
2026-07-06T20:29:27Z,,,,,,3347.0
2026-07-06T20:29:27Z,,,,,,3343.0
2026-07-06T20:29:28Z,,,,,,3337.6
2026-07-06T20:29:28Z,,,,,,3331.9
2026-07-06T20:29:28Z,,,,,,3327.1
2026-07-06T20:29:28Z,,,,,,3323.3
2026-07-06T20:29:28Z,,,,,,3320.9
2026-07-06T20:29:28Z,,,,,,3319.4
2026-07-06T20:29:28Z,51.556858,-0.071489,16.3,16,1,3317.3
2026-07-06T20:29:28Z,,,,,,3313.4
2026-07-06T20:29:28Z,,,,,,3309.8
2026-07-06T20:29:28Z,,,,,,3310.5
2026-07-06T20:29:29Z,,,,,,3313.8
2026-07-06T20:29:29Z,,,,,,3319.2
2026-07-06T20:29:29Z,,,,,,3326.2
2026-07-06T20:29:29Z,,,,,,3334.8
2026-07-06T20:29:29Z,,,,,,3346.0
2026-07-06T20:29:29Z,,,,,,3359.6
2026-07-06T20:29:29Z,51.556862,-0.071483,15.9,16,1,3372.5
2026-07-06T20:29:29Z,,,,,,3384.0
2026-07-06T20:29:29Z,,,,,,3396.4
2026-07-06T20:29:29Z,,,,,,3406.8
2026-07-06T20:29:30Z,,,,,,3412.8
2026-07-06T20:29:30Z,,,,,,3414.6
2026-07-06T20:29:30Z,,,,,,3416.3
2026-07-06T20:29:30Z,,,,,,3419.3
2026-07-06T20:29:30Z,,,,,,3421.1
2026-07-06T20:29:30Z,,,,,,3421.8
2026-07-06T20:29:30Z,51.556866,-0.071480,15.6,16,1,3419.2
2026-07-06T20:29:30Z,,,,,,3416.4
2026-07-06T20:29:30Z,,,,,,3415.7
2026-07-06T20:29:30Z,,,,,,3415.4
2026-07-06T20:29:31Z,,,,,,3414.9
2026-07-06T20:29:31Z,,,,,,3414.8
2026-07-06T20:29:31Z,,,,,,3414.1
2026-07-06T20:29:31Z,,,,,,3411.7
2026-07-06T20:29:31Z,,,,,,3405.4
2026-07-06T20:29:31Z,,,,,,3401.9
2026-07-06T20:29:31Z,51.556870,-0.071476,15.3,16,1,3401.7
2026-07-06T20:29:31Z,,,,,,3399.2
2026-07-06T20:29:31Z,,,,,,3396.8
2026-07-06T20:29:31Z,,,,,,3393.3
2026-07-06T20:29:32Z,,,,,,3388.1
2026-07-06T20:29:32Z,,,,,,3381.8
2026-07-06T20:29:32Z,,,,,,3378.4
2026-07-06T20:29:32Z,,,,,,3376.1
2026-07-06T20:29:32Z,,,,,,3372.2
2026-07-06T20:29:32Z,,,,,,3369.0
2026-07-06T20:29:32Z,51.556870,-0.071471,14.5,16,1,3365.0
2026-07-06T20:29:32Z,,,,,,3358.8
2026-07-06T20:29:32Z,,,,,,3353.3
2026-07-06T20:29:32Z,,,,,,3352.4
2026-07-06T20:29:33Z,,,,,,3352.8
2026-07-06T20:29:33Z,,,,,,3351.0
2026-07-06T20:29:33Z,,,,,,3348.0
2026-07-06T20:29:33Z,,,,,,3343.6
2026-07-06T20:29:33Z,,,,,,3338.5
2026-07-06T20:29:33Z,,,,,,3333.1
2026-07-06T20:29:33Z,51.556873,-0.071464,14.3,16,1,3330.5
2026-07-06T20:29:33Z,,,,,,3329.7
2026-07-06T20:29:33Z,,,,,,3326.9
2026-07-06T20:29:33Z,,,,,,3323.6
2026-07-06T20:29:34Z,,,,,,3319.6
2026-07-06T20:29:34Z,,,,,,3312.5
2026-07-06T20:29:34Z,,,,,,3305.7
2026-07-06T20:29:34Z,,,,,,3304.4
2026-07-06T20:29:34Z,,,,,,3306.1
2026-07-06T20:29:34Z,,,,,,3307.1
2026-07-06T20:29:34Z,51.556877,-0.071458,13.8,16,1,3307.4
2026-07-06T20:29:34Z,,,,,,3307.4
2026-07-06T20:29:34Z,,,,,,3307.7
2026-07-06T20:29:34Z,,,,,,3313.5
2026-07-06T20:29:35Z,,,,,,3321.2
2026-07-06T20:29:35Z,,,,,,3329.5
2026-07-06T20:29:35Z,,,,,,3337.4
2026-07-06T20:29:35Z,,,,,,3341.7
2026-07-06T20:29:35Z,,,,,,3343.3
2026-07-06T20:29:35Z,,,,,,3342.3
2026-07-06T20:29:35Z,51.556881,-0.071452,13.4,16,1,3343.6
2026-07-06T20:29:35Z,,,,,,3347.9
2026-07-06T20:29:35Z,,,,,,3352.4
2026-07-06T20:29:35Z,,,,,,3355.1
2026-07-06T20:29:36Z,,,,,,3353.7
2026-07-06T20:29:36Z,,,,,,3350.6
2026-07-06T20:29:36Z,,,,,,3349.0
2026-07-06T20:29:36Z,,,,,,3348.9
2026-07-06T20:29:36Z,,,,,,3348.7
2026-07-06T20:29:36Z,,,,,,3351.0
2026-07-06T20:29:36Z,51.556885,-0.071448,12.8,16,1,3352.3
2026-07-06T20:29:36Z,,,,,,3348.9
2026-07-06T20:29:36Z,,,,,,3344.0
2026-07-06T20:29:36Z,,,,,,3340.0
2026-07-06T20:29:37Z,,,,,,3340.1
2026-07-06T20:29:37Z,,,,,,3344.0
2026-07-06T20:29:37Z,,,,,,3350.8
2026-07-06T20:29:37Z,,,,,,3357.5
2026-07-06T20:29:37Z,,,,,,3362.3
2026-07-06T20:29:37Z,,,,,,3366.6
2026-07-06T20:29:37Z,51.556889,-0.071448,12.3,16,1,3370.1
2026-07-06T20:29:37Z,,,,,,3374.8
2026-07-06T20:29:37Z,,,,,,3380.9
2026-07-06T20:29:37Z,,,,,,3388.0
2026-07-06T20:29:38Z,,,,,,3394.8
2026-07-06T20:29:38Z,,,,,,3396.3
2026-07-06T20:29:38Z,,,,,,3392.4
2026-07-06T20:29:38Z,,,,,,3386.9
2026-07-06T20:29:38Z,,,,,,3382.9
2026-07-06T20:29:38Z,,,,,,3380.8
2026-07-06T20:29:38Z,51.556892,-0.071447,11.5,16,1,3379.8
2026-07-06T20:29:38Z,,,,,,3378.2
2026-07-06T20:29:38Z,,,,,,3372.7
2026-07-06T20:29:38Z,,,,,,3365.0
2026-07-06T20:29:39Z,,,,,,3357.2
2026-07-06T20:29:39Z,,,,,,3350.6
2026-07-06T20:29:39Z,,,,,,3344.6
2026-07-06T20:29:39Z,,,,,,3340.3
2026-07-06T20:29:39Z,,,,,,3338.6
2026-07-06T20:29:39Z,,,,,,3333.3
2026-07-06T20:29:39Z,51.556896,-0.071443,11.1,16,1,3323.7
2026-07-06T20:29:39Z,,,,,,3315.7
2026-07-06T20:29:39Z,,,,,,3311.8
2026-07-06T20:29:39Z,,,,,,3308.9
2026-07-06T20:29:40Z,,,,,,3307.8
2026-07-06T20:29:40Z,,,,,,3308.2
2026-07-06T20:29:40Z,,,,,,3307.8
2026-07-06T20:29:40Z,,,,,,3306.4
2026-07-06T20:29:40Z,,,,,,3308.7
2026-07-06T20:29:40Z,,,,,,3312.4
2026-07-06T20:29:40Z,51.556900,-0.071442,10.1,16,1,3315.8
2026-07-06T20:29:40Z,,,,,,3321.4
2026-07-06T20:29:40Z,,,,,,3327.2
2026-07-06T20:29:40Z,,,,,,3330.9
2026-07-06T20:29:41Z,,,,,,3330.2
2026-07-06T20:29:41Z,,,,,,3329.3
2026-07-06T20:29:41Z,,,,,,3329.7
2026-07-06T20:29:41Z,,,,,,3330.8
2026-07-06T20:29:41Z,,,,,,3332.9
2026-07-06T20:29:41Z,,,,,,3334.4
2026-07-06T20:29:41Z,51.556904,-0.071444,9.3,16,1,3334.2
2026-07-06T20:29:41Z,,,,,,3331.3
2026-07-06T20:29:41Z,,,,,,3328.3
2026-07-06T20:29:41Z,,,,,,3327.0
2026-07-06T20:29:42Z,,,,,,3326.0
2026-07-06T20:29:42Z,,,,,,3325.4
2026-07-06T20:29:42Z,,,,,,3324.7
2026-07-06T20:29:42Z,,,,,,3322.0
2026-07-06T20:29:42Z,,,,,,3316.2
2026-07-06T20:29:42Z,,,,,,3309.6
2026-07-06T20:29:42Z,51.556908,-0.071449,8.7,16,1,3306.6
2026-07-06T20:29:42Z,,,,,,3304.7
2026-07-06T20:29:42Z,,,,,,3302.5
2026-07-06T20:29:42Z,,,,,,3302.5
2026-07-06T20:29:43Z,,,,,,3300.9
2026-07-06T20:29:43Z,,,,,,3296.5
2026-07-06T20:29:43Z,,,,,,3293.8
2026-07-06T20:29:43Z,,,,,,3293.2
2026-07-06T20:29:43Z,,,,,,3292.3
2026-07-06T20:29:43Z,,,,,,3292.2
2026-07-06T20:29:43Z,51.556908,-0.071456,7.6,16,1,3293.3
2026-07-06T20:29:43Z,,,,,,3292.2
2026-07-06T20:29:43Z,,,,,,3287.1
2026-07-06T20:29:43Z,,,,,,3282.6
2026-07-06T20:29:44Z,,,,,,3280.9
2026-07-06T20:29:44Z,,,,,,3278.8
2026-07-06T20:29:44Z,,,,,,3276.5
2026-07-06T20:29:44Z,,,,,,3275.0
2026-07-06T20:29:44Z,,,,,,3273.3
2026-07-06T20:29:44Z,,,,,,3269.2
2026-07-06T20:29:44Z,51.556911,-0.071463,6.6,16,1,3265.3
2026-07-06T20:29:44Z,,,,,,3261.8
2026-07-06T20:29:44Z,,,,,,3257.7
2026-07-06T20:29:44Z,,,,,,3255.6
2026-07-06T20:29:45Z,,,,,,3254.1
2026-07-06T20:29:45Z,,,,,,3250.2
2026-07-06T20:29:45Z,,,,,,3247.1
2026-07-06T20:29:45Z,,,,,,3248.7
2026-07-06T20:29:45Z,,,,,,3252.0
2026-07-06T20:29:45Z,,,,,,3256.3
2026-07-06T20:29:45Z,51.556911,-0.071468,5.2,16,1,3260.1
2026-07-06T20:29:45Z,,,,,,3263.6
2026-07-06T20:29:45Z,,,,,,3266.9
2026-07-06T20:29:45Z,,,,,,3272.2
2026-07-06T20:29:46Z,,,,,,3277.2
2026-07-06T20:29:46Z,,,,,,3282.3
2026-07-06T20:29:46Z,,,,,,3288.8
2026-07-06T20:29:46Z,,,,,,3293.9
2026-07-06T20:29:46Z,,,,,,3300.3
2026-07-06T20:29:46Z,,,,,,3305.7
2026-07-06T20:29:46Z,51.556915,-0.071474,4.3,16,1,3310.4
2026-07-06T20:29:46Z,,,,,,3315.9
2026-07-06T20:29:46Z,,,,,,3319.5
2026-07-06T20:29:46Z,,,,,,3321.5
2026-07-06T20:29:47Z,,,,,,3322.1
2026-07-06T20:29:47Z,,,,,,3322.9
2026-07-06T20:29:47Z,,,,,,3325.2
2026-07-06T20:29:47Z,,,,,,3327.2
2026-07-06T20:29:47Z,,,,,,3327.6
2026-07-06T20:29:47Z,,,,,,3328.9
2026-07-06T20:29:47Z,51.556923,-0.071481,3.9,16,1,3331.6
2026-07-06T20:29:47Z,,,,,,3333.2
2026-07-06T20:29:47Z,,,,,,3334.9
2026-07-06T20:29:47Z,,,,,,3339.7
2026-07-06T20:29:48Z,,,,,,3348.4
2026-07-06T20:29:48Z,,,,,,3357.2
2026-07-06T20:29:48Z,,,,,,3364.6
2026-07-06T20:29:48Z,,,,,,3369.8
2026-07-06T20:29:48Z,,,,,,3373.2
2026-07-06T20:29:48Z,,,,,,3376.2
2026-07-06T20:29:48Z,51.556923,-0.071487,3.4,16,1,3382.3
2026-07-06T20:29:48Z,,,,,,3386.9
2026-07-06T20:29:48Z,,,,,,3388.3
2026-07-06T20:29:48Z,,,,,,3390.2
2026-07-06T20:29:49Z,,,,,,3388.4
2026-07-06T20:29:49Z,,,,,,3383.0
2026-07-06T20:29:49Z,,,,,,3377.1
2026-07-06T20:29:49Z,,,,,,3374.3
2026-07-06T20:29:49Z,,,,,,3372.6
2026-07-06T20:29:49Z,,,,,,3368.6
2026-07-06T20:29:49Z,51.556923,-0.071489,3.3,16,1,3363.6
2026-07-06T20:29:49Z,,,,,,3356.4
2026-07-06T20:29:49Z,,,,,,3348.7
2026-07-06T20:29:49Z,,,,,,3342.9
2026-07-06T20:29:50Z,,,,,,3339.4
2026-07-06T20:29:50Z,,,,,,3335.1
2026-07-06T20:29:50Z,,,,,,3328.9
2026-07-06T20:29:50Z,,,,,,3324.0
2026-07-06T20:29:50Z,,,,,,3318.5
2026-07-06T20:29:50Z,,,,,,3311.5
2026-07-06T20:29:50Z,51.556923,-0.071493,2.9,16,1,3305.8
2026-07-06T20:29:50Z,,,,,,3304.7
2026-07-06T20:29:50Z,,,,,,3305.6
2026-07-06T20:29:50Z,,,,,,3306.5
2026-07-06T20:29:51Z,,,,,,3307.5
2026-07-06T20:29:51Z,,,,,,3309.3
2026-07-06T20:29:51Z,,,,,,3312.5
2026-07-06T20:29:51Z,,,,,,3317.5
2026-07-06T20:29:51Z,,,,,,3325.5
2026-07-06T20:29:51Z,,,,,,3334.1
2026-07-06T20:29:51Z,51.556923,-0.071503,2.6,16,1,3343.0
2026-07-06T20:29:51Z,,,,,,3351.4
2026-07-06T20:29:51Z,,,,,,3356.7
2026-07-06T20:29:51Z,,,,,,3358.7
2026-07-06T20:29:52Z,,,,,,3361.9
2026-07-06T20:29:52Z,,,,,,3367.7
2026-07-06T20:29:52Z,,,,,,3371.4
2026-07-06T20:29:52Z,,,,,,3371.6
2026-07-06T20:29:52Z,,,,,,3369.8
2026-07-06T20:29:52Z,,,,,,3366.6
2026-07-06T20:29:52Z,51.556927,-0.071512,2.7,16,1,3363.9
2026-07-06T20:29:52Z,,,,,,3362.1
2026-07-06T20:29:52Z,,,,,,3360.8
2026-07-06T20:29:52Z,,,,,,3359.5
2026-07-06T20:29:53Z,,,,,,3357.9
2026-07-06T20:29:53Z,,,,,,3354.8
2026-07-06T20:29:53Z,,,,,,3350.5
2026-07-06T20:29:53Z,,,,,,3345.0
2026-07-06T20:29:53Z,,,,,,3343.3
2026-07-06T20:29:53Z,,,,,,3344.2
2026-07-06T20:29:53Z,51.556931,-0.071523,2.4,16,1,3343.0
2026-07-06T20:29:53Z,,,,,,3341.7
2026-07-06T20:29:53Z,,,,,,3340.2
2026-07-06T20:29:53Z,,,,,,3338.3
2026-07-06T20:29:54Z,,,,,,3336.2
2026-07-06T20:29:54Z,,,,,,3336.0
2026-07-06T20:29:54Z,,,,,,3336.3
2026-07-06T20:29:54Z,,,,,,3335.3
2026-07-06T20:29:54Z,,,,,,3334.4
2026-07-06T20:29:54Z,,,,,,3333.5
2026-07-06T20:29:54Z,51.556931,-0.071529,2.4,16,1,3331.3
2026-07-06T20:29:54Z,,,,,,3328.6
2026-07-06T20:29:54Z,,,,,,3327.7
2026-07-06T20:29:54Z,,,,,,3331.1
2026-07-06T20:29:55Z,,,,,,3336.3
2026-07-06T20:29:55Z,,,,,,3343.9
2026-07-06T20:29:55Z,,,,,,3354.7
2026-07-06T20:29:55Z,,,,,,3366.2
2026-07-06T20:29:55Z,,,,,,3377.9
2026-07-06T20:29:55Z,,,,,,3389.3
2026-07-06T20:29:55Z,51.556938,-0.071533,3.2,16,1,3401.6
2026-07-06T20:29:55Z,,,,,,3410.3
2026-07-06T20:29:55Z,,,,,,3415.2
2026-07-06T20:29:55Z,,,,,,3418.4
2026-07-06T20:29:56Z,,,,,,3417.6
2026-07-06T20:29:56Z,,,,,,3413.5
2026-07-06T20:29:56Z,,,,,,3410.9
2026-07-06T20:29:56Z,,,,,,3409.7
2026-07-06T20:29:56Z,,,,,,3406.5
2026-07-06T20:29:56Z,,,,,,3403.2
2026-07-06T20:29:56Z,51.556942,-0.071539,3.7,16,1,3400.3
2026-07-06T20:29:56Z,,,,,,3396.4
2026-07-06T20:29:56Z,,,,,,3391.6
2026-07-06T20:29:56Z,,,,,,3387.5
2026-07-06T20:29:57Z,,,,,,3385.8
2026-07-06T20:29:57Z,,,,,,3382.6
2026-07-06T20:29:57Z,,,,,,3377.0
2026-07-06T20:29:57Z,,,,,,3372.6
2026-07-06T20:29:57Z,,,,,,3367.5
2026-07-06T20:29:57Z,,,,,,3362.1
2026-07-06T20:29:57Z,51.556950,-0.071545,3.8,16,1,3357.9
2026-07-06T20:29:57Z,,,,,,3355.5
2026-07-06T20:29:57Z,,,,,,3352.8
2026-07-06T20:29:57Z,,,,,,3349.5
2026-07-06T20:29:58Z,,,,,,3345.8
2026-07-06T20:29:58Z,,,,,,3341.2
2026-07-06T20:29:58Z,,,,,,3335.7
2026-07-06T20:29:58Z,,,,,,3331.3
2026-07-06T20:29:58Z,,,,,,3328.9
2026-07-06T20:29:58Z,,,,,,3325.6
2026-07-06T20:29:58Z,51.556953,-0.071554,4.0,16,1,3322.7
2026-07-06T20:29:58Z,,,,,,3322.1
2026-07-06T20:29:58Z,,,,,,3320.9
2026-07-06T20:29:58Z,,,,,,3319.5
2026-07-06T20:29:59Z,,,,,,3321.5
2026-07-06T20:29:59Z,,,,,,3325.8
2026-07-06T20:29:59Z,,,,,,3329.2
2026-07-06T20:29:59Z,,,,,,3331.7
2026-07-06T20:29:59Z,,,,,,3333.2
2026-07-06T20:29:59Z,,,,,,3333.5
2026-07-06T20:29:59Z,51.556961,-0.071565,4.5,16,1,3332.8
2026-07-06T20:29:59Z,,,,,,3335.6
2026-07-06T20:29:59Z,,,,,,3337.7
2026-07-06T20:29:59Z,,,,,,3336.8
2026-07-06T20:30:00Z,,,,,,3337.6
2026-07-06T20:30:00Z,,,,,,3339.2
2026-07-06T20:30:00Z,,,,,,3341.5
2026-07-06T20:30:00Z,,,,,,3345.1
2026-07-06T20:30:00Z,,,,,,3351.7
2026-07-06T20:30:00Z,,,,,,3359.5
2026-07-06T20:30:00Z,51.556961,-0.071574,5.0,16,1,3366.8
2026-07-06T20:30:00Z,,,,,,3374.6
2026-07-06T20:30:00Z,,,,,,3381.5
2026-07-06T20:30:00Z,,,,,,3390.3
2026-07-06T20:30:01Z,,,,,,3401.0
2026-07-06T20:30:01Z,,,,,,3416.9
2026-07-06T20:30:01Z,,,,,,3435.8
2026-07-06T20:30:01Z,,,,,,3455.3
2026-07-06T20:30:01Z,,,,,,3477.5
2026-07-06T20:30:01Z,,,,,,3499.5
2026-07-06T20:30:01Z,51.556957,-0.071580,4.5,16,1,3519.2
2026-07-06T20:30:01Z,,,,,,3535.5
2026-07-06T20:30:01Z,,,,,,3550.1
2026-07-06T20:30:01Z,,,,,,3563.9
2026-07-06T20:30:02Z,,,,,,3575.9
2026-07-06T20:30:02Z,,,,,,3587.6
2026-07-06T20:30:02Z,,,,,,3597.0
2026-07-06T20:30:02Z,,,,,,3603.9
2026-07-06T20:30:02Z,,,,,,3608.1
2026-07-06T20:30:02Z,,,,,,3614.3
2026-07-06T20:30:02Z,51.556957,-0.071593,4.6,16,1,3621.6
2026-07-06T20:30:02Z,,,,,,3630.4
2026-07-06T20:30:02Z,,,,,,3642.9
2026-07-06T20:30:02Z,,,,,,3655.4
2026-07-06T20:30:03Z,,,,,,3669.1
2026-07-06T20:30:03Z,,,,,,3684.6
2026-07-06T20:30:03Z,,,,,,3700.6
2026-07-06T20:30:03Z,,,,,,3717.1
2026-07-06T20:30:03Z,,,,,,3733.5
2026-07-06T20:30:03Z,,,,,,3748.2
2026-07-06T20:30:03Z,51.556961,-0.071604,5.0,16,1,3761.2
2026-07-06T20:30:03Z,,,,,,3771.1
2026-07-06T20:30:03Z,,,,,,3778.1
2026-07-06T20:30:03Z,,,,,,3784.0
2026-07-06T20:30:04Z,,,,,,3787.3
2026-07-06T20:30:04Z,,,,,,3792.4
2026-07-06T20:30:04Z,,,,,,3801.9
2026-07-06T20:30:04Z,,,,,,3811.2
2026-07-06T20:30:04Z,,,,,,3819.6
2026-07-06T20:30:04Z,,,,,,3825.4
2026-07-06T20:30:04Z,51.556961,-0.071612,5.3,16,1,3829.8
2026-07-06T20:30:04Z,,,,,,3830.9
2026-07-06T20:30:04Z,,,,,,3826.6
2026-07-06T20:30:04Z,,,,,,3819.4
2026-07-06T20:30:05Z,,,,,,3808.7
2026-07-06T20:30:05Z,,,,,,3797.2
2026-07-06T20:30:05Z,,,,,,3784.5
2026-07-06T20:30:05Z,,,,,,3771.7
2026-07-06T20:30:05Z,,,,,,3758.3
2026-07-06T20:30:05Z,,,,,,3747.2
2026-07-06T20:30:05Z,51.556965,-0.071619,5.8,16,1,3738.4
2026-07-06T20:30:05Z,,,,,,3725.5
2026-07-06T20:30:05Z,,,,,,3711.4
2026-07-06T20:30:05Z,,,,,,3699.1
2026-07-06T20:30:06Z,,,,,,3688.7
2026-07-06T20:30:06Z,,,,,,3678.8
2026-07-06T20:30:06Z,,,,,,3670.4
2026-07-06T20:30:06Z,,,,,,3663.4
2026-07-06T20:30:06Z,,,,,,3657.7
2026-07-06T20:30:06Z,,,,,,3652.5
2026-07-06T20:30:06Z,51.556969,-0.071625,6.3,16,1,3647.3
2026-07-06T20:30:06Z,,,,,,3642.5
2026-07-06T20:30:06Z,,,,,,3638.5
2026-07-06T20:30:06Z,,,,,,3635.0
2026-07-06T20:30:06Z,,,,,,3630.3
2026-07-06T20:30:07Z,,,,,,3624.8
2026-07-06T20:30:07Z,,,,,,3616.8
2026-07-06T20:30:07Z,,,,,,3608.9
2026-07-06T20:30:07Z,,,,,,3603.1
2026-07-06T20:30:07Z,,,,,,3598.0
2026-07-06T20:30:07Z,51.556969,-0.071632,6.7,16,1,3593.1
2026-07-06T20:30:07Z,,,,,,3587.7
2026-07-06T20:30:07Z,,,,,,3582.4
2026-07-06T20:30:07Z,,,,,,3575.8
2026-07-06T20:30:07Z,,,,,,3570.4
2026-07-06T20:30:08Z,,,,,,3566.1
2026-07-06T20:30:08Z,,,,,,3561.0
2026-07-06T20:30:08Z,,,,,,3556.9
2026-07-06T20:30:08Z,,,,,,3553.5
2026-07-06T20:30:08Z,,,,,,3549.3
2026-07-06T20:30:08Z,51.556965,-0.071642,6.5,16,1,3545.6
2026-07-06T20:30:08Z,,,,,,3548.4
2026-07-06T20:30:08Z,,,,,,3559.1
2026-07-06T20:30:08Z,,,,,,3575.5
2026-07-06T20:30:08Z,,,,,,3597.1
2026-07-06T20:30:09Z,,,,,,3620.9
2026-07-06T20:30:09Z,,,,,,3644.4
2026-07-06T20:30:09Z,,,,,,3668.1
2026-07-06T20:30:09Z,,,,,,3689.8
2026-07-06T20:30:09Z,,,,,,3706.3
2026-07-06T20:30:09Z,51.556965,-0.071655,6.7,16,1,3719.4
2026-07-06T20:30:09Z,,,,,,3727.8
2026-07-06T20:30:09Z,,,,,,3729.7
2026-07-06T20:30:09Z,,,,,,3725.1
2026-07-06T20:30:10Z,,,,,,3720.7
2026-07-06T20:30:10Z,,,,,,3718.2
2026-07-06T20:30:10Z,,,,,,3715.5
2026-07-06T20:30:10Z,,,,,,3711.7
2026-07-06T20:30:10Z,,,,,,3702.5
2026-07-06T20:30:10Z,,,,,,3691.0
2026-07-06T20:30:10Z,51.556965,-0.071669,6.9,16,1,3678.0
2026-07-06T20:30:10Z,,,,,,3666.3
2026-07-06T20:30:10Z,,,,,,3655.8
2026-07-06T20:30:10Z,,,,,,3644.8
2026-07-06T20:30:10Z,,,,,,3635.7
2026-07-06T20:30:11Z,,,,,,3626.9
2026-07-06T20:30:11Z,,,,,,3615.7
2026-07-06T20:30:11Z,,,,,,3604.5
2026-07-06T20:30:11Z,,,,,,3598.3
2026-07-06T20:30:11Z,,,,,,3596.2
2026-07-06T20:30:11Z,51.556965,-0.071681,7.0,16,1,3597.0
2026-07-06T20:30:11Z,,,,,,3601.8
2026-07-06T20:30:11Z,,,,,,3612.1
2026-07-06T20:30:11Z,,,,,,3628.2
2026-07-06T20:30:12Z,,,,,,3647.7
2026-07-06T20:30:12Z,,,,,,3673.8
2026-07-06T20:30:12Z,,,,,,3705.6
2026-07-06T20:30:12Z,,,,,,3736.3
2026-07-06T20:30:12Z,,,,,,3768.6
2026-07-06T20:30:12Z,,,,,,3797.3
2026-07-06T20:30:12Z,51.556965,-0.071692,7.2,16,1,3818.7
2026-07-06T20:30:12Z,,,,,,3835.5
2026-07-06T20:30:12Z,,,,,,3851.0
2026-07-06T20:30:12Z,,,,,,3864.8
2026-07-06T20:30:13Z,,,,,,3874.2
2026-07-06T20:30:13Z,,,,,,3880.7
2026-07-06T20:30:13Z,,,,,,3886.4
2026-07-06T20:30:13Z,,,,,,3890.2
2026-07-06T20:30:13Z,,,,,,3895.0
2026-07-06T20:30:13Z,,,,,,3899.1
2026-07-06T20:30:13Z,51.556969,-0.071703,7.5,16,1,3899.4
2026-07-06T20:30:13Z,,,,,,3898.3
2026-07-06T20:30:13Z,,,,,,3896.0
2026-07-06T20:30:13Z,,,,,,3891.0
2026-07-06T20:30:14Z,,,,,,3881.3
2026-07-06T20:30:14Z,,,,,,3873.7
2026-07-06T20:30:14Z,,,,,,3873.4
2026-07-06T20:30:14Z,,,,,,3877.6
2026-07-06T20:30:14Z,,,,,,3888.2
2026-07-06T20:30:14Z,,,,,,3903.9
2026-07-06T20:30:14Z,51.556969,-0.071713,7.5,16,1,3921.1
2026-07-06T20:30:14Z,,,,,,3938.4
2026-07-06T20:30:14Z,,,,,,3956.4
2026-07-06T20:30:14Z,,,,,,3974.6
2026-07-06T20:30:15Z,,,,,,3985.3
2026-07-06T20:30:15Z,,,,,,3989.4
2026-07-06T20:30:15Z,,,,,,3990.5
2026-07-06T20:30:15Z,,,,,,3987.4
2026-07-06T20:30:15Z,,,,,,3980.3
2026-07-06T20:30:15Z,,,,,,3973.0
2026-07-06T20:30:15Z,51.556969,-0.071714,7.6,16,1,3964.8
2026-07-06T20:30:15Z,,,,,,3954.0
2026-07-06T20:30:15Z,,,,,,3940.4
2026-07-06T20:30:15Z,,,,,,3924.8
2026-07-06T20:30:16Z,,,,,,3908.5
2026-07-06T20:30:16Z,,,,,,3888.9
2026-07-06T20:30:16Z,,,,,,3861.9
2026-07-06T20:30:16Z,,,,,,3834.1
2026-07-06T20:30:16Z,,,,,,3810.2
2026-07-06T20:30:16Z,,,,,,3788.5
2026-07-06T20:30:16Z,51.556969,-0.071717,7.7,16,1,3769.5
2026-07-06T20:30:16Z,,,,,,3753.2
2026-07-06T20:30:16Z,,,,,,3740.6
2026-07-06T20:30:16Z,,,,,,3731.4
2026-07-06T20:30:17Z,,,,,,3726.4
2026-07-06T20:30:17Z,,,,,,3728.2
2026-07-06T20:30:17Z,,,,,,3734.5
2026-07-06T20:30:17Z,,,,,,3741.7
2026-07-06T20:30:17Z,,,,,,3749.9
2026-07-06T20:30:17Z,,,,,,3757.5
2026-07-06T20:30:17Z,51.556969,-0.071718,7.8,16,1,3763.6
2026-07-06T20:30:17Z,,,,,,3769.2
2026-07-06T20:30:17Z,,,,,,3771.9
2026-07-06T20:30:17Z,,,,,,3772.0
2026-07-06T20:30:18Z,,,,,,3770.5
2026-07-06T20:30:18Z,,,,,,3766.3
2026-07-06T20:30:18Z,,,,,,3760.6
2026-07-06T20:30:18Z,,,,,,3753.6
2026-07-06T20:30:18Z,,,,,,3746.0
2026-07-06T20:30:18Z,,,,,,3740.0
2026-07-06T20:30:18Z,51.556973,-0.071728,8.2,16,1,3736.0
2026-07-06T20:30:18Z,,,,,,3732.0
2026-07-06T20:30:18Z,,,,,,3727.5
2026-07-06T20:30:18Z,,,,,,3723.6
2026-07-06T20:30:19Z,,,,,,3722.6
2026-07-06T20:30:19Z,,,,,,3722.6
2026-07-06T20:30:19Z,,,,,,3723.7
2026-07-06T20:30:19Z,,,,,,3727.3
2026-07-06T20:30:19Z,,,,,,3730.7
2026-07-06T20:30:19Z,,,,,,3732.4
2026-07-06T20:30:19Z,51.556973,-0.071742,8.4,16,1,3734.9
2026-07-06T20:30:19Z,,,,,,3738.2
2026-07-06T20:30:19Z,,,,,,3739.9
2026-07-06T20:30:19Z,,,,,,3740.6
2026-07-06T20:30:20Z,,,,,,3741.9
2026-07-06T20:30:20Z,,,,,,3741.9
2026-07-06T20:30:20Z,,,,,,3739.2
2026-07-06T20:30:20Z,,,,,,3735.1
2026-07-06T20:30:20Z,,,,,,3731.6
2026-07-06T20:30:20Z,,,,,,3729.3
2026-07-06T20:30:20Z,51.556973,-0.071758,8.7,16,1,3724.9
2026-07-06T20:30:20Z,,,,,,3720.0
2026-07-06T20:30:20Z,,,,,,3716.3
2026-07-06T20:30:20Z,,,,,,3712.1
2026-07-06T20:30:21Z,,,,,,3710.9
2026-07-06T20:30:21Z,,,,,,3714.8
2026-07-06T20:30:21Z,,,,,,3727.8
2026-07-06T20:30:21Z,,,,,,3746.0
2026-07-06T20:30:21Z,,,,,,3757.8
2026-07-06T20:30:21Z,,,,,,3764.0
2026-07-06T20:30:21Z,51.556973,-0.071773,9.4,16,1,3775.4
2026-07-06T20:30:21Z,,,,,,3791.0
2026-07-06T20:30:21Z,,,,,,3805.8
2026-07-06T20:30:21Z,,,,,,3820.7
2026-07-06T20:30:22Z,,,,,,3837.2
2026-07-06T20:30:22Z,,,,,,3856.3
2026-07-06T20:30:22Z,,,,,,3876.8
2026-07-06T20:30:22Z,,,,,,3889.7
2026-07-06T20:30:22Z,,,,,,3891.6
2026-07-06T20:30:22Z,,,,,,3886.6
2026-07-06T20:30:22Z,51.556976,-0.071786,10.2,16,1,3879.1
2026-07-06T20:30:22Z,,,,,,3874.1
2026-07-06T20:30:22Z,,,,,,3870.2
2026-07-06T20:30:22Z,,,,,,3868.2
2026-07-06T20:30:23Z,,,,,,3869.1
2026-07-06T20:30:23Z,,,,,,3875.1
2026-07-06T20:30:23Z,,,,,,3882.0
2026-07-06T20:30:23Z,,,,,,3886.5
2026-07-06T20:30:23Z,,,,,,3890.5
2026-07-06T20:30:23Z,,,,,,3898.3
2026-07-06T20:30:23Z,51.556976,-0.071797,10.0,16,1,3912.1
2026-07-06T20:30:23Z,,,,,,3924.9
2026-07-06T20:30:23Z,,,,,,3933.6
2026-07-06T20:30:23Z,,,,,,3939.2
2026-07-06T20:30:24Z,,,,,,3943.7
2026-07-06T20:30:24Z,,,,,,3946.5
2026-07-06T20:30:24Z,,,,,,3947.7
2026-07-06T20:30:24Z,,,,,,3949.1
2026-07-06T20:30:24Z,,,,,,3949.3
2026-07-06T20:30:24Z,,,,,,3948.9
2026-07-06T20:30:24Z,51.556980,-0.071811,10.1,16,1,3946.1
2026-07-06T20:30:24Z,,,,,,3942.3
2026-07-06T20:30:24Z,,,,,,3940.5
2026-07-06T20:30:24Z,,,,,,3938.1
2026-07-06T20:30:25Z,,,,,,3936.3
2026-07-06T20:30:25Z,,,,,,3935.7
2026-07-06T20:30:25Z,,,,,,3936.0
2026-07-06T20:30:25Z,,,,,,3938.4
2026-07-06T20:30:25Z,,,,,,3943.5
2026-07-06T20:30:25Z,,,,,,3953.1
2026-07-06T20:30:25Z,51.556973,-0.071827,9.2,16,1,3966.2
2026-07-06T20:30:25Z,,,,,,3981.4
2026-07-06T20:30:25Z,,,,,,3998.3
2026-07-06T20:30:25Z,,,,,,4016.3
2026-07-06T20:30:26Z,,,,,,4033.8
2026-07-06T20:30:26Z,,,,,,4053.1
2026-07-06T20:30:26Z,,,,,,4073.8
2026-07-06T20:30:26Z,,,,,,4087.8
2026-07-06T20:30:26Z,,,,,,4096.0
2026-07-06T20:30:26Z,,,,,,4100.9
2026-07-06T20:30:26Z,51.556965,-0.071847,8.4,16,1,4102.8
2026-07-06T20:30:26Z,,,,,,4102.6
2026-07-06T20:30:26Z,,,,,,4099.9
2026-07-06T20:30:26Z,,,,,,4095.1
2026-07-06T20:30:27Z,,,,,,4088.7
2026-07-06T20:30:27Z,,,,,,4079.3
2026-07-06T20:30:27Z,,,,,,4068.3
2026-07-06T20:30:27Z,,,,,,4055.7
2026-07-06T20:30:27Z,,,,,,4041.0
2026-07-06T20:30:27Z,,,,,,4024.5
2026-07-06T20:30:27Z,51.556965,-0.071867,7.9,16,1,4007.1
2026-07-06T20:30:27Z,,,,,,3991.5
2026-07-06T20:30:27Z,,,,,,3978.4
2026-07-06T20:30:27Z,,,,,,3969.5
2026-07-06T20:30:28Z,,,,,,3964.4
2026-07-06T20:30:28Z,,,,,,3962.2
2026-07-06T20:30:28Z,,,,,,3964.6
2026-07-06T20:30:28Z,,,,,,3974.1
2026-07-06T20:30:28Z,,,,,,3989.4
2026-07-06T20:30:28Z,,,,,,4003.2
2026-07-06T20:30:28Z,51.556961,-0.071883,7.5,16,1,4014.9
2026-07-06T20:30:28Z,,,,,,4024.3
2026-07-06T20:30:28Z,,,,,,4031.1
2026-07-06T20:30:28Z,,,,,,4035.0
2026-07-06T20:30:29Z,,,,,,4035.4
2026-07-06T20:30:29Z,,,,,,4034.1
2026-07-06T20:30:29Z,,,,,,4034.3
2026-07-06T20:30:29Z,,,,,,4033.2
2026-07-06T20:30:29Z,,,,,,4028.4
2026-07-06T20:30:29Z,,,,,,4021.4
2026-07-06T20:30:29Z,51.556965,-0.071893,7.9,16,1,4011.6
2026-07-06T20:30:29Z,,,,,,4001.8
2026-07-06T20:30:29Z,,,,,,3993.3
2026-07-06T20:30:29Z,,,,,,3985.7
2026-07-06T20:30:30Z,,,,,,3978.9
2026-07-06T20:30:30Z,,,,,,3974.1
2026-07-06T20:30:30Z,,,,,,3985.2
2026-07-06T20:30:30Z,,,,,,4021.6
2026-07-06T20:30:30Z,,,,,,4069.9
2026-07-06T20:30:30Z,,,,,,4114.2
2026-07-06T20:30:30Z,51.556965,-0.071898,7.8,16,1,4154.4
2026-07-06T20:30:30Z,,,,,,4194.4
2026-07-06T20:30:30Z,,,,,,4233.6
2026-07-06T20:30:30Z,,,,,,4275.9
2026-07-06T20:30:31Z,,,,,,4322.7
2026-07-06T20:30:31Z,,,,,,4373.4
2026-07-06T20:30:31Z,,,,,,4417.5
2026-07-06T20:30:31Z,,,,,,4442.0
2026-07-06T20:30:31Z,,,,,,4454.4
2026-07-06T20:30:31Z,,,,,,4469.9
2026-07-06T20:30:31Z,51.556965,-0.071902,7.9,16,1,4484.5
2026-07-06T20:30:31Z,,,,,,4496.4
2026-07-06T20:30:31Z,,,,,,4508.2
2026-07-06T20:30:31Z,,,,,,4515.1
2026-07-06T20:30:32Z,,,,,,4514.4
2026-07-06T20:30:32Z,,,,,,4512.2
2026-07-06T20:30:32Z,,,,,,4508.9
2026-07-06T20:30:32Z,,,,,,4504.2
2026-07-06T20:30:32Z,,,,,,4508.6
2026-07-06T20:30:32Z,,,,,,4512.7
2026-07-06T20:30:32Z,51.556965,-0.071906,7.9,16,1,4511.1
2026-07-06T20:30:32Z,,,,,,4510.4
2026-07-06T20:30:32Z,,,,,,4512.5
2026-07-06T20:30:32Z,,,,,,4516.5
2026-07-06T20:30:33Z,,,,,,4521.8
2026-07-06T20:30:33Z,,,,,,4523.9
2026-07-06T20:30:33Z,,,,,,4518.9
2026-07-06T20:30:33Z,,,,,,4507.7
2026-07-06T20:30:33Z,,,,,,4492.4
2026-07-06T20:30:33Z,,,,,,4475.0
2026-07-06T20:30:33Z,51.556965,-0.071909,8.0,16,1,4458.8
2026-07-06T20:30:33Z,,,,,,4443.6
2026-07-06T20:30:33Z,,,,,,4424.9
2026-07-06T20:30:33Z,,,,,,4404.0
2026-07-06T20:30:34Z,,,,,,4381.2
2026-07-06T20:30:34Z,,,,,,4357.5
2026-07-06T20:30:34Z,,,,,,4334.4
2026-07-06T20:30:34Z,,,,,,4312.4
2026-07-06T20:30:34Z,,,,,,4290.4
2026-07-06T20:30:34Z,,,,,,4267.8
2026-07-06T20:30:34Z,51.556965,-0.071929,8.0,16,1,4245.8
2026-07-06T20:30:34Z,,,,,,4224.0
2026-07-06T20:30:34Z,,,,,,4204.6
2026-07-06T20:30:34Z,,,,,,4189.9
2026-07-06T20:30:35Z,,,,,,4177.4
2026-07-06T20:30:35Z,,,,,,4163.5
2026-07-06T20:30:35Z,,,,,,4147.0
2026-07-06T20:30:35Z,,,,,,4130.3
2026-07-06T20:30:35Z,,,,,,4113.9
2026-07-06T20:30:35Z,,,,,,4103.2
2026-07-06T20:30:35Z,51.556965,-0.071934,8.0,16,1,4094.4
2026-07-06T20:30:35Z,,,,,,4084.8
2026-07-06T20:30:35Z,,,,,,4077.3
2026-07-06T20:30:35Z,,,,,,4068.1
2026-07-06T20:30:36Z,,,,,,4056.6
2026-07-06T20:30:36Z,,,,,,4045.2
2026-07-06T20:30:36Z,,,,,,4037.4
2026-07-06T20:30:36Z,,,,,,4031.8
2026-07-06T20:30:36Z,,,,,,4025.4
2026-07-06T20:30:36Z,,,,,,4018.1
2026-07-06T20:30:36Z,51.556965,-0.071938,7.9,16,1,4011.9
2026-07-06T20:30:36Z,,,,,,4005.2
2026-07-06T20:30:36Z,,,,,,3999.7
2026-07-06T20:30:36Z,,,,,,3996.0
2026-07-06T20:30:37Z,,,,,,3994.7
2026-07-06T20:30:37Z,,,,,,3997.1
2026-07-06T20:30:37Z,,,,,,4002.8
2026-07-06T20:30:37Z,,,,,,4008.6
2026-07-06T20:30:37Z,,,,,,4011.4
2026-07-06T20:30:37Z,,,,,,4015.5
2026-07-06T20:30:37Z,51.556965,-0.071942,7.9,16,1,4021.7
2026-07-06T20:30:37Z,,,,,,4027.6
2026-07-06T20:30:37Z,,,,,,4032.2
2026-07-06T20:30:37Z,,,,,,4034.2
2026-07-06T20:30:38Z,,,,,,4033.4
2026-07-06T20:30:38Z,,,,,,4032.0
2026-07-06T20:30:38Z,,,,,,4034.6
2026-07-06T20:30:38Z,,,,,,4040.2
2026-07-06T20:30:38Z,,,,,,4049.6
2026-07-06T20:30:38Z,,,,,,4065.8
2026-07-06T20:30:38Z,51.556965,-0.071946,7.9,16,1,4085.3
2026-07-06T20:30:38Z,,,,,,4106.7
2026-07-06T20:30:38Z,,,,,,4133.7
2026-07-06T20:30:38Z,,,,,,4163.5
2026-07-06T20:30:39Z,,,,,,4189.3
2026-07-06T20:30:39Z,,,,,,4215.3
2026-07-06T20:30:39Z,,,,,,4237.9
2026-07-06T20:30:39Z,,,,,,4252.4
2026-07-06T20:30:39Z,,,,,,4261.5
2026-07-06T20:30:39Z,,,,,,4269.5
2026-07-06T20:30:39Z,51.556965,-0.071951,8.0,16,1,4272.7
2026-07-06T20:30:39Z,,,,,,4271.8
2026-07-06T20:30:39Z,,,,,,4268.0
2026-07-06T20:30:39Z,,,,,,4258.2
2026-07-06T20:30:40Z,,,,,,4244.0
2026-07-06T20:30:40Z,,,,,,4226.7
2026-07-06T20:30:40Z,,,,,,4209.2
2026-07-06T20:30:40Z,,,,,,4194.5
2026-07-06T20:30:40Z,,,,,,4180.3
2026-07-06T20:30:40Z,,,,,,4163.6
2026-07-06T20:30:40Z,51.556965,-0.071955,8.0,16,1,4144.7
2026-07-06T20:30:40Z,,,,,,4125.4
2026-07-06T20:30:40Z,,,,,,4109.1
2026-07-06T20:30:40Z,,,,,,4093.8
2026-07-06T20:30:41Z,,,,,,4079.6
2026-07-06T20:30:41Z,,,,,,4067.1
2026-07-06T20:30:41Z,,,,,,4055.1
2026-07-06T20:30:41Z,,,,,,4041.7
2026-07-06T20:30:41Z,,,,,,4027.9
2026-07-06T20:30:41Z,,,,,,4017.2
2026-07-06T20:30:41Z,51.556965,-0.071958,8.0,16,1,4009.7
2026-07-06T20:30:41Z,,,,,,4004.1
2026-07-06T20:30:41Z,,,,,,4000.9
2026-07-06T20:30:41Z,,,,,,3997.2
2026-07-06T20:30:42Z,,,,,,3992.0
2026-07-06T20:30:42Z,,,,,,3987.0
2026-07-06T20:30:42Z,,,,,,3985.3
2026-07-06T20:30:42Z,,,,,,3982.5
2026-07-06T20:30:42Z,,,,,,3979.6
2026-07-06T20:30:42Z,,,,,,3978.0
2026-07-06T20:30:42Z,51.556965,-0.071962,8.0,16,1,3972.9
2026-07-06T20:30:42Z,,,,,,3965.2
2026-07-06T20:30:42Z,,,,,,3958.2
2026-07-06T20:30:42Z,,,,,,3952.9
2026-07-06T20:30:43Z,,,,,,3947.0
2026-07-06T20:30:43Z,,,,,,3940.4
2026-07-06T20:30:43Z,,,,,,3934.4
2026-07-06T20:30:43Z,,,,,,3926.9
2026-07-06T20:30:43Z,,,,,,3917.9
2026-07-06T20:30:43Z,,,,,,3909.0
2026-07-06T20:30:43Z,51.556965,-0.071966,8.0,16,1,3902.0
2026-07-06T20:30:43Z,,,,,,3894.8
2026-07-06T20:30:43Z,,,,,,3888.3
2026-07-06T20:30:43Z,,,,,,3883.3
2026-07-06T20:30:44Z,,,,,,3877.3
2026-07-06T20:30:44Z,,,,,,3869.2
2026-07-06T20:30:44Z,,,,,,3862.1
2026-07-06T20:30:44Z,,,,,,3857.0
2026-07-06T20:30:44Z,,,,,,3852.3
2026-07-06T20:30:44Z,,,,,,3849.4
2026-07-06T20:30:44Z,51.556965,-0.071969,8.0,16,1,3847.2
2026-07-06T20:30:44Z,,,,,,3844.4
2026-07-06T20:30:44Z,,,,,,3841.6
2026-07-06T20:30:44Z,,,,,,3839.4
2026-07-06T20:30:45Z,,,,,,3837.9
2026-07-06T20:30:45Z,,,,,,3836.6
2026-07-06T20:30:45Z,,,,,,3837.7
2026-07-06T20:30:45Z,,,,,,3841.2
2026-07-06T20:30:45Z,,,,,,3844.4
2026-07-06T20:30:45Z,,,,,,3849.3
2026-07-06T20:30:45Z,51.556965,-0.071972,8.1,17,1,3858.4
2026-07-06T20:30:45Z,,,,,,3870.3
2026-07-06T20:30:45Z,,,,,,3884.0
2026-07-06T20:30:45Z,,,,,,3898.0
2026-07-06T20:30:46Z,,,,,,3910.7
2026-07-06T20:30:46Z,,,,,,3922.4
2026-07-06T20:30:46Z,,,,,,3934.9
2026-07-06T20:30:46Z,,,,,,3949.5
2026-07-06T20:30:46Z,,,,,,3965.6
2026-07-06T20:30:46Z,,,,,,3984.3
2026-07-06T20:30:46Z,51.556965,-0.071975,8.1,17,1,4006.3
2026-07-06T20:30:46Z,,,,,,4028.4
2026-07-06T20:30:46Z,,,,,,4048.0
2026-07-06T20:30:46Z,,,,,,4066.4
2026-07-06T20:30:47Z,,,,,,4082.1
2026-07-06T20:30:47Z,,,,,,4095.9
2026-07-06T20:30:47Z,,,,,,4106.0
2026-07-06T20:30:47Z,,,,,,4111.4
2026-07-06T20:30:47Z,,,,,,4112.4
2026-07-06T20:30:47Z,,,,,,4107.4
2026-07-06T20:30:47Z,51.556961,-0.071979,8.2,17,1,4098.1
2026-07-06T20:30:47Z,,,,,,4088.2
2026-07-06T20:30:47Z,,,,,,4078.1
2026-07-06T20:30:47Z,,,,,,4067.0
2026-07-06T20:30:48Z,,,,,,4057.3
2026-07-06T20:30:48Z,,,,,,4046.3
2026-07-06T20:30:48Z,,,,,,4032.3
2026-07-06T20:30:48Z,,,,,,4016.5
2026-07-06T20:30:48Z,,,,,,4001.5
2026-07-06T20:30:48Z,,,,,,3988.8
2026-07-06T20:30:48Z,51.556961,-0.071981,8.2,17,1,3976.5
2026-07-06T20:30:48Z,,,,,,3966.1
2026-07-06T20:30:48Z,,,,,,3956.2
2026-07-06T20:30:48Z,,,,,,3945.0
2026-07-06T20:30:49Z,,,,,,3933.6
2026-07-06T20:30:49Z,,,,,,3922.0
2026-07-06T20:30:49Z,,,,,,3910.7
2026-07-06T20:30:49Z,,,,,,3900.2
2026-07-06T20:30:49Z,,,,,,3890.8
2026-07-06T20:30:49Z,,,,,,3883.8
2026-07-06T20:30:49Z,51.556961,-0.071985,8.3,17,1,3877.2
2026-07-06T20:30:49Z,,,,,,3867.9
2026-07-06T20:30:49Z,,,,,,3857.3
2026-07-06T20:30:49Z,,,,,,3848.8
2026-07-06T20:30:50Z,,,,,,3843.3
2026-07-06T20:30:50Z,,,,,,3837.8
2026-07-06T20:30:50Z,,,,,,3833.8
2026-07-06T20:30:50Z,,,,,,3831.4
2026-07-06T20:30:50Z,,,,,,3828.7
2026-07-06T20:30:50Z,,,,,,3827.1
2026-07-06T20:30:50Z,51.556961,-0.071988,8.3,17,1,3825.4
2026-07-06T20:30:50Z,,,,,,3822.9
2026-07-06T20:30:50Z,,,,,,3822.8
2026-07-06T20:30:50Z,,,,,,3824.2
2026-07-06T20:30:51Z,,,,,,3825.4
2026-07-06T20:30:51Z,,,,,,3827.7
2026-07-06T20:30:51Z,,,,,,3829.8
2026-07-06T20:30:51Z,,,,,,3831.5
2026-07-06T20:30:51Z,,,,,,3831.7
2026-07-06T20:30:51Z,,,,,,3831.0
2026-07-06T20:30:51Z,51.556957,-0.071991,8.3,17,1,3831.9
2026-07-06T20:30:51Z,,,,,,3832.1
2026-07-06T20:30:51Z,,,,,,3830.6
2026-07-06T20:30:51Z,,,,,,3828.3
2026-07-06T20:30:52Z,,,,,,3825.5
2026-07-06T20:30:52Z,,,,,,3821.2
2026-07-06T20:30:52Z,,,,,,3815.5
2026-07-06T20:30:52Z,,,,,,3811.7
2026-07-06T20:30:52Z,,,,,,3809.2
2026-07-06T20:30:52Z,,,,,,3804.5
2026-07-06T20:30:52Z,51.556957,-0.071994,8.4,17,1,3800.9
2026-07-06T20:30:52Z,,,,,,3797.9
2026-07-06T20:30:52Z,,,,,,3793.1
2026-07-06T20:30:52Z,,,,,,3789.1
2026-07-06T20:30:53Z,,,,,,3784.8
2026-07-06T20:30:53Z,,,,,,3780.3
2026-07-06T20:30:53Z,,,,,,3776.3
2026-07-06T20:30:53Z,,,,,,3771.6
2026-07-06T20:30:53Z,,,,,,3767.1
2026-07-06T20:30:53Z,,,,,,3762.5
2026-07-06T20:30:53Z,51.556957,-0.071997,8.4,17,1,3758.4
2026-07-06T20:30:53Z,,,,,,3754.3
2026-07-06T20:30:53Z,,,,,,3748.7
2026-07-06T20:30:53Z,,,,,,3743.5
2026-07-06T20:30:54Z,,,,,,3739.9
2026-07-06T20:30:54Z,,,,,,3736.3
2026-07-06T20:30:54Z,,,,,,3732.5
2026-07-06T20:30:54Z,,,,,,3729.7
2026-07-06T20:30:54Z,,,,,,3726.7
2026-07-06T20:30:54Z,,,,,,3722.8
2026-07-06T20:30:54Z,51.556957,-0.072000,8.5,17,1,3719.3
2026-07-06T20:30:54Z,,,,,,3716.3
2026-07-06T20:30:54Z,,,,,,3713.6
2026-07-06T20:30:54Z,,,,,,3713.1
2026-07-06T20:30:55Z,,,,,,3715.1
2026-07-06T20:30:55Z,,,,,,3719.1
2026-07-06T20:30:55Z,,,,,,3725.3
2026-07-06T20:30:55Z,,,,,,3734.4
2026-07-06T20:30:55Z,,,,,,3746.9
2026-07-06T20:30:55Z,,,,,,3762.6
2026-07-06T20:30:55Z,51.556957,-0.072003,8.6,17,1,3782.9
2026-07-06T20:30:55Z,,,,,,3807.5
2026-07-06T20:30:55Z,,,,,,3833.9
2026-07-06T20:30:55Z,,,,,,3862.5
2026-07-06T20:30:56Z,,,,,,3891.5
2026-07-06T20:30:56Z,,,,,,3921.5
2026-07-06T20:30:56Z,,,,,,3950.5
2026-07-06T20:30:56Z,,,,,,3978.1
2026-07-06T20:30:56Z,,,,,,4003.6
2026-07-06T20:30:56Z,,,,,,4024.5
2026-07-06T20:30:56Z,51.556953,-0.072006,8.7,17,1,4040.0
2026-07-06T20:30:56Z,,,,,,4050.9
2026-07-06T20:30:56Z,,,,,,4058.0
2026-07-06T20:30:56Z,,,,,,4059.1
2026-07-06T20:30:57Z,,,,,,4055.9
2026-07-06T20:30:57Z,,,,,,4052.2
2026-07-06T20:30:57Z,,,,,,4048.1
2026-07-06T20:30:57Z,,,,,,4043.4
2026-07-06T20:30:57Z,,,,,,4039.0
2026-07-06T20:30:57Z,,,,,,4035.9
2026-07-06T20:30:57Z,51.556953,-0.072009,8.7,17,1,4035.5
2026-07-06T20:30:57Z,,,,,,4038.9
2026-07-06T20:30:57Z,,,,,,4043.7
2026-07-06T20:30:57Z,,,,,,4050.4
2026-07-06T20:30:58Z,,,,,,4058.8
2026-07-06T20:30:58Z,,,,,,4069.8
2026-07-06T20:30:58Z,,,,,,4081.8
2026-07-06T20:30:58Z,,,,,,4090.4
2026-07-06T20:30:58Z,,,,,,4095.9
2026-07-06T20:30:58Z,,,,,,4098.6
2026-07-06T20:30:58Z,51.556953,-0.072012,8.7,17,1,4098.6
2026-07-06T20:30:58Z,,,,,,4095.9
2026-07-06T20:30:58Z,,,,,,4091.4
2026-07-06T20:30:58Z,,,,,,4086.8
2026-07-06T20:30:59Z,,,,,,4083.4
2026-07-06T20:30:59Z,,,,,,4082.7
2026-07-06T20:30:59Z,,,,,,4088.1
2026-07-06T20:30:59Z,,,,,,4096.8
2026-07-06T20:30:59Z,,,,,,4107.5
2026-07-06T20:30:59Z,,,,,,4121.2
2026-07-06T20:30:59Z,51.556950,-0.072015,8.8,17,1,4133.0
2026-07-06T20:30:59Z,,,,,,4145.8
2026-07-06T20:30:59Z,,,,,,4160.4
2026-07-06T20:30:59Z,,,,,,4170.1
2026-07-06T20:31:00Z,,,,,,4177.3
2026-07-06T20:31:00Z,,,,,,4183.2
2026-07-06T20:31:00Z,,,,,,4186.6
2026-07-06T20:31:00Z,,,,,,4182.6
2026-07-06T20:31:00Z,,,,,,4177.0
2026-07-06T20:31:00Z,,,,,,4172.4
2026-07-06T20:31:00Z,51.556950,-0.072017,8.8,17,1,4161.0
2026-07-06T20:31:00Z,,,,,,4147.5
2026-07-06T20:31:00Z,,,,,,4133.4
2026-07-06T20:31:00Z,,,,,,4117.2
2026-07-06T20:31:01Z,,,,,,4099.7
2026-07-06T20:31:01Z,,,,,,4080.5
2026-07-06T20:31:01Z,,,,,,4062.9
2026-07-06T20:31:01Z,,,,,,4045.4
2026-07-06T20:31:01Z,,,,,,4029.6
2026-07-06T20:31:01Z,,,,,,4016.8
2026-07-06T20:31:01Z,51.556950,-0.072028,8.8,17,1,4004.6
2026-07-06T20:31:01Z,,,,,,3993.0
2026-07-06T20:31:01Z,,,,,,3982.9
2026-07-06T20:31:01Z,,,,,,3974.9
2026-07-06T20:31:02Z,,,,,,3968.8
2026-07-06T20:31:02Z,,,,,,3964.8
2026-07-06T20:31:02Z,,,,,,3962.7
2026-07-06T20:31:02Z,,,,,,3962.4
2026-07-06T20:31:02Z,,,,,,3963.4
2026-07-06T20:31:02Z,,,,,,3964.7
2026-07-06T20:31:02Z,51.556946,-0.072031,8.9,17,1,3965.5
2026-07-06T20:31:02Z,,,,,,3965.5
2026-07-06T20:31:02Z,,,,,,3963.9
2026-07-06T20:31:02Z,,,,,,3961.6
2026-07-06T20:31:03Z,,,,,,3958.5
2026-07-06T20:31:03Z,,,,,,3954.6
2026-07-06T20:31:03Z,,,,,,3949.3
2026-07-06T20:31:03Z,,,,,,3942.8
2026-07-06T20:31:03Z,,,,,,3936.4
2026-07-06T20:31:03Z,,,,,,3927.8
2026-07-06T20:31:03Z,51.556946,-0.072035,9.0,17,1,3919.5
2026-07-06T20:31:03Z,,,,,,3912.3
2026-07-06T20:31:03Z,,,,,,3903.4
2026-07-06T20:31:03Z,,,,,,3895.3
2026-07-06T20:31:04Z,,,,,,3887.4
2026-07-06T20:31:04Z,,,,,,3878.9
2026-07-06T20:31:04Z,,,,,,3871.5
2026-07-06T20:31:04Z,,,,,,3864.4
2026-07-06T20:31:04Z,,,,,,3857.7
2026-07-06T20:31:04Z,,,,,,3851.9
2026-07-06T20:31:04Z,51.556942,-0.072039,9.1,17,1,3845.8
2026-07-06T20:31:04Z,,,,,,3838.8
2026-07-06T20:31:04Z,,,,,,3831.5
2026-07-06T20:31:04Z,,,,,,3823.8
2026-07-06T20:31:05Z,,,,,,3816.6
2026-07-06T20:31:05Z,,,,,,3810.6
2026-07-06T20:31:05Z,,,,,,3804.3
2026-07-06T20:31:05Z,,,,,,3798.4
2026-07-06T20:31:05Z,,,,,,3792.5
2026-07-06T20:31:05Z,,,,,,3786.2
2026-07-06T20:31:05Z,51.556942,-0.072042,9.1,17,1,3781.6
2026-07-06T20:31:05Z,,,,,,3777.7
2026-07-06T20:31:05Z,,,,,,3775.3
2026-07-06T20:31:05Z,,,,,,3775.9
2026-07-06T20:31:06Z,,,,,,3778.5
2026-07-06T20:31:06Z,,,,,,3782.7
2026-07-06T20:31:06Z,,,,,,3788.7
2026-07-06T20:31:06Z,,,,,,3796.8
2026-07-06T20:31:06Z,,,,,,3804.9
2026-07-06T20:31:06Z,,,,,,3811.1
2026-07-06T20:31:06Z,51.556942,-0.072046,9.2,17,1,3815.9
2026-07-06T20:31:06Z,,,,,,3820.7
2026-07-06T20:31:06Z,,,,,,3823.5
2026-07-06T20:31:06Z,,,,,,3823.5
2026-07-06T20:31:07Z,,,,,,3823.9
2026-07-06T20:31:07Z,,,,,,3823.3
2026-07-06T20:31:07Z,,,,,,3819.9
2026-07-06T20:31:07Z,,,,,,3815.7
2026-07-06T20:31:07Z,,,,,,3811.1
2026-07-06T20:31:07Z,,,,,,3804.9
2026-07-06T20:31:07Z,51.556938,-0.072050,9.3,17,1,3798.1
2026-07-06T20:31:07Z,,,,,,3791.9
2026-07-06T20:31:07Z,,,,,,3785.3
2026-07-06T20:31:07Z,,,,,,3778.2
2026-07-06T20:31:08Z,,,,,,3771.7
2026-07-06T20:31:08Z,,,,,,3765.1
2026-07-06T20:31:08Z,,,,,,3756.6
2026-07-06T20:31:08Z,,,,,,3747.5
2026-07-06T20:31:08Z,,,,,,3740.3
2026-07-06T20:31:08Z,,,,,,3734.3
2026-07-06T20:31:08Z,51.556938,-0.072053,9.4,17,1,3727.9
2026-07-06T20:31:08Z,,,,,,3722.0
2026-07-06T20:31:08Z,,,,,,3716.7
2026-07-06T20:31:08Z,,,,,,3710.8
2026-07-06T20:31:09Z,,,,,,3704.0
2026-07-06T20:31:09Z,,,,,,3698.0
2026-07-06T20:31:09Z,,,,,,3692.6
2026-07-06T20:31:09Z,,,,,,3687.8
2026-07-06T20:31:09Z,,,,,,3683.4
2026-07-06T20:31:09Z,,,,,,3679.1
2026-07-06T20:31:09Z,51.556938,-0.072057,9.5,17,1,3675.3
2026-07-06T20:31:09Z,,,,,,3670.1
2026-07-06T20:31:09Z,,,,,,3665.3
2026-07-06T20:31:09Z,,,,,,3661.4
2026-07-06T20:31:10Z,,,,,,3656.4
2026-07-06T20:31:10Z,,,,,,3652.9
2026-07-06T20:31:10Z,,,,,,3650.3
2026-07-06T20:31:10Z,,,,,,3646.5
2026-07-06T20:31:10Z,,,,,,3642.7
2026-07-06T20:31:10Z,,,,,,3638.8
2026-07-06T20:31:10Z,51.556938,-0.072061,9.6,17,1,3636.0
2026-07-06T20:31:10Z,,,,,,3631.8
2026-07-06T20:31:10Z,,,,,,3628.2
2026-07-06T20:31:10Z,,,,,,3626.8
2026-07-06T20:31:11Z,,,,,,3624.5
2026-07-06T20:31:11Z,,,,,,3621.1
2026-07-06T20:31:11Z,,,,,,3617.9
2026-07-06T20:31:11Z,,,,,,3615.1
2026-07-06T20:31:11Z,,,,,,3611.9
2026-07-06T20:31:11Z,,,,,,3608.7
2026-07-06T20:31:11Z,51.556934,-0.072065,9.7,17,1,3606.3
2026-07-06T20:31:11Z,,,,,,3603.2
2026-07-06T20:31:11Z,,,,,,3599.7
2026-07-06T20:31:11Z,,,,,,3597.3
2026-07-06T20:31:12Z,,,,,,3595.8
2026-07-06T20:31:12Z,,,,,,3594.4
2026-07-06T20:31:12Z,,,,,,3595.1
2026-07-06T20:31:12Z,,,,,,3597.6
2026-07-06T20:31:12Z,,,,,,3599.7
2026-07-06T20:31:12Z,,,,,,3601.8
2026-07-06T20:31:12Z,51.556934,-0.072074,9.3,17,1,3603.0
2026-07-06T20:31:12Z,,,,,,3604.4
2026-07-06T20:31:12Z,,,,,,3606.2
2026-07-06T20:31:12Z,,,,,,3607.1
2026-07-06T20:31:13Z,,,,,,3607.4
2026-07-06T20:31:13Z,,,,,,3607.9
2026-07-06T20:31:13Z,,,,,,3608.2
2026-07-06T20:31:13Z,,,,,,3607.0
2026-07-06T20:31:13Z,,,,,,3606.8
2026-07-06T20:31:13Z,,,,,,3606.4
2026-07-06T20:31:13Z,51.556934,-0.072085,9.1,17,1,3604.8
2026-07-06T20:31:13Z,,,,,,3602.8
2026-07-06T20:31:13Z,,,,,,3600.9
2026-07-06T20:31:13Z,,,,,,3599.9
2026-07-06T20:31:14Z,,,,,,3598.3
2026-07-06T20:31:14Z,,,,,,3596.3
2026-07-06T20:31:14Z,,,,,,3595.0
2026-07-06T20:31:14Z,,,,,,3594.3
2026-07-06T20:31:14Z,,,,,,3593.4
2026-07-06T20:31:14Z,,,,,,3592.3
2026-07-06T20:31:14Z,51.556931,-0.072090,9.2,17,1,3592.7
2026-07-06T20:31:14Z,,,,,,3594.4
2026-07-06T20:31:14Z,,,,,,3596.0
2026-07-06T20:31:14Z,,,,,,3599.4
2026-07-06T20:31:15Z,,,,,,3603.5
2026-07-06T20:31:15Z,,,,,,3607.7
2026-07-06T20:31:15Z,,,,,,3612.2
2026-07-06T20:31:15Z,,,,,,3616.9
2026-07-06T20:31:15Z,,,,,,3621.2
2026-07-06T20:31:15Z,,,,,,3623.6
2026-07-06T20:31:15Z,51.556931,-0.072095,9.4,18,1,3624.9
2026-07-06T20:31:15Z,,,,,,3626.0
2026-07-06T20:31:15Z,,,,,,3625.7
2026-07-06T20:31:15Z,,,,,,3624.8
2026-07-06T20:31:16Z,,,,,,3623.1
2026-07-06T20:31:16Z,,,,,,3619.7
2026-07-06T20:31:16Z,,,,,,3616.5
2026-07-06T20:31:16Z,,,,,,3612.3
2026-07-06T20:31:16Z,,,,,,3607.7
2026-07-06T20:31:16Z,,,,,,3604.3
2026-07-06T20:31:16Z,51.556931,-0.072100,9.6,18,1,3599.7
2026-07-06T20:31:16Z,,,,,,3594.7
2026-07-06T20:31:16Z,,,,,,3589.7
2026-07-06T20:31:16Z,,,,,,3584.3
2026-07-06T20:31:17Z,,,,,,3579.2
2026-07-06T20:31:17Z,,,,,,3575.5
2026-07-06T20:31:17Z,,,,,,3573.9
2026-07-06T20:31:17Z,,,,,,3573.0
2026-07-06T20:31:17Z,,,,,,3573.5
2026-07-06T20:31:17Z,,,,,,3575.2
2026-07-06T20:31:17Z,51.556931,-0.072113,9.6,18,1,3577.0
2026-07-06T20:31:17Z,,,,,,3578.5
2026-07-06T20:31:17Z,,,,,,3580.1
2026-07-06T20:31:17Z,,,,,,3582.4
2026-07-06T20:31:18Z,,,,,,3585.1
2026-07-06T20:31:18Z,,,,,,3587.4
2026-07-06T20:31:18Z,,,,,,3589.6
2026-07-06T20:31:18Z,,,,,,3590.8
2026-07-06T20:31:18Z,,,,,,3591.3
2026-07-06T20:31:18Z,,,,,,3591.9
2026-07-06T20:31:18Z,51.556931,-0.072118,9.7,18,1,3593.1
2026-07-06T20:31:18Z,,,,,,3594.9
2026-07-06T20:31:18Z,,,,,,3599.3
2026-07-06T20:31:18Z,,,,,,3606.7
2026-07-06T20:31:19Z,,,,,,3614.1
2026-07-06T20:31:19Z,,,,,,3622.8
2026-07-06T20:31:19Z,,,,,,3635.0
2026-07-06T20:31:19Z,,,,,,3647.6
2026-07-06T20:31:19Z,,,,,,3659.4
2026-07-06T20:31:19Z,,,,,,3670.6
2026-07-06T20:31:19Z,51.556931,-0.072123,9.9,18,1,3680.7
2026-07-06T20:31:19Z,,,,,,3688.0
2026-07-06T20:31:19Z,,,,,,3692.5
2026-07-06T20:31:19Z,,,,,,3695.9
2026-07-06T20:31:20Z,,,,,,3697.7
2026-07-06T20:31:20Z,,,,,,3697.6
2026-07-06T20:31:20Z,,,,,,3696.7
2026-07-06T20:31:20Z,,,,,,3696.6
2026-07-06T20:31:20Z,,,,,,3697.2
2026-07-06T20:31:20Z,,,,,,3697.6
2026-07-06T20:31:20Z,51.556931,-0.072128,10.0,18,1,3698.4
2026-07-06T20:31:20Z,,,,,,3699.7
2026-07-06T20:31:20Z,,,,,,3701.7
2026-07-06T20:31:20Z,,,,,,3704.9
2026-07-06T20:31:21Z,,,,,,3708.8
2026-07-06T20:31:21Z,,,,,,3713.6
2026-07-06T20:31:21Z,,,,,,3719.0
2026-07-06T20:31:21Z,,,,,,3724.3
2026-07-06T20:31:21Z,,,,,,3729.4
2026-07-06T20:31:21Z,,,,,,3734.1
2026-07-06T20:31:21Z,51.556931,-0.072123,10.1,18,1,3737.6
2026-07-06T20:31:21Z,,,,,,3739.5
2026-07-06T20:31:21Z,,,,,,3740.1
2026-07-06T20:31:21Z,,,,,,3739.7
2026-07-06T20:31:22Z,,,,,,3737.2
2026-07-06T20:31:22Z,,,,,,3733.8
2026-07-06T20:31:22Z,,,,,,3730.2
2026-07-06T20:31:22Z,,,,,,3725.9
2026-07-06T20:31:22Z,,,,,,3720.7
2026-07-06T20:31:22Z,,,,,,3715.0
2026-07-06T20:31:22Z,51.556934,-0.072120,10.2,18,1,3708.9
2026-07-06T20:31:22Z,,,,,,3701.1
2026-07-06T20:31:22Z,,,,,,3692.8
2026-07-06T20:31:22Z,,,,,,3684.7
2026-07-06T20:31:23Z,,,,,,3676.5
2026-07-06T20:31:23Z,,,,,,3668.7
2026-07-06T20:31:23Z,,,,,,3663.0
2026-07-06T20:31:23Z,,,,,,3659.7
2026-07-06T20:31:23Z,,,,,,3658.4
2026-07-06T20:31:23Z,,,,,,3660.4
2026-07-06T20:31:23Z,51.556934,-0.072121,10.1,18,1,3666.0
2026-07-06T20:31:23Z,,,,,,3674.5
2026-07-06T20:31:23Z,,,,,,3685.2
2026-07-06T20:31:23Z,,,,,,3698.8
2026-07-06T20:31:24Z,,,,,,3712.5
2026-07-06T20:31:24Z,,,,,,3723.4
2026-07-06T20:31:24Z,,,,,,3732.5
2026-07-06T20:31:24Z,,,,,,3740.8
2026-07-06T20:31:24Z,,,,,,3747.0
2026-07-06T20:31:24Z,,,,,,3751.6
2026-07-06T20:31:24Z,51.556938,-0.072121,10.0,18,1,3755.2
2026-07-06T20:31:24Z,,,,,,3755.0
2026-07-06T20:31:24Z,,,,,,3752.8
2026-07-06T20:31:24Z,,,,,,3752.3
2026-07-06T20:31:25Z,,,,,,3752.0
2026-07-06T20:31:25Z,,,,,,3750.5
2026-07-06T20:31:25Z,,,,,,3749.6
2026-07-06T20:31:25Z,,,,,,3748.8
2026-07-06T20:31:25Z,,,,,,3746.6
2026-07-06T20:31:25Z,,,,,,3744.0
2026-07-06T20:31:25Z,51.556938,-0.072119,10.0,18,1,3742.0
2026-07-06T20:31:25Z,,,,,,3739.6
2026-07-06T20:31:25Z,,,,,,3737.1
2026-07-06T20:31:25Z,,,,,,3734.4
2026-07-06T20:31:26Z,,,,,,3730.9
2026-07-06T20:31:26Z,,,,,,3727.7
2026-07-06T20:31:26Z,,,,,,3726.5
2026-07-06T20:31:26Z,,,,,,3727.5
2026-07-06T20:31:26Z,,,,,,3731.0
2026-07-06T20:31:26Z,,,,,,3735.2
2026-07-06T20:31:26Z,51.556938,-0.072124,10.2,18,1,3738.9
2026-07-06T20:31:26Z,,,,,,3742.4
2026-07-06T20:31:26Z,,,,,,3746.3
2026-07-06T20:31:26Z,,,,,,3750.4
2026-07-06T20:31:27Z,,,,,,3752.8
2026-07-06T20:31:27Z,,,,,,3754.1
2026-07-06T20:31:27Z,,,,,,3753.4
2026-07-06T20:31:27Z,,,,,,3750.6
2026-07-06T20:31:27Z,,,,,,3747.0
2026-07-06T20:31:27Z,,,,,,3742.1
2026-07-06T20:31:27Z,51.556942,-0.072133,10.6,18,1,3736.7
2026-07-06T20:31:27Z,,,,,,3732.0
2026-07-06T20:31:27Z,,,,,,3726.8
2026-07-06T20:31:27Z,,,,,,3721.2
2026-07-06T20:31:28Z,,,,,,3714.9
2026-07-06T20:31:28Z,,,,,,3710.5
2026-07-06T20:31:28Z,,,,,,3706.0
2026-07-06T20:31:28Z,,,,,,3700.9
2026-07-06T20:31:28Z,,,,,,3697.2
2026-07-06T20:31:28Z,,,,,,3692.9
2026-07-06T20:31:28Z,51.556946,-0.072149,10.5,18,1,3687.3
2026-07-06T20:31:28Z,,,,,,3682.5
2026-07-06T20:31:28Z,,,,,,3679.4
2026-07-06T20:31:28Z,,,,,,3676.3
2026-07-06T20:31:29Z,,,,,,3674.3
2026-07-06T20:31:29Z,,,,,,3672.7
2026-07-06T20:31:29Z,,,,,,3671.0
2026-07-06T20:31:29Z,,,,,,3669.3
2026-07-06T20:31:29Z,,,,,,3669.0
2026-07-06T20:31:29Z,,,,,,3668.4
2026-07-06T20:31:29Z,51.556942,-0.072169,10.1,18,1,3667.0
2026-07-06T20:31:29Z,,,,,,3666.0
2026-07-06T20:31:29Z,,,,,,3664.0
2026-07-06T20:31:29Z,,,,,,3659.8
2026-07-06T20:31:30Z,,,,,,3655.8
2026-07-06T20:31:30Z,,,,,,3652.9
2026-07-06T20:31:30Z,,,,,,3648.7
2026-07-06T20:31:30Z,,,,,,3644.4
2026-07-06T20:31:30Z,,,,,,3640.4
2026-07-06T20:31:30Z,,,,,,3635.6
2026-07-06T20:31:30Z,51.556938,-0.072181,10.4,18,1,3630.2
2026-07-06T20:31:30Z,,,,,,3626.4
2026-07-06T20:31:30Z,,,,,,3623.8
2026-07-06T20:31:30Z,,,,,,3620.3
2026-07-06T20:31:31Z,,,,,,3617.7
2026-07-06T20:31:31Z,,,,,,3615.3
2026-07-06T20:31:31Z,,,,,,3612.6
2026-07-06T20:31:31Z,,,,,,3611.4
2026-07-06T20:31:31Z,,,,,,3612.2
2026-07-06T20:31:31Z,,,,,,3612.2
2026-07-06T20:31:31Z,51.556934,-0.072194,10.6,18,1,3611.0
2026-07-06T20:31:31Z,,,,,,3610.9
2026-07-06T20:31:31Z,,,,,,3614.1
2026-07-06T20:31:31Z,,,,,,3619.3
2026-07-06T20:31:32Z,,,,,,3625.8
2026-07-06T20:31:32Z,,,,,,3635.7
2026-07-06T20:31:32Z,,,,,,3646.1
2026-07-06T20:31:32Z,,,,,,3655.9
2026-07-06T20:31:32Z,,,,,,3667.1
2026-07-06T20:31:32Z,,,,,,3678.7
2026-07-06T20:31:32Z,51.556931,-0.072203,10.8,18,1,3689.3
2026-07-06T20:31:32Z,,,,,,3698.7
2026-07-06T20:31:32Z,,,,,,3705.2
2026-07-06T20:31:32Z,,,,,,3707.1
2026-07-06T20:31:33Z,,,,,,3706.6
2026-07-06T20:31:33Z,,,,,,3706.1
2026-07-06T20:31:33Z,,,,,,3705.3
2026-07-06T20:31:33Z,,,,,,3703.9
2026-07-06T20:31:33Z,,,,,,3702.1
2026-07-06T20:31:33Z,,,,,,3699.3
2026-07-06T20:31:33Z,51.556927,-0.072219,10.1,18,1,3693.9
2026-07-06T20:31:33Z,,,,,,3689.4
2026-07-06T20:31:33Z,,,,,,3686.6
2026-07-06T20:31:33Z,,,,,,3683.2
2026-07-06T20:31:34Z,,,,,,3678.9
2026-07-06T20:31:34Z,,,,,,3673.8
2026-07-06T20:31:34Z,,,,,,3667.8
2026-07-06T20:31:34Z,,,,,,3662.8
2026-07-06T20:31:34Z,,,,,,3659.3
2026-07-06T20:31:34Z,,,,,,3657.0
2026-07-06T20:31:34Z,51.556923,-0.072234,9.4,18,1,3655.3
2026-07-06T20:31:34Z,,,,,,3652.7
2026-07-06T20:31:34Z,,,,,,3649.9
2026-07-06T20:31:34Z,,,,,,3649.1
2026-07-06T20:31:35Z,,,,,,3650.0
2026-07-06T20:31:35Z,,,,,,3650.7
2026-07-06T20:31:35Z,,,,,,3650.4
2026-07-06T20:31:35Z,,,,,,3648.9
2026-07-06T20:31:35Z,,,,,,3647.4
2026-07-06T20:31:35Z,,,,,,3646.4
2026-07-06T20:31:35Z,51.556923,-0.072252,8.6,18,1,3646.1
2026-07-06T20:31:35Z,,,,,,3646.7
2026-07-06T20:31:35Z,,,,,,3648.8
2026-07-06T20:31:35Z,,,,,,3651.2
2026-07-06T20:31:36Z,,,,,,3653.2
2026-07-06T20:31:36Z,,,,,,3656.8
2026-07-06T20:31:36Z,,,,,,3661.4
2026-07-06T20:31:36Z,,,,,,3664.2
2026-07-06T20:31:36Z,,,,,,3666.7
2026-07-06T20:31:36Z,,,,,,3668.8
2026-07-06T20:31:36Z,51.556923,-0.072269,8.0,18,1,3669.0
2026-07-06T20:31:36Z,,,,,,3668.9
2026-07-06T20:31:36Z,,,,,,3668.8
2026-07-06T20:31:36Z,,,,,,3668.3
2026-07-06T20:31:37Z,,,,,,3666.4
2026-07-06T20:31:37Z,,,,,,3663.7
2026-07-06T20:31:37Z,,,,,,3661.7
2026-07-06T20:31:37Z,,,,,,3658.3
2026-07-06T20:31:37Z,,,,,,3654.6
2026-07-06T20:31:37Z,,,,,,3652.2
2026-07-06T20:31:37Z,51.556923,-0.072276,8.4,18,1,3648.6
2026-07-06T20:31:37Z,,,,,,3643.9
2026-07-06T20:31:37Z,,,,,,3639.9
2026-07-06T20:31:37Z,,,,,,3635.6
2026-07-06T20:31:38Z,,,,,,3631.6
2026-07-06T20:31:38Z,,,,,,3628.1
2026-07-06T20:31:38Z,,,,,,3625.7
2026-07-06T20:31:38Z,,,,,,3622.7
2026-07-06T20:31:38Z,,,,,,3618.6
2026-07-06T20:31:38Z,,,,,,3615.8
2026-07-06T20:31:38Z,51.556927,-0.072283,8.8,18,1,3615.5
2026-07-06T20:31:38Z,,,,,,3615.6
2026-07-06T20:31:38Z,,,,,,3616.6
2026-07-06T20:31:38Z,,,,,,3618.1
2026-07-06T20:31:39Z,,,,,,3618.0
2026-07-06T20:31:39Z,,,,,,3618.4
2026-07-06T20:31:39Z,,,,,,3619.8
2026-07-06T20:31:39Z,,,,,,3621.0
2026-07-06T20:31:39Z,,,,,,3621.0
2026-07-06T20:31:39Z,,,,,,3620.5
2026-07-06T20:31:39Z,51.556927,-0.072287,9.1,18,1,3619.9
2026-07-06T20:31:39Z,,,,,,3617.3
2026-07-06T20:31:39Z,,,,,,3614.7
2026-07-06T20:31:39Z,,,,,,3612.9
2026-07-06T20:31:40Z,,,,,,3609.7
2026-07-06T20:31:40Z,,,,,,3606.2
2026-07-06T20:31:40Z,,,,,,3603.0
2026-07-06T20:31:40Z,,,,,,3597.8
2026-07-06T20:31:40Z,,,,,,3592.9
2026-07-06T20:31:40Z,,,,,,3589.4
2026-07-06T20:31:40Z,51.556931,-0.072298,9.0,18,1,3585.8
2026-07-06T20:31:40Z,,,,,,3583.3
2026-07-06T20:31:40Z,,,,,,3581.2
2026-07-06T20:31:40Z,,,,,,3580.4
2026-07-06T20:31:41Z,,,,,,3578.6
2026-07-06T20:31:41Z,,,,,,3576.7
2026-07-06T20:31:41Z,,,,,,3578.1
2026-07-06T20:31:41Z,,,,,,3579.4
2026-07-06T20:31:41Z,,,,,,3580.2
2026-07-06T20:31:41Z,,,,,,3581.2
2026-07-06T20:31:41Z,51.556934,-0.072309,9.0,18,1,3581.8
2026-07-06T20:31:41Z,,,,,,3582.2
2026-07-06T20:31:41Z,,,,,,3583.5
2026-07-06T20:31:41Z,,,,,,3586.0
2026-07-06T20:31:42Z,,,,,,3588.2
2026-07-06T20:31:42Z,,,,,,3589.4
2026-07-06T20:31:42Z,,,,,,3590.9
2026-07-06T20:31:42Z,,,,,,3590.4
2026-07-06T20:31:42Z,,,,,,3589.9
2026-07-06T20:31:42Z,,,,,,3591.7
2026-07-06T20:31:42Z,51.556942,-0.072318,8.7,18,1,3593.9
2026-07-06T20:31:42Z,,,,,,3596.5
2026-07-06T20:31:42Z,,,,,,3600.5
2026-07-06T20:31:42Z,,,,,,3607.2
2026-07-06T20:31:43Z,,,,,,3616.6
2026-07-06T20:31:43Z,,,,,,3631.0
2026-07-06T20:31:43Z,,,,,,3650.9
2026-07-06T20:31:43Z,,,,,,3672.0
2026-07-06T20:31:43Z,,,,,,3694.2
2026-07-06T20:31:43Z,,,,,,3714.7
2026-07-06T20:31:43Z,51.556953,-0.072327,8.8,18,1,3733.4
2026-07-06T20:31:43Z,,,,,,3750.6
2026-07-06T20:31:43Z,,,,,,3765.3
2026-07-06T20:31:43Z,,,,,,3777.7
2026-07-06T20:31:44Z,,,,,,3785.1
2026-07-06T20:31:44Z,,,,,,3789.3
2026-07-06T20:31:44Z,,,,,,3793.1
2026-07-06T20:31:44Z,,,,,,3795.6
2026-07-06T20:31:44Z,,,,,,3794.0
2026-07-06T20:31:44Z,,,,,,3789.5
2026-07-06T20:31:44Z,51.556961,-0.072333,8.8,18,1,3785.1
2026-07-06T20:31:44Z,,,,,,3778.2
2026-07-06T20:31:44Z,,,,,,3770.2
2026-07-06T20:31:44Z,,,,,,3764.1
2026-07-06T20:31:45Z,,,,,,3757.4
2026-07-06T20:31:45Z,,,,,,3750.4
2026-07-06T20:31:45Z,,,,,,3743.9
2026-07-06T20:31:45Z,,,,,,3737.6
2026-07-06T20:31:45Z,,,,,,3732.4
2026-07-06T20:31:45Z,,,,,,3727.9
2026-07-06T20:31:45Z,51.556965,-0.072336,9.3,18,1,3723.9
2026-07-06T20:31:45Z,,,,,,3718.9
2026-07-06T20:31:45Z,,,,,,3714.6
2026-07-06T20:31:45Z,,,,,,3711.8
2026-07-06T20:31:46Z,,,,,,3710.0
2026-07-06T20:31:46Z,,,,,,3709.8
2026-07-06T20:31:46Z,,,,,,3713.8
2026-07-06T20:31:46Z,,,,,,3720.9
2026-07-06T20:31:46Z,,,,,,3729.4
2026-07-06T20:31:46Z,,,,,,3740.2
2026-07-06T20:31:46Z,51.556969,-0.072338,9.4,18,1,3751.6
2026-07-06T20:31:46Z,,,,,,3761.4
2026-07-06T20:31:46Z,,,,,,3770.7
2026-07-06T20:31:46Z,,,,,,3778.9
2026-07-06T20:31:47Z,,,,,,3783.4
2026-07-06T20:31:47Z,,,,,,3784.5
2026-07-06T20:31:47Z,,,,,,3783.3
2026-07-06T20:31:47Z,,,,,,3780.7
2026-07-06T20:31:47Z,,,,,,3775.4
2026-07-06T20:31:47Z,,,,,,3770.0
2026-07-06T20:31:47Z,51.556973,-0.072339,9.4,18,1,3763.8
2026-07-06T20:31:47Z,,,,,,3755.3
2026-07-06T20:31:47Z,,,,,,3746.3
2026-07-06T20:31:47Z,,,,,,3737.5
2026-07-06T20:31:48Z,,,,,,3729.1
2026-07-06T20:31:48Z,,,,,,3719.3
2026-07-06T20:31:48Z,,,,,,3709.4
2026-07-06T20:31:48Z,,,,,,3699.9
2026-07-06T20:31:48Z,,,,,,3689.3
2026-07-06T20:31:48Z,,,,,,3678.9
2026-07-06T20:31:48Z,51.556976,-0.072341,9.5,18,1,3670.0
2026-07-06T20:31:48Z,,,,,,3662.1
2026-07-06T20:31:48Z,,,,,,3653.4
2026-07-06T20:31:48Z,,,,,,3645.0
2026-07-06T20:31:49Z,,,,,,3637.9
2026-07-06T20:31:49Z,,,,,,3630.6
2026-07-06T20:31:49Z,,,,,,3623.0
2026-07-06T20:31:49Z,,,,,,3617.4
2026-07-06T20:31:49Z,,,,,,3613.8
2026-07-06T20:31:49Z,,,,,,3609.2
2026-07-06T20:31:49Z,51.556980,-0.072342,9.6,18,1,3604.2
2026-07-06T20:31:49Z,,,,,,3599.8
2026-07-06T20:31:49Z,,,,,,3595.5
2026-07-06T20:31:49Z,,,,,,3591.4
2026-07-06T20:31:50Z,,,,,,3588.3
2026-07-06T20:31:50Z,,,,,,3586.1
2026-07-06T20:31:50Z,,,,,,3584.1
2026-07-06T20:31:50Z,,,,,,3581.9
2026-07-06T20:31:50Z,,,,,,3580.8
2026-07-06T20:31:50Z,,,,,,3579.1
2026-07-06T20:31:50Z,51.556988,-0.072343,9.6,18,1,3575.4
2026-07-06T20:31:50Z,,,,,,3572.9
2026-07-06T20:31:50Z,,,,,,3570.9
2026-07-06T20:31:50Z,,,,,,3568.5
2026-07-06T20:31:51Z,,,,,,3566.6
2026-07-06T20:31:51Z,,,,,,3564.7
2026-07-06T20:31:51Z,,,,,,3560.3
2026-07-06T20:31:51Z,,,,,,3556.6
2026-07-06T20:31:51Z,,,,,,3554.0
2026-07-06T20:31:51Z,,,,,,3551.3
2026-07-06T20:31:51Z,51.556980,-0.072331,9.7,18,1,3551.1
2026-07-06T20:31:51Z,,,,,,3552.0
2026-07-06T20:31:51Z,,,,,,3552.5
2026-07-06T20:31:51Z,,,,,,3552.2
2026-07-06T20:31:52Z,,,,,,3553.0
2026-07-06T20:31:52Z,,,,,,3555.2
2026-07-06T20:31:52Z,,,,,,3557.8
2026-07-06T20:31:52Z,,,,,,3559.8
2026-07-06T20:31:52Z,,,,,,3561.5
2026-07-06T20:31:52Z,,,,,,3563.3
2026-07-06T20:31:52Z,51.556976,-0.072319,9.9,18,1,3563.5
2026-07-06T20:31:52Z,,,,,,3563.5
2026-07-06T20:31:52Z,,,,,,3565.1
2026-07-06T20:31:52Z,,,,,,3566.2
2026-07-06T20:31:53Z,,,,,,3565.5
2026-07-06T20:31:53Z,,,,,,3564.3
2026-07-06T20:31:53Z,,,,,,3563.5
2026-07-06T20:31:53Z,,,,,,3563.0
2026-07-06T20:31:53Z,,,,,,3562.7
2026-07-06T20:31:53Z,,,,,,3562.5
2026-07-06T20:31:53Z,51.556980,-0.072307,9.9,18,1,3562.6
2026-07-06T20:31:53Z,,,,,,3562.8
2026-07-06T20:31:53Z,,,,,,3562.7
2026-07-06T20:31:53Z,,,,,,3560.5
2026-07-06T20:31:54Z,,,,,,3558.9
2026-07-06T20:31:54Z,,,,,,3559.0
2026-07-06T20:31:54Z,,,,,,3557.8
2026-07-06T20:31:54Z,,,,,,3556.6
2026-07-06T20:31:54Z,,,,,,3557.1
2026-07-06T20:31:54Z,,,,,,3557.8
2026-07-06T20:31:54Z,51.556988,-0.072297,9.7,18,1,3558.0
2026-07-06T20:31:54Z,,,,,,3558.4
2026-07-06T20:31:54Z,,,,,,3559.5
2026-07-06T20:31:54Z,,,,,,3560.6
2026-07-06T20:31:55Z,,,,,,3560.5
2026-07-06T20:31:55Z,,,,,,3560.7
2026-07-06T20:31:55Z,,,,,,3560.4
2026-07-06T20:31:55Z,,,,,,3558.5
2026-07-06T20:31:55Z,,,,,,3557.3
2026-07-06T20:31:55Z,,,,,,3555.8
2026-07-06T20:31:55Z,51.556992,-0.072289,9.6,18,1,3553.4
2026-07-06T20:31:55Z,,,,,,3550.7
2026-07-06T20:31:55Z,,,,,,3548.2
2026-07-06T20:31:55Z,,,,,,3544.5
2026-07-06T20:31:56Z,,,,,,3540.6
2026-07-06T20:31:56Z,,,,,,3539.5
2026-07-06T20:31:56Z,,,,,,3539.3
2026-07-06T20:31:56Z,,,,,,3539.5
2026-07-06T20:31:56Z,,,,,,3541.5
2026-07-06T20:31:56Z,,,,,,3546.7
2026-07-06T20:31:56Z,51.556992,-0.072279,9.8,18,1,3552.0
2026-07-06T20:31:56Z,,,,,,3558.1
2026-07-06T20:31:56Z,,,,,,3567.1
2026-07-06T20:31:56Z,,,,,,3576.7
2026-07-06T20:31:57Z,,,,,,3585.5
2026-07-06T20:31:57Z,,,,,,3593.7
2026-07-06T20:31:57Z,,,,,,3600.9
2026-07-06T20:31:57Z,,,,,,3607.0
2026-07-06T20:31:57Z,,,,,,3612.9
2026-07-06T20:31:57Z,,,,,,3619.1
2026-07-06T20:31:57Z,51.556999,-0.072267,9.5,18,1,3623.8
2026-07-06T20:31:57Z,,,,,,3627.3
2026-07-06T20:31:57Z,,,,,,3629.6
2026-07-06T20:31:57Z,,,,,,3630.2
2026-07-06T20:31:58Z,,,,,,3630.5
2026-07-06T20:31:58Z,,,,,,3630.6
2026-07-06T20:31:58Z,,,,,,3630.2
2026-07-06T20:31:58Z,,,,,,3627.7
2026-07-06T20:31:58Z,,,,,,3625.4
2026-07-06T20:31:58Z,,,,,,3623.8
2026-07-06T20:31:58Z,51.557007,-0.072257,9.8,18,1,3620.8
2026-07-06T20:31:58Z,,,,,,3618.9
2026-07-06T20:31:58Z,,,,,,3618.8
2026-07-06T20:31:58Z,,,,,,3618.6
2026-07-06T20:31:59Z,,,,,,3617.6
2026-07-06T20:31:59Z,,,,,,3616.2
2026-07-06T20:31:59Z,,,,,,3615.0
2026-07-06T20:31:59Z,,,,,,3613.0
2026-07-06T20:31:59Z,,,,,,3610.6
2026-07-06T20:31:59Z,,,,,,3607.9
2026-07-06T20:31:59Z,51.557011,-0.072246,9.4,18,1,3604.5
2026-07-06T20:31:59Z,,,,,,3600.7
2026-07-06T20:31:59Z,,,,,,3596.5
2026-07-06T20:31:59Z,,,,,,3592.7
2026-07-06T20:31:59Z,,,,,,3589.5
2026-07-06T20:32:00Z,,,,,,3587.2
2026-07-06T20:32:00Z,,,,,,3586.0
2026-07-06T20:32:00Z,,,,,,3585.9
2026-07-06T20:32:00Z,,,,,,3587.4
2026-07-06T20:32:00Z,,,,,,3591.1
2026-07-06T20:32:00Z,51.557014,-0.072233,9.1,18,1,3595.4
2026-07-06T20:32:00Z,,,,,,3599.5
2026-07-06T20:32:00Z,,,,,,3604.4
2026-07-06T20:32:00Z,,,,,,3608.4
2026-07-06T20:32:01Z,,,,,,3611.5
2026-07-06T20:32:01Z,,,,,,3614.6
2026-07-06T20:32:01Z,,,,,,3617.8
2026-07-06T20:32:01Z,,,,,,3619.5
2026-07-06T20:32:01Z,,,,,,3620.1
2026-07-06T20:32:01Z,,,,,,3622.0
2026-07-06T20:32:01Z,51.557018,-0.072232,9.1,18,1,3624.3
2026-07-06T20:32:01Z,,,,,,3626.3
2026-07-06T20:32:01Z,,,,,,3628.9
2026-07-06T20:32:01Z,,,,,,3630.0
2026-07-06T20:32:02Z,,,,,,3628.8
2026-07-06T20:32:02Z,,,,,,3627.3
2026-07-06T20:32:02Z,,,,,,3624.8
2026-07-06T20:32:02Z,,,,,,3621.7
2026-07-06T20:32:02Z,,,,,,3619.7
2026-07-06T20:32:02Z,,,,,,3617.6
2026-07-06T20:32:02Z,51.557022,-0.072231,9.1,18,1,3613.7
2026-07-06T20:32:02Z,,,,,,3609.1
2026-07-06T20:32:02Z,,,,,,3606.1
2026-07-06T20:32:02Z,,,,,,3603.9
2026-07-06T20:32:03Z,,,,,,3601.4
2026-07-06T20:32:03Z,,,,,,3599.6
2026-07-06T20:32:03Z,,,,,,3599.1
2026-07-06T20:32:03Z,,,,,,3597.1
2026-07-06T20:32:03Z,,,,,,3594.4
2026-07-06T20:32:03Z,,,,,,3592.9
2026-07-06T20:32:03Z,51.557030,-0.072228,9.2,18,1,3592.4
2026-07-06T20:32:03Z,,,,,,3592.0
2026-07-06T20:32:03Z,,,,,,3592.3
2026-07-06T20:32:03Z,,,,,,3593.2
2026-07-06T20:32:04Z,,,,,,3593.3
2026-07-06T20:32:04Z,,,,,,3595.6
2026-07-06T20:32:04Z,,,,,,3601.4
2026-07-06T20:32:04Z,,,,,,3607.9
2026-07-06T20:32:04Z,,,,,,3614.3
2026-07-06T20:32:04Z,,,,,,3622.6
2026-07-06T20:32:04Z,51.557030,-0.072216,7.9,18,1,3632.2
2026-07-06T20:32:04Z,,,,,,3641.6
2026-07-06T20:32:04Z,,,,,,3655.4
2026-07-06T20:32:04Z,,,,,,3673.3
2026-07-06T20:32:05Z,,,,,,3690.9
2026-07-06T20:32:05Z,,,,,,3708.5
2026-07-06T20:32:05Z,,,,,,3727.1
2026-07-06T20:32:05Z,,,,,,3744.9
2026-07-06T20:32:05Z,,,,,,3762.6
2026-07-06T20:32:05Z,,,,,,3780.9
2026-07-06T20:32:05Z,51.557030,-0.072200,7.4,18,1,3796.9
2026-07-06T20:32:05Z,,,,,,3809.4
2026-07-06T20:32:05Z,,,,,,3819.5
2026-07-06T20:32:05Z,,,,,,3827.3
2026-07-06T20:32:06Z,,,,,,3831.1
2026-07-06T20:32:06Z,,,,,,3833.9
2026-07-06T20:32:06Z,,,,,,3836.7
2026-07-06T20:32:06Z,,,,,,3835.8
2026-07-06T20:32:06Z,,,,,,3832.7
2026-07-06T20:32:06Z,,,,,,3830.2
2026-07-06T20:32:06Z,51.557034,-0.072189,6.6,18,1,3826.2
2026-07-06T20:32:06Z,,,,,,3822.2
2026-07-06T20:32:06Z,,,,,,3819.4
2026-07-06T20:32:06Z,,,,,,3814.4
2026-07-06T20:32:07Z,,,,,,3807.8
2026-07-06T20:32:07Z,,,,,,3801.2
2026-07-06T20:32:07Z,,,,,,3793.9
2026-07-06T20:32:07Z,,,,,,3785.8
2026-07-06T20:32:07Z,,,,,,3778.7
2026-07-06T20:32:07Z,,,,,,3771.7
2026-07-06T20:32:07Z,51.557034,-0.072179,5.6,18,1,3764.8
2026-07-06T20:32:07Z,,,,,,3760.1
2026-07-06T20:32:07Z,,,,,,3755.9
2026-07-06T20:32:07Z,,,,,,3750.4
2026-07-06T20:32:08Z,,,,,,3746.6
2026-07-06T20:32:08Z,,,,,,3745.4
2026-07-06T20:32:08Z,,,,,,3745.2
2026-07-06T20:32:08Z,,,,,,3747.5
2026-07-06T20:32:08Z,,,,,,3752.2
2026-07-06T20:32:08Z,,,,,,3756.8
2026-07-06T20:32:08Z,51.557037,-0.072170,4.7,18,1,3761.7
2026-07-06T20:32:08Z,,,,,,3766.7
2026-07-06T20:32:08Z,,,,,,3770.4
2026-07-06T20:32:08Z,,,,,,3775.4
2026-07-06T20:32:09Z,,,,,,3779.6
2026-07-06T20:32:09Z,,,,,,3782.4
2026-07-06T20:32:09Z,,,,,,3782.5
2026-07-06T20:32:09Z,,,,,,3780.0
2026-07-06T20:32:09Z,,,,,,3777.9
2026-07-06T20:32:09Z,,,,,,3775.3
2026-07-06T20:32:09Z,51.557037,-0.072160,3.9,18,1,3771.1
2026-07-06T20:32:09Z,,,,,,3766.6
2026-07-06T20:32:09Z,,,,,,3762.2
2026-07-06T20:32:09Z,,,,,,3757.2
2026-07-06T20:32:10Z,,,,,,3755.9
2026-07-06T20:32:10Z,,,,,,3761.8
2026-07-06T20:32:10Z,,,,,,3776.8
2026-07-06T20:32:10Z,,,,,,3803.0
2026-07-06T20:32:10Z,,,,,,3839.5
2026-07-06T20:32:10Z,,,,,,3881.1
2026-07-06T20:32:10Z,51.557041,-0.072145,3.2,18,1,3925.3
2026-07-06T20:32:10Z,,,,,,3973.3
2026-07-06T20:32:10Z,,,,,,4019.7
2026-07-06T20:32:10Z,,,,,,4062.1
2026-07-06T20:32:11Z,,,,,,4097.7
2026-07-06T20:32:11Z,,,,,,4125.1
2026-07-06T20:32:11Z,,,,,,4145.6
2026-07-06T20:32:11Z,,,,,,4164.6
2026-07-06T20:32:11Z,,,,,,4184.8
2026-07-06T20:32:11Z,,,,,,4203.7
2026-07-06T20:32:11Z,51.557041,-0.072131,3.0,18,1,4222.2
2026-07-06T20:32:11Z,,,,,,4238.7
2026-07-06T20:32:11Z,,,,,,4250.5
2026-07-06T20:32:11Z,,,,,,4257.7
2026-07-06T20:32:12Z,,,,,,4263.8
2026-07-06T20:32:12Z,,,,,,4270.4
2026-07-06T20:32:12Z,,,,,,4277.8
2026-07-06T20:32:12Z,,,,,,4281.9
2026-07-06T20:32:12Z,,,,,,4280.2
2026-07-06T20:32:12Z,,,,,,4274.8
2026-07-06T20:32:12Z,51.557045,-0.072114,3.3,18,1,4270.7
2026-07-06T20:32:12Z,,,,,,4273.1
2026-07-06T20:32:12Z,,,,,,4280.3
2026-07-06T20:32:12Z,,,,,,4290.6
2026-07-06T20:32:13Z,,,,,,4310.0
2026-07-06T20:32:13Z,,,,,,4339.3
2026-07-06T20:32:13Z,,,,,,4370.4
2026-07-06T20:32:13Z,,,,,,4399.6
2026-07-06T20:32:13Z,,,,,,4424.9
2026-07-06T20:32:13Z,,,,,,4441.3
2026-07-06T20:32:13Z,51.557049,-0.072094,3.5,18,1,4451.7
2026-07-06T20:32:13Z,,,,,,4459.4
2026-07-06T20:32:13Z,,,,,,4461.6
2026-07-06T20:32:13Z,,,,,,4458.3
2026-07-06T20:32:14Z,,,,,,4453.6
2026-07-06T20:32:14Z,,,,,,4446.7
2026-07-06T20:32:14Z,,,,,,4436.4
2026-07-06T20:32:14Z,,,,,,4426.5
2026-07-06T20:32:14Z,,,,,,4417.5
2026-07-06T20:32:14Z,,,,,,4408.2
2026-07-06T20:32:14Z,51.557053,-0.072079,3.5,18,1,4400.6
2026-07-06T20:32:14Z,,,,,,4398.4
2026-07-06T20:32:14Z,,,,,,4399.7
2026-07-06T20:32:14Z,,,,,,4403.8
2026-07-06T20:32:15Z,,,,,,4408.4
2026-07-06T20:32:15Z,,,,,,4412.0
2026-07-06T20:32:15Z,,,,,,4414.3
2026-07-06T20:32:15Z,,,,,,4415.9
2026-07-06T20:32:15Z,,,,,,4420.2
2026-07-06T20:32:15Z,,,,,,4425.2
2026-07-06T20:32:15Z,51.557056,-0.072073,3.9,18,1,4430.9
2026-07-06T20:32:15Z,,,,,,4437.9
2026-07-06T20:32:15Z,,,,,,4444.1
2026-07-06T20:32:15Z,,,,,,4449.7
2026-07-06T20:32:16Z,,,,,,4458.1
2026-07-06T20:32:16Z,,,,,,4470.7
2026-07-06T20:32:16Z,,,,,,4484.8
2026-07-06T20:32:16Z,,,,,,4499.7
2026-07-06T20:32:16Z,,,,,,4514.3
2026-07-06T20:32:16Z,,,,,,4525.4
2026-07-06T20:32:16Z,51.557056,-0.072069,4.1,18,1,4532.4
2026-07-06T20:32:16Z,,,,,,4534.7
2026-07-06T20:32:16Z,,,,,,4533.1
2026-07-06T20:32:16Z,,,,,,4527.8
2026-07-06T20:32:17Z,,,,,,4520.4
2026-07-06T20:32:17Z,,,,,,4510.1
2026-07-06T20:32:17Z,,,,,,4493.7
2026-07-06T20:32:17Z,,,,,,4475.3
2026-07-06T20:32:17Z,,,,,,4458.0
2026-07-06T20:32:17Z,,,,,,4438.6
2026-07-06T20:32:17Z,51.557060,-0.072065,4.3,18,1,4421.0
2026-07-06T20:32:17Z,,,,,,4402.8
2026-07-06T20:32:17Z,,,,,,4378.9
2026-07-06T20:32:17Z,,,,,,4351.3
2026-07-06T20:32:18Z,,,,,,4326.1
2026-07-06T20:32:18Z,,,,,,4304.6
2026-07-06T20:32:18Z,,,,,,4284.9
2026-07-06T20:32:18Z,,,,,,4266.8
2026-07-06T20:32:18Z,,,,,,4252.4
2026-07-06T20:32:18Z,,,,,,4241.1
2026-07-06T20:32:18Z,51.557060,-0.072051,4.5,18,1,4230.5
2026-07-06T20:32:18Z,,,,,,4222.0
2026-07-06T20:32:18Z,,,,,,4214.7
2026-07-06T20:32:18Z,,,,,,4205.3
2026-07-06T20:32:19Z,,,,,,4195.7
2026-07-06T20:32:19Z,,,,,,4184.7
2026-07-06T20:32:19Z,,,,,,4172.7
2026-07-06T20:32:19Z,,,,,,4160.7
2026-07-06T20:32:19Z,,,,,,4148.5
2026-07-06T20:32:19Z,,,,,,4137.5
2026-07-06T20:32:19Z,51.557060,-0.072037,4.3,18,1,4124.1
2026-07-06T20:32:19Z,,,,,,4110.6
2026-07-06T20:32:19Z,,,,,,4098.4
2026-07-06T20:32:19Z,,,,,,4085.6
2026-07-06T20:32:20Z,,,,,,4073.6
2026-07-06T20:32:20Z,,,,,,4064.1
2026-07-06T20:32:20Z,,,,,,4060.9
2026-07-06T20:32:20Z,,,,,,4064.3
2026-07-06T20:32:20Z,,,,,,4076.4
2026-07-06T20:32:20Z,,,,,,4097.7
2026-07-06T20:32:20Z,51.557060,-0.072021,4.5,18,1,4124.9
2026-07-06T20:32:20Z,,,,,,4155.0
2026-07-06T20:32:20Z,,,,,,4188.0
2026-07-06T20:32:20Z,,,,,,4223.0
2026-07-06T20:32:21Z,,,,,,4254.9
2026-07-06T20:32:21Z,,,,,,4283.9
2026-07-06T20:32:21Z,,,,,,4309.5
2026-07-06T20:32:21Z,,,,,,4326.7
2026-07-06T20:32:21Z,,,,,,4337.1
2026-07-06T20:32:21Z,,,,,,4345.2
2026-07-06T20:32:21Z,51.557064,-0.072006,4.6,18,1,4351.8
2026-07-06T20:32:21Z,,,,,,4357.0
2026-07-06T20:32:21Z,,,,,,4359.9
2026-07-06T20:32:21Z,,,,,,4359.3
2026-07-06T20:32:22Z,,,,,,4351.0
2026-07-06T20:32:22Z,,,,,,4337.8
2026-07-06T20:32:22Z,,,,,,4325.4
2026-07-06T20:32:22Z,,,,,,4312.5
2026-07-06T20:32:22Z,,,,,,4297.8
2026-07-06T20:32:22Z,,,,,,4281.5
2026-07-06T20:32:22Z,51.557064,-0.071991,4.6,18,1,4263.1
2026-07-06T20:32:22Z,,,,,,4242.9
2026-07-06T20:32:22Z,,,,,,4224.5
2026-07-06T20:32:22Z,,,,,,4208.7
2026-07-06T20:32:23Z,,,,,,4193.1
2026-07-06T20:32:23Z,,,,,,4176.7
2026-07-06T20:32:23Z,,,,,,4159.4
2026-07-06T20:32:23Z,,,,,,4141.4
2026-07-06T20:32:23Z,,,,,,4123.5
2026-07-06T20:32:23Z,,,,,,4107.4
2026-07-06T20:32:23Z,51.557068,-0.071978,4.6,18,1,4093.9
2026-07-06T20:32:23Z,,,,,,4078.9
2026-07-06T20:32:23Z,,,,,,4062.9
2026-07-06T20:32:23Z,,,,,,4050.0
2026-07-06T20:32:23Z,,,,,,4037.5
2026-07-06T20:32:24Z,,,,,,4023.4
2026-07-06T20:32:24Z,,,,,,4012.0
2026-07-06T20:32:24Z,,,,,,4002.3
2026-07-06T20:32:24Z,,,,,,3992.8
2026-07-06T20:32:24Z,,,,,,3983.0
2026-07-06T20:32:24Z,51.557064,-0.071966,4.5,18,1,3974.0
2026-07-06T20:32:24Z,,,,,,3964.9
2026-07-06T20:32:24Z,,,,,,3955.6
2026-07-06T20:32:24Z,,,,,,3948.4
2026-07-06T20:32:24Z,,,,,,3941.3
2026-07-06T20:32:25Z,,,,,,3934.6
2026-07-06T20:32:25Z,,,,,,3928.8
2026-07-06T20:32:25Z,,,,,,3924.2
2026-07-06T20:32:25Z,,,,,,3919.6
2026-07-06T20:32:25Z,,,,,,3917.0
2026-07-06T20:32:25Z,51.557064,-0.071956,4.2,18,1,3919.3
2026-07-06T20:32:25Z,,,,,,3921.9
2026-07-06T20:32:25Z,,,,,,3926.4
2026-07-06T20:32:25Z,,,,,,3934.3
2026-07-06T20:32:26Z,,,,,,3942.3
2026-07-06T20:32:26Z,,,,,,3950.3
2026-07-06T20:32:26Z,,,,,,3957.7
2026-07-06T20:32:26Z,,,,,,3964.7
2026-07-06T20:32:26Z,,,,,,3970.0
2026-07-06T20:32:26Z,,,,,,3973.3
2026-07-06T20:32:26Z,51.557064,-0.071951,4.4,18,1,3975.8
2026-07-06T20:32:26Z,,,,,,3976.2
2026-07-06T20:32:26Z,,,,,,3974.0
2026-07-06T20:32:26Z,,,,,,3971.1
2026-07-06T20:32:27Z,,,,,,3967.4
2026-07-06T20:32:27Z,,,,,,3962.6
2026-07-06T20:32:27Z,,,,,,3957.0
2026-07-06T20:32:27Z,,,,,,3951.4
2026-07-06T20:32:27Z,,,,,,3944.1
2026-07-06T20:32:27Z,,,,,,3935.9
2026-07-06T20:32:27Z,51.557068,-0.071947,4.5,18,1,3928.5
2026-07-06T20:32:27Z,,,,,,3920.7
2026-07-06T20:32:27Z,,,,,,3912.4
2026-07-06T20:32:27Z,,,,,,3905.0
2026-07-06T20:32:28Z,,,,,,3899.2
2026-07-06T20:32:28Z,,,,,,3891.0
2026-07-06T20:32:28Z,,,,,,3883.2
2026-07-06T20:32:28Z,,,,,,3878.6
2026-07-06T20:32:28Z,,,,,,3873.3
2026-07-06T20:32:28Z,,,,,,3867.6
2026-07-06T20:32:28Z,51.557072,-0.071942,4.6,18,1,3863.8
2026-07-06T20:32:28Z,,,,,,3859.9
2026-07-06T20:32:28Z,,,,,,3855.2
2026-07-06T20:32:28Z,,,,,,3852.3
2026-07-06T20:32:29Z,,,,,,3850.9
2026-07-06T20:32:29Z,,,,,,3849.0
2026-07-06T20:32:29Z,,,,,,3846.7
2026-07-06T20:32:29Z,,,,,,3844.4
2026-07-06T20:32:29Z,,,,,,3840.2
2026-07-06T20:32:29Z,,,,,,3835.2
2026-07-06T20:32:29Z,51.557072,-0.071929,4.6,18,1,3831.9
2026-07-06T20:32:29Z,,,,,,3828.6
2026-07-06T20:32:29Z,,,,,,3825.2
2026-07-06T20:32:29Z,,,,,,3821.9
2026-07-06T20:32:30Z,,,,,,3818.1
2026-07-06T20:32:30Z,,,,,,3814.5
2026-07-06T20:32:30Z,,,,,,3811.9
2026-07-06T20:32:30Z,,,,,,3812.3
2026-07-06T20:32:30Z,,,,,,3813.1
2026-07-06T20:32:30Z,,,,,,3812.4
2026-07-06T20:32:30Z,51.557072,-0.071916,4.4,18,1,3812.4
2026-07-06T20:32:30Z,,,,,,3811.6
2026-07-06T20:32:30Z,,,,,,3809.1
2026-07-06T20:32:30Z,,,,,,3808.3
2026-07-06T20:32:31Z,,,,,,3808.5
2026-07-06T20:32:31Z,,,,,,3806.8
2026-07-06T20:32:31Z,,,,,,3805.1
2026-07-06T20:32:31Z,,,,,,3804.5
2026-07-06T20:32:31Z,,,,,,3802.2
2026-07-06T20:32:31Z,,,,,,3797.5
2026-07-06T20:32:31Z,51.557072,-0.071902,4.5,18,1,3794.3
2026-07-06T20:32:31Z,,,,,,3792.3
2026-07-06T20:32:31Z,,,,,,3788.6
2026-07-06T20:32:31Z,,,,,,3784.9
2026-07-06T20:32:32Z,,,,,,3782.3
2026-07-06T20:32:32Z,,,,,,3777.8
2026-07-06T20:32:32Z,,,,,,3773.0
2026-07-06T20:32:32Z,,,,,,3770.0
2026-07-06T20:32:32Z,,,,,,3767.4
2026-07-06T20:32:32Z,,,,,,3764.4
2026-07-06T20:32:32Z,51.557072,-0.071889,4.0,18,1,3761.6
2026-07-06T20:32:32Z,,,,,,3758.1
2026-07-06T20:32:32Z,,,,,,3753.4
2026-07-06T20:32:32Z,,,,,,3750.1
2026-07-06T20:32:32Z,,,,,,3748.7
2026-07-06T20:32:33Z,,,,,,3746.3
2026-07-06T20:32:33Z,,,,,,3742.9
2026-07-06T20:32:33Z,,,,,,3740.9
2026-07-06T20:32:33Z,,,,,,3738.5
2026-07-06T20:32:33Z,,,,,,3734.0
2026-07-06T20:32:33Z,51.557076,-0.071875,3.6,18,1,3730.5
2026-07-06T20:32:33Z,,,,,,3728.2
2026-07-06T20:32:33Z,,,,,,3725.7
2026-07-06T20:32:33Z,,,,,,3723.2
2026-07-06T20:32:33Z,,,,,,3721.5
2026-07-06T20:32:34Z,,,,,,3720.7
2026-07-06T20:32:34Z,,,,,,3720.5
2026-07-06T20:32:34Z,,,,,,3721.8
2026-07-06T20:32:34Z,,,,,,3725.2
2026-07-06T20:32:34Z,,,,,,3729.3
2026-07-06T20:32:34Z,51.557079,-0.071858,3.3,18,1,3733.0
2026-07-06T20:32:34Z,,,,,,3737.2
2026-07-06T20:32:34Z,,,,,,3741.5
2026-07-06T20:32:34Z,,,,,,3744.4
2026-07-06T20:32:34Z,,,,,,3747.3
2026-07-06T20:32:35Z,,,,,,3752.0
2026-07-06T20:32:35Z,,,,,,3755.5
2026-07-06T20:32:35Z,,,,,,3759.5
2026-07-06T20:32:35Z,,,,,,3766.6
2026-07-06T20:32:35Z,,,,,,3774.0
2026-07-06T20:32:35Z,51.557083,-0.071842,3.3,18,1,3781.0
2026-07-06T20:32:35Z,,,,,,3789.8
2026-07-06T20:32:35Z,,,,,,3799.1
2026-07-06T20:32:35Z,,,,,,3806.4
2026-07-06T20:32:35Z,,,,,,3812.8
2026-07-06T20:32:36Z,,,,,,3818.7
2026-07-06T20:32:36Z,,,,,,3821.3
2026-07-06T20:32:36Z,,,,,,3822.5
2026-07-06T20:32:36Z,,,,,,3824.5
2026-07-06T20:32:36Z,,,,,,3825.2
2026-07-06T20:32:36Z,51.557087,-0.071823,3.3,18,1,3824.6
2026-07-06T20:32:36Z,,,,,,3823.2
2026-07-06T20:32:36Z,,,,,,3821.4
2026-07-06T20:32:36Z,,,,,,3817.8
2026-07-06T20:32:36Z,,,,,,3813.8
2026-07-06T20:32:37Z,,,,,,3810.3
2026-07-06T20:32:37Z,,,,,,3805.2
2026-07-06T20:32:37Z,,,,,,3800.3
2026-07-06T20:32:37Z,,,,,,3796.5
2026-07-06T20:32:37Z,,,,,,3793.7
2026-07-06T20:32:37Z,51.557087,-0.071804,3.3,18,1,3791.4
2026-07-06T20:32:37Z,,,,,,3789.6
2026-07-06T20:32:37Z,,,,,,3789.7
2026-07-06T20:32:37Z,,,,,,3791.9
2026-07-06T20:32:37Z,,,,,,3794.4
2026-07-06T20:32:38Z,,,,,,3796.6
2026-07-06T20:32:38Z,,,,,,3798.7
2026-07-06T20:32:38Z,,,,,,3800.2
2026-07-06T20:32:38Z,,,,,,3802.5
2026-07-06T20:32:38Z,,,,,,3805.2
2026-07-06T20:32:38Z,51.557087,-0.071783,3.2,18,1,3806.1
2026-07-06T20:32:38Z,,,,,,3806.3
2026-07-06T20:32:38Z,,,,,,3808.2
2026-07-06T20:32:38Z,,,,,,3808.1
2026-07-06T20:32:39Z,,,,,,3806.0
2026-07-06T20:32:39Z,,,,,,3805.4
2026-07-06T20:32:39Z,,,,,,3804.7
2026-07-06T20:32:39Z,,,,,,3803.4
2026-07-06T20:32:39Z,,,,,,3800.9
2026-07-06T20:32:39Z,,,,,,3797.4
2026-07-06T20:32:39Z,51.557087,-0.071765,3.2,18,1,3792.3
2026-07-06T20:32:39Z,,,,,,3787.5
2026-07-06T20:32:39Z,,,,,,3783.7
2026-07-06T20:32:39Z,,,,,,3779.4
2026-07-06T20:32:40Z,,,,,,3776.0
2026-07-06T20:32:40Z,,,,,,3774.1
2026-07-06T20:32:40Z,,,,,,3771.5
2026-07-06T20:32:40Z,,,,,,3766.1
2026-07-06T20:32:40Z,,,,,,3761.1
2026-07-06T20:32:40Z,,,,,,3758.6
2026-07-06T20:32:40Z,51.557087,-0.071747,3.5,18,1,3756.3
2026-07-06T20:32:40Z,,,,,,3753.0
2026-07-06T20:32:40Z,,,,,,3750.0
2026-07-06T20:32:40Z,,,,,,3747.6
2026-07-06T20:32:41Z,,,,,,3744.6
2026-07-06T20:32:41Z,,,,,,3741.6
2026-07-06T20:32:41Z,,,,,,3739.7
2026-07-06T20:32:41Z,,,,,,3738.9
2026-07-06T20:32:41Z,,,,,,3737.8
2026-07-06T20:32:41Z,,,,,,3736.5
2026-07-06T20:32:41Z,51.557087,-0.071735,3.2,18,1,3736.9
2026-07-06T20:32:41Z,,,,,,3736.3
2026-07-06T20:32:41Z,,,,,,3735.4
2026-07-06T20:32:41Z,,,,,,3735.0
2026-07-06T20:32:42Z,,,,,,3733.7
2026-07-06T20:32:42Z,,,,,,3732.1
2026-07-06T20:32:42Z,,,,,,3731.1
2026-07-06T20:32:42Z,,,,,,3731.0
2026-07-06T20:32:42Z,,,,,,3729.6
2026-07-06T20:32:42Z,,,,,,3728.8
2026-07-06T20:32:42Z,51.557087,-0.071723,3.0,18,1,3729.8
2026-07-06T20:32:42Z,,,,,,3731.3
2026-07-06T20:32:42Z,,,,,,3733.8
2026-07-06T20:32:42Z,,,,,,3739.4
2026-07-06T20:32:43Z,,,,,,3745.8
2026-07-06T20:32:43Z,,,,,,3748.4
2026-07-06T20:32:43Z,,,,,,3752.3
2026-07-06T20:32:43Z,,,,,,3760.5
2026-07-06T20:32:43Z,,,,,,3767.8
2026-07-06T20:32:43Z,,,,,,3770.2
2026-07-06T20:32:43Z,51.557087,-0.071705,3.1,18,1,3772.1
2026-07-06T20:32:43Z,,,,,,3770.2
2026-07-06T20:32:43Z,,,,,,3763.3
2026-07-06T20:32:43Z,,,,,,3762.1
2026-07-06T20:32:44Z,,,,,,3765.3
2026-07-06T20:32:44Z,,,,,,3767.1
2026-07-06T20:32:44Z,,,,,,3767.1
2026-07-06T20:32:44Z,,,,,,3766.9
2026-07-06T20:32:44Z,,,,,,3765.8
2026-07-06T20:32:44Z,,,,,,3764.6
2026-07-06T20:32:44Z,51.557087,-0.071688,3.4,18,1,3762.9
2026-07-06T20:32:44Z,,,,,,3759.9
2026-07-06T20:32:44Z,,,,,,3761.5
2026-07-06T20:32:44Z,,,,,,3765.4
2026-07-06T20:32:44Z,,,,,,3771.0
2026-07-06T20:32:45Z,,,,,,3776.7
2026-07-06T20:32:45Z,,,,,,3783.5
2026-07-06T20:32:45Z,,,,,,3791.8
2026-07-06T20:32:45Z,,,,,,3797.1
2026-07-06T20:32:45Z,,,,,,3809.7
2026-07-06T20:32:45Z,51.557087,-0.071671,3.3,18,1,3828.6
2026-07-06T20:32:45Z,,,,,,3843.8
2026-07-06T20:32:45Z,,,,,,3855.0
2026-07-06T20:32:45Z,,,,,,3867.4
2026-07-06T20:32:45Z,,,,,,3881.6
2026-07-06T20:32:46Z,,,,,,3892.8
2026-07-06T20:32:46Z,,,,,,3899.8
2026-07-06T20:32:46Z,,,,,,3903.9
2026-07-06T20:32:46Z,,,,,,3907.6
2026-07-06T20:32:46Z,,,,,,3908.5
2026-07-06T20:32:46Z,51.557083,-0.071653,2.8,18,1,3908.4
2026-07-06T20:32:46Z,,,,,,3908.7
2026-07-06T20:32:46Z,,,,,,3906.9
2026-07-06T20:32:46Z,,,,,,3906.2
2026-07-06T20:32:47Z,,,,,,3910.5
2026-07-06T20:32:47Z,,,,,,3922.3
2026-07-06T20:32:47Z,,,,,,3937.2
2026-07-06T20:32:47Z,,,,,,3949.4
2026-07-06T20:32:47Z,,,,,,3960.9
2026-07-06T20:32:47Z,,,,,,3973.4
2026-07-06T20:32:47Z,51.557083,-0.071632,2.6,18,1,3992.0
2026-07-06T20:32:47Z,,,,,,4019.0
2026-07-06T20:32:47Z,,,,,,4041.5
2026-07-06T20:32:47Z,,,,,,4057.9
2026-07-06T20:32:48Z,,,,,,4076.9
2026-07-06T20:32:48Z,,,,,,4096.2
2026-07-06T20:32:48Z,,,,,,4115.1
2026-07-06T20:32:48Z,,,,,,4133.9
2026-07-06T20:32:48Z,,,,,,4149.4
2026-07-06T20:32:48Z,,,,,,4161.4
2026-07-06T20:32:48Z,51.557083,-0.071608,2.8,18,1,4171.7
2026-07-06T20:32:48Z,,,,,,4182.5
2026-07-06T20:32:48Z,,,,,,4193.1
2026-07-06T20:32:48Z,,,,,,4200.2
2026-07-06T20:32:49Z,,,,,,4202.9
2026-07-06T20:32:49Z,,,,,,4202.3
2026-07-06T20:32:49Z,,,,,,4197.1
2026-07-06T20:32:49Z,,,,,,4188.9
2026-07-06T20:32:49Z,,,,,,4180.8
2026-07-06T20:32:49Z,,,,,,4172.6
2026-07-06T20:32:49Z,51.557083,-0.071586,2.7,18,1,4162.9
2026-07-06T20:32:49Z,,,,,,4152.2
2026-07-06T20:32:49Z,,,,,,4140.2
2026-07-06T20:32:49Z,,,,,,4124.5
2026-07-06T20:32:50Z,,,,,,4109.7
2026-07-06T20:32:50Z,,,,,,4097.0
2026-07-06T20:32:50Z,,,,,,4083.8
2026-07-06T20:32:50Z,,,,,,4071.0
2026-07-06T20:32:50Z,,,,,,4059.5
2026-07-06T20:32:50Z,,,,,,4049.1
2026-07-06T20:32:50Z,51.557083,-0.071566,2.6,18,1,4039.4
2026-07-06T20:32:50Z,,,,,,4030.7
2026-07-06T20:32:50Z,,,,,,4023.7
2026-07-06T20:32:50Z,,,,,,4017.7
2026-07-06T20:32:51Z,,,,,,4012.2
2026-07-06T20:32:51Z,,,,,,4006.2
2026-07-06T20:32:51Z,,,,,,4000.1
2026-07-06T20:32:51Z,,,,,,3993.4
2026-07-06T20:32:51Z,,,,,,3985.8
2026-07-06T20:32:51Z,,,,,,3978.9
2026-07-06T20:32:51Z,51.557083,-0.071546,2.8,18,1,3972.3
2026-07-06T20:32:51Z,,,,,,3966.0
2026-07-06T20:32:51Z,,,,,,3959.6
2026-07-06T20:32:51Z,,,,,,3953.1
2026-07-06T20:32:52Z,,,,,,3946.4
2026-07-06T20:32:52Z,,,,,,3940.7
2026-07-06T20:32:52Z,,,,,,3936.1
2026-07-06T20:32:52Z,,,,,,3931.8
2026-07-06T20:32:52Z,,,,,,3927.9
2026-07-06T20:32:52Z,,,,,,3925.5
2026-07-06T20:32:52Z,51.557087,-0.071528,3.1,18,1,3925.1
2026-07-06T20:32:52Z,,,,,,3922.6
2026-07-06T20:32:52Z,,,,,,3919.3
2026-07-06T20:32:52Z,,,,,,3917.4
2026-07-06T20:32:53Z,,,,,,3914.6
2026-07-06T20:32:53Z,,,,,,3911.3
2026-07-06T20:32:53Z,,,,,,3908.1
2026-07-06T20:32:53Z,,,,,,3902.6
2026-07-06T20:32:53Z,,,,,,3895.7
2026-07-06T20:32:53Z,,,,,,3890.8
2026-07-06T20:32:53Z,51.557083,-0.071508,3.4,18,1,3885.9
2026-07-06T20:32:53Z,,,,,,3881.6
2026-07-06T20:32:53Z,,,,,,3879.2
2026-07-06T20:32:53Z,,,,,,3876.7
2026-07-06T20:32:54Z,,,,,,3876.3
2026-07-06T20:32:54Z,,,,,,3880.1
2026-07-06T20:32:54Z,,,,,,3889.5
2026-07-06T20:32:54Z,,,,,,3902.9
2026-07-06T20:32:54Z,,,,,,3920.2
2026-07-06T20:32:54Z,,,,,,3941.0
2026-07-06T20:32:54Z,51.557083,-0.071487,3.7,18,1,3962.7
2026-07-06T20:32:54Z,,,,,,3984.3
2026-07-06T20:32:54Z,,,,,,3999.3
2026-07-06T20:32:54Z,,,,,,4012.0
2026-07-06T20:32:55Z,,,,,,4024.0
2026-07-06T20:32:55Z,,,,,,4033.1
2026-07-06T20:32:55Z,,,,,,4039.7
2026-07-06T20:32:55Z,,,,,,4045.3
2026-07-06T20:32:55Z,,,,,,4049.6
2026-07-06T20:32:55Z,,,,,,4050.3
2026-07-06T20:32:55Z,51.557083,-0.071466,4.3,18,1,4051.3
2026-07-06T20:32:55Z,,,,,,4054.0
2026-07-06T20:32:55Z,,,,,,4055.3
2026-07-06T20:32:55Z,,,,,,4056.4
2026-07-06T20:32:56Z,,,,,,4059.9
2026-07-06T20:32:56Z,,,,,,4063.6
2026-07-06T20:32:56Z,,,,,,4062.6
2026-07-06T20:32:56Z,,,,,,4059.0
2026-07-06T20:32:56Z,,,,,,4055.3
2026-07-06T20:32:56Z,,,,,,4050.3
2026-07-06T20:32:56Z,51.557087,-0.071446,4.8,18,1,4044.0
2026-07-06T20:32:56Z,,,,,,4036.1
2026-07-06T20:32:56Z,,,,,,4026.6
2026-07-06T20:32:56Z,,,,,,4016.2
2026-07-06T20:32:56Z,,,,,,4006.6
2026-07-06T20:32:57Z,,,,,,3998.6
2026-07-06T20:32:57Z,,,,,,3992.8
2026-07-06T20:32:57Z,,,,,,3988.8
2026-07-06T20:32:57Z,,,,,,3988.2
2026-07-06T20:32:57Z,,,,,,3991.7
2026-07-06T20:32:57Z,51.557087,-0.071427,5.3,18,1,3995.7
2026-07-06T20:32:57Z,,,,,,4002.1
2026-07-06T20:32:57Z,,,,,,4012.9
2026-07-06T20:32:57Z,,,,,,4024.2
2026-07-06T20:32:58Z,,,,,,4035.0
2026-07-06T20:32:58Z,,,,,,4045.5
2026-07-06T20:32:58Z,,,,,,4054.1
2026-07-06T20:32:58Z,,,,,,4059.4
2026-07-06T20:32:58Z,,,,,,4063.1
2026-07-06T20:32:58Z,,,,,,4066.3
2026-07-06T20:32:58Z,51.557083,-0.071409,5.8,18,1,4067.0
2026-07-06T20:32:58Z,,,,,,4066.1
2026-07-06T20:32:58Z,,,,,,4065.4
2026-07-06T20:32:58Z,,,,,,4063.8
2026-07-06T20:32:59Z,,,,,,4060.1
2026-07-06T20:32:59Z,,,,,,4057.3
2026-07-06T20:32:59Z,,,,,,4058.4
2026-07-06T20:32:59Z,,,,,,4061.2
2026-07-06T20:32:59Z,,,,,,4064.3
2026-07-06T20:32:59Z,,,,,,4068.0
2026-07-06T20:32:59Z,51.557083,-0.071388,6.2,18,1,4070.3
2026-07-06T20:32:59Z,,,,,,4069.2
2026-07-06T20:32:59Z,,,,,,4068.1
2026-07-06T20:32:59Z,,,,,,4067.7
2026-07-06T20:33:00Z,,,,,,4064.7
2026-07-06T20:33:00Z,,,,,,4061.1
2026-07-06T20:33:00Z,,,,,,4057.2
2026-07-06T20:33:00Z,,,,,,4051.0
2026-07-06T20:33:00Z,,,,,,4041.4
2026-07-06T20:33:00Z,,,,,,4031.9
2026-07-06T20:33:00Z,51.557083,-0.071368,6.7,18,1,4023.9
2026-07-06T20:33:00Z,,,,,,4014.1
2026-07-06T20:33:00Z,,,,,,4004.3
2026-07-06T20:33:00Z,,,,,,3995.3
2026-07-06T20:33:01Z,,,,,,3985.4
2026-07-06T20:33:01Z,,,,,,3975.9
2026-07-06T20:33:01Z,,,,,,3968.1
2026-07-06T20:33:01Z,,,,,,3961.3
2026-07-06T20:33:01Z,,,,,,3955.1
2026-07-06T20:33:01Z,,,,,,3949.8
2026-07-06T20:33:01Z,51.557083,-0.071347,7.1,18,1,3944.7
2026-07-06T20:33:01Z,,,,,,3939.4
2026-07-06T20:33:01Z,,,,,,3934.1
2026-07-06T20:33:01Z,,,,,,3929.7
2026-07-06T20:33:02Z,,,,,,3926.6
2026-07-06T20:33:02Z,,,,,,3922.4
2026-07-06T20:33:02Z,,,,,,3917.9
2026-07-06T20:33:02Z,,,,,,3915.4
2026-07-06T20:33:02Z,,,,,,3912.7
2026-07-06T20:33:02Z,,,,,,3907.6
2026-07-06T20:33:02Z,51.557083,-0.071327,7.6,18,1,3904.8
2026-07-06T20:33:02Z,,,,,,3905.0
2026-07-06T20:33:02Z,,,,,,3905.3
2026-07-06T20:33:02Z,,,,,,3908.7
2026-07-06T20:33:03Z,,,,,,3914.9
2026-07-06T20:33:03Z,,,,,,3921.3
2026-07-06T20:33:03Z,,,,,,3930.3
2026-07-06T20:33:03Z,,,,,,3941.0
2026-07-06T20:33:03Z,,,,,,3951.2
2026-07-06T20:33:03Z,,,,,,3960.1
2026-07-06T20:33:03Z,51.557083,-0.071308,8.2,18,1,3968.7
2026-07-06T20:33:03Z,,,,,,3975.9
2026-07-06T20:33:03Z,,,,,,3978.2
2026-07-06T20:33:03Z,,,,,,3979.1
2026-07-06T20:33:04Z,,,,,,3980.0
2026-07-06T20:33:04Z,,,,,,3980.0
2026-07-06T20:33:04Z,,,,,,3979.7
2026-07-06T20:33:04Z,,,,,,3978.5
2026-07-06T20:33:04Z,,,,,,3977.2
2026-07-06T20:33:04Z,,,,,,3974.3
2026-07-06T20:33:04Z,51.557087,-0.071287,8.9,18,1,3970.0
2026-07-06T20:33:04Z,,,,,,3967.4
2026-07-06T20:33:04Z,,,,,,3964.1
2026-07-06T20:33:04Z,,,,,,3958.0
2026-07-06T20:33:05Z,,,,,,3951.7
2026-07-06T20:33:05Z,,,,,,3945.8
2026-07-06T20:33:05Z,,,,,,3937.6
2026-07-06T20:33:05Z,,,,,,3929.7
2026-07-06T20:33:05Z,,,,,,3926.0
2026-07-06T20:33:05Z,,,,,,3924.2
2026-07-06T20:33:05Z,51.557091,-0.071268,9.5,18,1,3920.2
2026-07-06T20:33:05Z,,,,,,3913.3
2026-07-06T20:33:05Z,,,,,,3905.9
2026-07-06T20:33:05Z,,,,,,3899.3
2026-07-06T20:33:06Z,,,,,,3893.4
2026-07-06T20:33:06Z,,,,,,3888.2
2026-07-06T20:33:06Z,,,,,,3883.3
2026-07-06T20:33:06Z,,,,,,3878.6
2026-07-06T20:33:06Z,,,,,,3875.4
2026-07-06T20:33:06Z,,,,,,3874.9
2026-07-06T20:33:06Z,51.557091,-0.071251,10.1,18,1,3874.7
2026-07-06T20:33:06Z,,,,,,3875.8
2026-07-06T20:33:06Z,,,,,,3880.1
2026-07-06T20:33:06Z,,,,,,3884.8
2026-07-06T20:33:07Z,,,,,,3888.5
2026-07-06T20:33:07Z,,,,,,3893.0
2026-07-06T20:33:07Z,,,,,,3897.3
2026-07-06T20:33:07Z,,,,,,3898.1
2026-07-06T20:33:07Z,,,,,,3898.0
2026-07-06T20:33:07Z,,,,,,3899.5
2026-07-06T20:33:07Z,51.557095,-0.071234,10.6,18,1,3900.5
2026-07-06T20:33:07Z,,,,,,3902.0
2026-07-06T20:33:07Z,,,,,,3905.6
2026-07-06T20:33:07Z,,,,,,3911.7
2026-07-06T20:33:08Z,,,,,,3919.9
2026-07-06T20:33:08Z,,,,,,3933.1
2026-07-06T20:33:08Z,,,,,,3950.5
2026-07-06T20:33:08Z,,,,,,3968.1
2026-07-06T20:33:08Z,,,,,,3983.5
2026-07-06T20:33:08Z,,,,,,3995.7
2026-07-06T20:33:08Z,51.557098,-0.071216,11.0,18,1,4005.7
2026-07-06T20:33:08Z,,,,,,4010.2
2026-07-06T20:33:08Z,,,,,,4010.6
2026-07-06T20:33:08Z,,,,,,4010.6
2026-07-06T20:33:09Z,,,,,,4009.5
2026-07-06T20:33:09Z,,,,,,4005.7
2026-07-06T20:33:09Z,,,,,,4001.0
2026-07-06T20:33:09Z,,,,,,3996.5
2026-07-06T20:33:09Z,,,,,,3988.0
2026-07-06T20:33:09Z,,,,,,3979.2
2026-07-06T20:33:09Z,51.557095,-0.071197,11.5,18,1,3972.7
2026-07-06T20:33:09Z,,,,,,3963.5
2026-07-06T20:33:09Z,,,,,,3953.0
2026-07-06T20:33:09Z,,,,,,3943.6
2026-07-06T20:33:10Z,,,,,,3934.8
2026-07-06T20:33:10Z,,,,,,3925.1
2026-07-06T20:33:10Z,,,,,,3918.0
2026-07-06T20:33:10Z,,,,,,3915.1
2026-07-06T20:33:10Z,,,,,,3912.8
2026-07-06T20:33:10Z,,,,,,3910.5
2026-07-06T20:33:10Z,51.557095,-0.071178,12.0,18,1,3909.6
2026-07-06T20:33:10Z,,,,,,3909.4
2026-07-06T20:33:10Z,,,,,,3909.6
2026-07-06T20:33:10Z,,,,,,3914.4
2026-07-06T20:33:11Z,,,,,,3924.5
2026-07-06T20:33:11Z,,,,,,3940.3
2026-07-06T20:33:11Z,,,,,,3961.6
2026-07-06T20:33:11Z,,,,,,3987.4
2026-07-06T20:33:11Z,,,,,,4016.0
2026-07-06T20:33:11Z,,,,,,4044.4
2026-07-06T20:33:11Z,51.557095,-0.071159,12.3,19,1,4072.6
2026-07-06T20:33:11Z,,,,,,4098.4
2026-07-06T20:33:11Z,,,,,,4118.2
2026-07-06T20:33:11Z,,,,,,4132.6
2026-07-06T20:33:12Z,,,,,,4145.7
2026-07-06T20:33:12Z,,,,,,4158.5
2026-07-06T20:33:12Z,,,,,,4169.5
2026-07-06T20:33:12Z,,,,,,4181.0
2026-07-06T20:33:12Z,,,,,,4194.2
2026-07-06T20:33:12Z,,,,,,4206.0
2026-07-06T20:33:12Z,51.557098,-0.071143,12.7,19,1,4216.4
2026-07-06T20:33:12Z,,,,,,4226.8
2026-07-06T20:33:12Z,,,,,,4233.5
2026-07-06T20:33:12Z,,,,,,4233.3
2026-07-06T20:33:13Z,,,,,,4229.2
2026-07-06T20:33:13Z,,,,,,4223.4
2026-07-06T20:33:13Z,,,,,,4215.3
2026-07-06T20:33:13Z,,,,,,4204.6
2026-07-06T20:33:13Z,,,,,,4192.2
2026-07-06T20:33:13Z,,,,,,4178.4
2026-07-06T20:33:13Z,51.557102,-0.071128,12.8,19,1,4163.4
2026-07-06T20:33:13Z,,,,,,4145.9
2026-07-06T20:33:13Z,,,,,,4130.8
2026-07-06T20:33:13Z,,,,,,4116.5
2026-07-06T20:33:14Z,,,,,,4101.6
2026-07-06T20:33:14Z,,,,,,4086.1
2026-07-06T20:33:14Z,,,,,,4070.3
2026-07-06T20:33:14Z,,,,,,4054.4
2026-07-06T20:33:14Z,,,,,,4042.7
2026-07-06T20:33:14Z,,,,,,4034.1
2026-07-06T20:33:14Z,51.557102,-0.071111,13.1,19,1,4022.3
2026-07-06T20:33:14Z,,,,,,4010.4
2026-07-06T20:33:14Z,,,,,,4000.9
2026-07-06T20:33:14Z,,,,,,3990.0
2026-07-06T20:33:15Z,,,,,,3978.4
2026-07-06T20:33:15Z,,,,,,3969.1
2026-07-06T20:33:15Z,,,,,,3961.2
2026-07-06T20:33:15Z,,,,,,3955.1
2026-07-06T20:33:15Z,,,,,,3950.5
2026-07-06T20:33:15Z,,,,,,3943.7
2026-07-06T20:33:15Z,51.557102,-0.071096,13.5,19,1,3937.1
2026-07-06T20:33:15Z,,,,,,3933.3
2026-07-06T20:33:15Z,,,,,,3929.3
2026-07-06T20:33:15Z,,,,,,3923.9
2026-07-06T20:33:16Z,,,,,,3919.9
2026-07-06T20:33:16Z,,,,,,3917.2
2026-07-06T20:33:16Z,,,,,,3916.3
2026-07-06T20:33:16Z,,,,,,3920.0
2026-07-06T20:33:16Z,,,,,,3929.0
2026-07-06T20:33:16Z,,,,,,3943.2
2026-07-06T20:33:16Z,51.557106,-0.071081,14.0,19,1,3961.4
2026-07-06T20:33:16Z,,,,,,3979.6
2026-07-06T20:33:16Z,,,,,,4004.4
2026-07-06T20:33:16Z,,,,,,4032.3
2026-07-06T20:33:17Z,,,,,,4052.2
2026-07-06T20:33:17Z,,,,,,4072.8
2026-07-06T20:33:17Z,,,,,,4094.8
2026-07-06T20:33:17Z,,,,,,4110.2
2026-07-06T20:33:17Z,,,,,,4121.6
2026-07-06T20:33:17Z,,,,,,4142.5
2026-07-06T20:33:17Z,51.557106,-0.071066,14.4,19,1,4168.5
2026-07-06T20:33:17Z,,,,,,4186.1
2026-07-06T20:33:17Z,,,,,,4200.0
2026-07-06T20:33:17Z,,,,,,4215.8
2026-07-06T20:33:18Z,,,,,,4234.0
2026-07-06T20:33:18Z,,,,,,4252.4
2026-07-06T20:33:18Z,,,,,,4269.6
2026-07-06T20:33:18Z,,,,,,4283.5
2026-07-06T20:33:18Z,,,,,,4292.9
2026-07-06T20:33:18Z,,,,,,4300.1
2026-07-06T20:33:18Z,51.557110,-0.071048,14.9,19,1,4307.4
2026-07-06T20:33:18Z,,,,,,4313.6
2026-07-06T20:33:18Z,,,,,,4317.5
2026-07-06T20:33:18Z,,,,,,4318.5
2026-07-06T20:33:18Z,,,,,,4317.0
2026-07-06T20:33:19Z,,,,,,4312.9
2026-07-06T20:33:19Z,,,,,,4309.5
2026-07-06T20:33:19Z,,,,,,4309.1
2026-07-06T20:33:19Z,,,,,,4308.1
2026-07-06T20:33:19Z,,,,,,4304.5
2026-07-06T20:33:19Z,51.557114,-0.071030,15.2,19,1,4304.5
2026-07-06T20:33:19Z,,,,,,4307.4
2026-07-06T20:33:19Z,,,,,,4309.5
2026-07-06T20:33:19Z,,,,,,4312.7
2026-07-06T20:33:19Z,,,,,,4315.9
2026-07-06T20:33:20Z,,,,,,4317.5
2026-07-06T20:33:20Z,,,,,,4318.6
2026-07-06T20:33:20Z,,,,,,4319.1
2026-07-06T20:33:20Z,,,,,,4318.1
2026-07-06T20:33:20Z,,,,,,4314.5
2026-07-06T20:33:20Z,51.557117,-0.071015,15.6,19,1,4306.6
2026-07-06T20:33:20Z,,,,,,4296.4
2026-07-06T20:33:20Z,,,,,,4286.1
2026-07-06T20:33:20Z,,,,,,4275.6
2026-07-06T20:33:20Z,,,,,,4263.7
2026-07-06T20:33:21Z,,,,,,4249.0
2026-07-06T20:33:21Z,,,,,,4234.4
2026-07-06T20:33:21Z,,,,,,4221.6
2026-07-06T20:33:21Z,,,,,,4210.5
2026-07-06T20:33:21Z,,,,,,4200.5
2026-07-06T20:33:21Z,51.557117,-0.070999,16.1,19,1,4191.4
2026-07-06T20:33:21Z,,,,,,4181.6
2026-07-06T20:33:21Z,,,,,,4168.5
2026-07-06T20:33:21Z,,,,,,4154.3
2026-07-06T20:33:21Z,,,,,,4141.3
2026-07-06T20:33:22Z,,,,,,4129.9
2026-07-06T20:33:22Z,,,,,,4118.0
2026-07-06T20:33:22Z,,,,,,4106.8
2026-07-06T20:33:22Z,,,,,,4096.0
2026-07-06T20:33:22Z,,,,,,4084.8
2026-07-06T20:33:22Z,51.557121,-0.070983,16.3,19,1,4075.2
2026-07-06T20:33:22Z,,,,,,4066.4
2026-07-06T20:33:22Z,,,,,,4056.6
2026-07-06T20:33:22Z,,,,,,4047.2
2026-07-06T20:33:22Z,,,,,,4038.2
2026-07-06T20:33:23Z,,,,,,4027.6
2026-07-06T20:33:23Z,,,,,,4015.9
2026-07-06T20:33:23Z,,,,,,4005.8
2026-07-06T20:33:23Z,,,,,,3997.4
2026-07-06T20:33:23Z,,,,,,3989.8
2026-07-06T20:33:23Z,51.557121,-0.070967,16.4,19,1,3984.1
2026-07-06T20:33:23Z,,,,,,3977.7
2026-07-06T20:33:23Z,,,,,,3970.0
2026-07-06T20:33:23Z,,,,,,3962.6
2026-07-06T20:33:24Z,,,,,,3955.9
2026-07-06T20:33:24Z,,,,,,3951.0
2026-07-06T20:33:24Z,,,,,,3946.4
2026-07-06T20:33:24Z,,,,,,3940.3
2026-07-06T20:33:24Z,,,,,,3934.1
2026-07-06T20:33:24Z,,,,,,3928.7
2026-07-06T20:33:24Z,51.557121,-0.070950,16.6,19,1,3923.6
2026-07-06T20:33:24Z,,,,,,3919.7
2026-07-06T20:33:24Z,,,,,,3916.6
2026-07-06T20:33:24Z,,,,,,3912.9
2026-07-06T20:33:25Z,,,,,,3908.7
2026-07-06T20:33:25Z,,,,,,3904.2
2026-07-06T20:33:25Z,,,,,,3899.8
2026-07-06T20:33:25Z,,,,,,3896.5
2026-07-06T20:33:25Z,,,,,,3894.2
2026-07-06T20:33:25Z,,,,,,3890.9
2026-07-06T20:33:25Z,51.557121,-0.070934,16.5,19,1,3885.9
2026-07-06T20:33:25Z,,,,,,3880.8
2026-07-06T20:33:25Z,,,,,,3877.5
2026-07-06T20:33:25Z,,,,,,3875.0
2026-07-06T20:33:26Z,,,,,,3871.6
2026-07-06T20:33:26Z,,,,,,3867.8
2026-07-06T20:33:26Z,,,,,,3865.1
2026-07-06T20:33:26Z,,,,,,3861.8
2026-07-06T20:33:26Z,,,,,,3857.9
2026-07-06T20:33:26Z,,,,,,3854.7
2026-07-06T20:33:26Z,51.557121,-0.070920,16.6,19,1,3852.3
2026-07-06T20:33:26Z,,,,,,3847.8
2026-07-06T20:33:26Z,,,,,,3842.5
2026-07-06T20:33:26Z,,,,,,3838.6
2026-07-06T20:33:27Z,,,,,,3835.4
2026-07-06T20:33:27Z,,,,,,3832.0
2026-07-06T20:33:27Z,,,,,,3829.2
2026-07-06T20:33:27Z,,,,,,3825.1
2026-07-06T20:33:27Z,,,,,,3819.4
2026-07-06T20:33:27Z,,,,,,3815.5
2026-07-06T20:33:27Z,51.557121,-0.070904,16.8,19,1,3812.6
2026-07-06T20:33:27Z,,,,,,3809.8
2026-07-06T20:33:27Z,,,,,,3807.6
2026-07-06T20:33:27Z,,,,,,3804.5
2026-07-06T20:33:28Z,,,,,,3799.8
2026-07-06T20:33:28Z,,,,,,3793.6
2026-07-06T20:33:28Z,,,,,,3788.4
2026-07-06T20:33:28Z,,,,,,3785.6
2026-07-06T20:33:28Z,,,,,,3782.7
2026-07-06T20:33:28Z,,,,,,3779.4
2026-07-06T20:33:28Z,51.557121,-0.070888,16.9,19,1,3776.2
2026-07-06T20:33:28Z,,,,,,3773.2
2026-07-06T20:33:28Z,,,,,,3769.2
2026-07-06T20:33:28Z,,,,,,3766.7
2026-07-06T20:33:29Z,,,,,,3765.7
2026-07-06T20:33:29Z,,,,,,3764.1
2026-07-06T20:33:29Z,,,,,,3761.6
2026-07-06T20:33:29Z,,,,,,3759.4
2026-07-06T20:33:29Z,,,,,,3758.5
2026-07-06T20:33:29Z,,,,,,3756.1
2026-07-06T20:33:29Z,51.557125,-0.070873,17.0,19,1,3753.4
2026-07-06T20:33:29Z,,,,,,3751.4
2026-07-06T20:33:29Z,,,,,,3748.8
2026-07-06T20:33:29Z,,,,,,3746.4
2026-07-06T20:33:30Z,,,,,,3744.4
2026-07-06T20:33:30Z,,,,,,3742.3
2026-07-06T20:33:30Z,,,,,,3739.5
2026-07-06T20:33:30Z,,,,,,3735.7
2026-07-06T20:33:30Z,,,,,,3732.6
2026-07-06T20:33:30Z,,,,,,3729.9
2026-07-06T20:33:30Z,51.557125,-0.070856,17.1,19,1,3727.3
2026-07-06T20:33:30Z,,,,,,3725.0
2026-07-06T20:33:30Z,,,,,,3722.6
2026-07-06T20:33:30Z,,,,,,3718.7
2026-07-06T20:33:31Z,,,,,,3715.0
2026-07-06T20:33:31Z,,,,,,3712.3
2026-07-06T20:33:31Z,,,,,,3709.5
2026-07-06T20:33:31Z,,,,,,3707.4
2026-07-06T20:33:31Z,,,,,,3705.8
2026-07-06T20:33:31Z,,,,,,3703.7
2026-07-06T20:33:31Z,51.557125,-0.070841,17.2,19,1,3699.7
2026-07-06T20:33:31Z,,,,,,3695.7
2026-07-06T20:33:31Z,,,,,,3693.5
2026-07-06T20:33:31Z,,,,,,3691.3
2026-07-06T20:33:32Z,,,,,,3689.1
2026-07-06T20:33:32Z,,,,,,3687.2
2026-07-06T20:33:32Z,,,,,,3684.7
2026-07-06T20:33:32Z,,,,,,3681.1
2026-07-06T20:33:32Z,,,,,,3677.7
2026-07-06T20:33:32Z,,,,,,3675.5
2026-07-06T20:33:32Z,51.557125,-0.070826,17.2,19,1,3674.2
2026-07-06T20:33:32Z,,,,,,3671.8
2026-07-06T20:33:32Z,,,,,,3668.9
2026-07-06T20:33:32Z,,,,,,3666.7
2026-07-06T20:33:33Z,,,,,,3663.6
2026-07-06T20:33:33Z,,,,,,3660.3
2026-07-06T20:33:33Z,,,,,,3659.0
2026-07-06T20:33:33Z,,,,,,3657.1
2026-07-06T20:33:33Z,,,,,,3654.2
2026-07-06T20:33:33Z,,,,,,3652.5
2026-07-06T20:33:33Z,51.557125,-0.070811,17.3,19,1,3651.0
2026-07-06T20:33:33Z,,,,,,3648.5
2026-07-06T20:33:33Z,,,,,,3646.8
2026-07-06T20:33:33Z,,,,,,3646.1
2026-07-06T20:33:33Z,,,,,,3644.1
2026-07-06T20:33:34Z,,,,,,3641.5
2026-07-06T20:33:34Z,,,,,,3640.0
2026-07-06T20:33:34Z,,,,,,3638.6
2026-07-06T20:33:34Z,,,,,,3636.0
2026-07-06T20:33:34Z,,,,,,3634.2
2026-07-06T20:33:34Z,51.557129,-0.070797,17.2,19,1,3635.6
2026-07-06T20:33:34Z,,,,,,3638.5
2026-07-06T20:33:34Z,,,,,,3639.9
2026-07-06T20:33:34Z,,,,,,3641.0
2026-07-06T20:33:34Z,,,,,,3642.9
2026-07-06T20:33:35Z,,,,,,3644.3
2026-07-06T20:33:35Z,,,,,,3645.5
2026-07-06T20:33:35Z,,,,,,3647.3
2026-07-06T20:33:35Z,,,,,,3649.5
2026-07-06T20:33:35Z,,,,,,3651.3
2026-07-06T20:33:35Z,51.557129,-0.070782,17.4,19,1,3653.2
2026-07-06T20:33:35Z,,,,,,3654.3
2026-07-06T20:33:35Z,,,,,,3653.8
2026-07-06T20:33:35Z,,,,,,3653.1
2026-07-06T20:33:35Z,,,,,,3653.0
2026-07-06T20:33:36Z,,,,,,3652.9
2026-07-06T20:33:36Z,,,,,,3653.0
2026-07-06T20:33:36Z,,,,,,3653.8
2026-07-06T20:33:36Z,,,,,,3653.2
2026-07-06T20:33:36Z,,,,,,3650.2
2026-07-06T20:33:36Z,51.557129,-0.070766,17.3,19,1,3648.3
2026-07-06T20:33:36Z,,,,,,3647.5
2026-07-06T20:33:36Z,,,,,,3646.6
2026-07-06T20:33:36Z,,,,,,3645.9
2026-07-06T20:33:36Z,,,,,,3644.9
2026-07-06T20:33:37Z,,,,,,3642.8
2026-07-06T20:33:37Z,,,,,,3639.6
2026-07-06T20:33:37Z,,,,,,3637.3
2026-07-06T20:33:37Z,,,,,,3636.5
2026-07-06T20:33:37Z,,,,,,3636.1
2026-07-06T20:33:37Z,51.557129,-0.070750,17.4,19,1,3636.2
2026-07-06T20:33:37Z,,,,,,3637.3
2026-07-06T20:33:37Z,,,,,,3640.3
2026-07-06T20:33:37Z,,,,,,3644.7
2026-07-06T20:33:38Z,,,,,,3651.7
2026-07-06T20:33:38Z,,,,,,3661.2
2026-07-06T20:33:38Z,,,,,,3671.1
2026-07-06T20:33:38Z,,,,,,3681.4
2026-07-06T20:33:38Z,,,,,,3691.6
2026-07-06T20:33:38Z,,,,,,3700.1
2026-07-06T20:33:38Z,51.557129,-0.070733,17.5,19,1,3708.1
2026-07-06T20:33:38Z,,,,,,3716.1
2026-07-06T20:33:38Z,,,,,,3721.7
2026-07-06T20:33:38Z,,,,,,3725.5
2026-07-06T20:33:39Z,,,,,,3727.4
2026-07-06T20:33:39Z,,,,,,3729.0
2026-07-06T20:33:39Z,,,,,,3729.5
2026-07-06T20:33:39Z,,,,,,3728.1
2026-07-06T20:33:39Z,,,,,,3727.0
2026-07-06T20:33:39Z,,,,,,3725.1
2026-07-06T20:33:39Z,51.557129,-0.070717,17.4,19,1,3722.1
2026-07-06T20:33:39Z,,,,,,3719.9
2026-07-06T20:33:39Z,,,,,,3718.3
2026-07-06T20:33:39Z,,,,,,3715.7
2026-07-06T20:33:40Z,,,,,,3712.4
2026-07-06T20:33:40Z,,,,,,3710.1
2026-07-06T20:33:40Z,,,,,,3708.4
2026-07-06T20:33:40Z,,,,,,3706.8
2026-07-06T20:33:40Z,,,,,,3706.0
2026-07-06T20:33:40Z,,,,,,3705.6
2026-07-06T20:33:40Z,51.557129,-0.070698,17.3,19,1,3704.0
2026-07-06T20:33:40Z,,,,,,3702.3
2026-07-06T20:33:40Z,,,,,,3701.8
2026-07-06T20:33:40Z,,,,,,3701.9
2026-07-06T20:33:41Z,,,,,,3700.9
2026-07-06T20:33:41Z,,,,,,3698.8
2026-07-06T20:33:41Z,,,,,,3696.8
2026-07-06T20:33:41Z,,,,,,3693.4
2026-07-06T20:33:41Z,,,,,,3690.1
2026-07-06T20:33:41Z,,,,,,3688.8
2026-07-06T20:33:41Z,51.557129,-0.070682,17.1,19,1,3686.3
2026-07-06T20:33:41Z,,,,,,3681.9
2026-07-06T20:33:41Z,,,,,,3677.7
2026-07-06T20:33:41Z,,,,,,3674.0
2026-07-06T20:33:42Z,,,,,,3669.5
2026-07-06T20:33:42Z,,,,,,3666.6
2026-07-06T20:33:42Z,,,,,,3664.5
2026-07-06T20:33:42Z,,,,,,3660.2
2026-07-06T20:33:42Z,,,,,,3656.2
2026-07-06T20:33:42Z,,,,,,3653.7
2026-07-06T20:33:42Z,51.557129,-0.070666,17.2,19,1,3651.1
2026-07-06T20:33:42Z,,,,,,3647.3
2026-07-06T20:33:42Z,,,,,,3643.5
2026-07-06T20:33:42Z,,,,,,3640.7
2026-07-06T20:33:43Z,,,,,,3638.1
2026-07-06T20:33:43Z,,,,,,3635.0
2026-07-06T20:33:43Z,,,,,,3632.4
2026-07-06T20:33:43Z,,,,,,3630.0
2026-07-06T20:33:43Z,,,,,,3626.8
2026-07-06T20:33:43Z,,,,,,3624.6
2026-07-06T20:33:43Z,51.557129,-0.070650,16.9,19,1,3624.1
2026-07-06T20:33:43Z,,,,,,3624.3
2026-07-06T20:33:43Z,,,,,,3627.3
2026-07-06T20:33:43Z,,,,,,3634.9
2026-07-06T20:33:44Z,,,,,,3645.5
2026-07-06T20:33:44Z,,,,,,3662.8
2026-07-06T20:33:44Z,,,,,,3689.4
2026-07-06T20:33:44Z,,,,,,3721.0
2026-07-06T20:33:44Z,,,,,,3755.0
2026-07-06T20:33:44Z,,,,,,3789.5
2026-07-06T20:33:44Z,51.557129,-0.070634,17.0,19,1,3823.2
2026-07-06T20:33:44Z,,,,,,3852.6
2026-07-06T20:33:44Z,,,,,,3878.7
2026-07-06T20:33:44Z,,,,,,3904.3
2026-07-06T20:33:44Z,,,,,,3925.6
2026-07-06T20:33:45Z,,,,,,3943.8
2026-07-06T20:33:45Z,,,,,,3960.3
2026-07-06T20:33:45Z,,,,,,3972.1
2026-07-06T20:33:45Z,,,,,,3980.4
2026-07-06T20:33:45Z,,,,,,3986.5
2026-07-06T20:33:45Z,51.557129,-0.070619,17.1,20,1,3989.7
2026-07-06T20:33:45Z,,,,,,3990.2
2026-07-06T20:33:45Z,,,,,,3990.3
2026-07-06T20:33:45Z,,,,,,3989.9
2026-07-06T20:33:45Z,,,,,,3987.0
2026-07-06T20:33:46Z,,,,,,3986.2
2026-07-06T20:33:46Z,,,,,,3990.3
2026-07-06T20:33:46Z,,,,,,3998.7
2026-07-06T20:33:46Z,,,,,,4010.4
2026-07-06T20:33:46Z,,,,,,4026.0
2026-07-06T20:33:46Z,51.557133,-0.070603,17.1,20,1,4046.6
2026-07-06T20:33:46Z,,,,,,4067.2
2026-07-06T20:33:46Z,,,,,,4087.1
2026-07-06T20:33:46Z,,,,,,4105.5
2026-07-06T20:33:46Z,,,,,,4118.8
2026-07-06T20:33:47Z,,,,,,4130.7
2026-07-06T20:33:47Z,,,,,,4143.9
2026-07-06T20:33:47Z,,,,,,4153.4
2026-07-06T20:33:47Z,,,,,,4155.6
2026-07-06T20:33:47Z,,,,,,4154.5
2026-07-06T20:33:47Z,51.557133,-0.070588,17.1,20,1,4151.2
2026-07-06T20:33:47Z,,,,,,4145.9
2026-07-06T20:33:47Z,,,,,,4139.5
2026-07-06T20:33:47Z,,,,,,4130.2
2026-07-06T20:33:47Z,,,,,,4118.6
2026-07-06T20:33:48Z,,,,,,4104.6
2026-07-06T20:33:48Z,,,,,,4090.6
2026-07-06T20:33:48Z,,,,,,4080.5
2026-07-06T20:33:48Z,,,,,,4075.8
2026-07-06T20:33:48Z,,,,,,4078.2
2026-07-06T20:33:48Z,51.557137,-0.070574,17.1,20,1,4088.6
2026-07-06T20:33:48Z,,,,,,4102.7
2026-07-06T20:33:48Z,,,,,,4122.9
2026-07-06T20:33:48Z,,,,,,4147.0
2026-07-06T20:33:49Z,,,,,,4167.3
2026-07-06T20:33:49Z,,,,,,4185.2
2026-07-06T20:33:49Z,,,,,,4200.4
2026-07-06T20:33:49Z,,,,,,4211.3
2026-07-06T20:33:49Z,,,,,,4216.7
2026-07-06T20:33:49Z,,,,,,4220.3
2026-07-06T20:33:49Z,51.557137,-0.070558,17.1,20,1,4223.4
2026-07-06T20:33:49Z,,,,,,4223.1
2026-07-06T20:33:49Z,,,,,,4221.0
2026-07-06T20:33:49Z,,,,,,4218.6
2026-07-06T20:33:49Z,,,,,,4212.7
2026-07-06T20:33:50Z,,,,,,4204.0
2026-07-06T20:33:50Z,,,,,,4195.3
2026-07-06T20:33:50Z,,,,,,4185.9
2026-07-06T20:33:50Z,,,,,,4174.3
2026-07-06T20:33:50Z,,,,,,4161.3
2026-07-06T20:33:50Z,51.557137,-0.070543,17.2,20,1,4148.1
2026-07-06T20:33:50Z,,,,,,4135.3
2026-07-06T20:33:50Z,,,,,,4126.9
2026-07-06T20:33:50Z,,,,,,4124.1
2026-07-06T20:33:51Z,,,,,,4125.0
2026-07-06T20:33:51Z,,,,,,4129.3
2026-07-06T20:33:51Z,,,,,,4134.5
2026-07-06T20:33:51Z,,,,,,4138.6
2026-07-06T20:33:51Z,,,,,,4140.1
2026-07-06T20:33:51Z,,,,,,4140.9
2026-07-06T20:33:51Z,51.557140,-0.070529,17.2,20,1,4142.4
2026-07-06T20:33:51Z,,,,,,4141.2
2026-07-06T20:33:51Z,,,,,,4136.8
2026-07-06T20:33:51Z,,,,,,4132.0
2026-07-06T20:33:52Z,,,,,,4125.6
2026-07-06T20:33:52Z,,,,,,4116.2
2026-07-06T20:33:52Z,,,,,,4107.1
2026-07-06T20:33:52Z,,,,,,4099.3
2026-07-06T20:33:52Z,,,,,,4089.3
2026-07-06T20:33:52Z,,,,,,4077.7
2026-07-06T20:33:52Z,51.557140,-0.070513,17.3,20,1,4065.8
2026-07-06T20:33:52Z,,,,,,4052.1
2026-07-06T20:33:52Z,,,,,,4038.7
2026-07-06T20:33:52Z,,,,,,4026.3
2026-07-06T20:33:52Z,,,,,,4013.8
2026-07-06T20:33:53Z,,,,,,4001.6
2026-07-06T20:33:53Z,,,,,,3990.7
2026-07-06T20:33:53Z,,,,,,3981.9
2026-07-06T20:33:53Z,,,,,,3974.2
2026-07-06T20:33:53Z,,,,,,3968.6
2026-07-06T20:33:53Z,51.557140,-0.070498,17.4,20,1,3965.2
2026-07-06T20:33:53Z,,,,,,3961.9
2026-07-06T20:33:53Z,,,,,,3957.7
2026-07-06T20:33:53Z,,,,,,3952.6
2026-07-06T20:33:53Z,,,,,,3947.8
2026-07-06T20:33:54Z,,,,,,3941.6
2026-07-06T20:33:54Z,,,,,,3935.7
2026-07-06T20:33:54Z,,,,,,3931.6
2026-07-06T20:33:54Z,,,,,,3926.3
2026-07-06T20:33:54Z,,,,,,3921.2
2026-07-06T20:33:54Z,51.557140,-0.070483,17.5,20,1,3918.1
2026-07-06T20:33:54Z,,,,,,3916.2
2026-07-06T20:33:54Z,,,,,,3916.1
2026-07-06T20:33:54Z,,,,,,3920.4
2026-07-06T20:33:54Z,,,,,,3928.9
2026-07-06T20:33:55Z,,,,,,3940.3
2026-07-06T20:33:55Z,,,,,,3954.9
2026-07-06T20:33:55Z,,,,,,3972.7
2026-07-06T20:33:55Z,,,,,,3991.3
2026-07-06T20:33:55Z,,,,,,4009.4
2026-07-06T20:33:55Z,51.557144,-0.070467,17.6,20,1,4028.6
2026-07-06T20:33:55Z,,,,,,4048.3
2026-07-06T20:33:55Z,,,,,,4068.5
2026-07-06T20:33:55Z,,,,,,4088.0
2026-07-06T20:33:55Z,,,,,,4105.4
2026-07-06T20:33:56Z,,,,,,4119.8
2026-07-06T20:33:56Z,,,,,,4131.0
2026-07-06T20:33:56Z,,,,,,4140.6
2026-07-06T20:33:56Z,,,,,,4148.4
2026-07-06T20:33:56Z,,,,,,4154.7
2026-07-06T20:33:56Z,51.557140,-0.070454,17.6,20,1,4158.8
2026-07-06T20:33:56Z,,,,,,4160.7
2026-07-06T20:33:56Z,,,,,,4160.0
2026-07-06T20:33:56Z,,,,,,4158.3
2026-07-06T20:33:56Z,,,,,,4156.9
2026-07-06T20:33:57Z,,,,,,4154.5
2026-07-06T20:33:57Z,,,,,,4150.4
2026-07-06T20:33:57Z,,,,,,4144.7
2026-07-06T20:33:57Z,,,,,,4136.6
2026-07-06T20:33:57Z,,,,,,4126.1
2026-07-06T20:33:57Z,51.557140,-0.070439,17.7,20,1,4117.0
2026-07-06T20:33:57Z,,,,,,4108.4
2026-07-06T20:33:57Z,,,,,,4098.6
2026-07-06T20:33:57Z,,,,,,4088.9
2026-07-06T20:33:57Z,,,,,,4080.1
2026-07-06T20:33:58Z,,,,,,4069.8
2026-07-06T20:33:58Z,,,,,,4057.4
2026-07-06T20:33:58Z,,,,,,4046.2
2026-07-06T20:33:58Z,,,,,,4035.6
2026-07-06T20:33:58Z,,,,,,4024.2
2026-07-06T20:33:58Z,51.557140,-0.070422,17.8,20,1,4013.8
2026-07-06T20:33:58Z,,,,,,4003.6
2026-07-06T20:33:58Z,,,,,,3993.9
2026-07-06T20:33:58Z,,,,,,3984.3
2026-07-06T20:33:59Z,,,,,,3974.1
2026-07-06T20:33:59Z,,,,,,3963.9
2026-07-06T20:33:59Z,,,,,,3954.1
2026-07-06T20:33:59Z,,,,,,3945.1
2026-07-06T20:33:59Z,,,,,,3935.7
2026-07-06T20:33:59Z,,,,,,3927.2
2026-07-06T20:33:59Z,51.557140,-0.070406,17.8,20,1,3921.1
2026-07-06T20:33:59Z,,,,,,3914.9
2026-07-06T20:33:59Z,,,,,,3908.0
2026-07-06T20:33:59Z,,,,,,3901.7
2026-07-06T20:33:59Z,,,,,,3896.4
2026-07-06T20:34:00Z,,,,,,3890.2
2026-07-06T20:34:00Z,,,,,,3884.1
2026-07-06T20:34:00Z,,,,,,3879.7
2026-07-06T20:34:00Z,,,,,,3874.7
2026-07-06T20:34:00Z,,,,,,3868.7
2026-07-06T20:34:00Z,51.557140,-0.070391,17.9,20,1,3863.4
2026-07-06T20:34:00Z,,,,,,3858.4
2026-07-06T20:34:00Z,,,,,,3852.3
2026-07-06T20:34:00Z,,,,,,3847.0
2026-07-06T20:34:00Z,,,,,,3842.8
2026-07-06T20:34:01Z,,,,,,3837.4
2026-07-06T20:34:01Z,,,,,,3832.9
2026-07-06T20:34:01Z,,,,,,3829.3
2026-07-06T20:34:01Z,,,,,,3824.9
2026-07-06T20:34:01Z,,,,,,3819.2
2026-07-06T20:34:01Z,51.557144,-0.070376,17.9,20,1,3814.4
2026-07-06T20:34:01Z,,,,,,3811.0
2026-07-06T20:34:01Z,,,,,,3808.2
2026-07-06T20:34:01Z,,,,,,3806.2
2026-07-06T20:34:02Z,,,,,,3805.2
2026-07-06T20:34:02Z,,,,,,3804.4
2026-07-06T20:34:02Z,,,,,,3804.7
2026-07-06T20:34:02Z,,,,,,3807.6
2026-07-06T20:34:02Z,,,,,,3811.5
2026-07-06T20:34:02Z,,,,,,3814.6
2026-07-06T20:34:02Z,51.557144,-0.070360,17.8,20,1,3817.9
2026-07-06T20:34:02Z,,,,,,3821.0
2026-07-06T20:34:02Z,,,,,,3822.0
2026-07-06T20:34:02Z,,,,,,3823.2
2026-07-06T20:34:03Z,,,,,,3825.2
2026-07-06T20:34:03Z,,,,,,3826.0
2026-07-06T20:34:03Z,,,,,,3825.7
2026-07-06T20:34:03Z,,,,,,3824.0
2026-07-06T20:34:03Z,,,,,,3820.7
2026-07-06T20:34:03Z,,,,,,3818.0
2026-07-06T20:34:03Z,51.557144,-0.070343,17.9,20,1,3816.2
2026-07-06T20:34:03Z,,,,,,3813.5
2026-07-06T20:34:03Z,,,,,,3810.0
2026-07-06T20:34:03Z,,,,,,3807.5
2026-07-06T20:34:03Z,,,,,,3806.6
2026-07-06T20:34:04Z,,,,,,3805.8
2026-07-06T20:34:04Z,,,,,,3804.6
2026-07-06T20:34:04Z,,,,,,3804.8
2026-07-06T20:34:04Z,,,,,,3806.1
2026-07-06T20:34:04Z,,,,,,3806.6
2026-07-06T20:34:04Z,51.557148,-0.070326,18.0,20,1,3807.0
2026-07-06T20:34:04Z,,,,,,3807.6
2026-07-06T20:34:04Z,,,,,,3806.9
2026-07-06T20:34:04Z,,,,,,3805.3
2026-07-06T20:34:05Z,,,,,,3804.4
2026-07-06T20:34:05Z,,,,,,3803.3
2026-07-06T20:34:05Z,,,,,,3800.9
2026-07-06T20:34:05Z,,,,,,3798.5
2026-07-06T20:34:05Z,,,,,,3796.3
2026-07-06T20:34:05Z,,,,,,3792.4
2026-07-06T20:34:05Z,51.557148,-0.070309,18.0,20,1,3788.7
2026-07-06T20:34:05Z,,,,,,3785.9
2026-07-06T20:34:05Z,,,,,,3782.7
2026-07-06T20:34:05Z,,,,,,3780.2
2026-07-06T20:34:05Z,,,,,,3779.2
2026-07-06T20:34:06Z,,,,,,3779.0
2026-07-06T20:34:06Z,,,,,,3780.7
2026-07-06T20:34:06Z,,,,,,3786.1
2026-07-06T20:34:06Z,,,,,,3793.6
2026-07-06T20:34:06Z,,,,,,3801.8
2026-07-06T20:34:06Z,51.557148,-0.070294,18.0,20,1,3811.7
2026-07-06T20:34:06Z,,,,,,3822.2
2026-07-06T20:34:06Z,,,,,,3830.4
2026-07-06T20:34:06Z,,,,,,3837.5
2026-07-06T20:34:07Z,,,,,,3844.2
2026-07-06T20:34:07Z,,,,,,3849.0
2026-07-06T20:34:07Z,,,,,,3851.4
2026-07-06T20:34:07Z,,,,,,3852.3
2026-07-06T20:34:07Z,,,,,,3852.0
2026-07-06T20:34:07Z,,,,,,3849.7
2026-07-06T20:34:07Z,51.557152,-0.070278,18.0,20,1,3847.4
2026-07-06T20:34:07Z,,,,,,3845.4
2026-07-06T20:34:07Z,,,,,,3840.8
2026-07-06T20:34:07Z,,,,,,3835.1
2026-07-06T20:34:07Z,,,,,,3829.4
2026-07-06T20:34:08Z,,,,,,3822.5
2026-07-06T20:34:08Z,,,,,,3815.6
2026-07-06T20:34:08Z,,,,,,3810.2
2026-07-06T20:34:08Z,,,,,,3805.0
2026-07-06T20:34:08Z,,,,,,3801.6
2026-07-06T20:34:08Z,51.557152,-0.070262,18.1,20,1,3802.4
2026-07-06T20:34:08Z,,,,,,3807.6
2026-07-06T20:34:08Z,,,,,,3816.8
2026-07-06T20:34:08Z,,,,,,3832.1
2026-07-06T20:34:08Z,,,,,,3851.3
2026-07-06T20:34:09Z,,,,,,3871.2
2026-07-06T20:34:09Z,,,,,,3890.2
2026-07-06T20:34:09Z,,,,,,3908.9
2026-07-06T20:34:09Z,,,,,,3927.8
2026-07-06T20:34:09Z,,,,,,3943.7
2026-07-06T20:34:09Z,51.557152,-0.070247,18.1,20,1,3956.2
2026-07-06T20:34:09Z,,,,,,3966.6
2026-07-06T20:34:09Z,,,,,,3975.0
2026-07-06T20:34:09Z,,,,,,3982.3
2026-07-06T20:34:10Z,,,,,,3991.5
2026-07-06T20:34:10Z,,,,,,4004.6
2026-07-06T20:34:10Z,,,,,,4018.5
2026-07-06T20:34:10Z,,,,,,4033.6
2026-07-06T20:34:10Z,,,,,,4050.5
2026-07-06T20:34:10Z,,,,,,4068.1
2026-07-06T20:34:10Z,51.557152,-0.070233,18.3,20,1,4086.5
2026-07-06T20:34:10Z,,,,,,4101.6
2026-07-06T20:34:10Z,,,,,,4111.9
2026-07-06T20:34:10Z,,,,,,4119.6
2026-07-06T20:34:11Z,,,,,,4125.3
2026-07-06T20:34:11Z,,,,,,4131.0
2026-07-06T20:34:11Z,,,,,,4133.9
2026-07-06T20:34:11Z,,,,,,4132.0
2026-07-06T20:34:11Z,,,,,,4127.4
2026-07-06T20:34:11Z,,,,,,4119.0
2026-07-06T20:34:11Z,51.557156,-0.070217,18.3,20,1,4107.7
2026-07-06T20:34:11Z,,,,,,4095.5
2026-07-06T20:34:11Z,,,,,,4083.3
2026-07-06T20:34:11Z,,,,,,4070.0
2026-07-06T20:34:12Z,,,,,,4056.1
2026-07-06T20:34:12Z,,,,,,4042.9
2026-07-06T20:34:12Z,,,,,,4028.7
2026-07-06T20:34:12Z,,,,,,4015.3
2026-07-06T20:34:12Z,,,,,,4003.4
2026-07-06T20:34:12Z,,,,,,3992.0
2026-07-06T20:34:12Z,51.557156,-0.070202,18.4,20,1,3980.8
2026-07-06T20:34:12Z,,,,,,3969.6
2026-07-06T20:34:12Z,,,,,,3958.2
2026-07-06T20:34:12Z,,,,,,3946.0
2026-07-06T20:34:13Z,,,,,,3936.3
2026-07-06T20:34:13Z,,,,,,3928.7
2026-07-06T20:34:13Z,,,,,,3919.6
2026-07-06T20:34:13Z,,,,,,3909.9
2026-07-06T20:34:13Z,,,,,,3900.3
2026-07-06T20:34:13Z,,,,,,3891.4
2026-07-06T20:34:13Z,51.557159,-0.070187,18.5,20,1,3882.0
2026-07-06T20:34:13Z,,,,,,3874.1
2026-07-06T20:34:13Z,,,,,,3867.6
2026-07-06T20:34:13Z,,,,,,3860.6
2026-07-06T20:34:14Z,,,,,,3853.3
2026-07-06T20:34:14Z,,,,,,3845.2
2026-07-06T20:34:14Z,,,,,,3838.3
2026-07-06T20:34:14Z,,,,,,3831.3
2026-07-06T20:34:14Z,,,,,,3824.0
2026-07-06T20:34:14Z,,,,,,3819.0
2026-07-06T20:34:14Z,51.557159,-0.070172,18.5,20,1,3814.5
2026-07-06T20:34:14Z,,,,,,3809.5
2026-07-06T20:34:14Z,,,,,,3804.6
2026-07-06T20:34:14Z,,,,,,3800.6
2026-07-06T20:34:15Z,,,,,,3796.1
2026-07-06T20:34:15Z,,,,,,3792.3
2026-07-06T20:34:15Z,,,,,,3790.3
2026-07-06T20:34:15Z,,,,,,3788.2
2026-07-06T20:34:15Z,,,,,,3785.9
2026-07-06T20:34:15Z,,,,,,3783.2
2026-07-06T20:34:15Z,51.557163,-0.070157,18.4,20,1,3779.9
2026-07-06T20:34:15Z,,,,,,3776.6
2026-07-06T20:34:15Z,,,,,,3774.6
2026-07-06T20:34:15Z,,,,,,3774.0
2026-07-06T20:34:16Z,,,,,,3774.6
2026-07-06T20:34:16Z,,,,,,3776.7
2026-07-06T20:34:16Z,,,,,,3780.3
2026-07-06T20:34:16Z,,,,,,3784.5
2026-07-06T20:34:16Z,,,,,,3786.7
2026-07-06T20:34:16Z,,,,,,3789.1
2026-07-06T20:34:16Z,51.557163,-0.070142,18.6,20,1,3793.8
2026-07-06T20:34:16Z,,,,,,3797.8
2026-07-06T20:34:16Z,,,,,,3798.5
2026-07-06T20:34:16Z,,,,,,3798.6
2026-07-06T20:34:17Z,,,,,,3799.3
2026-07-06T20:34:17Z,,,,,,3798.0
2026-07-06T20:34:17Z,,,,,,3796.6
2026-07-06T20:34:17Z,,,,,,3796.3
2026-07-06T20:34:17Z,,,,,,3794.8
2026-07-06T20:34:17Z,,,,,,3791.4
2026-07-06T20:34:17Z,51.557163,-0.070126,18.4,20,1,3787.1
2026-07-06T20:34:17Z,,,,,,3782.8
2026-07-06T20:34:17Z,,,,,,3778.0
2026-07-06T20:34:17Z,,,,,,3772.8
2026-07-06T20:34:18Z,,,,,,3768.6
2026-07-06T20:34:18Z,,,,,,3765.3
2026-07-06T20:34:18Z,,,,,,3762.2
2026-07-06T20:34:18Z,,,,,,3760.1
2026-07-06T20:34:18Z,,,,,,3759.5
2026-07-06T20:34:18Z,,,,,,3759.1
2026-07-06T20:34:18Z,51.557163,-0.070110,18.3,20,1,3758.8
2026-07-06T20:34:18Z,,,,,,3760.5
2026-07-06T20:34:18Z,,,,,,3762.8
2026-07-06T20:34:18Z,,,,,,3764.7
2026-07-06T20:34:19Z,,,,,,3767.0
2026-07-06T20:34:19Z,,,,,,3769.7
2026-07-06T20:34:19Z,,,,,,3770.4
2026-07-06T20:34:19Z,,,,,,3770.5
2026-07-06T20:34:19Z,,,,,,3772.7
2026-07-06T20:34:19Z,,,,,,3775.1
2026-07-06T20:34:19Z,51.557167,-0.070094,18.4,20,1,3776.6
2026-07-06T20:34:19Z,,,,,,3778.5
2026-07-06T20:34:19Z,,,,,,3781.6
2026-07-06T20:34:19Z,,,,,,3783.9
2026-07-06T20:34:20Z,,,,,,3785.1
2026-07-06T20:34:20Z,,,,,,3787.4
2026-07-06T20:34:20Z,,,,,,3790.9
2026-07-06T20:34:20Z,,,,,,3792.4
2026-07-06T20:34:20Z,,,,,,3792.4
2026-07-06T20:34:20Z,,,,,,3793.2
2026-07-06T20:34:20Z,51.557167,-0.070078,18.4,20,1,3792.9
2026-07-06T20:34:20Z,,,,,,3790.3
2026-07-06T20:34:20Z,,,,,,3788.3
2026-07-06T20:34:20Z,,,,,,3787.6
2026-07-06T20:34:21Z,,,,,,3785.0
2026-07-06T20:34:21Z,,,,,,3781.1
2026-07-06T20:34:21Z,,,,,,3776.9
2026-07-06T20:34:21Z,,,,,,3772.0
2026-07-06T20:34:21Z,,,,,,3770.4
2026-07-06T20:34:21Z,,,,,,3770.4
2026-07-06T20:34:21Z,51.557167,-0.070063,18.3,20,1,3769.1
2026-07-06T20:34:21Z,,,,,,3769.6
2026-07-06T20:34:21Z,,,,,,3771.9
2026-07-06T20:34:21Z,,,,,,3776.2
2026-07-06T20:34:22Z,,,,,,3782.8
2026-07-06T20:34:22Z,,,,,,3792.5
2026-07-06T20:34:22Z,,,,,,3803.3
2026-07-06T20:34:22Z,,,,,,3812.2
2026-07-06T20:34:22Z,,,,,,3819.7
2026-07-06T20:34:22Z,,,,,,3826.0
2026-07-06T20:34:22Z,51.557167,-0.070048,18.3,20,1,3832.7
2026-07-06T20:34:22Z,,,,,,3836.9
2026-07-06T20:34:22Z,,,,,,3837.7
2026-07-06T20:34:22Z,,,,,,3837.2
2026-07-06T20:34:22Z,,,,,,3835.1
2026-07-06T20:34:23Z,,,,,,3832.2
2026-07-06T20:34:23Z,,,,,,3829.2
2026-07-06T20:34:23Z,,,,,,3824.9
2026-07-06T20:34:23Z,,,,,,3818.4
2026-07-06T20:34:23Z,,,,,,3812.6
2026-07-06T20:34:23Z,51.557167,-0.070032,18.2,20,1,3806.6
2026-07-06T20:34:23Z,,,,,,3799.1
2026-07-06T20:34:23Z,,,,,,3792.5
2026-07-06T20:34:23Z,,,,,,3785.8
2026-07-06T20:34:23Z,,,,,,3777.2
2026-07-06T20:34:24Z,,,,,,3769.4
2026-07-06T20:34:24Z,,,,,,3763.1
2026-07-06T20:34:24Z,,,,,,3756.8
2026-07-06T20:34:24Z,,,,,,3750.5
2026-07-06T20:34:24Z,,,,,,3744.4
2026-07-06T20:34:24Z,51.557167,-0.070015,18.1,20,1,3738.5
2026-07-06T20:34:24Z,,,,,,3732.1
2026-07-06T20:34:24Z,,,,,,3726.8
2026-07-06T20:34:24Z,,,,,,3723.6
2026-07-06T20:34:24Z,,,,,,3720.1
2026-07-06T20:34:25Z,,,,,,3715.8
2026-07-06T20:34:25Z,,,,,,3710.7
2026-07-06T20:34:25Z,,,,,,3706.6
2026-07-06T20:34:25Z,,,,,,3702.2
2026-07-06T20:34:25Z,,,,,,3698.2
2026-07-06T20:34:25Z,51.557171,-0.070002,18.3,20,1,3695.9
2026-07-06T20:34:25Z,,,,,,3692.8
2026-07-06T20:34:25Z,,,,,,3689.1
2026-07-06T20:34:25Z,,,,,,3686.0
2026-07-06T20:34:26Z,,,,,,3682.2
2026-07-06T20:34:26Z,,,,,,3678.2
2026-07-06T20:34:26Z,,,,,,3675.6
2026-07-06T20:34:26Z,,,,,,3673.5
2026-07-06T20:34:26Z,,,,,,3670.4
2026-07-06T20:34:26Z,,,,,,3667.5
2026-07-06T20:34:26Z,51.557171,-0.069987,18.3,20,1,3665.3
2026-07-06T20:34:26Z,,,,,,3662.2
2026-07-06T20:34:26Z,,,,,,3658.9
2026-07-06T20:34:26Z,,,,,,3657.3
2026-07-06T20:34:27Z,,,,,,3656.1
2026-07-06T20:34:27Z,,,,,,3654.3
2026-07-06T20:34:27Z,,,,,,3652.7
2026-07-06T20:34:27Z,,,,,,3651.4
2026-07-06T20:34:27Z,,,,,,3649.9
2026-07-06T20:34:27Z,,,,,,3647.9
2026-07-06T20:34:27Z,51.557175,-0.069973,18.2,20,1,3647.2
2026-07-06T20:34:27Z,,,,,,3647.4
2026-07-06T20:34:27Z,,,,,,3647.9
2026-07-06T20:34:27Z,,,,,,3650.4
2026-07-06T20:34:28Z,,,,,,3655.5
2026-07-06T20:34:28Z,,,,,,3661.6
2026-07-06T20:34:28Z,,,,,,3669.9
2026-07-06T20:34:28Z,,,,,,3681.1
2026-07-06T20:34:28Z,,,,,,3692.8
2026-07-06T20:34:28Z,,,,,,3703.5
2026-07-06T20:34:28Z,51.557175,-0.069959,18.3,20,1,3713.3
2026-07-06T20:34:28Z,,,,,,3721.5
2026-07-06T20:34:28Z,,,,,,3726.9
2026-07-06T20:34:28Z,,,,,,3730.2
2026-07-06T20:34:29Z,,,,,,3733.6
2026-07-06T20:34:29Z,,,,,,3737.1
2026-07-06T20:34:29Z,,,,,,3739.3
2026-07-06T20:34:29Z,,,,,,3739.4
2026-07-06T20:34:29Z,,,,,,3739.1
2026-07-06T20:34:29Z,,,,,,3736.8
2026-07-06T20:34:29Z,51.557175,-0.069943,18.3,20,1,3733.0
2026-07-06T20:34:29Z,,,,,,3730.5
2026-07-06T20:34:29Z,,,,,,3727.1
2026-07-06T20:34:29Z,,,,,,3721.6
2026-07-06T20:34:29Z,,,,,,3716.3
2026-07-06T20:34:30Z,,,,,,3711.4
2026-07-06T20:34:30Z,,,,,,3705.5
2026-07-06T20:34:30Z,,,,,,3698.9
2026-07-06T20:34:30Z,,,,,,3693.8
2026-07-06T20:34:30Z,,,,,,3688.9
2026-07-06T20:34:30Z,51.557178,-0.069927,18.2,20,1,3684.1
2026-07-06T20:34:30Z,,,,,,3679.2
2026-07-06T20:34:30Z,,,,,,3674.5
2026-07-06T20:34:30Z,,,,,,3669.9
2026-07-06T20:34:31Z,,,,,,3664.8
2026-07-06T20:34:31Z,,,,,,3660.1
2026-07-06T20:34:31Z,,,,,,3656.5
2026-07-06T20:34:31Z,,,,,,3653.6
2026-07-06T20:34:31Z,,,,,,3650.9
2026-07-06T20:34:31Z,,,,,,3648.6
2026-07-06T20:34:31Z,51.557178,-0.069913,18.1,20,1,3645.2
2026-07-06T20:34:31Z,,,,,,3641.4
2026-07-06T20:34:31Z,,,,,,3639.7
2026-07-06T20:34:31Z,,,,,,3639.1
2026-07-06T20:34:32Z,,,,,,3636.5
2026-07-06T20:34:32Z,,,,,,3634.5
2026-07-06T20:34:32Z,,,,,,3633.5
2026-07-06T20:34:32Z,,,,,,3629.4
2026-07-06T20:34:32Z,,,,,,3625.6
2026-07-06T20:34:32Z,,,,,,3624.2
2026-07-06T20:34:32Z,51.557182,-0.069899,17.9,20,1,3622.9
2026-07-06T20:34:32Z,,,,,,3620.7
2026-07-06T20:34:32Z,,,,,,3618.1
2026-07-06T20:34:32Z,,,,,,3615.1
2026-07-06T20:34:32Z,,,,,,3611.5
2026-07-06T20:34:33Z,,,,,,3609.1
2026-07-06T20:34:33Z,,,,,,3608.5
2026-07-06T20:34:33Z,,,,,,3608.7
2026-07-06T20:34:33Z,,,,,,3609.1
2026-07-06T20:34:33Z,,,,,,3610.5
2026-07-06T20:34:33Z,51.557182,-0.069883,17.8,20,1,3613.2
2026-07-06T20:34:33Z,,,,,,3617.5
2026-07-06T20:34:33Z,,,,,,3625.8
2026-07-06T20:34:33Z,,,,,,3637.9
2026-07-06T20:34:33Z,,,,,,3651.9
2026-07-06T20:34:34Z,,,,,,3668.2
2026-07-06T20:34:34Z,,,,,,3687.6
2026-07-06T20:34:34Z,,,,,,3705.0
2026-07-06T20:34:34Z,,,,,,3721.1
2026-07-06T20:34:34Z,,,,,,3738.1
2026-07-06T20:34:34Z,51.557182,-0.069868,18.0,20,1,3753.9
2026-07-06T20:34:34Z,,,,,,3766.9
2026-07-06T20:34:34Z,,,,,,3778.0
2026-07-06T20:34:34Z,,,,,,3787.9
2026-07-06T20:34:35Z,,,,,,3794.2
2026-07-06T20:34:35Z,,,,,,3800.1
2026-07-06T20:34:35Z,,,,,,3807.4
2026-07-06T20:34:35Z,,,,,,3812.3
2026-07-06T20:34:35Z,,,,,,3814.9
2026-07-06T20:34:35Z,,,,,,3815.3
2026-07-06T20:34:35Z,51.557182,-0.069853,18.2,20,1,3813.5
2026-07-06T20:34:35Z,,,,,,3810.4
2026-07-06T20:34:35Z,,,,,,3806.8
2026-07-06T20:34:35Z,,,,,,3802.8
2026-07-06T20:34:35Z,,,,,,3797.3
2026-07-06T20:34:36Z,,,,,,3791.9
2026-07-06T20:34:36Z,,,,,,3785.9
2026-07-06T20:34:36Z,,,,,,3778.6
2026-07-06T20:34:36Z,,,,,,3771.8
2026-07-06T20:34:36Z,,,,,,3766.6
2026-07-06T20:34:36Z,51.557182,-0.069836,18.3,20,1,3760.4
2026-07-06T20:34:36Z,,,,,,3752.0
2026-07-06T20:34:36Z,,,,,,3744.0
2026-07-06T20:34:36Z,,,,,,3737.2
2026-07-06T20:34:36Z,,,,,,3729.3
2026-07-06T20:34:37Z,,,,,,3721.5
2026-07-06T20:34:37Z,,,,,,3715.8
2026-07-06T20:34:37Z,,,,,,3709.8
2026-07-06T20:34:37Z,,,,,,3703.4
2026-07-06T20:34:37Z,,,,,,3699.0
2026-07-06T20:34:37Z,51.557182,-0.069821,18.4,20,1,3695.5
2026-07-06T20:34:37Z,,,,,,3691.2
2026-07-06T20:34:37Z,,,,,,3689.0
2026-07-06T20:34:37Z,,,,,,3690.0
2026-07-06T20:34:37Z,,,,,,3692.8
2026-07-06T20:34:38Z,,,,,,3698.5
2026-07-06T20:34:38Z,,,,,,3706.9
2026-07-06T20:34:38Z,,,,,,3716.2
2026-07-06T20:34:38Z,,,,,,3724.8
2026-07-06T20:34:38Z,,,,,,3734.3
2026-07-06T20:34:38Z,51.557182,-0.069807,18.4,20,1,3745.4
2026-07-06T20:34:38Z,,,,,,3754.7
2026-07-06T20:34:38Z,,,,,,3761.0
2026-07-06T20:34:38Z,,,,,,3767.1
2026-07-06T20:34:38Z,,,,,,3771.2
2026-07-06T20:34:39Z,,,,,,3773.3
2026-07-06T20:34:39Z,,,,,,3776.3
2026-07-06T20:34:39Z,,,,,,3778.0
2026-07-06T20:34:39Z,,,,,,3776.8
2026-07-06T20:34:39Z,,,,,,3775.6
2026-07-06T20:34:39Z,51.557182,-0.069790,18.3,20,1,3774.9
2026-07-06T20:34:39Z,,,,,,3772.8
2026-07-06T20:34:39Z,,,,,,3770.6
2026-07-06T20:34:39Z,,,,,,3769.1
2026-07-06T20:34:40Z,,,,,,3766.0
2026-07-06T20:34:40Z,,,,,,3761.9
2026-07-06T20:34:40Z,,,,,,3757.2
2026-07-06T20:34:40Z,,,,,,3751.8
2026-07-06T20:34:40Z,,,,,,3745.7
2026-07-06T20:34:40Z,,,,,,3742.3
2026-07-06T20:34:40Z,51.557182,-0.069774,18.2,20,1,3740.7
2026-07-06T20:34:40Z,,,,,,3736.7
2026-07-06T20:34:40Z,,,,,,3731.6
2026-07-06T20:34:40Z,,,,,,3726.6
2026-07-06T20:34:41Z,,,,,,3722.2
2026-07-06T20:34:41Z,,,,,,3719.2
2026-07-06T20:34:41Z,,,,,,3718.9
2026-07-06T20:34:41Z,,,,,,3719.9
2026-07-06T20:34:41Z,,,,,,3720.9
2026-07-06T20:34:41Z,,,,,,3723.9
2026-07-06T20:34:41Z,51.557182,-0.069757,18.3,20,1,3731.9
2026-07-06T20:34:41Z,,,,,,3744.0
2026-07-06T20:34:41Z,,,,,,3757.7
2026-07-06T20:34:41Z,,,,,,3774.7
2026-07-06T20:34:42Z,,,,,,3793.2
2026-07-06T20:34:42Z,,,,,,3811.4
2026-07-06T20:34:42Z,,,,,,3828.3
2026-07-06T20:34:42Z,,,,,,3842.9
2026-07-06T20:34:42Z,,,,,,3853.8
2026-07-06T20:34:42Z,,,,,,3862.3
2026-07-06T20:34:42Z,51.557182,-0.069741,18.2,20,1,3869.8
2026-07-06T20:34:42Z,,,,,,3873.8
2026-07-06T20:34:42Z,,,,,,3875.0
2026-07-06T20:34:42Z,,,,,,3876.0
2026-07-06T20:34:42Z,,,,,,3874.5
2026-07-06T20:34:43Z,,,,,,3870.0
2026-07-06T20:34:43Z,,,,,,3866.9
2026-07-06T20:34:43Z,,,,,,3865.4
2026-07-06T20:34:43Z,,,,,,3862.1
2026-07-06T20:34:43Z,,,,,,3857.6
2026-07-06T20:34:43Z,51.557186,-0.069726,18.1,20,1,3854.2
2026-07-06T20:34:43Z,,,,,,3850.6
2026-07-06T20:34:43Z,,,,,,3847.8
2026-07-06T20:34:43Z,,,,,,3847.4
2026-07-06T20:34:44Z,,,,,,3847.2
2026-07-06T20:34:44Z,,,,,,3848.0
2026-07-06T20:34:44Z,,,,,,3849.7
2026-07-06T20:34:44Z,,,,,,3851.2
2026-07-06T20:34:44Z,,,,,,3851.5
2026-07-06T20:34:44Z,,,,,,3852.3
2026-07-06T20:34:44Z,51.557186,-0.069710,18.0,20,1,3853.7
2026-07-06T20:34:44Z,,,,,,3853.6
2026-07-06T20:34:44Z,,,,,,3852.9
2026-07-06T20:34:44Z,,,,,,3851.6
2026-07-06T20:34:44Z,,,,,,3849.4
2026-07-06T20:34:45Z,,,,,,3845.2
2026-07-06T20:34:45Z,,,,,,3841.9
2026-07-06T20:34:45Z,,,,,,3841.4
2026-07-06T20:34:45Z,,,,,,3838.3
2026-07-06T20:34:45Z,,,,,,3831.9
2026-07-06T20:34:45Z,51.557186,-0.069694,17.9,20,1,3825.9
2026-07-06T20:34:45Z,,,,,,3819.9
2026-07-06T20:34:45Z,,,,,,3813.2
2026-07-06T20:34:45Z,,,,,,3808.2
2026-07-06T20:34:45Z,,,,,,3804.2
2026-07-06T20:34:46Z,,,,,,3798.1
2026-07-06T20:34:46Z,,,,,,3791.7
2026-07-06T20:34:46Z,,,,,,3786.7
2026-07-06T20:34:46Z,,,,,,3781.1
2026-07-06T20:34:46Z,,,,,,3777.8
2026-07-06T20:34:46Z,51.557186,-0.069679,17.7,20,1,3777.7
2026-07-06T20:34:46Z,,,,,,3776.7
2026-07-06T20:34:46Z,,,,,,3776.3
2026-07-06T20:34:46Z,,,,,,3778.7
2026-07-06T20:34:46Z,,,,,,3782.6
2026-07-06T20:34:47Z,,,,,,3788.5
2026-07-06T20:34:47Z,,,,,,3797.3
2026-07-06T20:34:47Z,,,,,,3808.3
2026-07-06T20:34:47Z,,,,,,3818.8
2026-07-06T20:34:47Z,,,,,,3827.1
2026-07-06T20:34:47Z,51.557186,-0.069663,17.7,20,1,3833.3
2026-07-06T20:34:47Z,,,,,,3838.8
2026-07-06T20:34:47Z,,,,,,3842.0
2026-07-06T20:34:47Z,,,,,,3843.5
2026-07-06T20:34:48Z,,,,,,3845.1
2026-07-06T20:34:48Z,,,,,,3845.2
2026-07-06T20:34:48Z,,,,,,3843.6
2026-07-06T20:34:48Z,,,,,,3842.3
2026-07-06T20:34:48Z,,,,,,3841.7
2026-07-06T20:34:48Z,,,,,,3840.0
2026-07-06T20:34:48Z,51.557186,-0.069646,17.7,20,1,3840.0
2026-07-06T20:34:48Z,,,,,,3841.1
2026-07-06T20:34:48Z,,,,,,3840.4
2026-07-06T20:34:48Z,,,,,,3840.9
2026-07-06T20:34:49Z,,,,,,3843.3
2026-07-06T20:34:49Z,,,,,,3845.9
2026-07-06T20:34:49Z,,,,,,3847.9
2026-07-06T20:34:49Z,,,,,,3852.2
2026-07-06T20:34:49Z,,,,,,3857.5
2026-07-06T20:34:49Z,,,,,,3861.1
2026-07-06T20:34:49Z,51.557190,-0.069630,17.7,20,1,3865.6
2026-07-06T20:34:49Z,,,,,,3870.4
2026-07-06T20:34:49Z,,,,,,3874.3
2026-07-06T20:34:49Z,,,,,,3876.5
2026-07-06T20:34:50Z,,,,,,3877.9
2026-07-06T20:34:50Z,,,,,,3878.7
2026-07-06T20:34:50Z,,,,,,3877.3
2026-07-06T20:34:50Z,,,,,,3873.5
2026-07-06T20:34:50Z,,,,,,3869.2
2026-07-06T20:34:50Z,,,,,,3864.6
2026-07-06T20:34:50Z,51.557190,-0.069614,17.6,20,1,3858.4
2026-07-06T20:34:50Z,,,,,,3853.0
2026-07-06T20:34:50Z,,,,,,3849.0
2026-07-06T20:34:50Z,,,,,,3844.8
2026-07-06T20:34:50Z,,,,,,3839.1
2026-07-06T20:34:51Z,,,,,,3832.3
2026-07-06T20:34:51Z,,,,,,3824.6
2026-07-06T20:34:51Z,,,,,,3816.4
2026-07-06T20:34:51Z,,,,,,3809.6
2026-07-06T20:34:51Z,,,,,,3804.0
2026-07-06T20:34:51Z,51.557190,-0.069601,17.4,20,1,3798.0
2026-07-06T20:34:51Z,,,,,,3792.9
2026-07-06T20:34:51Z,,,,,,3789.6
2026-07-06T20:34:51Z,,,,,,3786.5
2026-07-06T20:34:51Z,,,,,,3783.3
2026-07-06T20:34:52Z,,,,,,3783.1
2026-07-06T20:34:52Z,,,,,,3784.5
2026-07-06T20:34:52Z,,,,,,3783.6
2026-07-06T20:34:52Z,,,,,,3781.9
2026-07-06T20:34:52Z,,,,,,3780.3
2026-07-06T20:34:52Z,51.557190,-0.069586,17.5,20,1,3779.0
2026-07-06T20:34:52Z,,,,,,3776.3
2026-07-06T20:34:52Z,,,,,,3772.6
2026-07-06T20:34:52Z,,,,,,3770.6
2026-07-06T20:34:52Z,,,,,,3767.4
2026-07-06T20:34:53Z,,,,,,3762.9
2026-07-06T20:34:53Z,,,,,,3758.9
2026-07-06T20:34:53Z,,,,,,3755.4
2026-07-06T20:34:53Z,,,,,,3749.9
2026-07-06T20:34:53Z,,,,,,3745.0
2026-07-06T20:34:53Z,51.557190,-0.069572,17.5,20,1,3742.2
2026-07-06T20:34:53Z,,,,,,3738.1
2026-07-06T20:34:53Z,,,,,,3734.0
2026-07-06T20:34:53Z,,,,,,3732.1
2026-07-06T20:34:53Z,,,,,,3731.1
2026-07-06T20:34:54Z,,,,,,3729.1
2026-07-06T20:34:54Z,,,,,,3728.4
2026-07-06T20:34:54Z,,,,,,3729.8
2026-07-06T20:34:54Z,,,,,,3731.5
2026-07-06T20:34:54Z,,,,,,3735.3
2026-07-06T20:34:54Z,51.557190,-0.069560,17.4,20,1,3745.6
2026-07-06T20:34:54Z,,,,,,3763.1
2026-07-06T20:34:54Z,,,,,,3787.7
2026-07-06T20:34:54Z,,,,,,3823.0
2026-07-06T20:34:55Z,,,,,,3868.4
2026-07-06T20:34:55Z,,,,,,3919.1
2026-07-06T20:34:55Z,,,,,,3973.0
2026-07-06T20:34:55Z,,,,,,4028.0
2026-07-06T20:34:55Z,,,,,,4078.4
2026-07-06T20:34:55Z,,,,,,4120.9
2026-07-06T20:34:55Z,51.557194,-0.069549,17.4,20,1,4157.8
2026-07-06T20:34:55Z,,,,,,4189.5
2026-07-06T20:34:55Z,,,,,,4214.3
2026-07-06T20:34:55Z,,,,,,4233.2
2026-07-06T20:34:55Z,,,,,,4248.2
2026-07-06T20:34:56Z,,,,,,4258.6
2026-07-06T20:34:56Z,,,,,,4262.5
2026-07-06T20:34:56Z,,,,,,4261.2
2026-07-06T20:34:56Z,,,,,,4256.4
2026-07-06T20:34:56Z,,,,,,4248.5
2026-07-06T20:34:56Z,51.557194,-0.069539,17.2,20,1,4237.7
2026-07-06T20:34:56Z,,,,,,4223.5
2026-07-06T20:34:56Z,,,,,,4204.3
2026-07-06T20:34:56Z,,,,,,4182.2
2026-07-06T20:34:57Z,,,,,,4162.4
2026-07-06T20:34:57Z,,,,,,4142.9
2026-07-06T20:34:57Z,,,,,,4123.5
2026-07-06T20:34:57Z,,,,,,4105.2
2026-07-06T20:34:57Z,,,,,,4087.8
2026-07-06T20:34:57Z,,,,,,4070.3
2026-07-06T20:34:57Z,51.557194,-0.069532,17.0,20,1,4054.9
2026-07-06T20:34:57Z,,,,,,4041.9
2026-07-06T20:34:57Z,,,,,,4030.4
2026-07-06T20:34:57Z,,,,,,4021.6
2026-07-06T20:34:58Z,,,,,,4015.0
2026-07-06T20:34:58Z,,,,,,4008.7
2026-07-06T20:34:58Z,,,,,,4000.7
2026-07-06T20:34:58Z,,,,,,3993.6
2026-07-06T20:34:58Z,,,,,,3987.8
2026-07-06T20:34:58Z,,,,,,3981.0
2026-07-06T20:34:58Z,51.557194,-0.069524,16.8,20,1,3974.0
2026-07-06T20:34:58Z,,,,,,3967.2
2026-07-06T20:34:58Z,,,,,,3958.7
2026-07-06T20:34:58Z,,,,,,3949.3
2026-07-06T20:34:58Z,,,,,,3940.8
2026-07-06T20:34:59Z,,,,,,3932.4
2026-07-06T20:34:59Z,,,,,,3923.8
2026-07-06T20:34:59Z,,,,,,3914.6
2026-07-06T20:34:59Z,,,,,,3905.3
2026-07-06T20:34:59Z,,,,,,3896.4
2026-07-06T20:34:59Z,51.557198,-0.069512,16.9,20,1,3887.4
2026-07-06T20:34:59Z,,,,,,3879.6
2026-07-06T20:34:59Z,,,,,,3873.8
2026-07-06T20:34:59Z,,,,,,3868.9
2026-07-06T20:34:59Z,,,,,,3864.3
2026-07-06T20:35:00Z,,,,,,3860.6
2026-07-06T20:35:00Z,,,,,,3856.3
2026-07-06T20:35:00Z,,,,,,3851.7
2026-07-06T20:35:00Z,,,,,,3848.5
2026-07-06T20:35:00Z,,,,,,3845.6
2026-07-06T20:35:00Z,51.557198,-0.069498,16.8,20,1,3843.2
2026-07-06T20:35:00Z,,,,,,3840.0
2026-07-06T20:35:00Z,,,,,,3836.2
2026-07-06T20:35:00Z,,,,,,3831.8
2026-07-06T20:35:00Z,,,,,,3827.5
2026-07-06T20:35:01Z,,,,,,3824.1
2026-07-06T20:35:01Z,,,,,,3820.0
2026-07-06T20:35:01Z,,,,,,3816.0
2026-07-06T20:35:01Z,,,,,,3812.3
2026-07-06T20:35:01Z,,,,,,3807.8
2026-07-06T20:35:01Z,51.557198,-0.069484,16.8,20,1,3803.2
2026-07-06T20:35:01Z,,,,,,3801.5
2026-07-06T20:35:01Z,,,,,,3800.5
2026-07-06T20:35:01Z,,,,,,3797.9
2026-07-06T20:35:01Z,,,,,,3796.9
2026-07-06T20:35:02Z,,,,,,3798.2
2026-07-06T20:35:02Z,,,,,,3799.4
2026-07-06T20:35:02Z,,,,,,3803.4
2026-07-06T20:35:02Z,,,,,,3811.4
2026-07-06T20:35:02Z,,,,,,3818.0
2026-07-06T20:35:02Z,51.557201,-0.069475,16.8,20,1,3823.8
2026-07-06T20:35:02Z,,,,,,3832.7
2026-07-06T20:35:02Z,,,,,,3844.6
2026-07-06T20:35:02Z,,,,,,3860.1
2026-07-06T20:35:02Z,,,,,,3878.7
2026-07-06T20:35:03Z,,,,,,3898.1
2026-07-06T20:35:03Z,,,,,,3916.3
2026-07-06T20:35:03Z,,,,,,3932.5
2026-07-06T20:35:03Z,,,,,,3947.9
2026-07-06T20:35:03Z,,,,,,3963.3
2026-07-06T20:35:03Z,51.557194,-0.069477,16.6,20,1,3978.4
2026-07-06T20:35:03Z,,,,,,3991.3
2026-07-06T20:35:03Z,,,,,,4001.8
2026-07-06T20:35:03Z,,,,,,4011.0
2026-07-06T20:35:03Z,,,,,,4018.9
2026-07-06T20:35:04Z,,,,,,4025.7
2026-07-06T20:35:04Z,,,,,,4030.8
2026-07-06T20:35:04Z,,,,,,4034.2
2026-07-06T20:35:04Z,,,,,,4036.1
2026-07-06T20:35:04Z,,,,,,4036.7
2026-07-06T20:35:04Z,51.557133,-0.069530,14.8,20,1,4038.1
2026-07-06T20:35:04Z,,,,,,4040.6
2026-07-06T20:35:04Z,,,,,,4041.6
2026-07-06T20:35:04Z,,,,,,4041.4
2026-07-06T20:35:04Z,,,,,,4040.7
2026-07-06T20:35:05Z,,,,,,4039.4
2026-07-06T20:35:05Z,,,,,,4038.3
2026-07-06T20:35:05Z,,,,,,4040.0
2026-07-06T20:35:05Z,,,,,,4039.3
2026-07-06T20:35:05Z,,,,,,4035.6
2026-07-06T20:35:05Z,51.557091,-0.069602,11.0,20,1,4032.8
2026-07-06T20:35:05Z,,,,,,4028.3
2026-07-06T20:35:05Z,,,,,,4024.2
2026-07-06T20:35:05Z,,,,,,4022.0
2026-07-06T20:35:05Z,,,,,,4019.5
2026-07-06T20:35:06Z,,,,,,4017.0
2026-07-06T20:35:06Z,,,,,,4016.5
2026-07-06T20:35:06Z,,,,,,4015.4
2026-07-06T20:35:06Z,,,,,,4014.0
2026-07-06T20:35:06Z,,,,,,4015.3
2026-07-06T20:35:06Z,51.557053,-0.069641,5.4,20,1,4017.6
2026-07-06T20:35:06Z,,,,,,4018.3
2026-07-06T20:35:06Z,,,,,,4022.4
2026-07-06T20:35:06Z,,,,,,4030.4
2026-07-06T20:35:06Z,,,,,,4038.5
2026-07-06T20:35:07Z,,,,,,4048.8
2026-07-06T20:35:07Z,,,,,,4059.8
2026-07-06T20:35:07Z,,,,,,4068.0
2026-07-06T20:35:07Z,,,,,,4073.2
2026-07-06T20:35:07Z,,,,,,4077.3
2026-07-06T20:35:07Z,51.557022,-0.069670,1.2,20,1,4081.2
2026-07-06T20:35:07Z,,,,,,4083.5
2026-07-06T20:35:07Z,,,,,,4083.3
2026-07-06T20:35:07Z,,,,,,4081.4
2026-07-06T20:35:07Z,,,,,,4077.4
2026-07-06T20:35:08Z,,,,,,4073.3
2026-07-06T20:35:08Z,,,,,,4070.0
2026-07-06T20:35:08Z,,,,,,4067.1
2026-07-06T20:35:08Z,,,,,,4063.0
2026-07-06T20:35:08Z,,,,,,4057.4
2026-07-06T20:35:08Z,51.557003,-0.069654,-1.3,20,1,4051.0
2026-07-06T20:35:08Z,,,,,,4044.1
2026-07-06T20:35:08Z,,,,,,4039.4
2026-07-06T20:35:08Z,,,,,,4035.9
2026-07-06T20:35:08Z,,,,,,4030.4
2026-07-06T20:35:09Z,,,,,,4023.6
2026-07-06T20:35:09Z,,,,,,4018.3
2026-07-06T20:35:09Z,,,,,,4013.7
2026-07-06T20:35:09Z,,,,,,4011.3
2026-07-06T20:35:09Z,,,,,,4012.4
2026-07-06T20:35:09Z,51.557056,-0.069544,7.6,20,1,4014.2
2026-07-06T20:35:09Z,,,,,,4014.9
2026-07-06T20:35:09Z,,,,,,4015.8
2026-07-06T20:35:09Z,,,,,,4018.9
2026-07-06T20:35:09Z,,,,,,4022.2
2026-07-06T20:35:10Z,,,,,,4024.7
2026-07-06T20:35:10Z,,,,,,4025.0
2026-07-06T20:35:10Z,,,,,,4022.3
2026-07-06T20:35:10Z,,,,,,4019.1
2026-07-06T20:35:10Z,,,,,,4016.8
2026-07-06T20:35:10Z,51.557053,-0.069525,7.0,20,1,4015.3
2026-07-06T20:35:10Z,,,,,,4013.3
2026-07-06T20:35:10Z,,,,,,4010.2
2026-07-06T20:35:10Z,,,,,,4005.0
2026-07-06T20:35:10Z,,,,,,3998.0
2026-07-06T20:35:11Z,,,,,,3991.8
2026-07-06T20:35:11Z,,,,,,3987.6
2026-07-06T20:35:11Z,,,,,,3984.4
2026-07-06T20:35:11Z,,,,,,3982.1
2026-07-06T20:35:11Z,,,,,,3983.5
2026-07-06T20:35:11Z,51.557053,-0.069495,5.9,20,1,3987.7
2026-07-06T20:35:11Z,,,,,,3993.0
2026-07-06T20:35:11Z,,,,,,4000.4
2026-07-06T20:35:11Z,,,,,,4009.7
2026-07-06T20:35:12Z,,,,,,4018.4
2026-07-06T20:35:12Z,,,,,,4025.9
2026-07-06T20:35:12Z,,,,,,4033.8
2026-07-06T20:35:12Z,,,,,,4039.5
2026-07-06T20:35:12Z,,,,,,4042.1
2026-07-06T20:35:12Z,,,,,,4043.8
2026-07-06T20:35:12Z,51.557056,-0.069472,5.4,20,1,4043.6
2026-07-06T20:35:12Z,,,,,,4040.8
2026-07-06T20:35:12Z,,,,,,4039.1
2026-07-06T20:35:12Z,,,,,,4038.7
2026-07-06T20:35:12Z,,,,,,4037.3
2026-07-06T20:35:13Z,,,,,,4034.5
2026-07-06T20:35:13Z,,,,,,4030.2
2026-07-06T20:35:13Z,,,,,,4026.5
2026-07-06T20:35:13Z,,,,,,4026.4
2026-07-06T20:35:13Z,,,,,,4032.2
2026-07-06T20:35:13Z,51.557060,-0.069436,4.7,20,1,4045.2
2026-07-06T20:35:13Z,,,,,,4060.3
2026-07-06T20:35:13Z,,,,,,4072.8
2026-07-06T20:35:13Z,,,,,,4086.3
2026-07-06T20:35:14Z,,,,,,4099.8
2026-07-06T20:35:14Z,,,,,,4113.3
2026-07-06T20:35:14Z,,,,,,4125.3
2026-07-06T20:35:14Z,,,,,,4133.0
2026-07-06T20:35:14Z,,,,,,4137.0
2026-07-06T20:35:14Z,,,,,,4138.0
2026-07-06T20:35:14Z,51.557060,-0.069408,4.3,20,1,4136.9
2026-07-06T20:35:14Z,,,,,,4134.3
2026-07-06T20:35:14Z,,,,,,4132.8
2026-07-06T20:35:14Z,,,,,,4130.2
2026-07-06T20:35:14Z,,,,,,4122.7
2026-07-06T20:35:15Z,,,,,,4113.1
2026-07-06T20:35:15Z,,,,,,4104.9
2026-07-06T20:35:15Z,,,,,,4096.9
2026-07-06T20:35:15Z,,,,,,4088.0
2026-07-06T20:35:15Z,,,,,,4078.9
2026-07-06T20:35:15Z,51.557060,-0.069374,3.5,20,1,4069.4
2026-07-06T20:35:15Z,,,,,,4059.2
2026-07-06T20:35:15Z,,,,,,4050.3
2026-07-06T20:35:15Z,,,,,,4043.4
2026-07-06T20:35:15Z,,,,,,4037.2
2026-07-06T20:35:16Z,,,,,,4028.9
2026-07-06T20:35:16Z,,,,,,4021.1
2026-07-06T20:35:16Z,,,,,,4018.4
2026-07-06T20:35:16Z,,,,,,4019.0
2026-07-06T20:35:16Z,,,,,,4020.8
2026-07-06T20:35:16Z,51.557060,-0.069349,2.7,20,1,4025.9
2026-07-06T20:35:16Z,,,,,,4031.7
2026-07-06T20:35:16Z,,,,,,4036.7
2026-07-06T20:35:16Z,,,,,,4042.9
2026-07-06T20:35:17Z,,,,,,4048.5
2026-07-06T20:35:17Z,,,,,,4053.1
2026-07-06T20:35:17Z,,,,,,4057.5
2026-07-06T20:35:17Z,,,,,,4059.4
2026-07-06T20:35:17Z,,,,,,4056.5
2026-07-06T20:35:17Z,,,,,,4053.5
2026-07-06T20:35:17Z,51.557060,-0.069314,2.1,20,1,4052.4
2026-07-06T20:35:17Z,,,,,,4050.5
2026-07-06T20:35:17Z,,,,,,4048.4
2026-07-06T20:35:17Z,,,,,,4046.0
2026-07-06T20:35:18Z,,,,,,4042.6
2026-07-06T20:35:18Z,,,,,,4039.9
2026-07-06T20:35:18Z,,,,,,4039.2
2026-07-06T20:35:18Z,,,,,,4040.0
2026-07-06T20:35:18Z,,,,,,4041.7
2026-07-06T20:35:18Z,,,,,,4042.4
2026-07-06T20:35:18Z,51.557064,-0.069284,1.6,20,1,4041.6
2026-07-06T20:35:18Z,,,,,,4040.8
2026-07-06T20:35:18Z,,,,,,4041.0
2026-07-06T20:35:18Z,,,,,,4042.2
2026-07-06T20:35:19Z,,,,,,4042.7
2026-07-06T20:35:19Z,,,,,,4042.4
2026-07-06T20:35:19Z,,,,,,4041.4
2026-07-06T20:35:19Z,,,,,,4040.3
2026-07-06T20:35:19Z,,,,,,4038.4
2026-07-06T20:35:19Z,,,,,,4037.7
2026-07-06T20:35:19Z,51.557068,-0.069244,1.2,20,1,4038.5
2026-07-06T20:35:19Z,,,,,,4037.3
2026-07-06T20:35:19Z,,,,,,4035.1
2026-07-06T20:35:19Z,,,,,,4034.4
2026-07-06T20:35:20Z,,,,,,4032.9
2026-07-06T20:35:20Z,,,,,,4030.5
2026-07-06T20:35:20Z,,,,,,4029.2
2026-07-06T20:35:20Z,,,,,,4026.9
2026-07-06T20:35:20Z,,,,,,4022.2
2026-07-06T20:35:20Z,,,,,,4017.2
2026-07-06T20:35:20Z,51.557072,-0.069209,0.9,20,1,4013.6
2026-07-06T20:35:20Z,,,,,,4011.0
2026-07-06T20:35:20Z,,,,,,4008.7
2026-07-06T20:35:20Z,,,,,,4007.3
2026-07-06T20:35:21Z,,,,,,4007.4
2026-07-06T20:35:21Z,,,,,,4010.2
2026-07-06T20:35:21Z,,,,,,4017.6
2026-07-06T20:35:21Z,,,,,,4028.3
2026-07-06T20:35:21Z,,,,,,4039.1
2026-07-06T20:35:21Z,,,,,,4050.1
2026-07-06T20:35:21Z,51.557079,-0.069169,1.0,20,1,4061.9
2026-07-06T20:35:21Z,,,,,,4072.3
2026-07-06T20:35:21Z,,,,,,4081.2
2026-07-06T20:35:21Z,,,,,,4091.1
2026-07-06T20:35:22Z,,,,,,4098.3
2026-07-06T20:35:22Z,,,,,,4101.4
2026-07-06T20:35:22Z,,,,,,4105.8
2026-07-06T20:35:22Z,,,,,,4111.0
2026-07-06T20:35:22Z,,,,,,4113.9
2026-07-06T20:35:22Z,,,,,,4117.3
2026-07-06T20:35:22Z,51.557087,-0.069146,1.2,20,1,4120.9
2026-07-06T20:35:22Z,,,,,,4122.0
2026-07-06T20:35:22Z,,,,,,4124.2
2026-07-06T20:35:22Z,,,,,,4129.6
2026-07-06T20:35:23Z,,,,,,4136.2
2026-07-06T20:35:23Z,,,,,,4145.1
2026-07-06T20:35:23Z,,,,,,4154.6
2026-07-06T20:35:23Z,,,,,,4162.3
2026-07-06T20:35:23Z,,,,,,4169.6
2026-07-06T20:35:23Z,,,,,,4179.0
2026-07-06T20:35:23Z,51.557098,-0.069125,1.4,20,1,4189.2
2026-07-06T20:35:23Z,,,,,,4197.0
2026-07-06T20:35:23Z,,,,,,4202.9
2026-07-06T20:35:23Z,,,,,,4207.2
2026-07-06T20:35:24Z,,,,,,4208.8
2026-07-06T20:35:24Z,,,,,,4208.6
2026-07-06T20:35:24Z,,,,,,4208.7
2026-07-06T20:35:24Z,,,,,,4206.9
2026-07-06T20:35:24Z,,,,,,4201.6
2026-07-06T20:35:24Z,,,,,,4194.5
2026-07-06T20:35:24Z,51.557106,-0.069106,1.5,20,1,4187.1
2026-07-06T20:35:24Z,,,,,,4178.0
2026-07-06T20:35:24Z,,,,,,4167.4
2026-07-06T20:35:24Z,,,,,,4157.9
2026-07-06T20:35:25Z,,,,,,4147.2
2026-07-06T20:35:25Z,,,,,,4134.3
2026-07-06T20:35:25Z,,,,,,4121.9
2026-07-06T20:35:25Z,,,,,,4111.2
2026-07-06T20:35:25Z,,,,,,4101.4
2026-07-06T20:35:25Z,,,,,,4093.5
2026-07-06T20:35:25Z,51.557117,-0.069087,1.9,20,1,4086.5
2026-07-06T20:35:25Z,,,,,,4079.4
2026-07-06T20:35:25Z,,,,,,4073.1
2026-07-06T20:35:25Z,,,,,,4067.6
2026-07-06T20:35:25Z,,,,,,4062.2
2026-07-06T20:35:26Z,,,,,,4056.7
2026-07-06T20:35:26Z,,,,,,4052.2
2026-07-06T20:35:26Z,,,,,,4048.5
2026-07-06T20:35:26Z,,,,,,4042.9
2026-07-06T20:35:26Z,,,,,,4037.0
2026-07-06T20:35:26Z,51.557121,-0.069067,2.3,20,1,4033.4
2026-07-06T20:35:26Z,,,,,,4029.5
2026-07-06T20:35:26Z,,,,,,4024.2
2026-07-06T20:35:26Z,,,,,,4021.2
2026-07-06T20:35:26Z,,,,,,4019.4
2026-07-06T20:35:26Z,,,,,,4016.2
2026-07-06T20:35:27Z,,,,,,4013.8
2026-07-06T20:35:27Z,,,,,,4013.7
2026-07-06T20:35:27Z,,,,,,4013.6
2026-07-06T20:35:27Z,,,,,,4016.4
2026-07-06T20:35:27Z,51.557129,-0.069048,2.9,20,1,4024.6
2026-07-06T20:35:27Z,,,,,,4035.3
2026-07-06T20:35:27Z,,,,,,4049.1
2026-07-06T20:35:27Z,,,,,,4065.8
2026-07-06T20:35:27Z,,,,,,4082.6
2026-07-06T20:35:28Z,,,,,,4097.8
2026-07-06T20:35:28Z,,,,,,4112.8
2026-07-06T20:35:28Z,,,,,,4127.3
2026-07-06T20:35:28Z,,,,,,4139.2
2026-07-06T20:35:28Z,,,,,,4147.2
2026-07-06T20:35:28Z,51.557140,-0.069030,3.5,20,1,4151.8
2026-07-06T20:35:28Z,,,,,,4153.4
2026-07-06T20:35:28Z,,,,,,4153.4
2026-07-06T20:35:28Z,,,,,,4152.8
2026-07-06T20:35:28Z,,,,,,4148.6
2026-07-06T20:35:29Z,,,,,,4141.9
2026-07-06T20:35:29Z,,,,,,4135.2
2026-07-06T20:35:29Z,,,,,,4129.5
2026-07-06T20:35:29Z,,,,,,4122.5
2026-07-06T20:35:29Z,,,,,,4117.6
2026-07-06T20:35:29Z,51.557148,-0.069012,4.3,20,1,4117.8
2026-07-06T20:35:29Z,,,,,,4121.1
2026-07-06T20:35:29Z,,,,,,4132.1
2026-07-06T20:35:29Z,,,,,,4157.4
2026-07-06T20:35:29Z,,,,,,4198.4
2026-07-06T20:35:30Z,,,,,,4251.9
2026-07-06T20:35:30Z,,,,,,4321.9
2026-07-06T20:35:30Z,,,,,,4399.8
2026-07-06T20:35:30Z,,,,,,4481.7
2026-07-06T20:35:30Z,,,,,,4564.7
2026-07-06T20:35:30Z,51.557156,-0.068998,5.2,20,1,4644.7
2026-07-06T20:35:30Z,,,,,,4716.0
2026-07-06T20:35:30Z,,,,,,4780.2
2026-07-06T20:35:30Z,,,,,,4835.4
2026-07-06T20:35:30Z,,,,,,4880.3
2026-07-06T20:35:31Z,,,,,,4920.2
2026-07-06T20:35:31Z,,,,,,4950.3
2026-07-06T20:35:31Z,,,,,,4971.9
2026-07-06T20:35:31Z,,,,,,4985.0
2026-07-06T20:35:31Z,,,,,,4992.7
2026-07-06T20:35:31Z,51.557163,-0.068982,5.7,20,1,5002.1
2026-07-06T20:35:31Z,,,,,,5014.1
2026-07-06T20:35:31Z,,,,,,5030.2
2026-07-06T20:35:31Z,,,,,,5046.3
2026-07-06T20:35:32Z,,,,,,5057.9
2026-07-06T20:35:32Z,,,,,,5065.1
2026-07-06T20:35:32Z,,,,,,5065.4
2026-07-06T20:35:32Z,,,,,,5065.5
2026-07-06T20:35:32Z,,,,,,5066.1
2026-07-06T20:35:32Z,,,,,,5067.5
2026-07-06T20:35:32Z,51.557167,-0.068965,6.6,20,1,5070.8
2026-07-06T20:35:32Z,,,,,,5070.6
2026-07-06T20:35:32Z,,,,,,5067.4
2026-07-06T20:35:32Z,,,,,,5065.3
2026-07-06T20:35:32Z,,,,,,5064.7
2026-07-06T20:35:33Z,,,,,,5059.9
2026-07-06T20:35:33Z,,,,,,5048.6
2026-07-06T20:35:33Z,,,,,,5033.8
2026-07-06T20:35:33Z,,,,,,5014.0
2026-07-06T20:35:33Z,,,,,,4994.4
2026-07-06T20:35:33Z,51.557171,-0.068947,7.1,20,1,4974.5
2026-07-06T20:35:33Z,,,,,,4948.6
2026-07-06T20:35:33Z,,,,,,4921.1
2026-07-06T20:35:33Z,,,,,,4893.0
2026-07-06T20:35:33Z,,,,,,4864.0
2026-07-06T20:35:34Z,,,,,,4837.6
2026-07-06T20:35:34Z,,,,,,4817.7
2026-07-06T20:35:34Z,,,,,,4804.8
2026-07-06T20:35:34Z,,,,,,4798.5
2026-07-06T20:35:34Z,,,,,,4800.3
2026-07-06T20:35:34Z,51.557175,-0.068930,7.5,20,1,4810.7
2026-07-06T20:35:34Z,,,,,,4829.9
2026-07-06T20:35:34Z,,,,,,4850.5
2026-07-06T20:35:34Z,,,,,,4870.8
2026-07-06T20:35:34Z,,,,,,4892.2
2026-07-06T20:35:35Z,,,,,,4907.2
2026-07-06T20:35:35Z,,,,,,4916.1
2026-07-06T20:35:35Z,,,,,,4922.7
2026-07-06T20:35:35Z,,,,,,4924.8
2026-07-06T20:35:35Z,,,,,,4919.6
2026-07-06T20:35:35Z,51.557182,-0.068915,8.0,20,1,4911.9
2026-07-06T20:35:35Z,,,,,,4900.0
2026-07-06T20:35:35Z,,,,,,4880.6
2026-07-06T20:35:35Z,,,,,,4858.7
2026-07-06T20:35:35Z,,,,,,4836.2
2026-07-06T20:35:36Z,,,,,,4813.2
2026-07-06T20:35:36Z,,,,,,4789.7
2026-07-06T20:35:36Z,,,,,,4762.7
2026-07-06T20:35:36Z,,,,,,4733.8
2026-07-06T20:35:36Z,,,,,,4705.8
2026-07-06T20:35:36Z,51.557182,-0.068900,8.2,20,1,4678.5
2026-07-06T20:35:36Z,,,,,,4652.4
2026-07-06T20:35:36Z,,,,,,4626.3
2026-07-06T20:35:36Z,,,,,,4600.1
2026-07-06T20:35:36Z,,,,,,4575.6
2026-07-06T20:35:37Z,,,,,,4549.9
2026-07-06T20:35:37Z,,,,,,4523.4
2026-07-06T20:35:37Z,,,,,,4500.6
2026-07-06T20:35:37Z,,,,,,4480.6
2026-07-06T20:35:37Z,,,,,,4458.1
2026-07-06T20:35:37Z,51.557186,-0.068884,8.5,20,1,4436.6
2026-07-06T20:35:37Z,,,,,,4419.1
2026-07-06T20:35:37Z,,,,,,4403.4
2026-07-06T20:35:37Z,,,,,,4389.1
2026-07-06T20:35:37Z,,,,,,4377.9
2026-07-06T20:35:38Z,,,,,,4368.7
2026-07-06T20:35:38Z,,,,,,4359.4
2026-07-06T20:35:38Z,,,,,,4353.2
2026-07-06T20:35:38Z,,,,,,4349.2
2026-07-06T20:35:38Z,,,,,,4346.5
2026-07-06T20:35:38Z,51.557194,-0.068869,8.9,20,1,4345.2
2026-07-06T20:35:38Z,,,,,,4342.3
2026-07-06T20:35:38Z,,,,,,4340.0
2026-07-06T20:35:38Z,,,,,,4339.6
2026-07-06T20:35:38Z,,,,,,4341.8
2026-07-06T20:35:39Z,,,,,,4348.0
2026-07-06T20:35:39Z,,,,,,4357.0
2026-07-06T20:35:39Z,,,,,,4366.5
2026-07-06T20:35:39Z,,,,,,4376.0
2026-07-06T20:35:39Z,,,,,,4385.5
2026-07-06T20:35:39Z,51.557194,-0.068853,9.0,20,1,4392.5
2026-07-06T20:35:39Z,,,,,,4398.9
2026-07-06T20:35:39Z,,,,,,4403.3
2026-07-06T20:35:39Z,,,,,,4401.9
2026-07-06T20:35:39Z,,,,,,4397.7
2026-07-06T20:35:40Z,,,,,,4392.4
2026-07-06T20:35:40Z,,,,,,4385.4
2026-07-06T20:35:40Z,,,,,,4375.7
2026-07-06T20:35:40Z,,,,,,4365.8
2026-07-06T20:35:40Z,,,,,,4355.3
2026-07-06T20:35:40Z,51.557198,-0.068838,9.0,20,1,4342.5
2026-07-06T20:35:40Z,,,,,,4329.0
2026-07-06T20:35:40Z,,,,,,4315.6
2026-07-06T20:35:40Z,,,,,,4302.8
2026-07-06T20:35:40Z,,,,,,4290.6
2026-07-06T20:35:41Z,,,,,,4277.5
2026-07-06T20:35:41Z,,,,,,4264.6
2026-07-06T20:35:41Z,,,,,,4252.5
2026-07-06T20:35:41Z,,,,,,4241.1
2026-07-06T20:35:41Z,,,,,,4230.7
2026-07-06T20:35:41Z,51.557205,-0.068823,9.5,20,1,4220.4
2026-07-06T20:35:41Z,,,,,,4211.1
2026-07-06T20:35:41Z,,,,,,4203.1
2026-07-06T20:35:41Z,,,,,,4194.4
2026-07-06T20:35:41Z,,,,,,4185.4
2026-07-06T20:35:42Z,,,,,,4177.6
2026-07-06T20:35:42Z,,,,,,4170.6
2026-07-06T20:35:42Z,,,,,,4162.0
2026-07-06T20:35:42Z,,,,,,4153.3
2026-07-06T20:35:42Z,,,,,,4146.3
2026-07-06T20:35:42Z,51.557209,-0.068807,9.7,20,1,4139.2
2026-07-06T20:35:42Z,,,,,,4131.2
2026-07-06T20:35:42Z,,,,,,4124.0
2026-07-06T20:35:42Z,,,,,,4117.1
2026-07-06T20:35:42Z,,,,,,4108.6
2026-07-06T20:35:42Z,,,,,,4101.7
2026-07-06T20:35:43Z,,,,,,4097.8
2026-07-06T20:35:43Z,,,,,,4095.0
2026-07-06T20:35:43Z,,,,,,4092.1
2026-07-06T20:35:43Z,,,,,,4089.0
2026-07-06T20:35:43Z,51.557209,-0.068790,10.0,20,1,4086.7
2026-07-06T20:35:43Z,,,,,,4084.9
2026-07-06T20:35:43Z,,,,,,4085.1
2026-07-06T20:35:43Z,,,,,,4086.2
2026-07-06T20:35:43Z,,,,,,4085.7
2026-07-06T20:35:44Z,,,,,,4084.3
2026-07-06T20:35:44Z,,,,,,4082.6
2026-07-06T20:35:44Z,,,,,,4080.4
2026-07-06T20:35:44Z,,,,,,4079.6
2026-07-06T20:35:44Z,,,,,,4082.2
2026-07-06T20:35:44Z,51.557213,-0.068775,10.3,20,1,4085.2
2026-07-06T20:35:44Z,,,,,,4087.2
2026-07-06T20:35:44Z,,,,,,4090.4
2026-07-06T20:35:44Z,,,,,,4094.2
2026-07-06T20:35:44Z,,,,,,4097.3
2026-07-06T20:35:45Z,,,,,,4100.5
2026-07-06T20:35:45Z,,,,,,4104.3
2026-07-06T20:35:45Z,,,,,,4107.5
2026-07-06T20:35:45Z,,,,,,4108.1
2026-07-06T20:35:45Z,,,,,,4107.5
2026-07-06T20:35:45Z,51.557220,-0.068761,10.8,21,1,4107.9
2026-07-06T20:35:45Z,,,,,,4107.1
2026-07-06T20:35:45Z,,,,,,4104.1
2026-07-06T20:35:45Z,,,,,,4100.6
2026-07-06T20:35:45Z,,,,,,4096.7
2026-07-06T20:35:46Z,,,,,,4091.8
2026-07-06T20:35:46Z,,,,,,4086.1
2026-07-06T20:35:46Z,,,,,,4080.7
2026-07-06T20:35:46Z,,,,,,4074.8
2026-07-06T20:35:46Z,,,,,,4069.7
2026-07-06T20:35:46Z,51.557220,-0.068748,11.0,21,1,4066.6
2026-07-06T20:35:46Z,,,,,,4063.3
2026-07-06T20:35:46Z,,,,,,4061.3
2026-07-06T20:35:46Z,,,,,,4062.9
2026-07-06T20:35:46Z,,,,,,4065.6
2026-07-06T20:35:47Z,,,,,,4069.1
2026-07-06T20:35:47Z,,,,,,4075.5
2026-07-06T20:35:47Z,,,,,,4085.0
2026-07-06T20:35:47Z,,,,,,4093.8
2026-07-06T20:35:47Z,,,,,,4100.7
2026-07-06T20:35:47Z,51.557220,-0.068733,11.3,21,1,4106.3
2026-07-06T20:35:47Z,,,,,,4110.6
2026-07-06T20:35:47Z,,,,,,4112.1
2026-07-06T20:35:47Z,,,,,,4111.8
2026-07-06T20:35:47Z,,,,,,4111.0
2026-07-06T20:35:48Z,,,,,,4109.7
2026-07-06T20:35:48Z,,,,,,4104.8
2026-07-06T20:35:48Z,,,,,,4098.4
2026-07-06T20:35:48Z,,,,,,4093.4
2026-07-06T20:35:48Z,,,,,,4088.7
2026-07-06T20:35:48Z,51.557220,-0.068719,11.6,21,1,4085.4
2026-07-06T20:35:48Z,,,,,,4083.5
2026-07-06T20:35:48Z,,,,,,4084.9
2026-07-06T20:35:48Z,,,,,,4089.2
2026-07-06T20:35:48Z,,,,,,4094.5
2026-07-06T20:35:49Z,,,,,,4101.8
2026-07-06T20:35:49Z,,,,,,4110.8
2026-07-06T20:35:49Z,,,,,,4121.0
2026-07-06T20:35:49Z,,,,,,4132.5
2026-07-06T20:35:49Z,,,,,,4141.6
2026-07-06T20:35:49Z,51.557220,-0.068710,11.8,21,1,4146.5
2026-07-06T20:35:49Z,,,,,,4149.0
2026-07-06T20:35:49Z,,,,,,4150.4
2026-07-06T20:35:49Z,,,,,,4150.0
2026-07-06T20:35:49Z,,,,,,4149.3
2026-07-06T20:35:50Z,,,,,,4149.9
2026-07-06T20:35:50Z,,,,,,4147.5
2026-07-06T20:35:50Z,,,,,,4141.6
2026-07-06T20:35:50Z,,,,,,4135.8
2026-07-06T20:35:50Z,,,,,,4129.4
2026-07-06T20:35:50Z,51.557217,-0.068702,12.0,21,1,4121.8
2026-07-06T20:35:50Z,,,,,,4118.1
2026-07-06T20:35:50Z,,,,,,4115.2
2026-07-06T20:35:50Z,,,,,,4107.3
2026-07-06T20:35:50Z,,,,,,4098.9
2026-07-06T20:35:51Z,,,,,,4091.8
2026-07-06T20:35:51Z,,,,,,4084.5
2026-07-06T20:35:51Z,,,,,,4076.6
2026-07-06T20:35:51Z,,,,,,4073.2
2026-07-06T20:35:51Z,,,,,,4071.7
2026-07-06T20:35:51Z,51.557217,-0.068697,12.3,21,1,4069.0
2026-07-06T20:35:51Z,,,,,,4070.1
2026-07-06T20:35:51Z,,,,,,4076.9
2026-07-06T20:35:51Z,,,,,,4091.6
2026-07-06T20:35:51Z,,,,,,4114.7
2026-07-06T20:35:52Z,,,,,,4141.1
2026-07-06T20:35:52Z,,,,,,4167.0
2026-07-06T20:35:52Z,,,,,,4189.8
2026-07-06T20:35:52Z,,,,,,4209.8
2026-07-06T20:35:52Z,,,,,,4226.8
2026-07-06T20:35:52Z,51.557209,-0.068696,12.4,21,1,4241.1
2026-07-06T20:35:52Z,,,,,,4252.1
2026-07-06T20:35:52Z,,,,,,4257.4
2026-07-06T20:35:52Z,,,,,,4257.5
2026-07-06T20:35:52Z,,,,,,4255.1
2026-07-06T20:35:53Z,,,,,,4251.5
2026-07-06T20:35:53Z,,,,,,4249.0
2026-07-06T20:35:53Z,,,,,,4247.3
2026-07-06T20:35:53Z,,,,,,4246.8
2026-07-06T20:35:53Z,,,,,,4250.3
2026-07-06T20:35:53Z,51.557205,-0.068694,12.5,21,1,4257.8
2026-07-06T20:35:53Z,,,,,,4270.7
2026-07-06T20:35:53Z,,,,,,4291.0
2026-07-06T20:35:53Z,,,,,,4317.8
2026-07-06T20:35:53Z,,,,,,4346.4
2026-07-06T20:35:54Z,,,,,,4376.3
2026-07-06T20:35:54Z,,,,,,4406.6
2026-07-06T20:35:54Z,,,,,,4433.3
2026-07-06T20:35:54Z,,,,,,4456.4
2026-07-06T20:35:54Z,,,,,,4476.5
2026-07-06T20:35:54Z,51.557198,-0.068693,12.7,21,1,4491.2
2026-07-06T20:35:54Z,,,,,,4499.9
2026-07-06T20:35:54Z,,,,,,4503.2
2026-07-06T20:35:54Z,,,,,,4503.4
2026-07-06T20:35:54Z,,,,,,4499.9
2026-07-06T20:35:55Z,,,,,,4492.1
2026-07-06T20:35:55Z,,,,,,4480.5
2026-07-06T20:35:55Z,,,,,,4465.8
2026-07-06T20:35:55Z,,,,,,4447.3
2026-07-06T20:35:55Z,,,,,,4428.5
2026-07-06T20:35:55Z,51.557194,-0.068691,13.4,21,1,4410.6
2026-07-06T20:35:55Z,,,,,,4390.1
2026-07-06T20:35:55Z,,,,,,4367.3
2026-07-06T20:35:55Z,,,,,,4344.4
2026-07-06T20:35:56Z,,,,,,4323.7
2026-07-06T20:35:56Z,,,,,,4303.6
2026-07-06T20:35:56Z,,,,,,4284.2
2026-07-06T20:35:56Z,,,,,,4267.5
2026-07-06T20:35:56Z,,,,,,4250.0
2026-07-06T20:35:56Z,,,,,,4231.8
2026-07-06T20:35:56Z,51.557198,-0.068692,13.8,21,1,4215.6
2026-07-06T20:35:56Z,,,,,,4200.9
2026-07-06T20:35:56Z,,,,,,4185.4
2026-07-06T20:35:56Z,,,,,,4171.6
2026-07-06T20:35:57Z,,,,,,4160.5
2026-07-06T20:35:57Z,,,,,,4148.7
2026-07-06T20:35:57Z,,,,,,4137.4
2026-07-06T20:35:57Z,,,,,,4127.9
2026-07-06T20:35:57Z,,,,,,4119.1
2026-07-06T20:35:57Z,,,,,,4109.5
2026-07-06T20:35:57Z,51.557201,-0.068695,14.1,21,1,4101.2
2026-07-06T20:35:57Z,,,,,,4096.0
2026-07-06T20:35:57Z,,,,,,4090.8
2026-07-06T20:35:57Z,,,,,,4085.8
2026-07-06T20:35:58Z,,,,,,4082.1
2026-07-06T20:35:58Z,,,,,,4079.4
2026-07-06T20:35:58Z,,,,,,4076.1
2026-07-06T20:35:58Z,,,,,,4073.4
2026-07-06T20:35:58Z,,,,,,4074.0
2026-07-06T20:35:58Z,,,,,,4075.7
2026-07-06T20:35:58Z,51.557205,-0.068699,14.6,21,1,4078.9
2026-07-06T20:35:58Z,,,,,,4084.4
2026-07-06T20:35:58Z,,,,,,4091.1
2026-07-06T20:35:58Z,,,,,,4097.7
2026-07-06T20:35:58Z,,,,,,4103.8
2026-07-06T20:35:58Z,,,,,,4111.2
2026-07-06T20:35:59Z,,,,,,4117.8
2026-07-06T20:35:59Z,,,,,,4121.4
2026-07-06T20:35:59Z,,,,,,4124.3
2026-07-06T20:35:59Z,,,,,,4126.3
2026-07-06T20:35:59Z,51.557209,-0.068700,15.0,20,1,4126.0
2026-07-06T20:35:59Z,,,,,,4124.4
2026-07-06T20:35:59Z,,,,,,4122.7
2026-07-06T20:35:59Z,,,,,,4121.4
2026-07-06T20:36:00Z,,,,,,4121.5
2026-07-06T20:36:00Z,,,,,,4124.6
2026-07-06T20:36:00Z,,,,,,4131.6
2026-07-06T20:36:00Z,,,,,,4141.5
2026-07-06T20:36:00Z,,,,,,4154.8
2026-07-06T20:36:00Z,,,,,,4174.5
2026-07-06T20:36:00Z,51.557209,-0.068701,15.1,20,1,4199.5
2026-07-06T20:36:00Z,,,,,,4226.0
2026-07-06T20:36:00Z,,,,,,4252.1
2026-07-06T20:36:00Z,,,,,,4276.8
2026-07-06T20:36:00Z,,,,,,4298.2
2026-07-06T20:36:01Z,,,,,,4319.3
2026-07-06T20:36:01Z,,,,,,4336.4
2026-07-06T20:36:01Z,,,,,,4348.4
2026-07-06T20:36:01Z,,,,,,4357.1
2026-07-06T20:36:01Z,,,,,,4361.2
2026-07-06T20:36:01Z,51.557198,-0.068701,14.5,21,1,4361.1
2026-07-06T20:36:01Z,,,,,,4357.2
2026-07-06T20:36:01Z,,,,,,4351.2
2026-07-06T20:36:01Z,,,,,,4343.2
2026-07-06T20:36:01Z,,,,,,4332.8
2026-07-06T20:36:02Z,,,,,,4319.6
2026-07-06T20:36:02Z,,,,,,4305.1
2026-07-06T20:36:02Z,,,,,,4293.3
2026-07-06T20:36:02Z,,,,,,4283.2
2026-07-06T20:36:02Z,,,,,,4275.2
2026-07-06T20:36:02Z,51.557190,-0.068699,14.5,21,1,4271.4
2026-07-06T20:36:02Z,,,,,,4273.2
2026-07-06T20:36:02Z,,,,,,4283.0
2026-07-06T20:36:02Z,,,,,,4302.3
2026-07-06T20:36:03Z,,,,,,4328.9
2026-07-06T20:36:03Z,,,,,,4362.0
2026-07-06T20:36:03Z,,,,,,4397.9
2026-07-06T20:36:03Z,,,,,,4431.3
2026-07-06T20:36:03Z,,,,,,4462.8
2026-07-06T20:36:03Z,,,,,,4490.7
2026-07-06T20:36:03Z,51.557178,-0.068698,14.6,21,1,4514.2
2026-07-06T20:36:03Z,,,,,,4530.9
2026-07-06T20:36:03Z,,,,,,4539.8
2026-07-06T20:36:03Z,,,,,,4543.7
2026-07-06T20:36:04Z,,,,,,4542.7
2026-07-06T20:36:04Z,,,,,,4538.5
2026-07-06T20:36:04Z,,,,,,4533.1
2026-07-06T20:36:04Z,,,,,,4521.5
2026-07-06T20:36:04Z,,,,,,4503.1
2026-07-06T20:36:04Z,,,,,,4482.6
2026-07-06T20:36:04Z,51.557171,-0.068695,14.7,21,1,4461.3
2026-07-06T20:36:04Z,,,,,,4440.1
2026-07-06T20:36:04Z,,,,,,4420.0
2026-07-06T20:36:04Z,,,,,,4399.1
2026-07-06T20:36:05Z,,,,,,4377.5
2026-07-06T20:36:05Z,,,,,,4355.4
2026-07-06T20:36:05Z,,,,,,4333.5
2026-07-06T20:36:05Z,,,,,,4313.5
2026-07-06T20:36:05Z,,,,,,4295.4
2026-07-06T20:36:05Z,,,,,,4278.4
2026-07-06T20:36:05Z,51.557159,-0.068690,14.7,21,1,4261.8
2026-07-06T20:36:05Z,,,,,,4245.4
2026-07-06T20:36:05Z,,,,,,4230.8
2026-07-06T20:36:05Z,,,,,,4220.4
2026-07-06T20:36:05Z,,,,,,4212.7
2026-07-06T20:36:06Z,,,,,,4205.5
2026-07-06T20:36:06Z,,,,,,4199.4
2026-07-06T20:36:06Z,,,,,,4195.4
2026-07-06T20:36:06Z,,,,,,4192.1
2026-07-06T20:36:06Z,,,,,,4191.7
2026-07-06T20:36:06Z,51.557152,-0.068684,15.0,21,1,4194.8
2026-07-06T20:36:06Z,,,,,,4196.8
2026-07-06T20:36:06Z,,,,,,4197.7
2026-07-06T20:36:06Z,,,,,,4197.9
2026-07-06T20:36:07Z,,,,,,4196.2
2026-07-06T20:36:07Z,,,,,,4195.3
2026-07-06T20:36:07Z,,,,,,4194.4
2026-07-06T20:36:07Z,,,,,,4189.8
2026-07-06T20:36:07Z,,,,,,4183.7
2026-07-06T20:36:07Z,,,,,,4177.4
2026-07-06T20:36:07Z,51.557144,-0.068677,15.1,21,1,4171.5
2026-07-06T20:36:07Z,,,,,,4167.4
2026-07-06T20:36:07Z,,,,,,4168.8
2026-07-06T20:36:07Z,,,,,,4174.4
2026-07-06T20:36:08Z,,,,,,4182.7
2026-07-06T20:36:08Z,,,,,,4196.8
2026-07-06T20:36:08Z,,,,,,4218.2
2026-07-06T20:36:08Z,,,,,,4247.0
2026-07-06T20:36:08Z,,,,,,4277.6
2026-07-06T20:36:08Z,,,,,,4306.0
2026-07-06T20:36:08Z,51.557137,-0.068669,15.3,21,1,4333.0
2026-07-06T20:36:08Z,,,,,,4355.9
2026-07-06T20:36:08Z,,,,,,4372.4
2026-07-06T20:36:08Z,,,,,,4384.8
2026-07-06T20:36:09Z,,,,,,4393.8
2026-07-06T20:36:09Z,,,,,,4396.4
2026-07-06T20:36:09Z,,,,,,4394.0
2026-07-06T20:36:09Z,,,,,,4389.1
2026-07-06T20:36:09Z,,,,,,4380.1
2026-07-06T20:36:09Z,,,,,,4369.0
2026-07-06T20:36:09Z,51.557129,-0.068664,15.4,21,1,4356.6
2026-07-06T20:36:09Z,,,,,,4341.7
2026-07-06T20:36:09Z,,,,,,4324.9
2026-07-06T20:36:09Z,,,,,,4307.4
2026-07-06T20:36:10Z,,,,,,4291.5
2026-07-06T20:36:10Z,,,,,,4273.2
2026-07-06T20:36:10Z,,,,,,4256.2
2026-07-06T20:36:10Z,,,,,,4240.3
2026-07-06T20:36:10Z,,,,,,4223.5
2026-07-06T20:36:10Z,,,,,,4206.3
2026-07-06T20:36:10Z,51.557117,-0.068658,15.4,21,1,4190.3
2026-07-06T20:36:10Z,,,,,,4177.3
2026-07-06T20:36:10Z,,,,,,4164.6
2026-07-06T20:36:10Z,,,,,,4152.0
2026-07-06T20:36:11Z,,,,,,4140.7
2026-07-06T20:36:11Z,,,,,,4128.2
2026-07-06T20:36:11Z,,,,,,4115.8
2026-07-06T20:36:11Z,,,,,,4106.8
2026-07-06T20:36:11Z,,,,,,4099.2
2026-07-06T20:36:11Z,,,,,,4090.1
2026-07-06T20:36:11Z,51.557110,-0.068652,15.3,21,1,4080.8
2026-07-06T20:36:11Z,,,,,,4071.8
2026-07-06T20:36:11Z,,,,,,4062.1
2026-07-06T20:36:11Z,,,,,,4056.1
2026-07-06T20:36:12Z,,,,,,4052.2
2026-07-06T20:36:12Z,,,,,,4046.6
2026-07-06T20:36:12Z,,,,,,4040.9
2026-07-06T20:36:12Z,,,,,,4035.4
2026-07-06T20:36:12Z,,,,,,4029.9
2026-07-06T20:36:12Z,,,,,,4024.2
2026-07-06T20:36:12Z,51.557098,-0.068646,15.1,21,1,4019.1
2026-07-06T20:36:12Z,,,,,,4014.5
2026-07-06T20:36:12Z,,,,,,4010.0
2026-07-06T20:36:12Z,,,,,,4005.0
2026-07-06T20:36:12Z,,,,,,4000.1
2026-07-06T20:36:13Z,,,,,,3996.8
2026-07-06T20:36:13Z,,,,,,3992.1
2026-07-06T20:36:13Z,,,,,,3987.5
2026-07-06T20:36:13Z,,,,,,3984.7
2026-07-06T20:36:13Z,,,,,,3981.8
2026-07-06T20:36:13Z,51.557091,-0.068640,15.1,21,1,3978.4
2026-07-06T20:36:13Z,,,,,,3975.2
2026-07-06T20:36:13Z,,,,,,3972.1
2026-07-06T20:36:13Z,,,,,,3968.8
2026-07-06T20:36:14Z,,,,,,3968.0
2026-07-06T20:36:14Z,,,,,,3970.5
2026-07-06T20:36:14Z,,,,,,3976.7
2026-07-06T20:36:14Z,,,,,,3987.7
2026-07-06T20:36:14Z,,,,,,4002.1
2026-07-06T20:36:14Z,,,,,,4019.2
2026-07-06T20:36:14Z,51.557079,-0.068637,14.9,21,1,4039.9
2026-07-06T20:36:14Z,,,,,,4065.0
2026-07-06T20:36:14Z,,,,,,4091.6
2026-07-06T20:36:14Z,,,,,,4117.8
2026-07-06T20:36:15Z,,,,,,4140.0
2026-07-06T20:36:15Z,,,,,,4159.4
2026-07-06T20:36:15Z,,,,,,4174.3
2026-07-06T20:36:15Z,,,,,,4183.1
2026-07-06T20:36:15Z,,,,,,4189.3
2026-07-06T20:36:15Z,,,,,,4193.8
2026-07-06T20:36:15Z,51.557072,-0.068632,15.1,21,1,4195.3
2026-07-06T20:36:15Z,,,,,,4193.9
2026-07-06T20:36:15Z,,,,,,4190.0
2026-07-06T20:36:15Z,,,,,,4183.4
2026-07-06T20:36:16Z,,,,,,4175.4
2026-07-06T20:36:16Z,,,,,,4168.6
2026-07-06T20:36:16Z,,,,,,4161.6
2026-07-06T20:36:16Z,,,,,,4155.1
2026-07-06T20:36:16Z,,,,,,4150.4
2026-07-06T20:36:16Z,,,,,,4146.5
2026-07-06T20:36:16Z,51.557064,-0.068626,15.1,21,1,4144.2
2026-07-06T20:36:16Z,,,,,,4145.1
2026-07-06T20:36:16Z,,,,,,4145.3
2026-07-06T20:36:16Z,,,,,,4143.3
2026-07-06T20:36:17Z,,,,,,4140.9
2026-07-06T20:36:17Z,,,,,,4137.7
2026-07-06T20:36:17Z,,,,,,4133.0
2026-07-06T20:36:17Z,,,,,,4129.2
2026-07-06T20:36:17Z,,,,,,4125.5
2026-07-06T20:36:17Z,,,,,,4118.1
2026-07-06T20:36:17Z,51.557053,-0.068620,15.0,21,1,4109.9
2026-07-06T20:36:17Z,,,,,,4101.7
2026-07-06T20:36:17Z,,,,,,4093.5
2026-07-06T20:36:17Z,,,,,,4087.1
2026-07-06T20:36:18Z,,,,,,4081.1
2026-07-06T20:36:18Z,,,,,,4072.7
2026-07-06T20:36:18Z,,,,,,4062.9
2026-07-06T20:36:18Z,,,,,,4054.0
2026-07-06T20:36:18Z,,,,,,4045.6
2026-07-06T20:36:18Z,,,,,,4037.6
2026-07-06T20:36:18Z,51.557045,-0.068616,15.1,21,1,4030.2
2026-07-06T20:36:18Z,,,,,,4022.0
2026-07-06T20:36:18Z,,,,,,4013.9
2026-07-06T20:36:18Z,,,,,,4007.3
2026-07-06T20:36:19Z,,,,,,4004.7
2026-07-06T20:36:19Z,,,,,,4007.3
2026-07-06T20:36:19Z,,,,,,4012.0
2026-07-06T20:36:19Z,,,,,,4020.0
2026-07-06T20:36:19Z,,,,,,4033.5
2026-07-06T20:36:19Z,,,,,,4048.6
2026-07-06T20:36:19Z,51.557034,-0.068609,15.3,21,1,4064.2
2026-07-06T20:36:19Z,,,,,,4080.8
2026-07-06T20:36:19Z,,,,,,4095.5
2026-07-06T20:36:19Z,,,,,,4106.2
2026-07-06T20:36:20Z,,,,,,4114.6
2026-07-06T20:36:20Z,,,,,,4120.5
2026-07-06T20:36:20Z,,,,,,4125.0
2026-07-06T20:36:20Z,,,,,,4128.5
2026-07-06T20:36:20Z,,,,,,4127.8
2026-07-06T20:36:20Z,,,,,,4123.4
2026-07-06T20:36:20Z,51.557026,-0.068600,15.3,21,1,4118.4
2026-07-06T20:36:20Z,,,,,,4112.2
2026-07-06T20:36:20Z,,,,,,4105.2
2026-07-06T20:36:20Z,,,,,,4098.0
2026-07-06T20:36:21Z,,,,,,4089.8
2026-07-06T20:36:21Z,,,,,,4079.4
2026-07-06T20:36:21Z,,,,,,4067.2
2026-07-06T20:36:21Z,,,,,,4056.7
2026-07-06T20:36:21Z,,,,,,4048.9
2026-07-06T20:36:21Z,,,,,,4042.1
2026-07-06T20:36:21Z,51.557018,-0.068593,15.2,21,1,4035.0
2026-07-06T20:36:21Z,,,,,,4027.1
2026-07-06T20:36:21Z,,,,,,4020.9
2026-07-06T20:36:21Z,,,,,,4015.2
2026-07-06T20:36:21Z,,,,,,4011.5
2026-07-06T20:36:22Z,,,,,,4009.7
2026-07-06T20:36:22Z,,,,,,4005.7
2026-07-06T20:36:22Z,,,,,,4000.9
2026-07-06T20:36:22Z,,,,,,3996.2
2026-07-06T20:36:22Z,,,,,,3989.9
2026-07-06T20:36:22Z,51.557007,-0.068588,15.3,21,1,3986.2
2026-07-06T20:36:22Z,,,,,,3984.6
2026-07-06T20:36:22Z,,,,,,3979.6
2026-07-06T20:36:22Z,,,,,,3973.6
2026-07-06T20:36:22Z,,,,,,3969.1
2026-07-06T20:36:23Z,,,,,,3964.6
2026-07-06T20:36:23Z,,,,,,3959.8
2026-07-06T20:36:23Z,,,,,,3956.8
2026-07-06T20:36:23Z,,,,,,3953.4
2026-07-06T20:36:23Z,,,,,,3947.5
2026-07-06T20:36:23Z,51.556999,-0.068583,15.3,21,1,3940.5
2026-07-06T20:36:23Z,,,,,,3934.4
2026-07-06T20:36:23Z,,,,,,3930.3
2026-07-06T20:36:23Z,,,,,,3926.2
2026-07-06T20:36:23Z,,,,,,3921.6
2026-07-06T20:36:24Z,,,,,,3917.2
2026-07-06T20:36:24Z,,,,,,3912.4
2026-07-06T20:36:24Z,,,,,,3908.0
2026-07-06T20:36:24Z,,,,,,3905.1
2026-07-06T20:36:24Z,,,,,,3901.9
2026-07-06T20:36:24Z,51.556988,-0.068577,15.5,21,1,3897.9
2026-07-06T20:36:24Z,,,,,,3895.1
2026-07-06T20:36:24Z,,,,,,3893.2
2026-07-06T20:36:24Z,,,,,,3891.6
2026-07-06T20:36:24Z,,,,,,3892.0
2026-07-06T20:36:25Z,,,,,,3893.7
2026-07-06T20:36:25Z,,,,,,3894.2
2026-07-06T20:36:25Z,,,,,,3894.9
2026-07-06T20:36:25Z,,,,,,3898.4
2026-07-06T20:36:25Z,,,,,,3902.0
2026-07-06T20:36:25Z,51.556976,-0.068574,15.8,21,1,3906.5
2026-07-06T20:36:25Z,,,,,,3911.5
2026-07-06T20:36:25Z,,,,,,3913.2
2026-07-06T20:36:25Z,,,,,,3914.1
2026-07-06T20:36:25Z,,,,,,3916.0
2026-07-06T20:36:26Z,,,,,,3917.9
2026-07-06T20:36:26Z,,,,,,3920.5
2026-07-06T20:36:26Z,,,,,,3922.1
2026-07-06T20:36:26Z,,,,,,3921.7
2026-07-06T20:36:26Z,,,,,,3920.7
2026-07-06T20:36:26Z,51.556969,-0.068570,15.9,21,1,3920.4
2026-07-06T20:36:26Z,,,,,,3921.6
2026-07-06T20:36:26Z,,,,,,3923.2
2026-07-06T20:36:26Z,,,,,,3923.7
2026-07-06T20:36:26Z,,,,,,3922.7
2026-07-06T20:36:27Z,,,,,,3920.8
2026-07-06T20:36:27Z,,,,,,3917.7
2026-07-06T20:36:27Z,,,,,,3915.5
2026-07-06T20:36:27Z,,,,,,3915.9
2026-07-06T20:36:27Z,,,,,,3913.2
2026-07-06T20:36:27Z,51.556961,-0.068567,16.1,21,1,3908.0
2026-07-06T20:36:27Z,,,,,,3903.8
2026-07-06T20:36:27Z,,,,,,3899.4
2026-07-06T20:36:27Z,,,,,,3895.0
2026-07-06T20:36:27Z,,,,,,3892.5
2026-07-06T20:36:28Z,,,,,,3889.0
2026-07-06T20:36:28Z,,,,,,3882.8
2026-07-06T20:36:28Z,,,,,,3877.0
2026-07-06T20:36:28Z,,,,,,3871.2
2026-07-06T20:36:28Z,,,,,,3865.2
2026-07-06T20:36:28Z,51.556950,-0.068567,16.2,21,1,3862.0
2026-07-06T20:36:28Z,,,,,,3858.0
2026-07-06T20:36:28Z,,,,,,3852.1
2026-07-06T20:36:28Z,,,,,,3847.3
2026-07-06T20:36:28Z,,,,,,3842.8
2026-07-06T20:36:29Z,,,,,,3838.3
2026-07-06T20:36:29Z,,,,,,3834.9
2026-07-06T20:36:29Z,,,,,,3832.5
2026-07-06T20:36:29Z,,,,,,3828.5
2026-07-06T20:36:29Z,,,,,,3823.8
2026-07-06T20:36:29Z,51.556942,-0.068563,16.2,21,1,3819.1
2026-07-06T20:36:29Z,,,,,,3814.5
2026-07-06T20:36:29Z,,,,,,3811.8
2026-07-06T20:36:29Z,,,,,,3809.0
2026-07-06T20:36:29Z,,,,,,3806.2
2026-07-06T20:36:30Z,,,,,,3805.9
2026-07-06T20:36:30Z,,,,,,3807.7
2026-07-06T20:36:30Z,,,,,,3812.8
2026-07-06T20:36:30Z,,,,,,3823.0
2026-07-06T20:36:30Z,,,,,,3836.1
2026-07-06T20:36:30Z,51.556931,-0.068558,16.0,21,1,3852.3
2026-07-06T20:36:30Z,,,,,,3872.5
2026-07-06T20:36:30Z,,,,,,3893.9
2026-07-06T20:36:30Z,,,,,,3915.9
2026-07-06T20:36:30Z,,,,,,3937.7
2026-07-06T20:36:31Z,,,,,,3956.4
2026-07-06T20:36:31Z,,,,,,3969.8
2026-07-06T20:36:31Z,,,,,,3980.6
2026-07-06T20:36:31Z,,,,,,3989.4
2026-07-06T20:36:31Z,,,,,,3994.8
2026-07-06T20:36:31Z,51.556923,-0.068550,16.5,22,1,3999.6
2026-07-06T20:36:31Z,,,,,,4002.5
2026-07-06T20:36:31Z,,,,,,4000.6
2026-07-06T20:36:31Z,,,,,,3996.5
2026-07-06T20:36:31Z,,,,,,3991.9
2026-07-06T20:36:32Z,,,,,,3986.9
2026-07-06T20:36:32Z,,,,,,3980.6
2026-07-06T20:36:32Z,,,,,,3972.5
2026-07-06T20:36:32Z,,,,,,3964.1
2026-07-06T20:36:32Z,,,,,,3955.3
2026-07-06T20:36:32Z,51.556915,-0.068542,17.0,22,1,3947.4
2026-07-06T20:36:32Z,,,,,,3941.3
2026-07-06T20:36:32Z,,,,,,3935.3
2026-07-06T20:36:32Z,,,,,,3928.7
2026-07-06T20:36:32Z,,,,,,3922.6
2026-07-06T20:36:33Z,,,,,,3916.5
2026-07-06T20:36:33Z,,,,,,3909.0
2026-07-06T20:36:33Z,,,,,,3904.7
2026-07-06T20:36:33Z,,,,,,3901.3
2026-07-06T20:36:33Z,,,,,,3895.1
2026-07-06T20:36:33Z,51.556908,-0.068533,17.4,22,1,3889.3
2026-07-06T20:36:33Z,,,,,,3884.5
2026-07-06T20:36:33Z,,,,,,3879.6
2026-07-06T20:36:33Z,,,,,,3875.3
2026-07-06T20:36:33Z,,,,,,3873.1
2026-07-06T20:36:34Z,,,,,,3870.4
2026-07-06T20:36:34Z,,,,,,3866.3
2026-07-06T20:36:34Z,,,,,,3863.9
2026-07-06T20:36:34Z,,,,,,3862.4
2026-07-06T20:36:34Z,,,,,,3863.7
2026-07-06T20:36:34Z,51.556900,-0.068528,17.5,22,1,3869.0
2026-07-06T20:36:34Z,,,,,,3875.3
2026-07-06T20:36:34Z,,,,,,3880.8
2026-07-06T20:36:34Z,,,,,,3885.9
2026-07-06T20:36:34Z,,,,,,3891.5
2026-07-06T20:36:35Z,,,,,,3897.9
2026-07-06T20:36:35Z,,,,,,3904.4
2026-07-06T20:36:35Z,,,,,,3910.9
2026-07-06T20:36:35Z,,,,,,3916.1
2026-07-06T20:36:35Z,,,,,,3918.4
2026-07-06T20:36:35Z,51.556889,-0.068525,17.4,22,1,3919.9
2026-07-06T20:36:35Z,,,,,,3923.3
2026-07-06T20:36:35Z,,,,,,3925.3
2026-07-06T20:36:35Z,,,,,,3924.3
2026-07-06T20:36:35Z,,,,,,3923.3
2026-07-06T20:36:36Z,,,,,,3921.5
2026-07-06T20:36:36Z,,,,,,3919.2
2026-07-06T20:36:36Z,,,,,,3919.4
2026-07-06T20:36:36Z,,,,,,3921.5
2026-07-06T20:36:36Z,,,,,,3924.3
2026-07-06T20:36:36Z,51.556877,-0.068523,17.1,22,1,3930.3
2026-07-06T20:36:36Z,,,,,,3938.3
2026-07-06T20:36:36Z,,,,,,3945.8
2026-07-06T20:36:36Z,,,,,,3955.6
2026-07-06T20:36:36Z,,,,,,3964.0
2026-07-06T20:36:37Z,,,,,,3968.9
2026-07-06T20:36:37Z,,,,,,3973.5
2026-07-06T20:36:37Z,,,,,,3977.6
2026-07-06T20:36:37Z,,,,,,3981.1
2026-07-06T20:36:37Z,,,,,,3983.8
2026-07-06T20:36:37Z,51.556870,-0.068523,16.6,22,1,3984.6
2026-07-06T20:36:37Z,,,,,,3983.1
2026-07-06T20:36:37Z,,,,,,3978.9
2026-07-06T20:36:37Z,,,,,,3974.8
2026-07-06T20:36:37Z,,,,,,3972.7
2026-07-06T20:36:38Z,,,,,,3969.8
2026-07-06T20:36:38Z,,,,,,3964.9
2026-07-06T20:36:38Z,,,,,,3958.9
2026-07-06T20:36:38Z,,,,,,3953.5
2026-07-06T20:36:38Z,,,,,,3947.6
2026-07-06T20:36:38Z,51.556858,-0.068521,16.2,22,1,3943.5
2026-07-06T20:36:38Z,,,,,,3940.8
2026-07-06T20:36:38Z,,,,,,3936.1
2026-07-06T20:36:38Z,,,,,,3929.9
2026-07-06T20:36:38Z,,,,,,3923.8
2026-07-06T20:36:39Z,,,,,,3917.2
2026-07-06T20:36:39Z,,,,,,3912.6
2026-07-06T20:36:39Z,,,,,,3911.0
2026-07-06T20:36:39Z,,,,,,3906.0
2026-07-06T20:36:39Z,,,,,,3898.0
2026-07-06T20:36:39Z,51.556850,-0.068520,15.8,22,1,3892.2
2026-07-06T20:36:39Z,,,,,,3887.3
2026-07-06T20:36:39Z,,,,,,3882.0
2026-07-06T20:36:39Z,,,,,,3879.7
2026-07-06T20:36:39Z,,,,,,3879.0
2026-07-06T20:36:40Z,,,,,,3875.5
2026-07-06T20:36:40Z,,,,,,3871.7
2026-07-06T20:36:40Z,,,,,,3869.9
2026-07-06T20:36:40Z,,,,,,3870.9
2026-07-06T20:36:40Z,,,,,,3877.4
2026-07-06T20:36:40Z,51.556839,-0.068520,15.6,22,1,3887.6
2026-07-06T20:36:40Z,,,,,,3898.0
2026-07-06T20:36:40Z,,,,,,3910.5
2026-07-06T20:36:40Z,,,,,,3924.6
2026-07-06T20:36:41Z,,,,,,3938.5
2026-07-06T20:36:41Z,,,,,,3953.7
2026-07-06T20:36:41Z,,,,,,3968.1
2026-07-06T20:36:41Z,,,,,,3980.1
2026-07-06T20:36:41Z,,,,,,3987.9
2026-07-06T20:36:41Z,,,,,,3991.1
2026-07-06T20:36:41Z,51.556831,-0.068519,15.5,22,1,3993.1
2026-07-06T20:36:41Z,,,,,,3994.6
2026-07-06T20:36:41Z,,,,,,3993.7
2026-07-06T20:36:41Z,,,,,,3991.0
2026-07-06T20:36:41Z,,,,,,3987.6
2026-07-06T20:36:42Z,,,,,,3982.5
2026-07-06T20:36:42Z,,,,,,3975.4
2026-07-06T20:36:42Z,,,,,,3969.5
2026-07-06T20:36:42Z,,,,,,3964.5
2026-07-06T20:36:42Z,,,,,,3960.1
2026-07-06T20:36:42Z,51.556820,-0.068517,15.4,22,1,3958.9
2026-07-06T20:36:42Z,,,,,,3959.5
2026-07-06T20:36:42Z,,,,,,3961.3
2026-07-06T20:36:42Z,,,,,,3966.0
2026-07-06T20:36:43Z,,,,,,3970.6
2026-07-06T20:36:43Z,,,,,,3973.9
2026-07-06T20:36:43Z,,,,,,3977.5
2026-07-06T20:36:43Z,,,,,,3981.1
2026-07-06T20:36:43Z,,,,,,3983.6
2026-07-06T20:36:43Z,,,,,,3985.3
2026-07-06T20:36:43Z,51.556808,-0.068518,15.2,22,1,3986.3
2026-07-06T20:36:43Z,,,,,,3985.3
2026-07-06T20:36:43Z,,,,,,3982.8
2026-07-06T20:36:43Z,,,,,,3979.4
2026-07-06T20:36:44Z,,,,,,3976.3
2026-07-06T20:36:44Z,,,,,,3972.1
2026-07-06T20:36:44Z,,,,,,3965.4
2026-07-06T20:36:44Z,,,,,,3958.3
2026-07-06T20:36:44Z,,,,,,3952.4
2026-07-06T20:36:44Z,,,,,,3947.1
2026-07-06T20:36:44Z,51.556801,-0.068517,15.0,22,1,3943.4
2026-07-06T20:36:44Z,,,,,,3942.0
2026-07-06T20:36:44Z,,,,,,3939.9
2026-07-06T20:36:44Z,,,,,,3937.0
2026-07-06T20:36:44Z,,,,,,3934.9
2026-07-06T20:36:45Z,,,,,,3931.0
2026-07-06T20:36:45Z,,,,,,3926.7
2026-07-06T20:36:45Z,,,,,,3924.7
2026-07-06T20:36:45Z,,,,,,3922.1
2026-07-06T20:36:45Z,,,,,,3917.4
2026-07-06T20:36:45Z,51.556793,-0.068511,14.9,22,1,3913.2
2026-07-06T20:36:45Z,,,,,,3909.2
2026-07-06T20:36:45Z,,,,,,3904.0
2026-07-06T20:36:45Z,,,,,,3899.6
2026-07-06T20:36:45Z,,,,,,3896.2
2026-07-06T20:36:45Z,,,,,,3891.3
2026-07-06T20:36:46Z,,,,,,3886.0
2026-07-06T20:36:46Z,,,,,,3881.4
2026-07-06T20:36:46Z,,,,,,3877.2
2026-07-06T20:36:46Z,,,,,,3874.9
2026-07-06T20:36:46Z,51.556782,-0.068504,14.8,22,1,3875.3
2026-07-06T20:36:46Z,,,,,,3877.5
2026-07-06T20:36:46Z,,,,,,3880.7
2026-07-06T20:36:46Z,,,,,,3886.0
2026-07-06T20:36:46Z,,,,,,3894.3
2026-07-06T20:36:46Z,,,,,,3905.7
2026-07-06T20:36:47Z,,,,,,3919.0
2026-07-06T20:36:47Z,,,,,,3935.2
2026-07-06T20:36:47Z,,,,,,3952.2
2026-07-06T20:36:47Z,,,,,,3967.9
2026-07-06T20:36:47Z,51.556774,-0.068498,15.0,22,1,3982.9
2026-07-06T20:36:47Z,,,,,,3997.4
2026-07-06T20:36:47Z,,,,,,4009.6
2026-07-06T20:36:47Z,,,,,,4019.5
2026-07-06T20:36:47Z,,,,,,4028.2
2026-07-06T20:36:47Z,,,,,,4033.7
2026-07-06T20:36:48Z,,,,,,4035.7
2026-07-06T20:36:48Z,,,,,,4036.8
2026-07-06T20:36:48Z,,,,,,4038.0
2026-07-06T20:36:48Z,,,,,,4036.0
2026-07-06T20:36:48Z,51.556763,-0.068493,15.0,22,1,4031.5
2026-07-06T20:36:48Z,,,,,,4026.2
2026-07-06T20:36:48Z,,,,,,4018.5
2026-07-06T20:36:48Z,,,,,,4010.4
2026-07-06T20:36:48Z,,,,,,4002.8
2026-07-06T20:36:48Z,,,,,,3994.4
2026-07-06T20:36:49Z,,,,,,3985.1
2026-07-06T20:36:49Z,,,,,,3975.4
2026-07-06T20:36:49Z,,,,,,3967.2
2026-07-06T20:36:49Z,,,,,,3958.9
2026-07-06T20:36:49Z,51.556755,-0.068488,15.2,22,1,3951.2
2026-07-06T20:36:49Z,,,,,,3945.1
2026-07-06T20:36:49Z,,,,,,3939.6
2026-07-06T20:36:49Z,,,,,,3935.6
2026-07-06T20:36:49Z,,,,,,3934.0
2026-07-06T20:36:50Z,,,,,,3935.5
2026-07-06T20:36:50Z,,,,,,3940.0
2026-07-06T20:36:50Z,,,,,,3945.3
2026-07-06T20:36:50Z,,,,,,3950.1
2026-07-06T20:36:50Z,,,,,,3954.8
2026-07-06T20:36:50Z,51.556744,-0.068484,15.4,22,1,3958.0
2026-07-06T20:36:50Z,,,,,,3960.5
2026-07-06T20:36:50Z,,,,,,3962.6
2026-07-06T20:36:50Z,,,,,,3962.5
2026-07-06T20:36:50Z,,,,,,3961.1
2026-07-06T20:36:51Z,,,,,,3958.8
2026-07-06T20:36:51Z,,,,,,3954.9
2026-07-06T20:36:51Z,,,,,,3950.1
2026-07-06T20:36:51Z,,,,,,3947.2
2026-07-06T20:36:51Z,,,,,,3943.6
2026-07-06T20:36:51Z,51.556736,-0.068477,15.6,22,1,3937.5
2026-07-06T20:36:51Z,,,,,,3931.3
2026-07-06T20:36:51Z,,,,,,3925.1
2026-07-06T20:36:51Z,,,,,,3917.8
2026-07-06T20:36:51Z,,,,,,3911.5
2026-07-06T20:36:52Z,,,,,,3907.2
2026-07-06T20:36:52Z,,,,,,3901.4
2026-07-06T20:36:52Z,,,,,,3894.3
2026-07-06T20:36:52Z,,,,,,3888.4
2026-07-06T20:36:52Z,,,,,,3885.5
2026-07-06T20:36:52Z,51.556728,-0.068469,16.0,22,1,3886.5
2026-07-06T20:36:52Z,,,,,,3891.4
2026-07-06T20:36:52Z,,,,,,3901.4
2026-07-06T20:36:52Z,,,,,,3915.2
2026-07-06T20:36:52Z,,,,,,3932.0
2026-07-06T20:36:53Z,,,,,,3951.7
2026-07-06T20:36:53Z,,,,,,3974.5
2026-07-06T20:36:53Z,,,,,,3997.9
2026-07-06T20:36:53Z,,,,,,4019.7
2026-07-06T20:36:53Z,,,,,,4040.0
2026-07-06T20:36:53Z,51.556717,-0.068461,16.3,22,1,4058.4
2026-07-06T20:36:53Z,,,,,,4074.3
2026-07-06T20:36:53Z,,,,,,4089.0
2026-07-06T20:36:53Z,,,,,,4101.1
2026-07-06T20:36:53Z,,,,,,4108.4
2026-07-06T20:36:54Z,,,,,,4113.4
2026-07-06T20:36:54Z,,,,,,4115.7
2026-07-06T20:36:54Z,,,,,,4117.0
2026-07-06T20:36:54Z,,,,,,4119.5
2026-07-06T20:36:54Z,,,,,,4119.5
2026-07-06T20:36:54Z,51.556709,-0.068455,16.5,22,1,4117.0
2026-07-06T20:36:54Z,,,,,,4113.4
2026-07-06T20:36:54Z,,,,,,4110.6
2026-07-06T20:36:54Z,,,,,,4108.8
2026-07-06T20:36:54Z,,,,,,4107.6
2026-07-06T20:36:55Z,,,,,,4107.8
2026-07-06T20:36:55Z,,,,,,4108.4
2026-07-06T20:36:55Z,,,,,,4109.5
2026-07-06T20:36:55Z,,,,,,4112.6
2026-07-06T20:36:55Z,,,,,,4118.5
2026-07-06T20:36:55Z,51.556698,-0.068449,16.8,22,1,4126.5
2026-07-06T20:36:55Z,,,,,,4134.6
2026-07-06T20:36:55Z,,,,,,4142.6
2026-07-06T20:36:55Z,,,,,,4149.9
2026-07-06T20:36:55Z,,,,,,4155.9
2026-07-06T20:36:56Z,,,,,,4158.9
2026-07-06T20:36:56Z,,,,,,4160.0
2026-07-06T20:36:56Z,,,,,,4161.4
2026-07-06T20:36:56Z,,,,,,4160.8
2026-07-06T20:36:56Z,,,,,,4158.4
2026-07-06T20:36:56Z,51.556690,-0.068444,17.1,22,1,4156.7
2026-07-06T20:36:56Z,,,,,,4155.3
2026-07-06T20:36:56Z,,,,,,4153.9
2026-07-06T20:36:56Z,,,,,,4154.7
2026-07-06T20:36:56Z,,,,,,4154.9
2026-07-06T20:36:57Z,,,,,,4152.7
2026-07-06T20:36:57Z,,,,,,4149.6
2026-07-06T20:36:57Z,,,,,,4145.9
2026-07-06T20:36:57Z,,,,,,4139.5
2026-07-06T20:36:57Z,,,,,,4133.6
2026-07-06T20:36:57Z,51.556683,-0.068440,17.4,22,1,4128.0
2026-07-06T20:36:57Z,,,,,,4118.9
2026-07-06T20:36:57Z,,,,,,4109.9
2026-07-06T20:36:57Z,,,,,,4101.0
2026-07-06T20:36:57Z,,,,,,4091.2
2026-07-06T20:36:58Z,,,,,,4080.3
2026-07-06T20:36:58Z,,,,,,4070.9
2026-07-06T20:36:58Z,,,,,,4062.0
2026-07-06T20:36:58Z,,,,,,4050.5
2026-07-06T20:36:58Z,,,,,,4038.8
2026-07-06T20:36:58Z,51.556671,-0.068436,17.7,22,1,4027.2
2026-07-06T20:36:58Z,,,,,,4016.4
2026-07-06T20:36:58Z,,,,,,4007.7
2026-07-06T20:36:58Z,,,,,,3999.3
2026-07-06T20:36:58Z,,,,,,3991.0
2026-07-06T20:36:59Z,,,,,,3983.0
2026-07-06T20:36:59Z,,,,,,3975.5
2026-07-06T20:36:59Z,,,,,,3969.9
2026-07-06T20:36:59Z,,,,,,3966.2
2026-07-06T20:36:59Z,,,,,,3963.8
2026-07-06T20:36:59Z,51.556664,-0.068433,17.7,22,1,3962.9
2026-07-06T20:36:59Z,,,,,,3962.3
2026-07-06T20:36:59Z,,,,,,3961.2
2026-07-06T20:36:59Z,,,,,,3959.8
2026-07-06T20:36:59Z,,,,,,3959.1
2026-07-06T20:37:00Z,,,,,,3957.3
2026-07-06T20:37:00Z,,,,,,3955.7
2026-07-06T20:37:00Z,,,,,,3955.2
2026-07-06T20:37:00Z,,,,,,3952.9
2026-07-06T20:37:00Z,,,,,,3948.9
2026-07-06T20:37:00Z,51.556652,-0.068430,17.9,22,1,3945.1
2026-07-06T20:37:00Z,,,,,,3941.7
2026-07-06T20:37:00Z,,,,,,3938.7
2026-07-06T20:37:00Z,,,,,,3937.3
2026-07-06T20:37:00Z,,,,,,3936.2
2026-07-06T20:37:01Z,,,,,,3934.6
2026-07-06T20:37:01Z,,,,,,3935.4
2026-07-06T20:37:01Z,,,,,,3937.6
2026-07-06T20:37:01Z,,,,,,3939.7
2026-07-06T20:37:01Z,,,,,,3946.0
2026-07-06T20:37:01Z,51.556644,-0.068425,18.1,22,1,3955.1
2026-07-06T20:37:01Z,,,,,,3961.7
2026-07-06T20:37:01Z,,,,,,3967.5
2026-07-06T20:37:01Z,,,,,,3973.8
2026-07-06T20:37:01Z,,,,,,3978.1
2026-07-06T20:37:02Z,,,,,,3981.3
2026-07-06T20:37:02Z,,,,,,3984.2
2026-07-06T20:37:02Z,,,,,,3985.5
2026-07-06T20:37:02Z,,,,,,3985.6
2026-07-06T20:37:02Z,,,,,,3984.5
2026-07-06T20:37:02Z,51.556637,-0.068417,18.3,22,1,3981.9
2026-07-06T20:37:02Z,,,,,,3978.6
2026-07-06T20:37:02Z,,,,,,3975.0
2026-07-06T20:37:02Z,,,,,,3971.7
2026-07-06T20:37:02Z,,,,,,3968.1
2026-07-06T20:37:03Z,,,,,,3963.8
2026-07-06T20:37:03Z,,,,,,3959.1
2026-07-06T20:37:03Z,,,,,,3954.3
2026-07-06T20:37:03Z,,,,,,3949.3
2026-07-06T20:37:03Z,,,,,,3944.7
2026-07-06T20:37:03Z,51.556629,-0.068411,18.6,22,1,3942.3
2026-07-06T20:37:03Z,,,,,,3938.7
2026-07-06T20:37:03Z,,,,,,3933.7
2026-07-06T20:37:03Z,,,,,,3930.9
2026-07-06T20:37:03Z,,,,,,3929.3
2026-07-06T20:37:04Z,,,,,,3928.2
2026-07-06T20:37:04Z,,,,,,3929.7
2026-07-06T20:37:04Z,,,,,,3934.1
2026-07-06T20:37:04Z,,,,,,3938.0
2026-07-06T20:37:04Z,,,,,,3942.1
2026-07-06T20:37:04Z,51.556618,-0.068412,18.5,22,1,3947.6
2026-07-06T20:37:04Z,,,,,,3952.7
2026-07-06T20:37:04Z,,,,,,3958.5
2026-07-06T20:37:04Z,,,,,,3965.4
2026-07-06T20:37:04Z,,,,,,3970.6
2026-07-06T20:37:05Z,,,,,,3973.6
2026-07-06T20:37:05Z,,,,,,3975.8
2026-07-06T20:37:05Z,,,,,,3977.7
2026-07-06T20:37:05Z,,,,,,3977.4
2026-07-06T20:37:05Z,,,,,,3978.1
2026-07-06T20:37:05Z,51.556606,-0.068415,18.2,22,1,3979.2
2026-07-06T20:37:05Z,,,,,,3976.3
2026-07-06T20:37:05Z,,,,,,3971.1
2026-07-06T20:37:05Z,,,,,,3965.2
2026-07-06T20:37:05Z,,,,,,3960.2
2026-07-06T20:37:06Z,,,,,,3956.3
2026-07-06T20:37:06Z,,,,,,3953.3
2026-07-06T20:37:06Z,,,,,,3951.3
2026-07-06T20:37:06Z,,,,,,3949.5
2026-07-06T20:37:06Z,,,,,,3949.4
2026-07-06T20:37:06Z,51.556599,-0.068415,18.1,22,1,3951.6
2026-07-06T20:37:06Z,,,,,,3956.2
2026-07-06T20:37:06Z,,,,,,3963.8
2026-07-06T20:37:06Z,,,,,,3974.4
2026-07-06T20:37:06Z,,,,,,3986.2
2026-07-06T20:37:07Z,,,,,,3997.0
2026-07-06T20:37:07Z,,,,,,4009.3
2026-07-06T20:37:07Z,,,,,,4022.5
2026-07-06T20:37:07Z,,,,,,4033.9
2026-07-06T20:37:07Z,,,,,,4044.1
2026-07-06T20:37:07Z,51.556591,-0.068411,18.1,22,1,4053.0
2026-07-06T20:37:07Z,,,,,,4057.7
2026-07-06T20:37:07Z,,,,,,4060.1
2026-07-06T20:37:07Z,,,,,,4062.6
2026-07-06T20:37:07Z,,,,,,4062.9
2026-07-06T20:37:08Z,,,,,,4060.8
2026-07-06T20:37:08Z,,,,,,4057.7
2026-07-06T20:37:08Z,,,,,,4053.4
2026-07-06T20:37:08Z,,,,,,4049.3
2026-07-06T20:37:08Z,,,,,,4045.8
2026-07-06T20:37:08Z,51.556580,-0.068407,18.1,22,1,4040.9
2026-07-06T20:37:08Z,,,,,,4035.2
2026-07-06T20:37:08Z,,,,,,4030.7
2026-07-06T20:37:08Z,,,,,,4028.4
2026-07-06T20:37:08Z,,,,,,4030.2
2026-07-06T20:37:09Z,,,,,,4035.7
2026-07-06T20:37:09Z,,,,,,4044.2
2026-07-06T20:37:09Z,,,,,,4056.5
2026-07-06T20:37:09Z,,,,,,4071.6
2026-07-06T20:37:09Z,,,,,,4087.5
2026-07-06T20:37:09Z,51.556572,-0.068400,18.3,22,1,4103.9
2026-07-06T20:37:09Z,,,,,,4117.4
2026-07-06T20:37:09Z,,,,,,4126.8
2026-07-06T20:37:09Z,,,,,,4135.5
2026-07-06T20:37:09Z,,,,,,4142.1
2026-07-06T20:37:10Z,,,,,,4144.2
2026-07-06T20:37:10Z,,,,,,4145.2
2026-07-06T20:37:10Z,,,,,,4145.2
2026-07-06T20:37:10Z,,,,,,4141.4
2026-07-06T20:37:10Z,,,,,,4136.4
2026-07-06T20:37:10Z,51.556564,-0.068399,18.4,22,1,4131.9
2026-07-06T20:37:10Z,,,,,,4125.4
2026-07-06T20:37:10Z,,,,,,4117.4
2026-07-06T20:37:10Z,,,,,,4110.6
2026-07-06T20:37:10Z,,,,,,4103.8
2026-07-06T20:37:11Z,,,,,,4096.7
2026-07-06T20:37:11Z,,,,,,4089.1
2026-07-06T20:37:11Z,,,,,,4082.1
2026-07-06T20:37:11Z,,,,,,4076.6
2026-07-06T20:37:11Z,,,,,,4072.1
2026-07-06T20:37:11Z,51.556553,-0.068396,18.4,23,1,4069.0
2026-07-06T20:37:11Z,,,,,,4066.9
2026-07-06T20:37:11Z,,,,,,4063.0
2026-07-06T20:37:11Z,,,,,,4059.2
2026-07-06T20:37:11Z,,,,,,4058.0
2026-07-06T20:37:12Z,,,,,,4056.1
2026-07-06T20:37:12Z,,,,,,4053.4
2026-07-06T20:37:12Z,,,,,,4051.8
2026-07-06T20:37:12Z,,,,,,4050.5
2026-07-06T20:37:12Z,,,,,,4048.2
2026-07-06T20:37:12Z,51.556541,-0.068392,18.6,23,1,4046.6
2026-07-06T20:37:12Z,,,,,,4046.5
2026-07-06T20:37:12Z,,,,,,4044.8
2026-07-06T20:37:12Z,,,,,,4042.5
2026-07-06T20:37:12Z,,,,,,4040.9
2026-07-06T20:37:13Z,,,,,,4037.3
2026-07-06T20:37:13Z,,,,,,4033.8
2026-07-06T20:37:13Z,,,,,,4030.3
2026-07-06T20:37:13Z,,,,,,4024.6
2026-07-06T20:37:13Z,,,,,,4018.1
2026-07-06T20:37:13Z,51.556534,-0.068391,18.4,23,1,4012.8
2026-07-06T20:37:13Z,,,,,,4007.6
2026-07-06T20:37:13Z,,,,,,4000.7
2026-07-06T20:37:13Z,,,,,,3994.3
2026-07-06T20:37:13Z,,,,,,3988.2
2026-07-06T20:37:14Z,,,,,,3980.4
2026-07-06T20:37:14Z,,,,,,3973.5
2026-07-06T20:37:14Z,,,,,,3967.6
2026-07-06T20:37:14Z,,,,,,3961.5
2026-07-06T20:37:14Z,,,,,,3955.8
2026-07-06T20:37:14Z,51.556522,-0.068386,18.5,23,1,3949.7
2026-07-06T20:37:14Z,,,,,,3943.4
2026-07-06T20:37:14Z,,,,,,3938.5
2026-07-06T20:37:14Z,,,,,,3936.4
2026-07-06T20:37:14Z,,,,,,3936.6
2026-07-06T20:37:15Z,,,,,,3938.7
2026-07-06T20:37:15Z,,,,,,3943.6
2026-07-06T20:37:15Z,,,,,,3950.1
2026-07-06T20:37:15Z,,,,,,3957.4
2026-07-06T20:37:15Z,,,,,,3966.2
2026-07-06T20:37:15Z,51.556515,-0.068381,18.7,24,1,3976.7
2026-07-06T20:37:15Z,,,,,,3987.3
2026-07-06T20:37:15Z,,,,,,3995.6
2026-07-06T20:37:15Z,,,,,,4001.4
2026-07-06T20:37:15Z,,,,,,4005.5
2026-07-06T20:37:16Z,,,,,,4007.9
2026-07-06T20:37:16Z,,,,,,4009.6
2026-07-06T20:37:16Z,,,,,,4010.8
2026-07-06T20:37:16Z,,,,,,4009.0
2026-07-06T20:37:16Z,,,,,,4005.0
2026-07-06T20:37:16Z,51.556503,-0.068377,18.7,24,1,4000.4
2026-07-06T20:37:16Z,,,,,,3993.7
2026-07-06T20:37:16Z,,,,,,3987.6
2026-07-06T20:37:16Z,,,,,,3983.9
2026-07-06T20:37:16Z,,,,,,3977.9
2026-07-06T20:37:17Z,,,,,,3969.9
2026-07-06T20:37:17Z,,,,,,3962.9
2026-07-06T20:37:17Z,,,,,,3955.4
2026-07-06T20:37:17Z,,,,,,3948.2
2026-07-06T20:37:17Z,,,,,,3943.9
2026-07-06T20:37:17Z,51.556492,-0.068374,18.7,24,1,3941.2
2026-07-06T20:37:17Z,,,,,,3936.3
2026-07-06T20:37:17Z,,,,,,3931.9
2026-07-06T20:37:17Z,,,,,,3929.6
2026-07-06T20:37:17Z,,,,,,3928.3
2026-07-06T20:37:18Z,,,,,,3930.1
2026-07-06T20:37:18Z,,,,,,3933.9
2026-07-06T20:37:18Z,,,,,,3936.7
2026-07-06T20:37:18Z,,,,,,3940.5
2026-07-06T20:37:18Z,,,,,,3946.9
2026-07-06T20:37:18Z,51.556480,-0.068369,18.9,24,1,3956.6
2026-07-06T20:37:18Z,,,,,,3969.1
2026-07-06T20:37:18Z,,,,,,3985.4
2026-07-06T20:37:18Z,,,,,,4002.3
2026-07-06T20:37:18Z,,,,,,4016.8
2026-07-06T20:37:19Z,,,,,,4029.8
2026-07-06T20:37:19Z,,,,,,4042.2
2026-07-06T20:37:19Z,,,,,,4054.2
2026-07-06T20:37:19Z,,,,,,4063.5
2026-07-06T20:37:19Z,,,,,,4070.5
2026-07-06T20:37:19Z,51.556473,-0.068364,19.1,24,1,4077.6
2026-07-06T20:37:19Z,,,,,,4081.8
2026-07-06T20:37:19Z,,,,,,4083.0
2026-07-06T20:37:19Z,,,,,,4084.2
2026-07-06T20:37:19Z,,,,,,4086.3
2026-07-06T20:37:19Z,,,,,,4086.3
2026-07-06T20:37:20Z,,,,,,4086.6
2026-07-06T20:37:20Z,,,,,,4087.0
2026-07-06T20:37:20Z,,,,,,4084.6
2026-07-06T20:37:20Z,,,,,,4081.9
2026-07-06T20:37:20Z,51.556461,-0.068360,19.3,24,1,4078.9
2026-07-06T20:37:20Z,,,,,,4073.1
2026-07-06T20:37:20Z,,,,,,4065.3
2026-07-06T20:37:20Z,,,,,,4058.3
2026-07-06T20:37:20Z,,,,,,4051.0
2026-07-06T20:37:21Z,,,,,,4043.3
2026-07-06T20:37:21Z,,,,,,4035.7
2026-07-06T20:37:21Z,,,,,,4028.1
2026-07-06T20:37:21Z,,,,,,4019.9
2026-07-06T20:37:21Z,,,,,,4011.2
2026-07-06T20:37:21Z,51.556450,-0.068355,19.5,24,1,4003.9
2026-07-06T20:37:21Z,,,,,,3998.3
2026-07-06T20:37:21Z,,,,,,3991.2
2026-07-06T20:37:21Z,,,,,,3983.4
2026-07-06T20:37:21Z,,,,,,3977.6
2026-07-06T20:37:22Z,,,,,,3972.6
2026-07-06T20:37:22Z,,,,,,3968.4
2026-07-06T20:37:22Z,,,,,,3965.9
2026-07-06T20:37:22Z,,,,,,3964.6
2026-07-06T20:37:22Z,,,,,,3963.3
2026-07-06T20:37:22Z,51.556438,-0.068353,19.4,24,1,3961.9
2026-07-06T20:37:22Z,,,,,,3960.6
2026-07-06T20:37:22Z,,,,,,3959.4
2026-07-06T20:37:22Z,,,,,,3957.8
2026-07-06T20:37:22Z,,,,,,3955.8
2026-07-06T20:37:23Z,,,,,,3953.7
2026-07-06T20:37:23Z,,,,,,3951.0
2026-07-06T20:37:23Z,,,,,,3947.3
2026-07-06T20:37:23Z,,,,,,3944.1
2026-07-06T20:37:23Z,,,,,,3940.6
2026-07-06T20:37:23Z,51.556427,-0.068351,19.5,24,1,3937.4
2026-07-06T20:37:23Z,,,,,,3935.2
2026-07-06T20:37:23Z,,,,,,3932.4
2026-07-06T20:37:23Z,,,,,,3928.9
2026-07-06T20:37:23Z,,,,,,3927.3
2026-07-06T20:37:24Z,,,,,,3927.0
2026-07-06T20:37:24Z,,,,,,3925.7
2026-07-06T20:37:24Z,,,,,,3925.5
2026-07-06T20:37:24Z,,,,,,3928.2
2026-07-06T20:37:24Z,,,,,,3931.8
2026-07-06T20:37:24Z,51.556419,-0.068349,19.7,24,1,3936.1
2026-07-06T20:37:24Z,,,,,,3940.0
2026-07-06T20:37:24Z,,,,,,3943.1
2026-07-06T20:37:24Z,,,,,,3946.3
2026-07-06T20:37:24Z,,,,,,3949.5
2026-07-06T20:37:25Z,,,,,,3952.9
2026-07-06T20:37:25Z,,,,,,3956.4
2026-07-06T20:37:25Z,,,,,,3958.1
2026-07-06T20:37:25Z,,,,,,3958.6
2026-07-06T20:37:25Z,,,,,,3960.1
2026-07-06T20:37:25Z,51.556408,-0.068344,19.9,24,1,3960.3
2026-07-06T20:37:25Z,,,,,,3960.5
2026-07-06T20:37:25Z,,,,,,3962.6
2026-07-06T20:37:25Z,,,,,,3963.6
2026-07-06T20:37:25Z,,,,,,3962.6
2026-07-06T20:37:26Z,,,,,,3962.4
2026-07-06T20:37:26Z,,,,,,3961.8
2026-07-06T20:37:26Z,,,,,,3959.5
2026-07-06T20:37:26Z,,,,,,3958.7
2026-07-06T20:37:26Z,,,,,,3957.8
2026-07-06T20:37:26Z,51.556400,-0.068341,19.9,24,1,3955.5
2026-07-06T20:37:26Z,,,,,,3954.1
2026-07-06T20:37:26Z,,,,,,3953.1
2026-07-06T20:37:26Z,,,,,,3953.1
2026-07-06T20:37:26Z,,,,,,3954.3
2026-07-06T20:37:27Z,,,,,,3957.4
2026-07-06T20:37:27Z,,,,,,3962.0
2026-07-06T20:37:27Z,,,,,,3967.0
2026-07-06T20:37:27Z,,,,,,3971.4
2026-07-06T20:37:27Z,,,,,,3976.2
2026-07-06T20:37:27Z,51.556389,-0.068338,20.1,24,1,3981.6
2026-07-06T20:37:27Z,,,,,,3985.6
2026-07-06T20:37:27Z,,,,,,3990.3
2026-07-06T20:37:27Z,,,,,,3995.3
2026-07-06T20:37:27Z,,,,,,3997.1
2026-07-06T20:37:28Z,,,,,,3996.9
2026-07-06T20:37:28Z,,,,,,3997.3
2026-07-06T20:37:28Z,,,,,,3996.0
2026-07-06T20:37:28Z,,,,,,3994.1
2026-07-06T20:37:28Z,,,,,,3991.4
2026-07-06T20:37:28Z,51.556377,-0.068333,20.4,24,1,3985.9
2026-07-06T20:37:28Z,,,,,,3980.8
2026-07-06T20:37:28Z,,,,,,3975.5
2026-07-06T20:37:28Z,,,,,,3968.7
2026-07-06T20:37:28Z,,,,,,3961.5
2026-07-06T20:37:28Z,,,,,,3954.9
2026-07-06T20:37:29Z,,,,,,3949.0
2026-07-06T20:37:29Z,,,,,,3942.6
2026-07-06T20:37:29Z,,,,,,3937.0
2026-07-06T20:37:29Z,,,,,,3930.8
2026-07-06T20:37:29Z,51.556370,-0.068330,20.6,24,1,3924.1
2026-07-06T20:37:29Z,,,,,,3917.1
2026-07-06T20:37:29Z,,,,,,3911.2
2026-07-06T20:37:29Z,,,,,,3907.5
2026-07-06T20:37:29Z,,,,,,3903.0
2026-07-06T20:37:30Z,,,,,,3896.7
2026-07-06T20:37:30Z,,,,,,3891.5
2026-07-06T20:37:30Z,,,,,,3886.7
2026-07-06T20:37:30Z,,,,,,3882.0
2026-07-06T20:37:30Z,,,,,,3879.9
2026-07-06T20:37:30Z,51.556358,-0.068328,20.6,24,1,3879.1
2026-07-06T20:37:30Z,,,,,,3876.5
2026-07-06T20:37:30Z,,,,,,3874.2
2026-07-06T20:37:30Z,,,,,,3872.8
2026-07-06T20:37:30Z,,,,,,3870.8
2026-07-06T20:37:31Z,,,,,,3872.1
2026-07-06T20:37:31Z,,,,,,3874.3
2026-07-06T20:37:31Z,,,,,,3874.4
2026-07-06T20:37:31Z,,,,,,3874.6
2026-07-06T20:37:31Z,,,,,,3875.0
2026-07-06T20:37:31Z,51.556351,-0.068325,20.8,24,1,3875.4
2026-07-06T20:37:31Z,,,,,,3876.6
2026-07-06T20:37:31Z,,,,,,3879.7
2026-07-06T20:37:31Z,,,,,,3883.5
2026-07-06T20:37:31Z,,,,,,3886.1
2026-07-06T20:37:32Z,,,,,,3887.7
2026-07-06T20:37:32Z,,,,,,3890.0
2026-07-06T20:37:32Z,,,,,,3893.8
2026-07-06T20:37:32Z,,,,,,3897.6
2026-07-06T20:37:32Z,,,,,,3903.4
2026-07-06T20:37:32Z,51.556339,-0.068323,20.8,24,1,3912.6
2026-07-06T20:37:32Z,,,,,,3921.9
2026-07-06T20:37:32Z,,,,,,3932.0
2026-07-06T20:37:32Z,,,,,,3945.7
2026-07-06T20:37:32Z,,,,,,3958.5
2026-07-06T20:37:33Z,,,,,,3970.1
2026-07-06T20:37:33Z,,,,,,3982.5
2026-07-06T20:37:33Z,,,,,,3992.8
2026-07-06T20:37:33Z,,,,,,3999.4
2026-07-06T20:37:33Z,,,,,,4005.5
2026-07-06T20:37:33Z,51.556332,-0.068320,21.0,24,1,4010.7
2026-07-06T20:37:33Z,,,,,,4011.6
2026-07-06T20:37:33Z,,,,,,4013.3
2026-07-06T20:37:33Z,,,,,,4017.8
2026-07-06T20:37:33Z,,,,,,4024.2
2026-07-06T20:37:34Z,,,,,,4034.2
2026-07-06T20:37:34Z,,,,,,4049.8
2026-07-06T20:37:34Z,,,,,,4070.0
2026-07-06T20:37:34Z,,,,,,4095.6
2026-07-06T20:37:34Z,,,,,,4126.1
2026-07-06T20:37:34Z,51.556324,-0.068319,20.8,24,1,4158.5
2026-07-06T20:37:34Z,,,,,,4190.7
2026-07-06T20:37:34Z,,,,,,4219.1
2026-07-06T20:37:34Z,,,,,,4242.1
2026-07-06T20:37:34Z,,,,,,4261.8
2026-07-06T20:37:34Z,,,,,,4279.5
2026-07-06T20:37:34Z,,,,,,4293.0
2026-07-06T20:37:35Z,,,,,,4301.9
2026-07-06T20:37:35Z,,,,,,4305.9
2026-07-06T20:37:35Z,,,,,,4304.2
2026-07-06T20:37:35Z,51.556313,-0.068319,20.5,24,1,4298.6
2026-07-06T20:37:35Z,,,,,,4288.0
2026-07-06T20:37:35Z,,,,,,4276.8
2026-07-06T20:37:35Z,,,,,,4267.7
2026-07-06T20:37:35Z,,,,,,4254.4
2026-07-06T20:37:35Z,,,,,,4237.8
2026-07-06T20:37:36Z,,,,,,4221.3
2026-07-06T20:37:36Z,,,,,,4204.6
2026-07-06T20:37:36Z,,,,,,4186.2
2026-07-06T20:37:36Z,,,,,,4170.0
2026-07-06T20:37:36Z,51.556305,-0.068317,20.6,24,1,4156.8
2026-07-06T20:37:36Z,,,,,,4141.3
2026-07-06T20:37:36Z,,,,,,4126.2
2026-07-06T20:37:36Z,,,,,,4114.2
2026-07-06T20:37:36Z,,,,,,4104.2
2026-07-06T20:37:36Z,,,,,,4099.6
2026-07-06T20:37:37Z,,,,,,4097.5
2026-07-06T20:37:37Z,,,,,,4094.8
2026-07-06T20:37:37Z,,,,,,4094.3
2026-07-06T20:37:37Z,,,,,,4097.9
2026-07-06T20:37:37Z,51.556293,-0.068314,20.7,24,1,4105.9
2026-07-06T20:37:37Z,,,,,,4116.6
2026-07-06T20:37:37Z,,,,,,4131.9
2026-07-06T20:37:37Z,,,,,,4151.0
2026-07-06T20:37:37Z,,,,,,4169.6
2026-07-06T20:37:38Z,,,,,,4188.8
2026-07-06T20:37:38Z,,,,,,4209.9
2026-07-06T20:37:38Z,,,,,,4235.5
2026-07-06T20:37:38Z,,,,,,4262.7
2026-07-06T20:37:38Z,,,,,,4287.6
2026-07-06T20:37:38Z,51.556286,-0.068311,20.5,24,1,4309.7
2026-07-06T20:37:38Z,,,,,,4330.1
2026-07-06T20:37:38Z,,,,,,4349.5
2026-07-06T20:37:38Z,,,,,,4367.7
2026-07-06T20:37:38Z,,,,,,4384.2
2026-07-06T20:37:39Z,,,,,,4398.6
2026-07-06T20:37:39Z,,,,,,4409.8
2026-07-06T20:37:39Z,,,,,,4417.7
2026-07-06T20:37:39Z,,,,,,4422.0
2026-07-06T20:37:39Z,,,,,,4423.7
2026-07-06T20:37:39Z,51.556278,-0.068308,20.6,24,1,4423.4
2026-07-06T20:37:39Z,,,,,,4417.9
2026-07-06T20:37:39Z,,,,,,4409.4
2026-07-06T20:37:39Z,,,,,,4399.2
2026-07-06T20:37:39Z,,,,,,4386.6
2026-07-06T20:37:40Z,,,,,,4371.1
2026-07-06T20:37:40Z,,,,,,4354.9
2026-07-06T20:37:40Z,,,,,,4338.1
2026-07-06T20:37:40Z,,,,,,4320.4
2026-07-06T20:37:40Z,,,,,,4302.5
2026-07-06T20:37:40Z,51.556267,-0.068304,20.8,24,1,4284.4
2026-07-06T20:37:40Z,,,,,,4266.2
2026-07-06T20:37:40Z,,,,,,4249.1
2026-07-06T20:37:40Z,,,,,,4232.4
2026-07-06T20:37:40Z,,,,,,4215.5
2026-07-06T20:37:41Z,,,,,,4199.7
2026-07-06T20:37:41Z,,,,,,4186.3
2026-07-06T20:37:41Z,,,,,,4173.1
2026-07-06T20:37:41Z,,,,,,4160.0
2026-07-06T20:37:41Z,,,,,,4148.6
2026-07-06T20:37:41Z,51.556259,-0.068301,20.9,24,1,4137.5
2026-07-06T20:37:41Z,,,,,,4126.9
2026-07-06T20:37:41Z,,,,,,4117.7
2026-07-06T20:37:41Z,,,,,,4107.9
2026-07-06T20:37:41Z,,,,,,4098.8
2026-07-06T20:37:42Z,,,,,,4091.8
2026-07-06T20:37:42Z,,,,,,4083.8
2026-07-06T20:37:42Z,,,,,,4074.4
2026-07-06T20:37:42Z,,,,,,4066.6
2026-07-06T20:37:42Z,,,,,,4060.3
2026-07-06T20:37:42Z,51.556248,-0.068297,21.0,24,1,4054.8
2026-07-06T20:37:42Z,,,,,,4048.2
2026-07-06T20:37:42Z,,,,,,4042.7
2026-07-06T20:37:42Z,,,,,,4037.4
2026-07-06T20:37:42Z,,,,,,4032.8
2026-07-06T20:37:43Z,,,,,,4031.1
2026-07-06T20:37:43Z,,,,,,4030.3
2026-07-06T20:37:43Z,,,,,,4031.1
2026-07-06T20:37:43Z,,,,,,4033.9
2026-07-06T20:37:43Z,,,,,,4039.4
2026-07-06T20:37:43Z,51.556240,-0.068295,21.0,24,1,4048.0
2026-07-06T20:37:43Z,,,,,,4061.3
2026-07-06T20:37:43Z,,,,,,4080.2
2026-07-06T20:37:43Z,,,,,,4102.4
2026-07-06T20:37:43Z,,,,,,4127.5
2026-07-06T20:37:44Z,,,,,,4153.2
2026-07-06T20:37:44Z,,,,,,4177.2
2026-07-06T20:37:44Z,,,,,,4199.2
2026-07-06T20:37:44Z,,,,,,4220.1
2026-07-06T20:37:44Z,,,,,,4236.9
2026-07-06T20:37:44Z,51.556229,-0.068293,21.1,24,1,4249.6
2026-07-06T20:37:44Z,,,,,,4257.4
2026-07-06T20:37:44Z,,,,,,4259.4
2026-07-06T20:37:44Z,,,,,,4257.8
2026-07-06T20:37:44Z,,,,,,4253.7
2026-07-06T20:37:45Z,,,,,,4249.1
2026-07-06T20:37:45Z,,,,,,4243.2
2026-07-06T20:37:45Z,,,,,,4235.8
2026-07-06T20:37:45Z,,,,,,4227.1
2026-07-06T20:37:45Z,,,,,,4216.1
2026-07-06T20:37:45Z,51.556221,-0.068292,21.3,24,1,4204.4
2026-07-06T20:37:45Z,,,,,,4193.1
2026-07-06T20:37:45Z,,,,,,4180.3
2026-07-06T20:37:45Z,,,,,,4166.2
2026-07-06T20:37:45Z,,,,,,4153.4
2026-07-06T20:37:46Z,,,,,,4140.6
2026-07-06T20:37:46Z,,,,,,4127.6
2026-07-06T20:37:46Z,,,,,,4116.0
2026-07-06T20:37:46Z,,,,,,4105.5
2026-07-06T20:37:46Z,,,,,,4095.9
2026-07-06T20:37:46Z,51.556217,-0.068292,21.5,24,1,4087.5
2026-07-06T20:37:46Z,,,,,,4078.5
2026-07-06T20:37:46Z,,,,,,4068.2
2026-07-06T20:37:46Z,,,,,,4058.3
2026-07-06T20:37:46Z,,,,,,4049.5
2026-07-06T20:37:47Z,,,,,,4041.9
2026-07-06T20:37:47Z,,,,,,4034.3
2026-07-06T20:37:47Z,,,,,,4026.3
2026-07-06T20:37:47Z,,,,,,4019.8
2026-07-06T20:37:47Z,,,,,,4014.1
2026-07-06T20:37:47Z,51.556217,-0.068293,21.5,24,1,4007.4
2026-07-06T20:37:47Z,,,,,,4000.7
2026-07-06T20:37:47Z,,,,,,3995.4
2026-07-06T20:37:47Z,,,,,,3990.1
2026-07-06T20:37:47Z,,,,,,3983.7
2026-07-06T20:37:48Z,,,,,,3978.4
2026-07-06T20:37:48Z,,,,,,3974.2
2026-07-06T20:37:48Z,,,,,,3968.9
2026-07-06T20:37:48Z,,,,,,3964.3
2026-07-06T20:37:48Z,,,,,,3961.8
2026-07-06T20:37:48Z,51.556213,-0.068293,21.6,23,1,3958.7
2026-07-06T20:37:48Z,,,,,,3956.2
2026-07-06T20:37:48Z,,,,,,3954.8
2026-07-06T20:37:48Z,,,,,,3953.3
2026-07-06T20:37:48Z,,,,,,3951.0
2026-07-06T20:37:49Z,,,,,,3949.2
2026-07-06T20:37:49Z,,,,,,3950.0
2026-07-06T20:37:49Z,,,,,,3950.6
2026-07-06T20:37:49Z,,,,,,3952.2
2026-07-06T20:37:49Z,,,,,,3954.7
2026-07-06T20:37:49Z,51.556213,-0.068293,21.6,23,1,3955.3
2026-07-06T20:37:49Z,,,,,,3956.3
2026-07-06T20:37:49Z,,,,,,3958.3
2026-07-06T20:37:49Z,,,,,,3959.6
2026-07-06T20:37:49Z,,,,,,3960.7
2026-07-06T20:37:50Z,,,,,,3960.9
2026-07-06T20:37:50Z,,,,,,3960.2
2026-07-06T20:37:50Z,,,,,,3958.0
2026-07-06T20:37:50Z,,,,,,3954.9
2026-07-06T20:37:50Z,,,,,,3952.2
2026-07-06T20:37:50Z,51.556217,-0.068305,21.7,23,1,3949.7
2026-07-06T20:37:50Z,,,,,,3946.8
2026-07-06T20:37:50Z,,,,,,3942.9
2026-07-06T20:37:50Z,,,,,,3939.0
2026-07-06T20:37:50Z,,,,,,3934.3
2026-07-06T20:37:51Z,,,,,,3929.6
2026-07-06T20:37:51Z,,,,,,3926.2
2026-07-06T20:37:51Z,,,,,,3922.5
2026-07-06T20:37:51Z,,,,,,3919.1
2026-07-06T20:37:51Z,,,,,,3916.9
2026-07-06T20:37:51Z,51.556217,-0.068321,21.8,23,1,3915.3
2026-07-06T20:37:51Z,,,,,,3913.1
2026-07-06T20:37:51Z,,,,,,3912.5
2026-07-06T20:37:51Z,,,,,,3914.7
2026-07-06T20:37:51Z,,,,,,3915.1
2026-07-06T20:37:52Z,,,,,,3913.5
2026-07-06T20:37:52Z,,,,,,3912.3
2026-07-06T20:37:52Z,,,,,,3910.1
2026-07-06T20:37:52Z,,,,,,3909.6
2026-07-06T20:37:52Z,,,,,,3909.8
2026-07-06T20:37:52Z,51.556217,-0.068336,21.7,23,1,3907.7
2026-07-06T20:37:52Z,,,,,,3905.4
2026-07-06T20:37:52Z,,,,,,3903.4
2026-07-06T20:37:52Z,,,,,,3901.3
2026-07-06T20:37:52Z,,,,,,3900.5
2026-07-06T20:37:53Z,,,,,,3903.6
2026-07-06T20:37:53Z,,,,,,3907.1
2026-07-06T20:37:53Z,,,,,,3908.6
2026-07-06T20:37:53Z,,,,,,3909.4
2026-07-06T20:37:53Z,,,,,,3909.6
2026-07-06T20:37:53Z,51.556213,-0.068352,21.9,23,1,3910.4
2026-07-06T20:37:53Z,,,,,,3910.0
2026-07-06T20:37:53Z,,,,,,3909.5
2026-07-06T20:37:53Z,,,,,,3909.6
2026-07-06T20:37:53Z,,,,,,3907.5
2026-07-06T20:37:54Z,,,,,,3905.0
2026-07-06T20:37:54Z,,,,,,3902.5
2026-07-06T20:37:54Z,,,,,,3901.1
2026-07-06T20:37:54Z,,,,,,3899.8
2026-07-06T20:37:54Z,,,,,,3898.1
2026-07-06T20:37:54Z,51.556217,-0.068369,21.9,23,1,3895.4
2026-07-06T20:37:54Z,,,,,,3891.0
2026-07-06T20:37:54Z,,,,,,3886.8
2026-07-06T20:37:54Z,,,,,,3883.6
2026-07-06T20:37:54Z,,,,,,3879.6
2026-07-06T20:37:55Z,,,,,,3875.6
2026-07-06T20:37:55Z,,,,,,3873.1
2026-07-06T20:37:55Z,,,,,,3869.7
2026-07-06T20:37:55Z,,,,,,3865.2
2026-07-06T20:37:55Z,,,,,,3861.8
2026-07-06T20:37:55Z,51.556217,-0.068386,22.1,23,1,3859.0
2026-07-06T20:37:55Z,,,,,,3855.8
2026-07-06T20:37:55Z,,,,,,3853.0
2026-07-06T20:37:55Z,,,,,,3851.1
2026-07-06T20:37:55Z,,,,,,3848.9
2026-07-06T20:37:56Z,,,,,,3846.5
2026-07-06T20:37:56Z,,,,,,3843.4
2026-07-06T20:37:56Z,,,,,,3840.1
2026-07-06T20:37:56Z,,,,,,3836.7
2026-07-06T20:37:56Z,,,,,,3834.5
2026-07-06T20:37:56Z,51.556217,-0.068402,22.1,23,1,3833.7
2026-07-06T20:37:56Z,,,,,,3832.3
2026-07-06T20:37:56Z,,,,,,3831.1
2026-07-06T20:37:56Z,,,,,,3830.9
2026-07-06T20:37:56Z,,,,,,3831.1
2026-07-06T20:37:57Z,,,,,,3831.3
2026-07-06T20:37:57Z,,,,,,3833.7
2026-07-06T20:37:57Z,,,,,,3838.1
2026-07-06T20:37:57Z,,,,,,3841.0
2026-07-06T20:37:57Z,,,,,,3843.3
2026-07-06T20:37:57Z,51.556217,-0.068416,22.0,23,1,3846.5
2026-07-06T20:37:57Z,,,,,,3848.7
2026-07-06T20:37:57Z,,,,,,3850.2
2026-07-06T20:37:57Z,,,,,,3853.4
2026-07-06T20:37:57Z,,,,,,3855.7
2026-07-06T20:37:58Z,,,,,,3855.2
2026-07-06T20:37:58Z,,,,,,3853.9
2026-07-06T20:37:58Z,,,,,,3852.7
2026-07-06T20:37:58Z,,,,,,3850.5
2026-07-06T20:37:58Z,,,,,,3850.0
2026-07-06T20:37:58Z,51.556213,-0.068431,22.0,22,1,3850.7
2026-07-06T20:37:58Z,,,,,,3849.8
2026-07-06T20:37:58Z,,,,,,3849.6
2026-07-06T20:37:58Z,,,,,,3851.1
2026-07-06T20:37:58Z,,,,,,3853.6
2026-07-06T20:37:59Z,,,,,,3856.7
2026-07-06T20:37:59Z,,,,,,3863.7
2026-07-06T20:37:59Z,,,,,,3872.3
2026-07-06T20:37:59Z,,,,,,3877.9
2026-07-06T20:37:59Z,,,,,,3881.1
2026-07-06T20:37:59Z,51.556213,-0.068447,22.1,22,1,3883.8
2026-07-06T20:37:59Z,,,,,,3886.7
2026-07-06T20:37:59Z,,,,,,3888.8
2026-07-06T20:37:59Z,,,,,,3890.1
2026-07-06T20:37:59Z,,,,,,3891.4
2026-07-06T20:38:00Z,,,,,,3890.8
2026-07-06T20:38:00Z,,,,,,3889.0
2026-07-06T20:38:00Z,,,,,,3888.3
2026-07-06T20:38:00Z,,,,,,3889.4
2026-07-06T20:38:00Z,,,,,,3890.2
2026-07-06T20:38:00Z,51.556213,-0.068464,22.2,23,1,3891.5
2026-07-06T20:38:00Z,,,,,,3892.9
2026-07-06T20:38:00Z,,,,,,3892.3
2026-07-06T20:38:00Z,,,,,,3892.3
2026-07-06T20:38:00Z,,,,,,3893.8
2026-07-06T20:38:01Z,,,,,,3895.4
2026-07-06T20:38:01Z,,,,,,3896.7
2026-07-06T20:38:01Z,,,,,,3899.6
2026-07-06T20:38:01Z,,,,,,3903.7
2026-07-06T20:38:01Z,,,,,,3906.1
2026-07-06T20:38:01Z,51.556213,-0.068480,22.3,23,1,3908.6
2026-07-06T20:38:01Z,,,,,,3911.0
2026-07-06T20:38:01Z,,,,,,3911.5
2026-07-06T20:38:01Z,,,,,,3911.7
2026-07-06T20:38:01Z,,,,,,3911.4
2026-07-06T20:38:02Z,,,,,,3910.0
2026-07-06T20:38:02Z,,,,,,3907.6
2026-07-06T20:38:02Z,,,,,,3904.2
2026-07-06T20:38:02Z,,,,,,3900.6
2026-07-06T20:38:02Z,,,,,,3896.7
2026-07-06T20:38:02Z,51.556213,-0.068496,22.3,23,1,3893.4
2026-07-06T20:38:02Z,,,,,,3891.1
2026-07-06T20:38:02Z,,,,,,3888.3
2026-07-06T20:38:02Z,,,,,,3886.0
2026-07-06T20:38:02Z,,,,,,3882.9
2026-07-06T20:38:03Z,,,,,,3878.8
2026-07-06T20:38:03Z,,,,,,3874.5
2026-07-06T20:38:03Z,,,,,,3871.9
2026-07-06T20:38:03Z,,,,,,3871.2
2026-07-06T20:38:03Z,,,,,,3869.8
2026-07-06T20:38:03Z,51.556213,-0.068512,22.3,23,1,3868.3
2026-07-06T20:38:03Z,,,,,,3868.5
2026-07-06T20:38:03Z,,,,,,3869.8
2026-07-06T20:38:03Z,,,,,,3872.2
2026-07-06T20:38:03Z,,,,,,3878.2
2026-07-06T20:38:04Z,,,,,,3886.3
2026-07-06T20:38:04Z,,,,,,3893.7
2026-07-06T20:38:04Z,,,,,,3900.4
2026-07-06T20:38:04Z,,,,,,3907.3
2026-07-06T20:38:04Z,,,,,,3912.6
2026-07-06T20:38:04Z,51.556213,-0.068527,22.4,23,1,3919.2
2026-07-06T20:38:04Z,,,,,,3925.3
2026-07-06T20:38:04Z,,,,,,3927.6
2026-07-06T20:38:04Z,,,,,,3929.1
2026-07-06T20:38:04Z,,,,,,3931.4
2026-07-06T20:38:05Z,,,,,,3933.1
2026-07-06T20:38:05Z,,,,,,3934.7
2026-07-06T20:38:05Z,,,,,,3938.3
2026-07-06T20:38:05Z,,,,,,3940.9
2026-07-06T20:38:05Z,,,,,,3941.9
2026-07-06T20:38:05Z,51.556210,-0.068543,22.4,23,1,3943.8
2026-07-06T20:38:05Z,,,,,,3945.2
2026-07-06T20:38:05Z,,,,,,3945.9
2026-07-06T20:38:05Z,,,,,,3948.5
2026-07-06T20:38:05Z,,,,,,3951.3
2026-07-06T20:38:06Z,,,,,,3952.0
2026-07-06T20:38:06Z,,,,,,3951.3
2026-07-06T20:38:06Z,,,,,,3949.8
2026-07-06T20:38:06Z,,,,,,3947.2
2026-07-06T20:38:06Z,,,,,,3944.3
2026-07-06T20:38:06Z,51.556210,-0.068544,22.3,23,1,3942.9
2026-07-06T20:38:06Z,,,,,,3940.2
2026-07-06T20:38:06Z,,,,,,3934.8
2026-07-06T20:38:06Z,,,,,,3929.6
2026-07-06T20:38:06Z,,,,,,3925.5
2026-07-06T20:38:07Z,,,,,,3921.8
2026-07-06T20:38:07Z,,,,,,3918.7
2026-07-06T20:38:07Z,,,,,,3917.4
2026-07-06T20:38:07Z,,,,,,3916.6
2026-07-06T20:38:07Z,,,,,,3914.6
2026-07-06T20:38:07Z,51.556210,-0.068545,22.3,23,1,3911.9
2026-07-06T20:38:07Z,,,,,,3910.0
2026-07-06T20:38:07Z,,,,,,3908.1
2026-07-06T20:38:07Z,,,,,,3907.4
2026-07-06T20:38:07Z,,,,,,3908.3
2026-07-06T20:38:08Z,,,,,,3907.5
2026-07-06T20:38:08Z,,,,,,3904.9
2026-07-06T20:38:08Z,,,,,,3903.2
2026-07-06T20:38:08Z,,,,,,3901.9
2026-07-06T20:38:08Z,,,,,,3899.8
2026-07-06T20:38:08Z,51.556210,-0.068546,22.3,23,1,3899.5
2026-07-06T20:38:08Z,,,,,,3899.6
2026-07-06T20:38:08Z,,,,,,3897.6
2026-07-06T20:38:08Z,,,,,,3896.5
2026-07-06T20:38:08Z,,,,,,3896.6
2026-07-06T20:38:09Z,,,,,,3895.4
2026-07-06T20:38:09Z,,,,,,3895.2
2026-07-06T20:38:09Z,,,,,,3896.1
2026-07-06T20:38:09Z,,,,,,3896.4
2026-07-06T20:38:09Z,,,,,,3897.5
2026-07-06T20:38:09Z,51.556213,-0.068557,22.5,23,1,3898.5
2026-07-06T20:38:09Z,,,,,,3897.3
2026-07-06T20:38:09Z,,,,,,3896.4
2026-07-06T20:38:09Z,,,,,,3897.0
2026-07-06T20:38:09Z,,,,,,3897.6
2026-07-06T20:38:10Z,,,,,,3895.7
2026-07-06T20:38:10Z,,,,,,3893.4
2026-07-06T20:38:10Z,,,,,,3891.4
2026-07-06T20:38:10Z,,,,,,3889.1
2026-07-06T20:38:10Z,,,,,,3887.9
2026-07-06T20:38:10Z,51.556213,-0.068572,22.7,23,1,3888.1
2026-07-06T20:38:10Z,,,,,,3888.4
2026-07-06T20:38:10Z,,,,,,3888.8
2026-07-06T20:38:10Z,,,,,,3889.4
2026-07-06T20:38:10Z,,,,,,3890.6
2026-07-06T20:38:11Z,,,,,,3892.2
2026-07-06T20:38:11Z,,,,,,3894.1
2026-07-06T20:38:11Z,,,,,,3896.2
2026-07-06T20:38:11Z,,,,,,3896.3
2026-07-06T20:38:11Z,,,,,,3894.9
2026-07-06T20:38:11Z,51.556213,-0.068587,22.8,23,1,3893.4
2026-07-06T20:38:11Z,,,,,,3891.1
2026-07-06T20:38:11Z,,,,,,3888.2
2026-07-06T20:38:11Z,,,,,,3886.6
2026-07-06T20:38:11Z,,,,,,3885.0
2026-07-06T20:38:12Z,,,,,,3881.0
2026-07-06T20:38:12Z,,,,,,3876.1
2026-07-06T20:38:12Z,,,,,,3871.9
2026-07-06T20:38:12Z,,,,,,3867.0
2026-07-06T20:38:12Z,,,,,,3863.8
2026-07-06T20:38:12Z,51.556210,-0.068602,22.8,23,1,3863.0
2026-07-06T20:38:12Z,,,,,,3860.7
2026-07-06T20:38:12Z,,,,,,3856.9
2026-07-06T20:38:12Z,,,,,,3853.2
2026-07-06T20:38:12Z,,,,,,3849.3
2026-07-06T20:38:13Z,,,,,,3845.1
2026-07-06T20:38:13Z,,,,,,3843.6
2026-07-06T20:38:13Z,,,,,,3842.5
2026-07-06T20:38:13Z,,,,,,3838.6
2026-07-06T20:38:13Z,,,,,,3834.5
2026-07-06T20:38:13Z,51.556210,-0.068619,22.8,23,1,3831.5
2026-07-06T20:38:13Z,,,,,,3828.3
2026-07-06T20:38:13Z,,,,,,3827.3
2026-07-06T20:38:13Z,,,,,,3828.6
2026-07-06T20:38:13Z,,,,,,3827.4
2026-07-06T20:38:14Z,,,,,,3825.2
2026-07-06T20:38:14Z,,,,,,3823.8
2026-07-06T20:38:14Z,,,,,,3823.0
2026-07-06T20:38:14Z,,,,,,3825.7
2026-07-06T20:38:14Z,,,,,,3831.0
2026-07-06T20:38:14Z,51.556210,-0.068636,22.8,23,1,3835.9
2026-07-06T20:38:14Z,,,,,,3841.3
2026-07-06T20:38:14Z,,,,,,3848.0
2026-07-06T20:38:14Z,,,,,,3855.9
2026-07-06T20:38:14Z,,,,,,3864.7
2026-07-06T20:38:15Z,,,,,,3875.1
2026-07-06T20:38:15Z,,,,,,3886.8
2026-07-06T20:38:15Z,,,,,,3898.8
2026-07-06T20:38:15Z,,,,,,3910.8
2026-07-06T20:38:15Z,,,,,,3923.1
2026-07-06T20:38:15Z,51.556206,-0.068653,23.1,23,1,3935.7
2026-07-06T20:38:15Z,,,,,,3946.5
2026-07-06T20:38:15Z,,,,,,3956.6
2026-07-06T20:38:15Z,,,,,,3965.9
2026-07-06T20:38:15Z,,,,,,3971.8
2026-07-06T20:38:16Z,,,,,,3976.3
2026-07-06T20:38:16Z,,,,,,3981.2
2026-07-06T20:38:16Z,,,,,,3985.6
2026-07-06T20:38:16Z,,,,,,3989.0
2026-07-06T20:38:16Z,,,,,,3991.3
2026-07-06T20:38:16Z,51.556202,-0.068669,23.2,23,1,3990.9
2026-07-06T20:38:16Z,,,,,,3987.7
2026-07-06T20:38:16Z,,,,,,3984.6
2026-07-06T20:38:16Z,,,,,,3980.7
2026-07-06T20:38:16Z,,,,,,3975.8
2026-07-06T20:38:17Z,,,,,,3971.6
2026-07-06T20:38:17Z,,,,,,3966.8
2026-07-06T20:38:17Z,,,,,,3960.0
2026-07-06T20:38:17Z,,,,,,3953.0
2026-07-06T20:38:17Z,,,,,,3947.1
2026-07-06T20:38:17Z,51.556198,-0.068685,23.4,23,1,3940.1
2026-07-06T20:38:17Z,,,,,,3933.1
2026-07-06T20:38:17Z,,,,,,3927.7
2026-07-06T20:38:17Z,,,,,,3921.1
2026-07-06T20:38:17Z,,,,,,3914.9
2026-07-06T20:38:18Z,,,,,,3909.7
2026-07-06T20:38:18Z,,,,,,3903.2
2026-07-06T20:38:18Z,,,,,,3896.0
2026-07-06T20:38:18Z,,,,,,3890.6
2026-07-06T20:38:18Z,,,,,,3886.3
2026-07-06T20:38:18Z,51.556198,-0.068699,23.5,23,1,3880.9
2026-07-06T20:38:18Z,,,,,,3875.9
2026-07-06T20:38:18Z,,,,,,3871.2
2026-07-06T20:38:18Z,,,,,,3865.5
2026-07-06T20:38:18Z,,,,,,3860.4
2026-07-06T20:38:19Z,,,,,,3856.1
2026-07-06T20:38:19Z,,,,,,3851.4
2026-07-06T20:38:19Z,,,,,,3847.5
2026-07-06T20:38:19Z,,,,,,3843.1
2026-07-06T20:38:19Z,,,,,,3838.2
2026-07-06T20:38:19Z,51.556198,-0.068713,23.4,23,1,3834.1
2026-07-06T20:38:19Z,,,,,,3830.9
2026-07-06T20:38:19Z,,,,,,3829.1
2026-07-06T20:38:19Z,,,,,,3827.6
2026-07-06T20:38:19Z,,,,,,3825.8
2026-07-06T20:38:20Z,,,,,,3824.1
2026-07-06T20:38:20Z,,,,,,3822.5
2026-07-06T20:38:20Z,,,,,,3820.1
2026-07-06T20:38:20Z,,,,,,3817.6
2026-07-06T20:38:20Z,,,,,,3816.7
2026-07-06T20:38:20Z,51.556198,-0.068727,23.1,23,1,3815.1
2026-07-06T20:38:20Z,,,,,,3812.8
2026-07-06T20:38:20Z,,,,,,3810.9
2026-07-06T20:38:20Z,,,,,,3808.6
2026-07-06T20:38:20Z,,,,,,3805.6
2026-07-06T20:38:21Z,,,,,,3803.5
2026-07-06T20:38:21Z,,,,,,3802.3
2026-07-06T20:38:21Z,,,,,,3799.6
2026-07-06T20:38:21Z,,,,,,3797.1
2026-07-06T20:38:21Z,,,,,,3795.9
2026-07-06T20:38:21Z,51.556198,-0.068742,23.0,23,1,3794.1
2026-07-06T20:38:21Z,,,,,,3794.4
2026-07-06T20:38:21Z,,,,,,3799.4
2026-07-06T20:38:21Z,,,,,,3805.9
2026-07-06T20:38:21Z,,,,,,3813.4
2026-07-06T20:38:22Z,,,,,,3824.6
2026-07-06T20:38:22Z,,,,,,3839.0
2026-07-06T20:38:22Z,,,,,,3854.0
2026-07-06T20:38:22Z,,,,,,3871.4
2026-07-06T20:38:22Z,,,,,,3890.1
2026-07-06T20:38:22Z,51.556194,-0.068755,22.9,23,1,3905.8
2026-07-06T20:38:22Z,,,,,,3918.7
2026-07-06T20:38:22Z,,,,,,3929.7
2026-07-06T20:38:22Z,,,,,,3940.3
2026-07-06T20:38:22Z,,,,,,3950.6
2026-07-06T20:38:23Z,,,,,,3957.5
2026-07-06T20:38:23Z,,,,,,3961.4
2026-07-06T20:38:23Z,,,,,,3963.9
2026-07-06T20:38:23Z,,,,,,3963.9
2026-07-06T20:38:23Z,,,,,,3962.5
2026-07-06T20:38:23Z,51.556194,-0.068766,22.6,23,1,3960.6
2026-07-06T20:38:23Z,,,,,,3959.5
2026-07-06T20:38:23Z,,,,,,3957.2
2026-07-06T20:38:23Z,,,,,,3951.4
2026-07-06T20:38:23Z,,,,,,3944.5
2026-07-06T20:38:24Z,,,,,,3940.2
2026-07-06T20:38:24Z,,,,,,3939.5
2026-07-06T20:38:24Z,,,,,,3940.8
2026-07-06T20:38:24Z,,,,,,3944.1
2026-07-06T20:38:24Z,,,,,,3949.5
2026-07-06T20:38:24Z,51.556194,-0.068778,22.2,23,1,3954.7
2026-07-06T20:38:24Z,,,,,,3961.0
2026-07-06T20:38:24Z,,,,,,3970.1
2026-07-06T20:38:24Z,,,,,,3979.0
2026-07-06T20:38:25Z,,,,,,3985.8
2026-07-06T20:38:25Z,,,,,,3993.0
2026-07-06T20:38:25Z,,,,,,3998.3
2026-07-06T20:38:25Z,,,,,,4000.0
2026-07-06T20:38:25Z,,,,,,4000.5
2026-07-06T20:38:25Z,,,,,,4000.8
2026-07-06T20:38:25Z,51.556194,-0.068780,22.3,23,1,3998.9
2026-07-06T20:38:25Z,,,,,,3996.6
2026-07-06T20:38:25Z,,,,,,3994.2
2026-07-06T20:38:25Z,,,,,,3989.8
2026-07-06T20:38:25Z,,,,,,3985.6
2026-07-06T20:38:26Z,,,,,,3982.0
2026-07-06T20:38:26Z,,,,,,3977.3
2026-07-06T20:38:26Z,,,,,,3972.2
2026-07-06T20:38:26Z,,,,,,3967.7
2026-07-06T20:38:26Z,,,,,,3961.9
2026-07-06T20:38:26Z,51.556194,-0.068781,22.3,24,1,3955.4
2026-07-06T20:38:26Z,,,,,,3949.4
2026-07-06T20:38:26Z,,,,,,3942.4
2026-07-06T20:38:26Z,,,,,,3935.0
2026-07-06T20:38:27Z,,,,,,3929.7
2026-07-06T20:38:27Z,,,,,,3925.1
2026-07-06T20:38:27Z,,,,,,3920.4
2026-07-06T20:38:27Z,,,,,,3916.9
2026-07-06T20:38:27Z,,,,,,3914.8
2026-07-06T20:38:27Z,,,,,,3913.6
2026-07-06T20:38:27Z,51.556194,-0.068783,22.3,24,1,3913.9
2026-07-06T20:38:27Z,,,,,,3917.9
2026-07-06T20:38:27Z,,,,,,3925.6
2026-07-06T20:38:27Z,,,,,,3934.5
2026-07-06T20:38:27Z,,,,,,3945.3
2026-07-06T20:38:28Z,,,,,,3957.1
2026-07-06T20:38:28Z,,,,,,3968.9
2026-07-06T20:38:28Z,,,,,,3978.6
2026-07-06T20:38:28Z,,,,,,3987.3
2026-07-06T20:38:28Z,,,,,,3996.3
2026-07-06T20:38:28Z,51.556194,-0.068796,22.3,24,1,4002.0
2026-07-06T20:38:28Z,,,,,,4004.9
2026-07-06T20:38:28Z,,,,,,4006.8
2026-07-06T20:38:28Z,,,,,,4006.0
2026-07-06T20:38:28Z,,,,,,4003.7
2026-07-06T20:38:29Z,,,,,,4001.6
2026-07-06T20:38:29Z,,,,,,3997.1
2026-07-06T20:38:29Z,,,,,,3990.6
2026-07-06T20:38:29Z,,,,,,3984.6
2026-07-06T20:38:29Z,,,,,,3978.2
2026-07-06T20:38:29Z,51.556194,-0.068813,22.3,24,1,3970.7
2026-07-06T20:38:29Z,,,,,,3964.3
2026-07-06T20:38:29Z,,,,,,3959.8
2026-07-06T20:38:29Z,,,,,,3954.8
2026-07-06T20:38:29Z,,,,,,3949.7
2026-07-06T20:38:30Z,,,,,,3944.5
2026-07-06T20:38:30Z,,,,,,3939.3
2026-07-06T20:38:30Z,,,,,,3934.3
2026-07-06T20:38:30Z,,,,,,3931.1
2026-07-06T20:38:30Z,,,,,,3929.3
2026-07-06T20:38:30Z,51.556194,-0.068830,22.0,24,1,3926.6
2026-07-06T20:38:30Z,,,,,,3923.5
2026-07-06T20:38:30Z,,,,,,3920.3
2026-07-06T20:38:30Z,,,,,,3917.2
2026-07-06T20:38:30Z,,,,,,3914.7
2026-07-06T20:38:31Z,,,,,,3914.1
2026-07-06T20:38:31Z,,,,,,3914.2
2026-07-06T20:38:31Z,,,,,,3912.4
2026-07-06T20:38:31Z,,,,,,3910.2
2026-07-06T20:38:31Z,,,,,,3908.1
2026-07-06T20:38:31Z,51.556194,-0.068850,22.2,24,1,3905.3
2026-07-06T20:38:31Z,,,,,,3903.1
2026-07-06T20:38:31Z,,,,,,3901.9
2026-07-06T20:38:31Z,,,,,,3899.8
2026-07-06T20:38:31Z,,,,,,3896.2
2026-07-06T20:38:32Z,,,,,,3893.0
2026-07-06T20:38:32Z,,,,,,3891.2
2026-07-06T20:38:32Z,,,,,,3890.2
2026-07-06T20:38:32Z,,,,,,3891.2
2026-07-06T20:38:32Z,,,,,,3893.9
2026-07-06T20:38:32Z,51.556190,-0.068867,22.3,24,1,3896.7
2026-07-06T20:38:32Z,,,,,,3900.6
2026-07-06T20:38:32Z,,,,,,3906.6
2026-07-06T20:38:32Z,,,,,,3914.4
2026-07-06T20:38:32Z,,,,,,3921.8
2026-07-06T20:38:33Z,,,,,,3930.1
2026-07-06T20:38:33Z,,,,,,3937.8
2026-07-06T20:38:33Z,,,,,,3942.6
2026-07-06T20:38:33Z,,,,,,3947.1
2026-07-06T20:38:33Z,,,,,,3951.1
2026-07-06T20:38:33Z,51.556190,-0.068884,22.1,24,1,3953.0
2026-07-06T20:38:33Z,,,,,,3954.3
2026-07-06T20:38:33Z,,,,,,3954.0
2026-07-06T20:38:33Z,,,,,,3951.3
2026-07-06T20:38:33Z,,,,,,3947.5
2026-07-06T20:38:34Z,,,,,,3942.9
2026-07-06T20:38:34Z,,,,,,3938.1
2026-07-06T20:38:34Z,,,,,,3933.1
2026-07-06T20:38:34Z,,,,,,3928.5
2026-07-06T20:38:34Z,,,,,,3922.5
2026-07-06T20:38:34Z,51.556190,-0.068900,21.7,24,1,3915.9
2026-07-06T20:38:34Z,,,,,,3909.5
2026-07-06T20:38:34Z,,,,,,3902.3
2026-07-06T20:38:34Z,,,,,,3895.6
2026-07-06T20:38:34Z,,,,,,3890.2
2026-07-06T20:38:35Z,,,,,,3884.7
2026-07-06T20:38:35Z,,,,,,3878.7
2026-07-06T20:38:35Z,,,,,,3872.8
2026-07-06T20:38:35Z,,,,,,3867.2
2026-07-06T20:38:35Z,,,,,,3861.9
2026-07-06T20:38:35Z,51.556190,-0.068903,21.8,24,1,3856.3
2026-07-06T20:38:35Z,,,,,,3851.3
2026-07-06T20:38:35Z,,,,,,3847.6
2026-07-06T20:38:35Z,,,,,,3843.6
2026-07-06T20:38:35Z,,,,,,3838.7
2026-07-06T20:38:36Z,,,,,,3834.9
2026-07-06T20:38:36Z,,,,,,3831.7
2026-07-06T20:38:36Z,,,,,,3828.0
2026-07-06T20:38:36Z,,,,,,3826.9
2026-07-06T20:38:36Z,,,,,,3827.8
2026-07-06T20:38:36Z,51.556190,-0.068907,21.8,24,1,3828.4
2026-07-06T20:38:36Z,,,,,,3828.8
2026-07-06T20:38:36Z,,,,,,3829.6
2026-07-06T20:38:36Z,,,,,,3830.7
2026-07-06T20:38:36Z,,,,,,3834.9
2026-07-06T20:38:37Z,,,,,,3843.6
2026-07-06T20:38:37Z,,,,,,3854.6
2026-07-06T20:38:37Z,,,,,,3869.3
2026-07-06T20:38:37Z,,,,,,3890.2
2026-07-06T20:38:37Z,,,,,,3917.3
2026-07-06T20:38:37Z,51.556190,-0.068911,21.8,24,1,3948.6
2026-07-06T20:38:37Z,,,,,,3981.7
2026-07-06T20:38:37Z,,,,,,4014.6
2026-07-06T20:38:37Z,,,,,,4046.1
2026-07-06T20:38:37Z,,,,,,4075.0
2026-07-06T20:38:37Z,,,,,,4100.9
2026-07-06T20:38:38Z,,,,,,4124.6
2026-07-06T20:38:38Z,,,,,,4149.5
2026-07-06T20:38:38Z,,,,,,4171.1
2026-07-06T20:38:38Z,,,,,,4188.1
2026-07-06T20:38:38Z,51.556187,-0.068925,22.1,24,1,4204.0
2026-07-06T20:38:38Z,,,,,,4217.4
2026-07-06T20:38:38Z,,,,,,4227.3
2026-07-06T20:38:38Z,,,,,,4237.0
2026-07-06T20:38:38Z,,,,,,4245.0
2026-07-06T20:38:39Z,,,,,,4248.8
2026-07-06T20:38:39Z,,,,,,4249.2
2026-07-06T20:38:39Z,,,,,,4246.3
2026-07-06T20:38:39Z,,,,,,4240.2
2026-07-06T20:38:39Z,,,,,,4231.6
2026-07-06T20:38:39Z,51.556187,-0.068943,22.2,24,1,4222.8
2026-07-06T20:38:39Z,,,,,,4211.9
2026-07-06T20:38:39Z,,,,,,4197.9
2026-07-06T20:38:39Z,,,,,,4183.7
2026-07-06T20:38:39Z,,,,,,4169.8
2026-07-06T20:38:40Z,,,,,,4155.6
2026-07-06T20:38:40Z,,,,,,4140.4
2026-07-06T20:38:40Z,,,,,,4126.4
2026-07-06T20:38:40Z,,,,,,4112.7
2026-07-06T20:38:40Z,,,,,,4098.5
2026-07-06T20:38:40Z,51.556183,-0.068964,22.2,24,1,4084.3
2026-07-06T20:38:40Z,,,,,,4071.3
2026-07-06T20:38:40Z,,,,,,4059.7
2026-07-06T20:38:40Z,,,,,,4050.0
2026-07-06T20:38:40Z,,,,,,4043.0
2026-07-06T20:38:41Z,,,,,,4036.4
2026-07-06T20:38:41Z,,,,,,4029.7
2026-07-06T20:38:41Z,,,,,,4025.9
2026-07-06T20:38:41Z,,,,,,4025.0
2026-07-06T20:38:41Z,,,,,,4026.4
2026-07-06T20:38:41Z,51.556179,-0.068986,22.2,24,1,4031.3
2026-07-06T20:38:41Z,,,,,,4035.8
2026-07-06T20:38:41Z,,,,,,4037.6
2026-07-06T20:38:41Z,,,,,,4039.2
2026-07-06T20:38:41Z,,,,,,4041.9
2026-07-06T20:38:42Z,,,,,,4045.2
2026-07-06T20:38:42Z,,,,,,4050.8
2026-07-06T20:38:42Z,,,,,,4059.1
2026-07-06T20:38:42Z,,,,,,4067.5
2026-07-06T20:38:42Z,,,,,,4077.4
2026-07-06T20:38:42Z,51.556175,-0.069008,22.2,24,1,4089.1
2026-07-06T20:38:42Z,,,,,,4100.7
2026-07-06T20:38:42Z,,,,,,4113.6
2026-07-06T20:38:42Z,,,,,,4128.0
2026-07-06T20:38:42Z,,,,,,4140.6
2026-07-06T20:38:43Z,,,,,,4150.1
2026-07-06T20:38:43Z,,,,,,4158.4
2026-07-06T20:38:43Z,,,,,,4164.1
2026-07-06T20:38:43Z,,,,,,4167.9
2026-07-06T20:38:43Z,,,,,,4169.8
2026-07-06T20:38:43Z,51.556175,-0.069031,22.2,23,1,4167.3
2026-07-06T20:38:43Z,,,,,,4163.0
2026-07-06T20:38:43Z,,,,,,4158.8
2026-07-06T20:38:43Z,,,,,,4153.1
2026-07-06T20:38:43Z,,,,,,4147.1
2026-07-06T20:38:44Z,,,,,,4141.7
2026-07-06T20:38:44Z,,,,,,4133.5
2026-07-06T20:38:44Z,,,,,,4123.0
2026-07-06T20:38:44Z,,,,,,4114.0
2026-07-06T20:38:44Z,,,,,,4106.4
2026-07-06T20:38:44Z,51.556175,-0.069053,22.1,23,1,4100.2
2026-07-06T20:38:44Z,,,,,,4096.4
2026-07-06T20:38:44Z,,,,,,4092.5
2026-07-06T20:38:44Z,,,,,,4089.0
2026-07-06T20:38:44Z,,,,,,4087.3
2026-07-06T20:38:45Z,,,,,,4086.1
2026-07-06T20:38:45Z,,,,,,4083.5
2026-07-06T20:38:45Z,,,,,,4081.2
2026-07-06T20:38:45Z,,,,,,4079.5
2026-07-06T20:38:45Z,,,,,,4075.1
2026-07-06T20:38:45Z,51.556171,-0.069075,22.3,23,1,4069.8
2026-07-06T20:38:45Z,,,,,,4065.1
2026-07-06T20:38:45Z,,,,,,4059.5
2026-07-06T20:38:45Z,,,,,,4053.7
2026-07-06T20:38:45Z,,,,,,4048.8
2026-07-06T20:38:46Z,,,,,,4042.8
2026-07-06T20:38:46Z,,,,,,4035.9
2026-07-06T20:38:46Z,,,,,,4030.0
2026-07-06T20:38:46Z,,,,,,4023.8
2026-07-06T20:38:46Z,,,,,,4016.9
2026-07-06T20:38:46Z,51.556171,-0.069085,22.2,23,1,4011.2
2026-07-06T20:38:46Z,,,,,,4006.8
2026-07-06T20:38:46Z,,,,,,4001.9
2026-07-06T20:38:46Z,,,,,,3997.5
2026-07-06T20:38:47Z,,,,,,3994.2
2026-07-06T20:38:47Z,,,,,,3990.8
2026-07-06T20:38:47Z,,,,,,3987.7
2026-07-06T20:38:47Z,,,,,,3985.4
2026-07-06T20:38:47Z,,,,,,3983.8
2026-07-06T20:38:47Z,,,,,,3982.6
2026-07-06T20:38:47Z,51.556168,-0.069091,22.3,23,1,3982.5
2026-07-06T20:38:47Z,,,,,,3983.8
2026-07-06T20:38:47Z,,,,,,3985.4
2026-07-06T20:38:47Z,,,,,,3987.7
2026-07-06T20:38:48Z,,,,,,3990.4
2026-07-06T20:38:48Z,,,,,,3992.5
2026-07-06T20:38:48Z,,,,,,3994.3
2026-07-06T20:38:48Z,,,,,,3996.4
2026-07-06T20:38:48Z,,,,,,3997.2
2026-07-06T20:38:48Z,,,,,,3996.2
2026-07-06T20:38:48Z,51.556168,-0.069098,22.3,23,1,3995.4
2026-07-06T20:38:48Z,,,,,,3993.5
2026-07-06T20:38:48Z,,,,,,3990.2
2026-07-06T20:38:48Z,,,,,,3987.3
2026-07-06T20:38:48Z,,,,,,3984.6
2026-07-06T20:38:49Z,,,,,,3980.3
2026-07-06T20:38:49Z,,,,,,3975.3
2026-07-06T20:38:49Z,,,,,,3970.8
2026-07-06T20:38:49Z,,,,,,3966.5
2026-07-06T20:38:49Z,,,,,,3962.2
2026-07-06T20:38:49Z,51.556168,-0.069117,22.0,23,1,3958.2
2026-07-06T20:38:49Z,,,,,,3952.9
2026-07-06T20:38:49Z,,,,,,3947.4
2026-07-06T20:38:49Z,,,,,,3943.2
2026-07-06T20:38:49Z,,,,,,3938.5
2026-07-06T20:38:50Z,,,,,,3933.1
2026-07-06T20:38:50Z,,,,,,3928.8
2026-07-06T20:38:50Z,,,,,,3924.7
2026-07-06T20:38:50Z,,,,,,3919.3
2026-07-06T20:38:50Z,,,,,,3914.7
2026-07-06T20:38:50Z,51.556164,-0.069137,22.0,23,1,3910.6
2026-07-06T20:38:50Z,,,,,,3906.5
2026-07-06T20:38:50Z,,,,,,3902.9
2026-07-06T20:38:50Z,,,,,,3899.1
2026-07-06T20:38:50Z,,,,,,3894.7
2026-07-06T20:38:51Z,,,,,,3890.4
2026-07-06T20:38:51Z,,,,,,3887.0
2026-07-06T20:38:51Z,,,,,,3883.5
2026-07-06T20:38:51Z,,,,,,3880.1
2026-07-06T20:38:51Z,,,,,,3877.1
2026-07-06T20:38:51Z,51.556164,-0.069160,22.1,23,1,3874.1
2026-07-06T20:38:51Z,,,,,,3870.2
2026-07-06T20:38:51Z,,,,,,3867.5
2026-07-06T20:38:51Z,,,,,,3865.6
2026-07-06T20:38:51Z,,,,,,3863.4
2026-07-06T20:38:52Z,,,,,,3860.8
2026-07-06T20:38:52Z,,,,,,3859.0
2026-07-06T20:38:52Z,,,,,,3858.2
2026-07-06T20:38:52Z,,,,,,3856.4
2026-07-06T20:38:52Z,,,,,,3854.4
2026-07-06T20:38:52Z,51.556160,-0.069179,21.9,23,1,3853.0
2026-07-06T20:38:52Z,,,,,,3851.4
2026-07-06T20:38:52Z,,,,,,3850.1
2026-07-06T20:38:52Z,,,,,,3849.2
2026-07-06T20:38:52Z,,,,,,3849.4
2026-07-06T20:38:53Z,,,,,,3851.2
2026-07-06T20:38:53Z,,,,,,3854.3
2026-07-06T20:38:53Z,,,,,,3857.0
2026-07-06T20:38:53Z,,,,,,3859.3
2026-07-06T20:38:53Z,,,,,,3861.7
2026-07-06T20:38:53Z,51.556156,-0.069198,21.7,23,1,3862.6
2026-07-06T20:38:53Z,,,,,,3863.7
2026-07-06T20:38:53Z,,,,,,3865.1
2026-07-06T20:38:53Z,,,,,,3865.0
2026-07-06T20:38:53Z,,,,,,3864.0
2026-07-06T20:38:54Z,,,,,,3862.2
2026-07-06T20:38:54Z,,,,,,3859.7
2026-07-06T20:38:54Z,,,,,,3857.2
2026-07-06T20:38:54Z,,,,,,3854.9
2026-07-06T20:38:54Z,,,,,,3852.2
2026-07-06T20:38:54Z,51.556156,-0.069219,21.6,23,1,3848.8
2026-07-06T20:38:54Z,,,,,,3845.2
2026-07-06T20:38:54Z,,,,,,3843.1
2026-07-06T20:38:54Z,,,,,,3842.6
2026-07-06T20:38:54Z,,,,,,3844.6
2026-07-06T20:38:55Z,,,,,,3850.0
2026-07-06T20:38:55Z,,,,,,3858.2
2026-07-06T20:38:55Z,,,,,,3870.4
2026-07-06T20:38:55Z,,,,,,3888.2
2026-07-06T20:38:55Z,,,,,,3908.9
2026-07-06T20:38:55Z,51.556152,-0.069238,21.6,23,1,3930.7
2026-07-06T20:38:55Z,,,,,,3952.4
2026-07-06T20:38:55Z,,,,,,3972.2
2026-07-06T20:38:55Z,,,,,,3990.6
2026-07-06T20:38:55Z,,,,,,4006.2
2026-07-06T20:38:56Z,,,,,,4017.1
2026-07-06T20:38:56Z,,,,,,4025.9
2026-07-06T20:38:56Z,,,,,,4033.1
2026-07-06T20:38:56Z,,,,,,4037.4
2026-07-06T20:38:56Z,,,,,,4037.9
2026-07-06T20:38:56Z,51.556149,-0.069256,21.6,23,1,4036.5
2026-07-06T20:38:56Z,,,,,,4033.5
2026-07-06T20:38:56Z,,,,,,4028.3
2026-07-06T20:38:56Z,,,,,,4021.9
2026-07-06T20:38:56Z,,,,,,4013.6
2026-07-06T20:38:57Z,,,,,,4004.9
2026-07-06T20:38:57Z,,,,,,3996.0
2026-07-06T20:38:57Z,,,,,,3986.5
2026-07-06T20:38:57Z,,,,,,3976.8
2026-07-06T20:38:57Z,,,,,,3967.9
2026-07-06T20:38:57Z,51.556149,-0.069276,21.5,23,1,3961.3
2026-07-06T20:38:57Z,,,,,,3956.0
2026-07-06T20:38:57Z,,,,,,3953.4
2026-07-06T20:38:57Z,,,,,,3953.4
2026-07-06T20:38:57Z,,,,,,3954.6
2026-07-06T20:38:58Z,,,,,,3956.8
2026-07-06T20:38:58Z,,,,,,3960.1
2026-07-06T20:38:58Z,,,,,,3964.6
2026-07-06T20:38:58Z,,,,,,3968.8
2026-07-06T20:38:58Z,,,,,,3972.2
2026-07-06T20:38:58Z,51.556145,-0.069295,21.3,23,1,3975.6
2026-07-06T20:38:58Z,,,,,,3977.4
2026-07-06T20:38:58Z,,,,,,3977.3
2026-07-06T20:38:58Z,,,,,,3977.1
2026-07-06T20:38:58Z,,,,,,3976.7
2026-07-06T20:38:59Z,,,,,,3975.3
2026-07-06T20:38:59Z,,,,,,3973.7
2026-07-06T20:38:59Z,,,,,,3971.1
2026-07-06T20:38:59Z,,,,,,3967.9
2026-07-06T20:38:59Z,,,,,,3966.9
2026-07-06T20:38:59Z,51.556141,-0.069313,21.1,23,1,3969.0
2026-07-06T20:38:59Z,,,,,,3972.0
2026-07-06T20:38:59Z,,,,,,3977.4
2026-07-06T20:38:59Z,,,,,,3986.4
2026-07-06T20:38:59Z,,,,,,3996.4
2026-07-06T20:39:00Z,,,,,,4008.8
2026-07-06T20:39:00Z,,,,,,4024.4
2026-07-06T20:39:00Z,,,,,,4039.4
2026-07-06T20:39:00Z,,,,,,4052.3
2026-07-06T20:39:00Z,,,,,,4064.2
2026-07-06T20:39:00Z,51.556141,-0.069334,20.9,23,1,4074.7
2026-07-06T20:39:00Z,,,,,,4082.7
2026-07-06T20:39:00Z,,,,,,4089.2
2026-07-06T20:39:00Z,,,,,,4094.9
2026-07-06T20:39:00Z,,,,,,4099.4
2026-07-06T20:39:01Z,,,,,,4104.3
2026-07-06T20:39:01Z,,,,,,4110.9
2026-07-06T20:39:01Z,,,,,,4116.3
2026-07-06T20:39:01Z,,,,,,4122.1
2026-07-06T20:39:01Z,,,,,,4131.8
2026-07-06T20:39:01Z,51.556137,-0.069346,20.8,23,1,4145.2
2026-07-06T20:39:01Z,,,,,,4163.4
2026-07-06T20:39:01Z,,,,,,4188.2
2026-07-06T20:39:01Z,,,,,,4217.5
2026-07-06T20:39:02Z,,,,,,4246.5
2026-07-06T20:39:02Z,,,,,,4274.3
2026-07-06T20:39:02Z,,,,,,4305.3
2026-07-06T20:39:02Z,,,,,,4335.8
2026-07-06T20:39:02Z,,,,,,4362.5
2026-07-06T20:39:02Z,,,,,,4385.4
2026-07-06T20:39:02Z,51.556137,-0.069351,20.8,23,1,4406.0
2026-07-06T20:39:02Z,,,,,,4422.8
2026-07-06T20:39:02Z,,,,,,4436.3
2026-07-06T20:39:02Z,,,,,,4445.7
2026-07-06T20:39:02Z,,,,,,4450.4
2026-07-06T20:39:03Z,,,,,,4452.6
2026-07-06T20:39:03Z,,,,,,4451.3
2026-07-06T20:39:03Z,,,,,,4445.0
2026-07-06T20:39:03Z,,,,,,4434.7
2026-07-06T20:39:03Z,,,,,,4423.0
2026-07-06T20:39:03Z,51.556137,-0.069355,20.8,23,1,4410.7
2026-07-06T20:39:03Z,,,,,,4396.6
2026-07-06T20:39:03Z,,,,,,4382.9
2026-07-06T20:39:03Z,,,,,,4370.0
2026-07-06T20:39:03Z,,,,,,4357.2
2026-07-06T20:39:04Z,,,,,,4345.6
2026-07-06T20:39:04Z,,,,,,4339.9
2026-07-06T20:39:04Z,,,,,,4343.5
2026-07-06T20:39:04Z,,,,,,4356.7
2026-07-06T20:39:04Z,,,,,,4379.2
2026-07-06T20:39:04Z,51.556133,-0.069358,20.9,23,1,4409.6
2026-07-06T20:39:04Z,,,,,,4443.0
2026-07-06T20:39:04Z,,,,,,4475.0
2026-07-06T20:39:04Z,,,,,,4503.9
2026-07-06T20:39:04Z,,,,,,4528.2
2026-07-06T20:39:05Z,,,,,,4548.8
2026-07-06T20:39:05Z,,,,,,4564.8
2026-07-06T20:39:05Z,,,,,,4576.0
2026-07-06T20:39:05Z,,,,,,4581.5
2026-07-06T20:39:05Z,,,,,,4579.5
2026-07-06T20:39:05Z,51.556133,-0.069361,20.9,23,1,4575.3
2026-07-06T20:39:05Z,,,,,,4567.4
2026-07-06T20:39:05Z,,,,,,4554.9
2026-07-06T20:39:05Z,,,,,,4540.4
2026-07-06T20:39:05Z,,,,,,4524.2
2026-07-06T20:39:06Z,,,,,,4505.9
2026-07-06T20:39:06Z,,,,,,4482.6
2026-07-06T20:39:06Z,,,,,,4459.2
2026-07-06T20:39:06Z,,,,,,4437.0
2026-07-06T20:39:06Z,,,,,,4413.8
2026-07-06T20:39:06Z,51.556129,-0.069363,20.9,24,1,4391.1
2026-07-06T20:39:06Z,,,,,,4370.1
2026-07-06T20:39:06Z,,,,,,4349.6
2026-07-06T20:39:06Z,,,,,,4330.7
2026-07-06T20:39:06Z,,,,,,4316.9
2026-07-06T20:39:07Z,,,,,,4307.1
2026-07-06T20:39:07Z,,,,,,4298.3
2026-07-06T20:39:07Z,,,,,,4292.5
2026-07-06T20:39:07Z,,,,,,4289.9
2026-07-06T20:39:07Z,,,,,,4287.9
2026-07-06T20:39:07Z,51.556129,-0.069365,20.9,23,1,4287.6
2026-07-06T20:39:07Z,,,,,,4289.0
2026-07-06T20:39:07Z,,,,,,4288.4
2026-07-06T20:39:07Z,,,,,,4285.7
2026-07-06T20:39:07Z,,,,,,4281.8
2026-07-06T20:39:08Z,,,,,,4276.9
2026-07-06T20:39:08Z,,,,,,4273.2
2026-07-06T20:39:08Z,,,,,,4268.5
2026-07-06T20:39:08Z,,,,,,4261.8
2026-07-06T20:39:08Z,,,,,,4252.9
2026-07-06T20:39:08Z,51.556129,-0.069384,21.2,23,1,4242.1
2026-07-06T20:39:08Z,,,,,,4230.8
2026-07-06T20:39:08Z,,,,,,4219.9
2026-07-06T20:39:08Z,,,,,,4210.9
2026-07-06T20:39:08Z,,,,,,4202.6
2026-07-06T20:39:09Z,,,,,,4192.2
2026-07-06T20:39:09Z,,,,,,4179.9
2026-07-06T20:39:09Z,,,,,,4168.1
2026-07-06T20:39:09Z,,,,,,4158.7
2026-07-06T20:39:09Z,,,,,,4150.0
2026-07-06T20:39:09Z,51.556129,-0.069403,21.7,23,1,4142.4
2026-07-06T20:39:09Z,,,,,,4135.8
2026-07-06T20:39:09Z,,,,,,4128.5
2026-07-06T20:39:09Z,,,,,,4120.6
2026-07-06T20:39:09Z,,,,,,4113.9
2026-07-06T20:39:10Z,,,,,,4108.4
2026-07-06T20:39:10Z,,,,,,4103.7
2026-07-06T20:39:10Z,,,,,,4099.1
2026-07-06T20:39:10Z,,,,,,4093.3
2026-07-06T20:39:10Z,,,,,,4086.6
2026-07-06T20:39:10Z,51.556129,-0.069421,22.0,24,1,4080.5
2026-07-06T20:39:10Z,,,,,,4074.9
2026-07-06T20:39:10Z,,,,,,4068.9
2026-07-06T20:39:10Z,,,,,,4065.0
2026-07-06T20:39:10Z,,,,,,4061.3
2026-07-06T20:39:11Z,,,,,,4055.5
2026-07-06T20:39:11Z,,,,,,4049.1
2026-07-06T20:39:11Z,,,,,,4043.8
2026-07-06T20:39:11Z,,,,,,4039.0
2026-07-06T20:39:11Z,,,,,,4035.9
2026-07-06T20:39:11Z,51.556126,-0.069435,22.1,24,1,4035.6
2026-07-06T20:39:11Z,,,,,,4035.5
2026-07-06T20:39:11Z,,,,,,4036.4
2026-07-06T20:39:11Z,,,,,,4039.7
2026-07-06T20:39:11Z,,,,,,4044.5
2026-07-06T20:39:12Z,,,,,,4051.7
2026-07-06T20:39:12Z,,,,,,4061.5
2026-07-06T20:39:12Z,,,,,,4070.4
2026-07-06T20:39:12Z,,,,,,4077.5
2026-07-06T20:39:12Z,,,,,,4083.9
2026-07-06T20:39:12Z,51.556122,-0.069447,22.1,24,1,4091.3
2026-07-06T20:39:12Z,,,,,,4099.9
2026-07-06T20:39:12Z,,,,,,4109.3
2026-07-06T20:39:12Z,,,,,,4119.0
2026-07-06T20:39:12Z,,,,,,4125.4
2026-07-06T20:39:13Z,,,,,,4129.9
2026-07-06T20:39:13Z,,,,,,4133.9
2026-07-06T20:39:13Z,,,,,,4136.3
2026-07-06T20:39:13Z,,,,,,4138.2
2026-07-06T20:39:13Z,,,,,,4139.4
2026-07-06T20:39:13Z,51.556118,-0.069461,22.1,24,1,4138.0
2026-07-06T20:39:13Z,,,,,,4136.2
2026-07-06T20:39:13Z,,,,,,4136.3
2026-07-06T20:39:13Z,,,,,,4137.9
2026-07-06T20:39:13Z,,,,,,4140.6
2026-07-06T20:39:14Z,,,,,,4143.9
2026-07-06T20:39:14Z,,,,,,4145.9
2026-07-06T20:39:14Z,,,,,,4145.4
2026-07-06T20:39:14Z,,,,,,4143.7
2026-07-06T20:39:14Z,,,,,,4142.6
2026-07-06T20:39:14Z,51.556114,-0.069477,22.0,24,1,4141.8
2026-07-06T20:39:14Z,,,,,,4141.2
2026-07-06T20:39:14Z,,,,,,4140.9
2026-07-06T20:39:14Z,,,,,,4139.7
2026-07-06T20:39:14Z,,,,,,4137.3
2026-07-06T20:39:15Z,,,,,,4136.1
2026-07-06T20:39:15Z,,,,,,4135.3
2026-07-06T20:39:15Z,,,,,,4133.9
2026-07-06T20:39:15Z,,,,,,4131.6
2026-07-06T20:39:15Z,,,,,,4128.6
2026-07-06T20:39:15Z,51.556110,-0.069493,22.1,25,1,4125.6
2026-07-06T20:39:15Z,,,,,,4121.3
2026-07-06T20:39:15Z,,,,,,4117.1
2026-07-06T20:39:15Z,,,,,,4113.9
2026-07-06T20:39:15Z,,,,,,4112.5
2026-07-06T20:39:16Z,,,,,,4115.1
2026-07-06T20:39:16Z,,,,,,4120.5
2026-07-06T20:39:16Z,,,,,,4129.2
2026-07-06T20:39:16Z,,,,,,4140.8
2026-07-06T20:39:16Z,,,,,,4151.9
2026-07-06T20:39:16Z,51.556107,-0.069509,21.8,25,1,4161.3
2026-07-06T20:39:16Z,,,,,,4169.5
2026-07-06T20:39:16Z,,,,,,4175.5
2026-07-06T20:39:16Z,,,,,,4179.2
2026-07-06T20:39:16Z,,,,,,4183.2
2026-07-06T20:39:17Z,,,,,,4188.7
2026-07-06T20:39:17Z,,,,,,4195.1
2026-07-06T20:39:17Z,,,,,,4203.8
2026-07-06T20:39:17Z,,,,,,4217.1
2026-07-06T20:39:17Z,,,,,,4233.1
2026-07-06T20:39:17Z,51.556107,-0.069523,21.5,25,1,4249.7
2026-07-06T20:39:17Z,,,,,,4266.2
2026-07-06T20:39:17Z,,,,,,4280.2
2026-07-06T20:39:17Z,,,,,,4288.9
2026-07-06T20:39:17Z,,,,,,4295.1
2026-07-06T20:39:18Z,,,,,,4298.9
2026-07-06T20:39:18Z,,,,,,4299.5
2026-07-06T20:39:18Z,,,,,,4298.4
2026-07-06T20:39:18Z,,,,,,4294.1
2026-07-06T20:39:18Z,,,,,,4287.3
2026-07-06T20:39:18Z,51.556103,-0.069536,21.5,25,1,4279.5
2026-07-06T20:39:18Z,,,,,,4272.4
2026-07-06T20:39:18Z,,,,,,4264.0
2026-07-06T20:39:18Z,,,,,,4253.0
2026-07-06T20:39:18Z,,,,,,4240.8
2026-07-06T20:39:18Z,,,,,,4227.7
2026-07-06T20:39:19Z,,,,,,4214.1
2026-07-06T20:39:19Z,,,,,,4200.6
2026-07-06T20:39:19Z,,,,,,4189.2
2026-07-06T20:39:19Z,,,,,,4177.3
2026-07-06T20:39:19Z,51.556099,-0.069550,21.4,25,1,4165.3
2026-07-06T20:39:19Z,,,,,,4154.2
2026-07-06T20:39:19Z,,,,,,4144.8
2026-07-06T20:39:19Z,,,,,,4138.5
2026-07-06T20:39:19Z,,,,,,4135.0
2026-07-06T20:39:19Z,,,,,,4133.6
2026-07-06T20:39:20Z,,,,,,4132.8
2026-07-06T20:39:20Z,,,,,,4131.7
2026-07-06T20:39:20Z,,,,,,4131.1
2026-07-06T20:39:20Z,,,,,,4130.2
2026-07-06T20:39:20Z,51.556095,-0.069564,21.1,25,1,4130.3
2026-07-06T20:39:20Z,,,,,,4132.3
2026-07-06T20:39:20Z,,,,,,4133.0
2026-07-06T20:39:20Z,,,,,,4131.3
2026-07-06T20:39:20Z,,,,,,4128.9
2026-07-06T20:39:21Z,,,,,,4127.8
2026-07-06T20:39:21Z,,,,,,4126.9
2026-07-06T20:39:21Z,,,,,,4126.6
2026-07-06T20:39:21Z,,,,,,4125.4
2026-07-06T20:39:21Z,,,,,,4121.0
2026-07-06T20:39:21Z,51.556091,-0.069576,21.2,25,1,4116.4
2026-07-06T20:39:21Z,,,,,,4111.4
2026-07-06T20:39:21Z,,,,,,4105.1
2026-07-06T20:39:21Z,,,,,,4100.0
2026-07-06T20:39:21Z,,,,,,4095.6
2026-07-06T20:39:22Z,,,,,,4089.5
2026-07-06T20:39:22Z,,,,,,4082.7
2026-07-06T20:39:22Z,,,,,,4077.9
2026-07-06T20:39:22Z,,,,,,4072.9
2026-07-06T20:39:22Z,,,,,,4067.8
2026-07-06T20:39:22Z,51.556091,-0.069579,21.3,25,1,4064.3
2026-07-06T20:39:22Z,,,,,,4059.6
2026-07-06T20:39:22Z,,,,,,4054.1
2026-07-06T20:39:22Z,,,,,,4049.4
2026-07-06T20:39:22Z,,,,,,4045.1
2026-07-06T20:39:23Z,,,,,,4040.6
2026-07-06T20:39:23Z,,,,,,4036.9
2026-07-06T20:39:23Z,,,,,,4033.2
2026-07-06T20:39:23Z,,,,,,4028.4
2026-07-06T20:39:23Z,,,,,,4025.2
2026-07-06T20:39:23Z,51.556087,-0.069583,21.4,25,1,4023.1
2026-07-06T20:39:23Z,,,,,,4018.7
2026-07-06T20:39:23Z,,,,,,4015.3
2026-07-06T20:39:23Z,,,,,,4013.6
2026-07-06T20:39:23Z,,,,,,4010.2
2026-07-06T20:39:24Z,,,,,,4007.1
2026-07-06T20:39:24Z,,,,,,4004.1
2026-07-06T20:39:24Z,,,,,,4000.5
2026-07-06T20:39:24Z,,,,,,3997.1
2026-07-06T20:39:24Z,,,,,,3995.2
2026-07-06T20:39:24Z,51.556087,-0.069586,21.4,25,1,3994.0
2026-07-06T20:39:24Z,,,,,,3992.0
2026-07-06T20:39:24Z,,,,,,3991.4
2026-07-06T20:39:24Z,,,,,,3991.6
2026-07-06T20:39:24Z,,,,,,3990.5
2026-07-06T20:39:25Z,,,,,,3990.1
2026-07-06T20:39:25Z,,,,,,3990.8
2026-07-06T20:39:25Z,,,,,,3990.4
2026-07-06T20:39:25Z,,,,,,3989.9
2026-07-06T20:39:25Z,,,,,,3992.2
2026-07-06T20:39:25Z,51.556084,-0.069600,21.1,25,1,3996.7
2026-07-06T20:39:25Z,,,,,,4004.0
2026-07-06T20:39:25Z,,,,,,4015.1
2026-07-06T20:39:25Z,,,,,,4028.4
2026-07-06T20:39:25Z,,,,,,4043.5
2026-07-06T20:39:26Z,,,,,,4057.7
2026-07-06T20:39:26Z,,,,,,4070.6
2026-07-06T20:39:26Z,,,,,,4083.1
2026-07-06T20:39:26Z,,,,,,4094.8
2026-07-06T20:39:26Z,,,,,,4103.8
2026-07-06T20:39:26Z,51.556080,-0.069614,21.3,25,1,4109.5
2026-07-06T20:39:26Z,,,,,,4113.1
2026-07-06T20:39:26Z,,,,,,4114.8
2026-07-06T20:39:26Z,,,,,,4114.4
2026-07-06T20:39:26Z,,,,,,4112.9
2026-07-06T20:39:27Z,,,,,,4109.7
2026-07-06T20:39:27Z,,,,,,4104.8
2026-07-06T20:39:27Z,,,,,,4099.9
2026-07-06T20:39:27Z,,,,,,4093.8
2026-07-06T20:39:27Z,,,,,,4085.7
2026-07-06T20:39:27Z,51.556076,-0.069627,21.2,25,1,4078.0
2026-07-06T20:39:27Z,,,,,,4071.0
2026-07-06T20:39:27Z,,,,,,4063.8
2026-07-06T20:39:27Z,,,,,,4057.0
2026-07-06T20:39:27Z,,,,,,4051.9
2026-07-06T20:39:28Z,,,,,,4047.5
2026-07-06T20:39:28Z,,,,,,4041.9
2026-07-06T20:39:28Z,,,,,,4037.0
2026-07-06T20:39:28Z,,,,,,4033.5
2026-07-06T20:39:28Z,,,,,,4030.2
2026-07-06T20:39:28Z,51.556072,-0.069640,21.0,25,1,4027.4
2026-07-06T20:39:28Z,,,,,,4024.3
2026-07-06T20:39:28Z,,,,,,4019.7
2026-07-06T20:39:28Z,,,,,,4015.0
2026-07-06T20:39:28Z,,,,,,4012.1
2026-07-06T20:39:29Z,,,,,,4009.2
2026-07-06T20:39:29Z,,,,,,4006.8
2026-07-06T20:39:29Z,,,,,,4006.7
2026-07-06T20:39:29Z,,,,,,4009.0
2026-07-06T20:39:29Z,,,,,,4014.0
2026-07-06T20:39:29Z,51.556065,-0.069654,20.9,24,1,4023.4
2026-07-06T20:39:29Z,,,,,,4037.3
2026-07-06T20:39:29Z,,,,,,4053.9
2026-07-06T20:39:29Z,,,,,,4071.4
2026-07-06T20:39:29Z,,,,,,4089.3
2026-07-06T20:39:30Z,,,,,,4105.8
2026-07-06T20:39:30Z,,,,,,4120.4
2026-07-06T20:39:30Z,,,,,,4134.2
2026-07-06T20:39:30Z,,,,,,4144.6
2026-07-06T20:39:30Z,,,,,,4151.6
2026-07-06T20:39:30Z,51.556061,-0.069669,20.5,24,1,4156.5
2026-07-06T20:39:30Z,,,,,,4158.1
2026-07-06T20:39:30Z,,,,,,4156.0
2026-07-06T20:39:30Z,,,,,,4153.3
2026-07-06T20:39:30Z,,,,,,4151.8
2026-07-06T20:39:31Z,,,,,,4148.2
2026-07-06T20:39:31Z,,,,,,4143.3
2026-07-06T20:39:31Z,,,,,,4140.3
2026-07-06T20:39:31Z,,,,,,4138.4
2026-07-06T20:39:31Z,,,,,,4139.3
2026-07-06T20:39:31Z,51.556057,-0.069683,20.6,24,1,4145.1
2026-07-06T20:39:31Z,,,,,,4152.9
2026-07-06T20:39:31Z,,,,,,4160.5
2026-07-06T20:39:31Z,,,,,,4167.5
2026-07-06T20:39:31Z,,,,,,4173.3
2026-07-06T20:39:32Z,,,,,,4175.6
2026-07-06T20:39:32Z,,,,,,4178.4
2026-07-06T20:39:32Z,,,,,,4182.1
2026-07-06T20:39:32Z,,,,,,4182.5
2026-07-06T20:39:32Z,,,,,,4181.0
2026-07-06T20:39:32Z,51.556053,-0.069699,20.4,24,1,4178.4
2026-07-06T20:39:32Z,,,,,,4173.6
2026-07-06T20:39:32Z,,,,,,4167.4
2026-07-06T20:39:32Z,,,,,,4162.0
2026-07-06T20:39:32Z,,,,,,4156.6
2026-07-06T20:39:32Z,,,,,,4149.3
2026-07-06T20:39:33Z,,,,,,4141.4
2026-07-06T20:39:33Z,,,,,,4133.1
2026-07-06T20:39:33Z,,,,,,4123.2
2026-07-06T20:39:33Z,,,,,,4114.7
2026-07-06T20:39:33Z,51.556046,-0.069715,20.6,25,1,4109.3
2026-07-06T20:39:33Z,,,,,,4102.8
2026-07-06T20:39:33Z,,,,,,4095.9
2026-07-06T20:39:33Z,,,,,,4089.6
2026-07-06T20:39:33Z,,,,,,4082.3
2026-07-06T20:39:33Z,,,,,,4075.6
2026-07-06T20:39:34Z,,,,,,4071.1
2026-07-06T20:39:34Z,,,,,,4067.5
2026-07-06T20:39:34Z,,,,,,4062.8
2026-07-06T20:39:34Z,,,,,,4057.1
2026-07-06T20:39:34Z,51.556038,-0.069730,20.6,25,1,4051.6
2026-07-06T20:39:34Z,,,,,,4045.4
2026-07-06T20:39:34Z,,,,,,4041.7
2026-07-06T20:39:34Z,,,,,,4040.3
2026-07-06T20:39:34Z,,,,,,4036.7
2026-07-06T20:39:34Z,,,,,,4031.9
2026-07-06T20:39:35Z,,,,,,4026.6
2026-07-06T20:39:35Z,,,,,,4020.5
2026-07-06T20:39:35Z,,,,,,4015.5
2026-07-06T20:39:35Z,,,,,,4013.0
2026-07-06T20:39:35Z,51.556030,-0.069742,20.5,25,1,4011.3
2026-07-06T20:39:35Z,,,,,,4008.9
2026-07-06T20:39:35Z,,,,,,4007.0
2026-07-06T20:39:35Z,,,,,,4007.0
2026-07-06T20:39:35Z,,,,,,4009.0
2026-07-06T20:39:35Z,,,,,,4015.4
2026-07-06T20:39:36Z,,,,,,4025.7
2026-07-06T20:39:36Z,,,,,,4038.2
2026-07-06T20:39:36Z,,,,,,4049.9
2026-07-06T20:39:36Z,,,,,,4060.3
2026-07-06T20:39:36Z,51.556026,-0.069757,20.7,25,1,4069.8
2026-07-06T20:39:36Z,,,,,,4077.8
2026-07-06T20:39:36Z,,,,,,4086.2
2026-07-06T20:39:36Z,,,,,,4094.1
2026-07-06T20:39:36Z,,,,,,4097.7
2026-07-06T20:39:37Z,,,,,,4098.2
2026-07-06T20:39:37Z,,,,,,4097.5
2026-07-06T20:39:37Z,,,,,,4094.7
2026-07-06T20:39:37Z,,,,,,4091.8
2026-07-06T20:39:37Z,,,,,,4090.2
2026-07-06T20:39:37Z,51.556026,-0.069771,20.8,25,1,4087.1
2026-07-06T20:39:37Z,,,,,,4081.3
2026-07-06T20:39:37Z,,,,,,4074.1
2026-07-06T20:39:37Z,,,,,,4066.3
2026-07-06T20:39:37Z,,,,,,4058.0
2026-07-06T20:39:38Z,,,,,,4051.1
2026-07-06T20:39:38Z,,,,,,4045.9
2026-07-06T20:39:38Z,,,,,,4040.0
2026-07-06T20:39:38Z,,,,,,4032.4
2026-07-06T20:39:38Z,,,,,,4024.5
2026-07-06T20:39:38Z,51.556023,-0.069781,20.8,25,1,4018.0
2026-07-06T20:39:38Z,,,,,,4012.2
2026-07-06T20:39:38Z,,,,,,4006.9
2026-07-06T20:39:38Z,,,,,,4002.2
2026-07-06T20:39:38Z,,,,,,3996.8
2026-07-06T20:39:38Z,,,,,,3990.1
2026-07-06T20:39:39Z,,,,,,3983.4
2026-07-06T20:39:39Z,,,,,,3977.4
2026-07-06T20:39:39Z,,,,,,3972.1
2026-07-06T20:39:39Z,,,,,,3968.3
2026-07-06T20:39:39Z,51.556019,-0.069792,20.7,25,1,3965.2
2026-07-06T20:39:39Z,,,,,,3960.3
2026-07-06T20:39:39Z,,,,,,3954.5
2026-07-06T20:39:39Z,,,,,,3950.1
2026-07-06T20:39:39Z,,,,,,3946.2
2026-07-06T20:39:39Z,,,,,,3941.6
2026-07-06T20:39:40Z,,,,,,3938.9
2026-07-06T20:39:40Z,,,,,,3936.9
2026-07-06T20:39:40Z,,,,,,3933.1
2026-07-06T20:39:40Z,,,,,,3929.0
2026-07-06T20:39:40Z,51.556011,-0.069803,20.7,25,1,3926.4
2026-07-06T20:39:40Z,,,,,,3924.7
2026-07-06T20:39:40Z,,,,,,3922.4
2026-07-06T20:39:40Z,,,,,,3921.2
2026-07-06T20:39:40Z,,,,,,3920.2
2026-07-06T20:39:40Z,,,,,,3917.8
2026-07-06T20:39:41Z,,,,,,3915.4
2026-07-06T20:39:41Z,,,,,,3913.8
2026-07-06T20:39:41Z,,,,,,3911.7
2026-07-06T20:39:41Z,,,,,,3909.0
2026-07-06T20:39:41Z,51.556007,-0.069815,20.5,25,1,3907.6
2026-07-06T20:39:41Z,,,,,,3905.5
2026-07-06T20:39:41Z,,,,,,3902.6
2026-07-06T20:39:41Z,,,,,,3900.5
2026-07-06T20:39:41Z,,,,,,3898.7
2026-07-06T20:39:41Z,,,,,,3895.7
2026-07-06T20:39:42Z,,,,,,3892.4
2026-07-06T20:39:42Z,,,,,,3890.5
2026-07-06T20:39:42Z,,,,,,3888.7
2026-07-06T20:39:42Z,,,,,,3886.3
2026-07-06T20:39:42Z,51.556004,-0.069825,20.3,25,1,3884.8
2026-07-06T20:39:42Z,,,,,,3883.2
2026-07-06T20:39:42Z,,,,,,3880.8
2026-07-06T20:39:42Z,,,,,,3879.9
2026-07-06T20:39:42Z,,,,,,3880.2
2026-07-06T20:39:42Z,,,,,,3880.0
2026-07-06T20:39:43Z,,,,,,3881.6
2026-07-06T20:39:43Z,,,,,,3884.9
2026-07-06T20:39:43Z,,,,,,3888.0
2026-07-06T20:39:43Z,,,,,,3891.0
2026-07-06T20:39:43Z,51.556000,-0.069837,20.3,25,1,3895.9
2026-07-06T20:39:43Z,,,,,,3901.8
2026-07-06T20:39:43Z,,,,,,3908.9
2026-07-06T20:39:43Z,,,,,,3917.9
2026-07-06T20:39:43Z,,,,,,3928.0
2026-07-06T20:39:43Z,,,,,,3936.9
2026-07-06T20:39:43Z,,,,,,3945.0
2026-07-06T20:39:44Z,,,,,,3953.8
2026-07-06T20:39:44Z,,,,,,3962.0
2026-07-06T20:39:44Z,,,,,,3969.0
2026-07-06T20:39:44Z,51.555996,-0.069850,20.3,25,1,3975.8
2026-07-06T20:39:44Z,,,,,,3979.6
2026-07-06T20:39:44Z,,,,,,3979.8
2026-07-06T20:39:44Z,,,,,,3979.5
2026-07-06T20:39:44Z,,,,,,3979.2
2026-07-06T20:39:44Z,,,,,,3977.0
2026-07-06T20:39:45Z,,,,,,3974.3
2026-07-06T20:39:45Z,,,,,,3971.6
2026-07-06T20:39:45Z,,,,,,3967.2
2026-07-06T20:39:45Z,,,,,,3963.0
2026-07-06T20:39:45Z,51.555988,-0.069862,20.2,25,1,3959.4
2026-07-06T20:39:45Z,,,,,,3954.7
2026-07-06T20:39:45Z,,,,,,3950.4
2026-07-06T20:39:45Z,,,,,,3946.9
2026-07-06T20:39:45Z,,,,,,3944.0
2026-07-06T20:39:45Z,,,,,,3943.1
2026-07-06T20:39:46Z,,,,,,3946.7
2026-07-06T20:39:46Z,,,,,,3953.7
2026-07-06T20:39:46Z,,,,,,3961.7
2026-07-06T20:39:46Z,,,,,,3971.0
2026-07-06T20:39:46Z,51.555984,-0.069874,20.2,25,1,3981.3
2026-07-06T20:39:46Z,,,,,,3989.8
2026-07-06T20:39:46Z,,,,,,3998.1
2026-07-06T20:39:46Z,,,,,,4006.7
2026-07-06T20:39:46Z,,,,,,4012.4
2026-07-06T20:39:46Z,,,,,,4017.4
2026-07-06T20:39:47Z,,,,,,4020.6
2026-07-06T20:39:47Z,,,,,,4020.8
2026-07-06T20:39:47Z,,,,,,4020.7
2026-07-06T20:39:47Z,,,,,,4022.3
2026-07-06T20:39:47Z,51.555977,-0.069888,20.1,25,1,4021.4
2026-07-06T20:39:47Z,,,,,,4017.0
2026-07-06T20:39:47Z,,,,,,4012.1
2026-07-06T20:39:47Z,,,,,,4005.9
2026-07-06T20:39:47Z,,,,,,3999.5
2026-07-06T20:39:48Z,,,,,,3995.5
2026-07-06T20:39:48Z,,,,,,3991.4
2026-07-06T20:39:48Z,,,,,,3985.0
2026-07-06T20:39:48Z,,,,,,3977.6
2026-07-06T20:39:48Z,,,,,,3969.6
2026-07-06T20:39:48Z,51.555969,-0.069901,20.2,25,1,3961.5
2026-07-06T20:39:48Z,,,,,,3955.4
2026-07-06T20:39:48Z,,,,,,3951.7
2026-07-06T20:39:48Z,,,,,,3947.5
2026-07-06T20:39:48Z,,,,,,3942.1
2026-07-06T20:39:48Z,,,,,,3935.9
2026-07-06T20:39:49Z,,,,,,3930.5
2026-07-06T20:39:49Z,,,,,,3925.7
2026-07-06T20:39:49Z,,,,,,3922.9
2026-07-06T20:39:49Z,,,,,,3921.9
2026-07-06T20:39:49Z,51.555962,-0.069914,20.2,25,1,3920.0
2026-07-06T20:39:49Z,,,,,,3915.7
2026-07-06T20:39:49Z,,,,,,3911.2
2026-07-06T20:39:49Z,,,,,,3908.4
2026-07-06T20:39:49Z,,,,,,3905.4
2026-07-06T20:39:49Z,,,,,,3903.6
2026-07-06T20:39:50Z,,,,,,3902.2
2026-07-06T20:39:50Z,,,,,,3898.6
2026-07-06T20:39:50Z,,,,,,3894.7
2026-07-06T20:39:50Z,,,,,,3891.8
2026-07-06T20:39:50Z,51.555950,-0.069927,20.2,25,1,3888.6
2026-07-06T20:39:50Z,,,,,,3885.2
2026-07-06T20:39:50Z,,,,,,3882.8
2026-07-06T20:39:50Z,,,,,,3880.2
2026-07-06T20:39:50Z,,,,,,3876.3
2026-07-06T20:39:51Z,,,,,,3873.8
2026-07-06T20:39:51Z,,,,,,3872.5
2026-07-06T20:39:51Z,,,,,,3870.9
2026-07-06T20:39:51Z,,,,,,3870.7
2026-07-06T20:39:51Z,,,,,,3871.5
2026-07-06T20:39:51Z,51.555943,-0.069941,20.4,25,1,3872.6
2026-07-06T20:39:51Z,,,,,,3873.9
2026-07-06T20:39:51Z,,,,,,3875.2
2026-07-06T20:39:51Z,,,,,,3876.5
2026-07-06T20:39:51Z,,,,,,3876.6
2026-07-06T20:39:51Z,,,,,,3876.6
2026-07-06T20:39:52Z,,,,,,3877.2
2026-07-06T20:39:52Z,,,,,,3878.2
2026-07-06T20:39:52Z,,,,,,3878.9
2026-07-06T20:39:52Z,,,,,,3879.0
2026-07-06T20:39:52Z,51.555935,-0.069954,20.3,25,1,3878.2
2026-07-06T20:39:52Z,,,,,,3876.1
2026-07-06T20:39:52Z,,,,,,3874.7
2026-07-06T20:39:52Z,,,,,,3874.7
2026-07-06T20:39:52Z,,,,,,3873.9
2026-07-06T20:39:52Z,,,,,,3871.8
2026-07-06T20:39:53Z,,,,,,3869.3
2026-07-06T20:39:53Z,,,,,,3866.6
2026-07-06T20:39:53Z,,,,,,3865.1
2026-07-06T20:39:53Z,,,,,,3866.7
2026-07-06T20:39:53Z,51.555927,-0.069967,20.4,25,1,3868.9
2026-07-06T20:39:53Z,,,,,,3870.1
2026-07-06T20:39:53Z,,,,,,3871.8
2026-07-06T20:39:53Z,,,,,,3873.0
2026-07-06T20:39:53Z,,,,,,3872.4
2026-07-06T20:39:53Z,,,,,,3873.6
2026-07-06T20:39:54Z,,,,,,3875.7
2026-07-06T20:39:54Z,,,,,,3875.8
2026-07-06T20:39:54Z,,,,,,3875.1
2026-07-06T20:39:54Z,,,,,,3873.7
2026-07-06T20:39:54Z,51.555920,-0.069979,20.8,25,1,3871.3
2026-07-06T20:39:54Z,,,,,,3869.9
2026-07-06T20:39:54Z,,,,,,3870.7
2026-07-06T20:39:54Z,,,,,,3870.9
2026-07-06T20:39:54Z,,,,,,3869.5
2026-07-06T20:39:54Z,,,,,,3868.2
2026-07-06T20:39:55Z,,,,,,3868.1
2026-07-06T20:39:55Z,,,,,,3870.2
2026-07-06T20:39:55Z,,,,,,3874.6
2026-07-06T20:39:55Z,,,,,,3880.9
2026-07-06T20:39:55Z,51.555908,-0.069991,20.8,25,1,3887.7
2026-07-06T20:39:55Z,,,,,,3892.2
2026-07-06T20:39:55Z,,,,,,3895.6
2026-07-06T20:39:55Z,,,,,,3899.2
2026-07-06T20:39:55Z,,,,,,3903.0
2026-07-06T20:39:55Z,,,,,,3907.4
2026-07-06T20:39:56Z,,,,,,3910.3
2026-07-06T20:39:56Z,,,,,,3910.3
2026-07-06T20:39:56Z,,,,,,3908.9
2026-07-06T20:39:56Z,,,,,,3907.0
2026-07-06T20:39:56Z,51.555904,-0.070002,20.8,25,1,3904.4
2026-07-06T20:39:56Z,,,,,,3902.6
2026-07-06T20:39:56Z,,,,,,3901.7
2026-07-06T20:39:56Z,,,,,,3898.6
2026-07-06T20:39:56Z,,,,,,3893.4
2026-07-06T20:39:56Z,,,,,,3887.9
2026-07-06T20:39:57Z,,,,,,3883.3
2026-07-06T20:39:57Z,,,,,,3879.0
2026-07-06T20:39:57Z,,,,,,3875.1
2026-07-06T20:39:57Z,,,,,,3872.0
2026-07-06T20:39:57Z,51.555901,-0.070015,20.8,25,1,3867.2
2026-07-06T20:39:57Z,,,,,,3861.0
2026-07-06T20:39:57Z,,,,,,3856.3
2026-07-06T20:39:57Z,,,,,,3852.1
2026-07-06T20:39:57Z,,,,,,3847.8
2026-07-06T20:39:57Z,,,,,,3845.1
2026-07-06T20:39:57Z,,,,,,3842.4
2026-07-06T20:39:58Z,,,,,,3838.5
2026-07-06T20:39:58Z,,,,,,3835.5
2026-07-06T20:39:58Z,,,,,,3834.3
2026-07-06T20:39:58Z,51.555897,-0.070026,20.6,25,1,3833.3
2026-07-06T20:39:58Z,,,,,,3832.9
2026-07-06T20:39:58Z,,,,,,3832.8
2026-07-06T20:39:58Z,,,,,,3831.8
2026-07-06T20:39:58Z,,,,,,3830.4
2026-07-06T20:39:58Z,,,,,,3829.8
2026-07-06T20:39:58Z,,,,,,3829.4
2026-07-06T20:39:59Z,,,,,,3828.0
2026-07-06T20:39:59Z,,,,,,3826.4
2026-07-06T20:39:59Z,,,,,,3825.4
2026-07-06T20:39:59Z,51.555889,-0.070037,20.6,25,1,3823.6
2026-07-06T20:39:59Z,,,,,,3822.0
2026-07-06T20:39:59Z,,,,,,3820.6
2026-07-06T20:39:59Z,,,,,,3817.8
2026-07-06T20:39:59Z,,,,,,3815.2
2026-07-06T20:39:59Z,,,,,,3813.8
2026-07-06T20:40:00Z,,,,,,3812.0
2026-07-06T20:40:00Z,,,,,,3810.8
2026-07-06T20:40:00Z,,,,,,3810.5
2026-07-06T20:40:00Z,,,,,,3810.8
2026-07-06T20:40:00Z,51.555882,-0.070049,20.6,25,1,3811.7
2026-07-06T20:40:00Z,,,,,,3813.3
2026-07-06T20:40:00Z,,,,,,3816.4
2026-07-06T20:40:00Z,,,,,,3819.0
2026-07-06T20:40:00Z,,,,,,3821.5
2026-07-06T20:40:00Z,,,,,,3824.3
2026-07-06T20:40:01Z,,,,,,3826.4
2026-07-06T20:40:01Z,,,,,,3829.1
2026-07-06T20:40:01Z,,,,,,3832.0
2026-07-06T20:40:01Z,,,,,,3833.5
2026-07-06T20:40:01Z,51.555874,-0.070061,20.7,25,1,3834.5
2026-07-06T20:40:01Z,,,,,,3836.2
2026-07-06T20:40:01Z,,,,,,3837.1
2026-07-06T20:40:01Z,,,,,,3836.0
2026-07-06T20:40:01Z,,,,,,3835.2
2026-07-06T20:40:01Z,,,,,,3834.3
2026-07-06T20:40:02Z,,,,,,3833.0
2026-07-06T20:40:02Z,,,,,,3831.2
2026-07-06T20:40:02Z,,,,,,3828.2
2026-07-06T20:40:02Z,,,,,,3824.3
2026-07-06T20:40:02Z,51.555870,-0.070075,20.6,25,1,3821.6
2026-07-06T20:40:02Z,,,,,,3819.8
2026-07-06T20:40:02Z,,,,,,3816.8
2026-07-06T20:40:02Z,,,,,,3813.2
2026-07-06T20:40:02Z,,,,,,3809.9
2026-07-06T20:40:02Z,,,,,,3806.1
2026-07-06T20:40:03Z,,,,,,3801.1
2026-07-06T20:40:03Z,,,,,,3796.4
2026-07-06T20:40:03Z,,,,,,3793.1
2026-07-06T20:40:03Z,,,,,,3790.0
2026-07-06T20:40:03Z,51.555862,-0.070087,20.6,25,1,3787.2
2026-07-06T20:40:03Z,,,,,,3784.1
2026-07-06T20:40:03Z,,,,,,3780.4
2026-07-06T20:40:03Z,,,,,,3776.7
2026-07-06T20:40:03Z,,,,,,3774.1
2026-07-06T20:40:03Z,,,,,,3771.6
2026-07-06T20:40:04Z,,,,,,3768.9
2026-07-06T20:40:04Z,,,,,,3766.4
2026-07-06T20:40:04Z,,,,,,3763.8
2026-07-06T20:40:04Z,,,,,,3760.2
2026-07-06T20:40:04Z,51.555855,-0.070098,20.7,25,1,3757.3
2026-07-06T20:40:04Z,,,,,,3755.9
2026-07-06T20:40:04Z,,,,,,3754.1
2026-07-06T20:40:04Z,,,,,,3751.6
2026-07-06T20:40:04Z,,,,,,3749.5
2026-07-06T20:40:04Z,,,,,,3747.0
2026-07-06T20:40:05Z,,,,,,3744.2
2026-07-06T20:40:05Z,,,,,,3743.0
2026-07-06T20:40:05Z,,,,,,3743.1
2026-07-06T20:40:05Z,,,,,,3742.9
2026-07-06T20:40:05Z,51.555847,-0.070110,20.6,25,1,3742.6
2026-07-06T20:40:05Z,,,,,,3743.1
2026-07-06T20:40:05Z,,,,,,3743.0
2026-07-06T20:40:05Z,,,,,,3743.9
2026-07-06T20:40:05Z,,,,,,3747.2
2026-07-06T20:40:05Z,,,,,,3750.0
2026-07-06T20:40:06Z,,,,,,3751.6
2026-07-06T20:40:06Z,,,,,,3752.5
2026-07-06T20:40:06Z,,,,,,3752.3
2026-07-06T20:40:06Z,,,,,,3752.5
2026-07-06T20:40:06Z,51.555843,-0.070122,20.8,25,1,3754.1
2026-07-06T20:40:06Z,,,,,,3754.9
2026-07-06T20:40:06Z,,,,,,3754.8
2026-07-06T20:40:06Z,,,,,,3754.3
2026-07-06T20:40:06Z,,,,,,3753.1
2026-07-06T20:40:06Z,,,,,,3752.4
2026-07-06T20:40:07Z,,,,,,3754.7
2026-07-06T20:40:07Z,,,,,,3760.1
2026-07-06T20:40:07Z,,,,,,3764.9
2026-07-06T20:40:07Z,,,,,,3769.8
2026-07-06T20:40:07Z,51.555840,-0.070136,21.1,25,1,3776.1
2026-07-06T20:40:07Z,,,,,,3782.8
2026-07-06T20:40:07Z,,,,,,3790.5
2026-07-06T20:40:07Z,,,,,,3800.3
2026-07-06T20:40:07Z,,,,,,3809.4
2026-07-06T20:40:08Z,,,,,,3816.5
2026-07-06T20:40:08Z,,,,,,3822.7
2026-07-06T20:40:08Z,,,,,,3828.2
2026-07-06T20:40:08Z,,,,,,3832.8
2026-07-06T20:40:08Z,,,,,,3839.1
2026-07-06T20:40:08Z,51.555840,-0.070150,21.2,25,1,3845.5
2026-07-06T20:40:08Z,,,,,,3848.0
2026-07-06T20:40:08Z,,,,,,3848.6
2026-07-06T20:40:08Z,,,,,,3847.7
2026-07-06T20:40:08Z,,,,,,3845.8
2026-07-06T20:40:09Z,,,,,,3845.8
2026-07-06T20:40:09Z,,,,,,3847.3
2026-07-06T20:40:09Z,,,,,,3848.6
2026-07-06T20:40:09Z,,,,,,3850.7
2026-07-06T20:40:09Z,,,,,,3854.1
2026-07-06T20:40:09Z,51.555840,-0.070165,21.5,25,1,3858.1
2026-07-06T20:40:09Z,,,,,,3863.1
2026-07-06T20:40:09Z,,,,,,3869.6
2026-07-06T20:40:09Z,,,,,,3874.9
2026-07-06T20:40:09Z,,,,,,3877.3
2026-07-06T20:40:10Z,,,,,,3877.7
2026-07-06T20:40:10Z,,,,,,3876.5
2026-07-06T20:40:10Z,,,,,,3875.0
2026-07-06T20:40:10Z,,,,,,3874.0
2026-07-06T20:40:10Z,,,,,,3872.9
2026-07-06T20:40:10Z,51.555843,-0.070179,21.6,25,1,3870.4
2026-07-06T20:40:10Z,,,,,,3865.8
2026-07-06T20:40:10Z,,,,,,3860.6
2026-07-06T20:40:10Z,,,,,,3855.5
2026-07-06T20:40:10Z,,,,,,3852.2
2026-07-06T20:40:11Z,,,,,,3850.6
2026-07-06T20:40:11Z,,,,,,3847.3
2026-07-06T20:40:11Z,,,,,,3843.3
2026-07-06T20:40:11Z,,,,,,3839.5
2026-07-06T20:40:11Z,,,,,,3835.1
2026-07-06T20:40:11Z,51.555847,-0.070190,21.9,25,1,3831.5
2026-07-06T20:40:11Z,,,,,,3829.9
2026-07-06T20:40:11Z,,,,,,3828.4
2026-07-06T20:40:11Z,,,,,,3825.4
2026-07-06T20:40:11Z,,,,,,3821.8
2026-07-06T20:40:12Z,,,,,,3818.3
2026-07-06T20:40:12Z,,,,,,3815.5
2026-07-06T20:40:12Z,,,,,,3813.4
2026-07-06T20:40:12Z,,,,,,3812.3
2026-07-06T20:40:12Z,,,,,,3810.9
2026-07-06T20:40:12Z,51.555847,-0.070202,22.1,25,1,3808.5
2026-07-06T20:40:12Z,,,,,,3805.0
2026-07-06T20:40:12Z,,,,,,3801.0
2026-07-06T20:40:12Z,,,,,,3797.5
2026-07-06T20:40:12Z,,,,,,3795.6
2026-07-06T20:40:13Z,,,,,,3793.9
2026-07-06T20:40:13Z,,,,,,3790.5
2026-07-06T20:40:13Z,,,,,,3786.3
2026-07-06T20:40:13Z,,,,,,3782.3
2026-07-06T20:40:13Z,,,,,,3778.6
2026-07-06T20:40:13Z,51.555851,-0.070214,22.2,25,1,3777.0
2026-07-06T20:40:13Z,,,,,,3775.6
2026-07-06T20:40:13Z,,,,,,3772.6
2026-07-06T20:40:13Z,,,,,,3769.1
2026-07-06T20:40:13Z,,,,,,3765.9
2026-07-06T20:40:13Z,,,,,,3763.1
2026-07-06T20:40:14Z,,,,,,3761.0
2026-07-06T20:40:14Z,,,,,,3760.8
2026-07-06T20:40:14Z,,,,,,3761.1
2026-07-06T20:40:14Z,,,,,,3760.4
2026-07-06T20:40:14Z,51.555855,-0.070226,22.3,25,1,3760.3
2026-07-06T20:40:14Z,,,,,,3760.9
2026-07-06T20:40:14Z,,,,,,3760.8
2026-07-06T20:40:14Z,,,,,,3762.4
2026-07-06T20:40:14Z,,,,,,3765.3
2026-07-06T20:40:14Z,,,,,,3766.6
2026-07-06T20:40:14Z,,,,,,3766.9
2026-07-06T20:40:14Z,,,,,,3767.5
2026-07-06T20:40:15Z,,,,,,3768.1
2026-07-06T20:40:15Z,,,,,,3768.3
2026-07-06T20:40:15Z,51.555859,-0.070240,22.4,25,1,3769.5
2026-07-06T20:40:15Z,,,,,,3770.1
2026-07-06T20:40:15Z,,,,,,3768.3
2026-07-06T20:40:15Z,,,,,,3766.1
2026-07-06T20:40:15Z,,,,,,3764.5
2026-07-06T20:40:15Z,,,,,,3762.4
2026-07-06T20:40:16Z,,,,,,3761.3
2026-07-06T20:40:16Z,,,,,,3760.7
2026-07-06T20:40:16Z,,,,,,3758.2
2026-07-06T20:40:16Z,,,,,,3754.3
2026-07-06T20:40:16Z,51.555862,-0.070251,22.5,25,1,3750.8
2026-07-06T20:40:16Z,,,,,,3747.9
2026-07-06T20:40:16Z,,,,,,3744.5
2026-07-06T20:40:16Z,,,,,,3741.9
2026-07-06T20:40:16Z,,,,,,3739.6
2026-07-06T20:40:16Z,,,,,,3735.6
2026-07-06T20:40:16Z,,,,,,3732.0
2026-07-06T20:40:17Z,,,,,,3729.2
2026-07-06T20:40:17Z,,,,,,3726.1
2026-07-06T20:40:17Z,,,,,,3723.4
2026-07-06T20:40:17Z,51.555866,-0.070263,22.5,25,1,3721.7
2026-07-06T20:40:17Z,,,,,,3719.1
2026-07-06T20:40:17Z,,,,,,3716.2
2026-07-06T20:40:17Z,,,,,,3713.6
2026-07-06T20:40:17Z,,,,,,3710.8
2026-07-06T20:40:17Z,,,,,,3707.6
2026-07-06T20:40:18Z,,,,,,3705.4
2026-07-06T20:40:18Z,,,,,,3703.7
2026-07-06T20:40:18Z,,,,,,3701.3
2026-07-06T20:40:18Z,,,,,,3698.8
2026-07-06T20:40:18Z,51.555870,-0.070276,22.3,25,1,3696.5
2026-07-06T20:40:18Z,,,,,,3694.5
2026-07-06T20:40:18Z,,,,,,3692.3
2026-07-06T20:40:18Z,,,,,,3690.8
2026-07-06T20:40:18Z,,,,,,3689.4
2026-07-06T20:40:18Z,,,,,,3687.5
2026-07-06T20:40:18Z,,,,,,3685.7
2026-07-06T20:40:19Z,,,,,,3684.7
2026-07-06T20:40:19Z,,,,,,3682.9
2026-07-06T20:40:19Z,,,,,,3682.4
2026-07-06T20:40:19Z,51.555874,-0.070287,22.3,25,1,3684.0
2026-07-06T20:40:19Z,,,,,,3685.7
2026-07-06T20:40:19Z,,,,,,3686.7
2026-07-06T20:40:19Z,,,,,,3688.1
2026-07-06T20:40:19Z,,,,,,3689.3
2026-07-06T20:40:19Z,,,,,,3690.4
2026-07-06T20:40:19Z,,,,,,3692.1
2026-07-06T20:40:20Z,,,,,,3693.2
2026-07-06T20:40:20Z,,,,,,3693.9
2026-07-06T20:40:20Z,,,,,,3694.2
2026-07-06T20:40:20Z,51.555878,-0.070300,22.2,25,1,3693.8
2026-07-06T20:40:20Z,,,,,,3692.5
2026-07-06T20:40:20Z,,,,,,3691.3
2026-07-06T20:40:20Z,,,,,,3691.6
2026-07-06T20:40:20Z,,,,,,3690.7
2026-07-06T20:40:21Z,,,,,,3689.0
2026-07-06T20:40:21Z,,,,,,3688.3
2026-07-06T20:40:21Z,,,,,,3687.0
2026-07-06T20:40:21Z,,,,,,3685.4
2026-07-06T20:40:21Z,,,,,,3685.5
2026-07-06T20:40:21Z,51.555882,-0.070311,22.1,24,1,3686.0
2026-07-06T20:40:21Z,,,,,,3685.7
2026-07-06T20:40:21Z,,,,,,3685.0
2026-07-06T20:40:21Z,,,,,,3683.9
2026-07-06T20:40:21Z,,,,,,3682.8
2026-07-06T20:40:22Z,,,,,,3682.6
2026-07-06T20:40:22Z,,,,,,3684.2
2026-07-06T20:40:22Z,,,,,,3685.6
2026-07-06T20:40:22Z,,,,,,3685.7
2026-07-06T20:40:22Z,,,,,,3686.1
2026-07-06T20:40:22Z,51.555885,-0.070322,22.1,24,1,3687.0
2026-07-06T20:40:22Z,,,,,,3688.9
2026-07-06T20:40:22Z,,,,,,3691.9
2026-07-06T20:40:22Z,,,,,,3694.8
2026-07-06T20:40:22Z,,,,,,3696.2
2026-07-06T20:40:23Z,,,,,,3697.1
2026-07-06T20:40:23Z,,,,,,3697.8
2026-07-06T20:40:23Z,,,,,,3697.8
2026-07-06T20:40:23Z,,,,,,3700.1
2026-07-06T20:40:23Z,,,,,,3703.4
2026-07-06T20:40:23Z,51.555893,-0.070335,22.0,24,1,3704.4
2026-07-06T20:40:23Z,,,,,,3704.0
2026-07-06T20:40:23Z,,,,,,3703.3
2026-07-06T20:40:23Z,,,,,,3703.4
2026-07-06T20:40:23Z,,,,,,3705.4
2026-07-06T20:40:24Z,,,,,,3709.2
2026-07-06T20:40:24Z,,,,,,3714.8
2026-07-06T20:40:24Z,,,,,,3722.2
2026-07-06T20:40:24Z,,,,,,3730.4
2026-07-06T20:40:24Z,,,,,,3740.6
2026-07-06T20:40:24Z,51.555897,-0.070348,22.2,23,1,3753.3
2026-07-06T20:40:24Z,,,,,,3768.1
2026-07-06T20:40:24Z,,,,,,3782.0
2026-07-06T20:40:24Z,,,,,,3793.3
2026-07-06T20:40:24Z,,,,,,3802.5
2026-07-06T20:40:25Z,,,,,,3809.7
2026-07-06T20:40:25Z,,,,,,3815.6
2026-07-06T20:40:25Z,,,,,,3820.6
2026-07-06T20:40:25Z,,,,,,3824.9
2026-07-06T20:40:25Z,,,,,,3827.6
2026-07-06T20:40:25Z,51.555901,-0.070360,22.2,24,1,3827.1
2026-07-06T20:40:25Z,,,,,,3824.1
2026-07-06T20:40:25Z,,,,,,3820.6
2026-07-06T20:40:25Z,,,,,,3816.8
2026-07-06T20:40:25Z,,,,,,3812.5
2026-07-06T20:40:26Z,,,,,,3807.5
2026-07-06T20:40:26Z,,,,,,3801.9
2026-07-06T20:40:26Z,,,,,,3794.4
2026-07-06T20:40:26Z,,,,,,3786.8
2026-07-06T20:40:26Z,,,,,,3780.4
2026-07-06T20:40:26Z,51.555904,-0.070373,22.1,24,1,3775.1
2026-07-06T20:40:26Z,,,,,,3768.4
2026-07-06T20:40:26Z,,,,,,3762.3
2026-07-06T20:40:26Z,,,,,,3756.9
2026-07-06T20:40:26Z,,,,,,3750.3
2026-07-06T20:40:27Z,,,,,,3744.4
2026-07-06T20:40:27Z,,,,,,3739.1
2026-07-06T20:40:27Z,,,,,,3733.7
2026-07-06T20:40:27Z,,,,,,3728.5
2026-07-06T20:40:27Z,,,,,,3724.1
2026-07-06T20:40:27Z,51.555908,-0.070387,22.3,24,1,3718.7
2026-07-06T20:40:27Z,,,,,,3713.0
2026-07-06T20:40:27Z,,,,,,3708.7
2026-07-06T20:40:27Z,,,,,,3705.1
2026-07-06T20:40:27Z,,,,,,3700.4
2026-07-06T20:40:28Z,,,,,,3695.9
2026-07-06T20:40:28Z,,,,,,3692.5
2026-07-06T20:40:28Z,,,,,,3689.7
2026-07-06T20:40:28Z,,,,,,3687.7
2026-07-06T20:40:28Z,,,,,,3685.8
2026-07-06T20:40:28Z,51.555912,-0.070402,22.2,25,1,3683.2
2026-07-06T20:40:28Z,,,,,,3680.8
2026-07-06T20:40:28Z,,,,,,3679.7
2026-07-06T20:40:28Z,,,,,,3678.6
2026-07-06T20:40:28Z,,,,,,3677.0
2026-07-06T20:40:29Z,,,,,,3676.0
2026-07-06T20:40:29Z,,,,,,3675.3
2026-07-06T20:40:29Z,,,,,,3673.0
2026-07-06T20:40:29Z,,,,,,3671.9
2026-07-06T20:40:29Z,,,,,,3672.6
2026-07-06T20:40:29Z,51.555916,-0.070419,22.3,25,1,3674.9
2026-07-06T20:40:29Z,,,,,,3678.9
2026-07-06T20:40:29Z,,,,,,3685.2
2026-07-06T20:40:29Z,,,,,,3693.8
2026-07-06T20:40:29Z,,,,,,3703.8
2026-07-06T20:40:30Z,,,,,,3717.0
2026-07-06T20:40:30Z,,,,,,3732.1
2026-07-06T20:40:30Z,,,,,,3750.4
2026-07-06T20:40:30Z,,,,,,3771.1
2026-07-06T20:40:30Z,,,,,,3789.0
2026-07-06T20:40:30Z,51.555920,-0.070433,22.3,25,1,3803.1
2026-07-06T20:40:30Z,,,,,,3815.3
2026-07-06T20:40:30Z,,,,,,3826.9
2026-07-06T20:40:30Z,,,,,,3835.5
2026-07-06T20:40:30Z,,,,,,3839.7
2026-07-06T20:40:31Z,,,,,,3841.4
2026-07-06T20:40:31Z,,,,,,3840.7
2026-07-06T20:40:31Z,,,,,,3837.4
2026-07-06T20:40:31Z,,,,,,3834.4
2026-07-06T20:40:31Z,,,,,,3832.2
2026-07-06T20:40:31Z,51.555923,-0.070446,22.2,25,1,3828.2
2026-07-06T20:40:31Z,,,,,,3822.0
2026-07-06T20:40:31Z,,,,,,3814.4
2026-07-06T20:40:31Z,,,,,,3805.8
2026-07-06T20:40:31Z,,,,,,3798.6
2026-07-06T20:40:32Z,,,,,,3793.5
2026-07-06T20:40:32Z,,,,,,3787.6
2026-07-06T20:40:32Z,,,,,,3781.7
2026-07-06T20:40:32Z,,,,,,3776.9
2026-07-06T20:40:32Z,,,,,,3771.4
2026-07-06T20:40:32Z,51.555927,-0.070461,22.3,25,1,3766.5
2026-07-06T20:40:32Z,,,,,,3763.7
2026-07-06T20:40:32Z,,,,,,3761.6
2026-07-06T20:40:32Z,,,,,,3759.5
2026-07-06T20:40:32Z,,,,,,3758.1
2026-07-06T20:40:32Z,,,,,,3757.9
2026-07-06T20:40:33Z,,,,,,3758.7
2026-07-06T20:40:33Z,,,,,,3763.7
2026-07-06T20:40:33Z,,,,,,3772.3
2026-07-06T20:40:33Z,,,,,,3780.7
2026-07-06T20:40:33Z,51.555931,-0.070477,22.3,25,1,3789.6
2026-07-06T20:40:33Z,,,,,,3799.0
2026-07-06T20:40:33Z,,,,,,3806.3
2026-07-06T20:40:33Z,,,,,,3814.1
2026-07-06T20:40:33Z,,,,,,3822.2
2026-07-06T20:40:33Z,,,,,,3826.6
2026-07-06T20:40:34Z,,,,,,3828.4
2026-07-06T20:40:34Z,,,,,,3829.3
2026-07-06T20:40:34Z,,,,,,3829.2
2026-07-06T20:40:34Z,,,,,,3828.2
2026-07-06T20:40:34Z,51.555931,-0.070493,22.4,25,1,3829.4
2026-07-06T20:40:34Z,,,,,,3831.1
2026-07-06T20:40:34Z,,,,,,3829.3
2026-07-06T20:40:34Z,,,,,,3825.2
2026-07-06T20:40:34Z,,,,,,3819.9
2026-07-06T20:40:35Z,,,,,,3814.4
2026-07-06T20:40:35Z,,,,,,3810.1
2026-07-06T20:40:35Z,,,,,,3805.9
2026-07-06T20:40:35Z,,,,,,3801.1
2026-07-06T20:40:35Z,,,,,,3794.7
2026-07-06T20:40:35Z,51.555935,-0.070507,22.6,25,1,3787.3
2026-07-06T20:40:35Z,,,,,,3780.3
2026-07-06T20:40:35Z,,,,,,3773.4
2026-07-06T20:40:35Z,,,,,,3769.7
2026-07-06T20:40:35Z,,,,,,3766.5
2026-07-06T20:40:36Z,,,,,,3760.1
2026-07-06T20:40:36Z,,,,,,3753.4
2026-07-06T20:40:36Z,,,,,,3746.8
2026-07-06T20:40:36Z,,,,,,3740.7
2026-07-06T20:40:36Z,,,,,,3736.2
2026-07-06T20:40:36Z,51.555943,-0.070519,22.5,25,1,3733.4
2026-07-06T20:40:36Z,,,,,,3730.4
2026-07-06T20:40:36Z,,,,,,3726.9
2026-07-06T20:40:36Z,,,,,,3724.3
2026-07-06T20:40:36Z,,,,,,3723.8
2026-07-06T20:40:37Z,,,,,,3725.1
2026-07-06T20:40:37Z,,,,,,3728.2
2026-07-06T20:40:37Z,,,,,,3732.3
2026-07-06T20:40:37Z,,,,,,3735.8
2026-07-06T20:40:37Z,,,,,,3738.2
2026-07-06T20:40:37Z,51.555946,-0.070532,22.5,25,1,3739.9
2026-07-06T20:40:37Z,,,,,,3741.8
2026-07-06T20:40:37Z,,,,,,3743.9
2026-07-06T20:40:37Z,,,,,,3746.7
2026-07-06T20:40:37Z,,,,,,3749.2
2026-07-06T20:40:37Z,,,,,,3749.9
2026-07-06T20:40:38Z,,,,,,3749.5
2026-07-06T20:40:38Z,,,,,,3750.1
2026-07-06T20:40:38Z,,,,,,3751.2
2026-07-06T20:40:38Z,,,,,,3752.2
2026-07-06T20:40:38Z,51.555950,-0.070545,22.3,25,1,3752.9
2026-07-06T20:40:38Z,,,,,,3752.1
2026-07-06T20:40:38Z,,,,,,3750.4
2026-07-06T20:40:38Z,,,,,,3749.7
2026-07-06T20:40:38Z,,,,,,3751.8
2026-07-06T20:40:39Z,,,,,,3757.3
2026-07-06T20:40:39Z,,,,,,3767.8
2026-07-06T20:40:39Z,,,,,,3783.5
2026-07-06T20:40:39Z,,,,,,3801.5
2026-07-06T20:40:39Z,,,,,,3821.1
2026-07-06T20:40:39Z,51.555954,-0.070559,22.3,25,1,3843.5
2026-07-06T20:40:39Z,,,,,,3866.5
2026-07-06T20:40:39Z,,,,,,3888.4
2026-07-06T20:40:39Z,,,,,,3909.6
2026-07-06T20:40:39Z,,,,,,3925.4
2026-07-06T20:40:40Z,,,,,,3934.9
2026-07-06T20:40:40Z,,,,,,3942.0
2026-07-06T20:40:40Z,,,,,,3948.6
2026-07-06T20:40:40Z,,,,,,3953.5
2026-07-06T20:40:40Z,,,,,,3956.6
2026-07-06T20:40:40Z,51.555958,-0.070574,22.4,25,1,3956.9
2026-07-06T20:40:40Z,,,,,,3952.7
2026-07-06T20:40:40Z,,,,,,3946.9
2026-07-06T20:40:40Z,,,,,,3942.1
2026-07-06T20:40:40Z,,,,,,3935.4
2026-07-06T20:40:41Z,,,,,,3928.7
2026-07-06T20:40:41Z,,,,,,3922.5
2026-07-06T20:40:41Z,,,,,,3913.3
2026-07-06T20:40:41Z,,,,,,3902.3
2026-07-06T20:40:41Z,,,,,,3893.6
2026-07-06T20:40:41Z,51.555958,-0.070588,22.4,25,1,3886.4
2026-07-06T20:40:41Z,,,,,,3878.3
2026-07-06T20:40:41Z,,,,,,3872.3
2026-07-06T20:40:41Z,,,,,,3867.8
2026-07-06T20:40:41Z,,,,,,3862.6
2026-07-06T20:40:42Z,,,,,,3858.9
2026-07-06T20:40:42Z,,,,,,3856.9
2026-07-06T20:40:42Z,,,,,,3854.1
2026-07-06T20:40:42Z,,,,,,3851.0
2026-07-06T20:40:42Z,,,,,,3849.1
2026-07-06T20:40:42Z,51.555962,-0.070599,22.5,25,1,3846.2
2026-07-06T20:40:42Z,,,,,,3841.7
2026-07-06T20:40:42Z,,,,,,3837.2
2026-07-06T20:40:42Z,,,,,,3833.8
2026-07-06T20:40:42Z,,,,,,3829.6
2026-07-06T20:40:42Z,,,,,,3825.6
2026-07-06T20:40:43Z,,,,,,3822.4
2026-07-06T20:40:43Z,,,,,,3817.9
2026-07-06T20:40:43Z,,,,,,3813.9
2026-07-06T20:40:43Z,,,,,,3810.5
2026-07-06T20:40:43Z,51.555965,-0.070610,22.4,25,1,3806.1
2026-07-06T20:40:43Z,,,,,,3801.9
2026-07-06T20:40:43Z,,,,,,3798.9
2026-07-06T20:40:43Z,,,,,,3795.4
2026-07-06T20:40:43Z,,,,,,3791.9
2026-07-06T20:40:43Z,,,,,,3790.1
2026-07-06T20:40:44Z,,,,,,3791.1
2026-07-06T20:40:44Z,,,,,,3794.6
2026-07-06T20:40:44Z,,,,,,3802.6
2026-07-06T20:40:44Z,,,,,,3815.9
2026-07-06T20:40:44Z,51.555969,-0.070625,22.6,25,1,3831.8
2026-07-06T20:40:44Z,,,,,,3851.3
2026-07-06T20:40:44Z,,,,,,3874.4
2026-07-06T20:40:44Z,,,,,,3897.8
2026-07-06T20:40:44Z,,,,,,3919.8
2026-07-06T20:40:45Z,,,,,,3939.5
2026-07-06T20:40:45Z,,,,,,3955.3
2026-07-06T20:40:45Z,,,,,,3968.0
2026-07-06T20:40:45Z,,,,,,3978.7
2026-07-06T20:40:45Z,,,,,,3988.7
2026-07-06T20:40:45Z,51.555973,-0.070638,22.6,25,1,3995.4
2026-07-06T20:40:45Z,,,,,,3997.8
2026-07-06T20:40:45Z,,,,,,3997.0
2026-07-06T20:40:45Z,,,,,,3993.8
2026-07-06T20:40:45Z,,,,,,3989.3
2026-07-06T20:40:46Z,,,,,,3983.6
2026-07-06T20:40:46Z,,,,,,3975.9
2026-07-06T20:40:46Z,,,,,,3966.8
2026-07-06T20:40:46Z,,,,,,3958.1
2026-07-06T20:40:46Z,,,,,,3949.2
2026-07-06T20:40:46Z,51.555973,-0.070650,22.6,25,1,3939.7
2026-07-06T20:40:46Z,,,,,,3930.5
2026-07-06T20:40:46Z,,,,,,3923.3
2026-07-06T20:40:46Z,,,,,,3917.0
2026-07-06T20:40:46Z,,,,,,3911.5
2026-07-06T20:40:46Z,,,,,,3907.5
2026-07-06T20:40:47Z,,,,,,3904.7
2026-07-06T20:40:47Z,,,,,,3901.3
2026-07-06T20:40:47Z,,,,,,3897.7
2026-07-06T20:40:47Z,,,,,,3893.3
2026-07-06T20:40:47Z,51.555973,-0.070661,22.6,25,1,3889.3
2026-07-06T20:40:47Z,,,,,,3887.6
2026-07-06T20:40:47Z,,,,,,3885.3
2026-07-06T20:40:47Z,,,,,,3881.4
2026-07-06T20:40:47Z,,,,,,3877.6
2026-07-06T20:40:48Z,,,,,,3872.9
2026-07-06T20:40:48Z,,,,,,3867.3
2026-07-06T20:40:48Z,,,,,,3862.2
2026-07-06T20:40:48Z,,,,,,3858.6
2026-07-06T20:40:48Z,,,,,,3854.8
2026-07-06T20:40:48Z,51.555973,-0.070665,22.6,25,1,3849.4
2026-07-06T20:40:48Z,,,,,,3842.7
2026-07-06T20:40:48Z,,,,,,3836.4
2026-07-06T20:40:48Z,,,,,,3830.6
2026-07-06T20:40:48Z,,,,,,3825.9
2026-07-06T20:40:49Z,,,,,,3821.8
2026-07-06T20:40:49Z,,,,,,3817.2
2026-07-06T20:40:49Z,,,,,,3813.2
2026-07-06T20:40:49Z,,,,,,3810.5
2026-07-06T20:40:49Z,,,,,,3809.5
2026-07-06T20:40:49Z,51.555973,-0.070666,22.6,25,1,3811.4
2026-07-06T20:40:49Z,,,,,,3816.6
2026-07-06T20:40:49Z,,,,,,3823.6
2026-07-06T20:40:49Z,,,,,,3831.2
2026-07-06T20:40:49Z,,,,,,3838.9
2026-07-06T20:40:50Z,,,,,,3846.4
2026-07-06T20:40:50Z,,,,,,3853.0
2026-07-06T20:40:50Z,,,,,,3857.2
2026-07-06T20:40:50Z,,,,,,3861.2
2026-07-06T20:40:50Z,,,,,,3865.1
2026-07-06T20:40:50Z,51.555973,-0.070667,22.7,25,1,3866.7
2026-07-06T20:40:50Z,,,,,,3867.1
2026-07-06T20:40:50Z,,,,,,3867.3
2026-07-06T20:40:50Z,,,,,,3865.5
2026-07-06T20:40:50Z,,,,,,3863.7
2026-07-06T20:40:51Z,,,,,,3863.0
2026-07-06T20:40:51Z,,,,,,3861.5
2026-07-06T20:40:51Z,,,,,,3858.6
2026-07-06T20:40:51Z,,,,,,3854.7
2026-07-06T20:40:51Z,,,,,,3850.3
2026-07-06T20:40:51Z,51.555973,-0.070668,22.7,25,1,3845.5
2026-07-06T20:40:51Z,,,,,,3840.8
2026-07-06T20:40:51Z,,,,,,3836.7
2026-07-06T20:40:51Z,,,,,,3831.4
2026-07-06T20:40:51Z,,,,,,3825.3
2026-07-06T20:40:52Z,,,,,,3820.2
2026-07-06T20:40:52Z,,,,,,3816.3
2026-07-06T20:40:52Z,,,,,,3810.7
2026-07-06T20:40:52Z,,,,,,3805.0
2026-07-06T20:40:52Z,,,,,,3801.4
2026-07-06T20:40:52Z,51.555977,-0.070676,22.8,25,1,3796.9
2026-07-06T20:40:52Z,,,,,,3791.2
2026-07-06T20:40:52Z,,,,,,3786.3
2026-07-06T20:40:52Z,,,,,,3782.7
2026-07-06T20:40:52Z,,,,,,3779.3
2026-07-06T20:40:53Z,,,,,,3777.8
2026-07-06T20:40:53Z,,,,,,3778.1
2026-07-06T20:40:53Z,,,,,,3777.6
2026-07-06T20:40:53Z,,,,,,3776.5
2026-07-06T20:40:53Z,,,,,,3776.5
2026-07-06T20:40:53Z,51.555981,-0.070685,22.8,25,1,3777.1
2026-07-06T20:40:53Z,,,,,,3776.7
2026-07-06T20:40:53Z,,,,,,3777.3
2026-07-06T20:40:53Z,,,,,,3778.2
2026-07-06T20:40:53Z,,,,,,3776.5
2026-07-06T20:40:53Z,,,,,,3774.2
2026-07-06T20:40:54Z,,,,,,3771.9
2026-07-06T20:40:54Z,,,,,,3769.4
2026-07-06T20:40:54Z,,,,,,3767.6
2026-07-06T20:40:54Z,,,,,,3766.3
2026-07-06T20:40:54Z,51.555981,-0.070697,23.0,25,1,3764.5
2026-07-06T20:40:54Z,,,,,,3760.4
2026-07-06T20:40:54Z,,,,,,3756.1
2026-07-06T20:40:54Z,,,,,,3753.2
2026-07-06T20:40:54Z,,,,,,3749.1
2026-07-06T20:40:54Z,,,,,,3745.8
2026-07-06T20:40:55Z,,,,,,3744.0
2026-07-06T20:40:55Z,,,,,,3740.7
2026-07-06T20:40:55Z,,,,,,3736.4
2026-07-06T20:40:55Z,,,,,,3732.5
2026-07-06T20:40:55Z,51.555984,-0.070708,23.0,25,1,3729.3
2026-07-06T20:40:55Z,,,,,,3726.9
2026-07-06T20:40:55Z,,,,,,3725.8
2026-07-06T20:40:55Z,,,,,,3724.0
2026-07-06T20:40:55Z,,,,,,3721.5
2026-07-06T20:40:55Z,,,,,,3719.2
2026-07-06T20:40:56Z,,,,,,3717.7
2026-07-06T20:40:56Z,,,,,,3716.8
2026-07-06T20:40:56Z,,,,,,3716.3
2026-07-06T20:40:56Z,,,,,,3717.2
2026-07-06T20:40:56Z,51.555984,-0.070720,23.0,25,1,3718.8
2026-07-06T20:40:56Z,,,,,,3719.5
2026-07-06T20:40:56Z,,,,,,3719.0
2026-07-06T20:40:56Z,,,,,,3718.9
2026-07-06T20:40:56Z,,,,,,3719.6
2026-07-06T20:40:56Z,,,,,,3721.9
2026-07-06T20:40:57Z,,,,,,3723.9
2026-07-06T20:40:57Z,,,,,,3726.1
2026-07-06T20:40:57Z,,,,,,3728.9
2026-07-06T20:40:57Z,,,,,,3733.0
2026-07-06T20:40:57Z,51.555988,-0.070731,22.8,25,1,3739.3
2026-07-06T20:40:57Z,,,,,,3748.1
2026-07-06T20:40:57Z,,,,,,3759.4
2026-07-06T20:40:57Z,,,,,,3772.2
2026-07-06T20:40:57Z,,,,,,3786.8
2026-07-06T20:40:58Z,,,,,,3802.4
2026-07-06T20:40:58Z,,,,,,3818.7
2026-07-06T20:40:58Z,,,,,,3836.7
2026-07-06T20:40:58Z,,,,,,3854.7
2026-07-06T20:40:58Z,,,,,,3871.1
2026-07-06T20:40:58Z,51.555992,-0.070745,22.8,25,1,3886.0
2026-07-06T20:40:58Z,,,,,,3897.5
2026-07-06T20:40:58Z,,,,,,3905.0
2026-07-06T20:40:58Z,,,,,,3911.4
2026-07-06T20:40:58Z,,,,,,3917.2
2026-07-06T20:40:59Z,,,,,,3920.6
2026-07-06T20:40:59Z,,,,,,3921.7
2026-07-06T20:40:59Z,,,,,,3920.2
2026-07-06T20:40:59Z,,,,,,3916.0
2026-07-06T20:40:59Z,,,,,,3911.4
2026-07-06T20:40:59Z,51.555992,-0.070756,22.7,25,1,3907.8
2026-07-06T20:40:59Z,,,,,,3902.6
2026-07-06T20:40:59Z,,,,,,3895.0
2026-07-06T20:40:59Z,,,,,,3885.9
2026-07-06T20:40:59Z,,,,,,3875.8
2026-07-06T20:41:00Z,,,,,,3866.9
2026-07-06T20:41:00Z,,,,,,3860.4
2026-07-06T20:41:00Z,,,,,,3854.0
2026-07-06T20:41:00Z,,,,,,3846.0
2026-07-06T20:41:00Z,,,,,,3838.0
2026-07-06T20:41:00Z,51.555992,-0.070770,22.7,25,1,3830.4
2026-07-06T20:41:00Z,,,,,,3823.4
2026-07-06T20:41:00Z,,,,,,3817.9
2026-07-06T20:41:00Z,,,,,,3814.3
2026-07-06T20:41:00Z,,,,,,3811.7
2026-07-06T20:41:01Z,,,,,,3808.3
2026-07-06T20:41:01Z,,,,,,3804.6
2026-07-06T20:41:01Z,,,,,,3801.2
2026-07-06T20:41:01Z,,,,,,3799.0
2026-07-06T20:41:01Z,,,,,,3798.6
2026-07-06T20:41:01Z,51.555996,-0.070785,22.5,25,1,3798.6
2026-07-06T20:41:01Z,,,,,,3797.0
2026-07-06T20:41:01Z,,,,,,3794.3
2026-07-06T20:41:01Z,,,,,,3791.8
2026-07-06T20:41:01Z,,,,,,3788.9
2026-07-06T20:41:02Z,,,,,,3787.5
2026-07-06T20:41:02Z,,,,,,3788.2
2026-07-06T20:41:02Z,,,,,,3789.0
2026-07-06T20:41:02Z,,,,,,3788.4
2026-07-06T20:41:02Z,,,,,,3786.7
2026-07-06T20:41:02Z,51.555996,-0.070799,22.6,25,1,3785.3
2026-07-06T20:41:02Z,,,,,,3783.1
2026-07-06T20:41:02Z,,,,,,3781.5
2026-07-06T20:41:02Z,,,,,,3780.7
2026-07-06T20:41:02Z,,,,,,3779.0
2026-07-06T20:41:03Z,,,,,,3776.4
2026-07-06T20:41:03Z,,,,,,3774.0
2026-07-06T20:41:03Z,,,,,,3772.6
2026-07-06T20:41:03Z,,,,,,3772.1
2026-07-06T20:41:03Z,,,,,,3773.0
2026-07-06T20:41:03Z,51.556000,-0.070813,22.6,25,1,3774.6
2026-07-06T20:41:03Z,,,,,,3775.2
2026-07-06T20:41:03Z,,,,,,3774.1
2026-07-06T20:41:03Z,,,,,,3773.2
2026-07-06T20:41:03Z,,,,,,3772.6
2026-07-06T20:41:04Z,,,,,,3771.4
2026-07-06T20:41:04Z,,,,,,3771.1
2026-07-06T20:41:04Z,,,,,,3771.5
2026-07-06T20:41:04Z,,,,,,3770.0
2026-07-06T20:41:04Z,,,,,,3767.7
2026-07-06T20:41:04Z,51.556004,-0.070826,22.4,25,1,3766.3
2026-07-06T20:41:04Z,,,,,,3764.7
2026-07-06T20:41:04Z,,,,,,3762.9
2026-07-06T20:41:04Z,,,,,,3761.8
2026-07-06T20:41:04Z,,,,,,3759.5
2026-07-06T20:41:05Z,,,,,,3755.4
2026-07-06T20:41:05Z,,,,,,3752.2
2026-07-06T20:41:05Z,,,,,,3749.4
2026-07-06T20:41:05Z,,,,,,3746.0
2026-07-06T20:41:05Z,,,,,,3743.7
2026-07-06T20:41:05Z,51.556007,-0.070839,22.3,25,1,3742.3
2026-07-06T20:41:05Z,,,,,,3739.1
2026-07-06T20:41:05Z,,,,,,3734.9
2026-07-06T20:41:05Z,,,,,,3732.1
2026-07-06T20:41:05Z,,,,,,3729.9
2026-07-06T20:41:06Z,,,,,,3726.9
2026-07-06T20:41:06Z,,,,,,3723.9
2026-07-06T20:41:06Z,,,,,,3721.8
2026-07-06T20:41:06Z,,,,,,3719.3
2026-07-06T20:41:06Z,,,,,,3717.2
2026-07-06T20:41:06Z,51.556007,-0.070854,22.3,25,1,3716.6
2026-07-06T20:41:06Z,,,,,,3716.3
2026-07-06T20:41:06Z,,,,,,3715.5
2026-07-06T20:41:06Z,,,,,,3715.6
2026-07-06T20:41:06Z,,,,,,3716.3
2026-07-06T20:41:07Z,,,,,,3717.6
2026-07-06T20:41:07Z,,,,,,3720.1
2026-07-06T20:41:07Z,,,,,,3723.1
2026-07-06T20:41:07Z,,,,,,3725.5
2026-07-06T20:41:07Z,,,,,,3728.1
2026-07-06T20:41:07Z,51.556011,-0.070869,22.3,25,1,3730.7
2026-07-06T20:41:07Z,,,,,,3733.2
2026-07-06T20:41:07Z,,,,,,3735.9
2026-07-06T20:41:07Z,,,,,,3738.2
2026-07-06T20:41:07Z,,,,,,3740.1
2026-07-06T20:41:08Z,,,,,,3740.7
2026-07-06T20:41:08Z,,,,,,3740.7
2026-07-06T20:41:08Z,,,,,,3741.4
2026-07-06T20:41:08Z,,,,,,3741.8
2026-07-06T20:41:08Z,,,,,,3742.2
2026-07-06T20:41:08Z,51.556015,-0.070881,22.2,25,1,3743.5
2026-07-06T20:41:08Z,,,,,,3743.6
2026-07-06T20:41:08Z,,,,,,3742.4
2026-07-06T20:41:08Z,,,,,,3742.6
2026-07-06T20:41:08Z,,,,,,3743.0
2026-07-06T20:41:09Z,,,,,,3742.6
2026-07-06T20:41:09Z,,,,,,3742.0
2026-07-06T20:41:09Z,,,,,,3741.5
2026-07-06T20:41:09Z,,,,,,3740.0
2026-07-06T20:41:09Z,,,,,,3738.6
2026-07-06T20:41:09Z,51.556019,-0.070893,22.2,25,1,3738.5
2026-07-06T20:41:09Z,,,,,,3738.0
2026-07-06T20:41:09Z,,,,,,3737.1
2026-07-06T20:41:09Z,,,,,,3736.4
2026-07-06T20:41:09Z,,,,,,3734.7
2026-07-06T20:41:10Z,,,,,,3731.6
2026-07-06T20:41:10Z,,,,,,3729.7
2026-07-06T20:41:10Z,,,,,,3729.5
2026-07-06T20:41:10Z,,,,,,3728.6
2026-07-06T20:41:10Z,,,,,,3728.0
2026-07-06T20:41:10Z,51.556023,-0.070909,22.3,25,1,3728.7
2026-07-06T20:41:10Z,,,,,,3730.0
2026-07-06T20:41:10Z,,,,,,3734.2
2026-07-06T20:41:10Z,,,,,,3742.3
2026-07-06T20:41:10Z,,,,,,3754.1
2026-07-06T20:41:11Z,,,,,,3769.2
2026-07-06T20:41:11Z,,,,,,3785.5
2026-07-06T20:41:11Z,,,,,,3802.0
2026-07-06T20:41:11Z,,,,,,3817.9
2026-07-06T20:41:11Z,,,,,,3834.3
2026-07-06T20:41:11Z,51.556026,-0.070923,22.3,25,1,3849.6
2026-07-06T20:41:11Z,,,,,,3861.1
2026-07-06T20:41:11Z,,,,,,3869.4
2026-07-06T20:41:11Z,,,,,,3875.3
2026-07-06T20:41:11Z,,,,,,3878.2
2026-07-06T20:41:12Z,,,,,,3879.4
2026-07-06T20:41:12Z,,,,,,3880.9
2026-07-06T20:41:12Z,,,,,,3881.0
2026-07-06T20:41:12Z,,,,,,3877.9
2026-07-06T20:41:12Z,,,,,,3872.5
2026-07-06T20:41:12Z,51.556034,-0.070936,22.2,25,1,3865.3
2026-07-06T20:41:12Z,,,,,,3857.3
2026-07-06T20:41:12Z,,,,,,3850.4
2026-07-06T20:41:12Z,,,,,,3845.0
2026-07-06T20:41:12Z,,,,,,3838.1
2026-07-06T20:41:12Z,,,,,,3830.3
2026-07-06T20:41:13Z,,,,,,3822.8
2026-07-06T20:41:13Z,,,,,,3815.2
2026-07-06T20:41:13Z,,,,,,3808.0
2026-07-06T20:41:13Z,,,,,,3803.6
2026-07-06T20:41:13Z,51.556038,-0.070948,22.1,25,1,3801.5
2026-07-06T20:41:13Z,,,,,,3798.1
2026-07-06T20:41:13Z,,,,,,3793.6
2026-07-06T20:41:13Z,,,,,,3789.9
2026-07-06T20:41:13Z,,,,,,3786.6
2026-07-06T20:41:14Z,,,,,,3783.6
2026-07-06T20:41:14Z,,,,,,3782.3
2026-07-06T20:41:14Z,,,,,,3781.3
2026-07-06T20:41:14Z,,,,,,3777.9
2026-07-06T20:41:14Z,,,,,,3773.7
2026-07-06T20:41:14Z,51.556042,-0.070960,22.3,25,1,3769.8
2026-07-06T20:41:14Z,,,,,,3765.5
2026-07-06T20:41:14Z,,,,,,3761.6
2026-07-06T20:41:14Z,,,,,,3758.6
2026-07-06T20:41:14Z,,,,,,3755.7
2026-07-06T20:41:15Z,,,,,,3751.9
2026-07-06T20:41:15Z,,,,,,3748.1
2026-07-06T20:41:15Z,,,,,,3745.3
2026-07-06T20:41:15Z,,,,,,3742.5
2026-07-06T20:41:15Z,,,,,,3740.4
2026-07-06T20:41:15Z,51.556046,-0.070974,22.4,25,1,3739.3
2026-07-06T20:41:15Z,,,,,,3737.2
2026-07-06T20:41:15Z,,,,,,3734.2
2026-07-06T20:41:15Z,,,,,,3731.7
2026-07-06T20:41:15Z,,,,,,3729.5
2026-07-06T20:41:16Z,,,,,,3726.3
2026-07-06T20:41:16Z,,,,,,3723.3
2026-07-06T20:41:16Z,,,,,,3721.2
2026-07-06T20:41:16Z,,,,,,3719.0
2026-07-06T20:41:16Z,,,,,,3716.3
2026-07-06T20:41:16Z,51.556053,-0.070985,22.3,25,1,3714.1
2026-07-06T20:41:16Z,,,,,,3712.0
2026-07-06T20:41:16Z,,,,,,3709.6
2026-07-06T20:41:16Z,,,,,,3708.2
2026-07-06T20:41:16Z,,,,,,3706.3
2026-07-06T20:41:17Z,,,,,,3703.2
2026-07-06T20:41:17Z,,,,,,3700.9
2026-07-06T20:41:17Z,,,,,,3698.9
2026-07-06T20:41:17Z,,,,,,3695.5
2026-07-06T20:41:17Z,,,,,,3692.4
2026-07-06T20:41:17Z,51.556057,-0.070995,22.2,25,1,3690.6
2026-07-06T20:41:17Z,,,,,,3688.0
2026-07-06T20:41:17Z,,,,,,3685.0
2026-07-06T20:41:17Z,,,,,,3683.0
2026-07-06T20:41:17Z,,,,,,3680.3
2026-07-06T20:41:18Z,,,,,,3676.7
2026-07-06T20:41:18Z,,,,,,3673.7
2026-07-06T20:41:18Z,,,,,,3671.7
2026-07-06T20:41:18Z,,,,,,3669.3
2026-07-06T20:41:18Z,,,,,,3667.0
2026-07-06T20:41:18Z,51.556061,-0.071005,22.0,25,1,3665.0
2026-07-06T20:41:18Z,,,,,,3662.5
2026-07-06T20:41:18Z,,,,,,3660.2
2026-07-06T20:41:18Z,,,,,,3659.2
2026-07-06T20:41:18Z,,,,,,3657.9
2026-07-06T20:41:19Z,,,,,,3656.1
2026-07-06T20:41:19Z,,,,,,3654.5
2026-07-06T20:41:19Z,,,,,,3652.5
2026-07-06T20:41:19Z,,,,,,3650.0
2026-07-06T20:41:19Z,,,,,,3648.5
2026-07-06T20:41:19Z,51.556068,-0.071011,21.6,25,1,3648.1
2026-07-06T20:41:19Z,,,,,,3646.9
2026-07-06T20:41:19Z,,,,,,3645.0
2026-07-06T20:41:19Z,,,,,,3643.5
2026-07-06T20:41:19Z,,,,,,3641.2
2026-07-06T20:41:20Z,,,,,,3638.2
2026-07-06T20:41:20Z,,,,,,3636.6
2026-07-06T20:41:20Z,,,,,,3635.2
2026-07-06T20:41:20Z,,,,,,3633.2
2026-07-06T20:41:20Z,,,,,,3631.6
2026-07-06T20:41:20Z,51.556068,-0.071011,21.7,25,1,3630.1
2026-07-06T20:41:20Z,,,,,,3627.9
2026-07-06T20:41:20Z,,,,,,3625.6
2026-07-06T20:41:20Z,,,,,,3625.0
2026-07-06T20:41:20Z,,,,,,3625.6
2026-07-06T20:41:21Z,,,,,,3626.4
2026-07-06T20:41:21Z,,,,,,3627.8
2026-07-06T20:41:21Z,,,,,,3630.5
2026-07-06T20:41:21Z,,,,,,3633.6
2026-07-06T20:41:21Z,,,,,,3638.2
2026-07-06T20:41:21Z,51.556068,-0.071011,21.7,25,1,3644.9
2026-07-06T20:41:21Z,,,,,,3650.7
2026-07-06T20:41:21Z,,,,,,3655.8
2026-07-06T20:41:21Z,,,,,,3661.0
2026-07-06T20:41:21Z,,,,,,3665.4
2026-07-06T20:41:22Z,,,,,,3669.6
2026-07-06T20:41:22Z,,,,,,3673.2
2026-07-06T20:41:22Z,,,,,,3675.5
2026-07-06T20:41:22Z,,,,,,3676.9
2026-07-06T20:41:22Z,,,,,,3677.7
2026-07-06T20:41:22Z,51.556068,-0.071013,21.7,25,1,3678.2
2026-07-06T20:41:22Z,,,,,,3676.9
2026-07-06T20:41:22Z,,,,,,3675.7
2026-07-06T20:41:22Z,,,,,,3676.8
2026-07-06T20:41:22Z,,,,,,3676.1
2026-07-06T20:41:23Z,,,,,,3673.8
2026-07-06T20:41:23Z,,,,,,3672.6
2026-07-06T20:41:23Z,,,,,,3672.1
2026-07-06T20:41:23Z,,,,,,3672.4
2026-07-06T20:41:23Z,,,,,,3673.9
2026-07-06T20:41:23Z,51.556068,-0.071011,21.9,25,1,3677.2
2026-07-06T20:41:23Z,,,,,,3682.5
2026-07-06T20:41:23Z,,,,,,3688.6
2026-07-06T20:41:23Z,,,,,,3694.4
2026-07-06T20:41:23Z,,,,,,3701.1
2026-07-06T20:41:24Z,,,,,,3709.4
2026-07-06T20:41:24Z,,,,,,3716.6
2026-07-06T20:41:24Z,,,,,,3721.6
2026-07-06T20:41:24Z,,,,,,3729.3
2026-07-06T20:41:24Z,,,,,,3739.4
2026-07-06T20:41:24Z,51.556072,-0.071006,22.1,25,1,3751.9
2026-07-06T20:41:24Z,,,,,,3768.1
2026-07-06T20:41:24Z,,,,,,3786.5
2026-07-06T20:41:24Z,,,,,,3805.0
2026-07-06T20:41:24Z,,,,,,3823.8
2026-07-06T20:41:25Z,,,,,,3842.8
2026-07-06T20:41:25Z,,,,,,3860.7
2026-07-06T20:41:25Z,,,,,,3877.6
2026-07-06T20:41:25Z,,,,,,3892.8
2026-07-06T20:41:25Z,,,,,,3905.4
2026-07-06T20:41:25Z,51.556072,-0.070999,22.4,25,1,3915.0
2026-07-06T20:41:25Z,,,,,,3921.7
2026-07-06T20:41:25Z,,,,,,3927.1
2026-07-06T20:41:25Z,,,,,,3933.5
2026-07-06T20:41:25Z,,,,,,3939.8
2026-07-06T20:41:26Z,,,,,,3946.5
2026-07-06T20:41:26Z,,,,,,3953.7
2026-07-06T20:41:26Z,,,,,,3960.3
2026-07-06T20:41:26Z,,,,,,3964.6
2026-07-06T20:41:26Z,,,,,,3967.3
2026-07-06T20:41:26Z,51.556072,-0.071000,22.4,25,1,3970.1
2026-07-06T20:41:26Z,,,,,,3971.6
2026-07-06T20:41:26Z,,,,,,3970.5
2026-07-06T20:41:26Z,,,,,,3967.8
2026-07-06T20:41:26Z,,,,,,3963.4
2026-07-06T20:41:27Z,,,,,,3956.3
2026-07-06T20:41:27Z,,,,,,3947.4
2026-07-06T20:41:27Z,,,,,,3939.5
2026-07-06T20:41:27Z,,,,,,3932.1
2026-07-06T20:41:27Z,,,,,,3923.9
2026-07-06T20:41:27Z,51.556072,-0.071001,22.4,25,1,3915.4
2026-07-06T20:41:27Z,,,,,,3905.1
2026-07-06T20:41:27Z,,,,,,3896.2
2026-07-06T20:41:27Z,,,,,,3888.4
2026-07-06T20:41:27Z,,,,,,3880.3
2026-07-06T20:41:28Z,,,,,,3873.4
2026-07-06T20:41:28Z,,,,,,3869.0
2026-07-06T20:41:28Z,,,,,,3865.3
2026-07-06T20:41:28Z,,,,,,3868.0
2026-07-06T20:41:28Z,,,,,,3870.7
2026-07-06T20:41:28Z,51.556072,-0.071002,22.4,25,1,3865.8
2026-07-06T20:41:28Z,,,,,,3861.5
2026-07-06T20:41:28Z,,,,,,3856.2
2026-07-06T20:41:28Z,,,,,,3846.3
2026-07-06T20:41:28Z,,,,,,3824.9
2026-07-06T20:41:29Z,,,,,,3797.1
2026-07-06T20:41:29Z,,,,,,3764.1
2026-07-06T20:41:29Z,,,,,,3722.2
2026-07-06T20:41:29Z,,,,,,3680.4
2026-07-06T20:41:29Z,,,,,,3654.3
2026-07-06T20:41:29Z,51.556072,-0.071003,22.5,25,1,3655.3
2026-07-06T20:41:29Z,,,,,,3659.2
2026-07-06T20:41:29Z,,,,,,3644.9
2026-07-06T20:41:29Z,,,,,,3640.4
2026-07-06T20:41:29Z,,,,,,3650.3
2026-07-06T20:41:30Z,,,,,,3649.8
2026-07-06T20:41:30Z,,,,,,3657.4
2026-07-06T20:41:30Z,,,,,,3682.1
2026-07-06T20:41:30Z,,,,,,3706.0
2026-07-06T20:41:30Z,,,,,,3722.5
2026-07-06T20:41:30Z,51.556072,-0.071004,22.6,25,1,3738.1
2026-07-06T20:41:30Z,,,,,,3751.6
2026-07-06T20:41:30Z,,,,,,3759.9
2026-07-06T20:41:30Z,,,,,,3770.7
2026-07-06T20:41:30Z,,,,,,3785.1
2026-07-06T20:41:31Z,,,,,,3797.2
2026-07-06T20:41:31Z,,,,,,3807.5
2026-07-06T20:41:31Z,,,,,,3821.7
2026-07-06T20:41:31Z,,,,,,3835.2
2026-07-06T20:41:31Z,,,,,,3852.8
2026-07-06T20:41:31Z,51.556072,-0.071005,22.6,25,1,3872.9
2026-07-06T20:41:31Z,,,,,,3891.0
2026-07-06T20:41:31Z,,,,,,3912.2
2026-07-06T20:41:31Z,,,,,,3929.5
2026-07-06T20:41:31Z,,,,,,3935.3
2026-07-06T20:41:32Z,,,,,,3940.5
2026-07-06T20:41:32Z,,,,,,3949.3
2026-07-06T20:41:32Z,,,,,,3957.1
2026-07-06T20:41:32Z,,,,,,3966.4
2026-07-06T20:41:32Z,,,,,,3972.7
2026-07-06T20:41:32Z,51.556072,-0.071006,22.7,25,1,3981.3
