timestamp,lat,lon,alt,hdop,vdop,sats,fix,fix_type,speed_kts,course_deg,gsr_raw
2026-07-07T07:43:11Z,51.556057,-0.071092,51.0,2.6,7.2,5,6,3,1.31,0.0,3965.6
2026-07-07T07:43:11Z,,,,,,,,,,,3977.5
2026-07-07T07:43:11Z,,,,,,,,,,,3982.4
2026-07-07T07:43:11Z,,,,,,,,,,,3991.7
2026-07-07T07:43:11Z,,,,,,,,,,,4001.3
2026-07-07T07:43:11Z,,,,,,,,,,,4007.4
2026-07-07T07:43:11Z,,,,,,,,,,,4013.5
2026-07-07T07:43:11Z,,,,,,,,,,,4018.6
2026-07-07T07:43:12Z,,,,,,,,,,,4019.1
2026-07-07T07:43:12Z,,,,,,,,,,,4016.1
2026-07-07T07:43:12Z,51.556053,-0.071090,50.8,2.6,7.2,5,1,3,0.54,0.0,4012.9
2026-07-07T07:43:12Z,,,,,,,,,,,4012.2
2026-07-07T07:43:12Z,,,,,,,,,,,4012.0
2026-07-07T07:43:12Z,,,,,,,,,,,4009.5
2026-07-07T07:43:12Z,,,,,,,,,,,4003.9
2026-07-07T07:43:12Z,,,,,,,,,,,4000.2
2026-07-07T07:43:12Z,,,,,,,,,,,3997.8
2026-07-07T07:43:12Z,,,,,,,,,,,3993.7
2026-07-07T07:43:13Z,,,,,,,,,,,3988.1
2026-07-07T07:43:13Z,,,,,,,,,,,3981.5
2026-07-07T07:43:13Z,51.556053,-0.071087,50.5,2.6,7.2,5,1,3,0.69,0.0,3977.6
2026-07-07T07:43:13Z,,,,,,,,,,,3968.9
2026-07-07T07:43:13Z,,,,,,,,,,,3947.1
2026-07-07T07:43:13Z,,,,,,,,,,,3932.8
2026-07-07T07:43:13Z,,,,,,,,,,,3931.4
2026-07-07T07:43:13Z,,,,,,,,,,,3932.0
2026-07-07T07:43:13Z,,,,,,,,,,,3933.2
2026-07-07T07:43:13Z,,,,,,,,,,,3930.5
2026-07-07T07:43:14Z,,,,,,,,,,,3929.8
2026-07-07T07:43:14Z,,,,,,,,,,,3934.9
2026-07-07T07:43:14Z,51.556061,-0.071080,50.2,2.6,7.2,5,1,3,2.96,29.1,3946.0
2026-07-07T07:43:14Z,,,,,,,,,,,3960.9
2026-07-07T07:43:14Z,,,,,,,,,,,3973.3
2026-07-07T07:43:14Z,,,,,,,,,,,3991.7
2026-07-07T07:43:14Z,,,,,,,,,,,4007.3
2026-07-07T07:43:14Z,,,,,,,,,,,4012.3
2026-07-07T07:43:14Z,,,,,,,,,,,4025.0
2026-07-07T07:43:14Z,,,,,,,,,,,4030.3
2026-07-07T07:43:15Z,,,,,,,,,,,4021.1
2026-07-07T07:43:15Z,,,,,,,,,,,4013.8
2026-07-07T07:43:15Z,51.556053,-0.071075,49.9,2.6,7.2,5,1,3,4.33,181.5,4008.6
2026-07-07T07:43:15Z,,,,,,,,,,,4009.5
2026-07-07T07:43:15Z,,,,,,,,,,,4010.4
2026-07-07T07:43:15Z,,,,,,,,,,,4005.3
2026-07-07T07:43:15Z,,,,,,,,,,,4008.0
2026-07-07T07:43:15Z,,,,,,,,,,,4020.6
2026-07-07T07:43:15Z,,,,,,,,,,,4033.2
2026-07-07T07:43:15Z,,,,,,,,,,,4042.9
2026-07-07T07:43:16Z,,,,,,,,,,,4052.2
2026-07-07T07:43:16Z,,,,,,,,,,,4063.9
2026-07-07T07:43:16Z,51.556038,-0.071077,49.5,2.6,7.2,5,1,3,1.38,181.5,4083.3
2026-07-07T07:43:16Z,,,,,,,,,,,4107.8
2026-07-07T07:43:16Z,,,,,,,,,,,4122.1
2026-07-07T07:43:16Z,,,,,,,,,,,4128.3
2026-07-07T07:43:16Z,,,,,,,,,,,4139.6
2026-07-07T07:43:16Z,,,,,,,,,,,4149.2
2026-07-07T07:43:16Z,,,,,,,,,,,4157.1
2026-07-07T07:43:16Z,,,,,,,,,,,4171.1
2026-07-07T07:43:17Z,,,,,,,,,,,4181.9
2026-07-07T07:43:17Z,,,,,,,,,,,4187.0
2026-07-07T07:43:17Z,51.556038,-0.071074,48.2,2.6,7.2,5,1,3,0.81,181.5,4195.1
2026-07-07T07:43:17Z,,,,,,,,,,,4204.0
2026-07-07T07:43:17Z,,,,,,,,,,,4206.9
2026-07-07T07:43:17Z,,,,,,,,,,,4208.7
2026-07-07T07:43:17Z,,,,,,,,,,,4211.3
2026-07-07T07:43:17Z,,,,,,,,,,,4212.8
2026-07-07T07:43:17Z,,,,,,,,,,,4215.1
2026-07-07T07:43:17Z,,,,,,,,,,,4223.5
2026-07-07T07:43:18Z,,,,,,,,,,,4239.5
2026-07-07T07:43:18Z,,,,,,,,,,,4256.9
2026-07-07T07:43:18Z,51.556038,-0.071063,47.7,2.6,7.2,5,1,3,0.96,181.5,4276.9
2026-07-07T07:43:18Z,,,,,,,,,,,4296.9
2026-07-07T07:43:18Z,,,,,,,,,,,4312.7
2026-07-07T07:43:18Z,,,,,,,,,,,4331.0
2026-07-07T07:43:18Z,,,,,,,,,,,4353.5
2026-07-07T07:43:18Z,,,,,,,,,,,4375.5
2026-07-07T07:43:18Z,,,,,,,,,,,4395.9
2026-07-07T07:43:18Z,,,,,,,,,,,4414.2
2026-07-07T07:43:19Z,,,,,,,,,,,4428.3
2026-07-07T07:43:19Z,,,,,,,,,,,4437.4
2026-07-07T07:43:19Z,51.556038,-0.071061,47.5,2.4,3.2,6,1,3,0.22,181.5,4445.4
2026-07-07T07:43:19Z,,,,,,,,,,,4454.5
2026-07-07T07:43:19Z,,,,,,,,,,,4461.7
2026-07-07T07:43:19Z,,,,,,,,,,,4468.8
2026-07-07T07:43:19Z,,,,,,,,,,,4479.0
2026-07-07T07:43:19Z,,,,,,,,,,,4482.3
2026-07-07T07:43:19Z,,,,,,,,,,,4476.5
2026-07-07T07:43:19Z,,,,,,,,,,,4471.5
2026-07-07T07:43:20Z,,,,,,,,,,,4466.4
2026-07-07T07:43:20Z,,,,,,,,,,,4461.0
2026-07-07T07:43:20Z,51.556034,-0.071051,47.2,2.4,3.2,6,1,3,0.48,181.5,4454.5
2026-07-07T07:43:20Z,,,,,,,,,,,4438.6
2026-07-07T07:43:20Z,,,,,,,,,,,4402.6
2026-07-07T07:43:20Z,,,,,,,,,,,4360.8
2026-07-07T07:43:20Z,,,,,,,,,,,4335.0
2026-07-07T07:43:20Z,,,,,,,,,,,4329.6
2026-07-07T07:43:20Z,,,,,,,,,,,4337.7
2026-07-07T07:43:20Z,,,,,,,,,,,4360.1
2026-07-07T07:43:21Z,,,,,,,,,,,4375.5
2026-07-07T07:43:21Z,,,,,,,,,,,4381.2
2026-07-07T07:43:21Z,51.556038,-0.071047,46.9,2.4,3.2,6,1,3,0.51,181.5,4383.0
2026-07-07T07:43:21Z,,,,,,,,,,,4362.4
2026-07-07T07:43:21Z,,,,,,,,,,,4346.2
2026-07-07T07:43:21Z,,,,,,,,,,,4358.3
2026-07-07T07:43:21Z,,,,,,,,,,,4368.8
2026-07-07T07:43:21Z,,,,,,,,,,,4361.5
2026-07-07T07:43:21Z,,,,,,,,,,,4354.0
2026-07-07T07:43:21Z,,,,,,,,,,,4354.9
2026-07-07T07:43:22Z,,,,,,,,,,,4342.1
2026-07-07T07:43:22Z,,,,,,,,,,,4345.7
2026-07-07T07:43:22Z,51.556038,-0.071046,46.6,2.4,3.2,6,1,3,0.00,181.5,4380.6
2026-07-07T07:43:22Z,,,,,,,,,,,4420.5
2026-07-07T07:43:22Z,,,,,,,,,,,4462.1
2026-07-07T07:43:22Z,,,,,,,,,,,4501.1
2026-07-07T07:43:22Z,,,,,,,,,,,4523.2
2026-07-07T07:43:22Z,,,,,,,,,,,4538.2
2026-07-07T07:43:22Z,,,,,,,,,,,4557.0
2026-07-07T07:43:22Z,,,,,,,,,,,4575.6
2026-07-07T07:43:23Z,,,,,,,,,,,4595.2
2026-07-07T07:43:23Z,,,,,,,,,,,4616.8
2026-07-07T07:43:23Z,51.556038,-0.071047,46.2,2.4,3.2,6,1,3,0.00,181.5,4641.0
2026-07-07T07:43:23Z,,,,,,,,,,,4674.8
2026-07-07T07:43:23Z,,,,,,,,,,,4711.5
2026-07-07T07:43:23Z,,,,,,,,,,,4741.4
2026-07-07T07:43:23Z,,,,,,,,,,,4765.1
2026-07-07T07:43:23Z,,,,,,,,,,,4790.0
2026-07-07T07:43:23Z,,,,,,,,,,,4820.9
2026-07-07T07:43:23Z,,,,,,,,,,,4850.0
2026-07-07T07:43:24Z,,,,,,,,,,,4875.8
2026-07-07T07:43:24Z,,,,,,,,,,,4900.9
2026-07-07T07:43:24Z,51.556038,-0.071048,45.8,2.4,3.2,6,1,3,0.00,181.5,4923.9
2026-07-07T07:43:24Z,,,,,,,,,,,4946.1
2026-07-07T07:43:24Z,,,,,,,,,,,4968.3
2026-07-07T07:43:24Z,,,,,,,,,,,4989.1
2026-07-07T07:43:24Z,,,,,,,,,,,5008.9
2026-07-07T07:43:24Z,,,,,,,,,,,5029.1
2026-07-07T07:43:24Z,,,,,,,,,,,5045.5
2026-07-07T07:43:24Z,,,,,,,,,,,5054.3
2026-07-07T07:43:25Z,,,,,,,,,,,5057.7
2026-07-07T07:43:25Z,,,,,,,,,,,5060.4
2026-07-07T07:43:25Z,51.556038,-0.071051,45.6,2.4,3.2,6,1,3,0.00,181.5,5063.8
2026-07-07T07:43:25Z,,,,,,,,,,,5066.8
2026-07-07T07:43:25Z,,,,,,,,,,,5069.9
2026-07-07T07:43:25Z,,,,,,,,,,,5071.1
2026-07-07T07:43:25Z,,,,,,,,,,,5070.8
2026-07-07T07:43:25Z,,,,,,,,,,,5068.6
2026-07-07T07:43:25Z,,,,,,,,,,,5065.9
2026-07-07T07:43:25Z,,,,,,,,,,,5063.6
2026-07-07T07:43:26Z,,,,,,,,,,,5058.8
2026-07-07T07:43:26Z,,,,,,,,,,,5052.3
2026-07-07T07:43:26Z,51.556034,-0.071052,45.2,2.4,3.2,6,1,3,0.00,181.5,5045.2
2026-07-07T07:43:26Z,,,,,,,,,,,5039.1
2026-07-07T07:43:26Z,,,,,,,,,,,5032.6
2026-07-07T07:43:26Z,,,,,,,,,,,5023.8
2026-07-07T07:43:26Z,,,,,,,,,,,5013.6
2026-07-07T07:43:26Z,,,,,,,,,,,5003.0
2026-07-07T07:43:26Z,,,,,,,,,,,4991.8
2026-07-07T07:43:26Z,,,,,,,,,,,4980.6
2026-07-07T07:43:27Z,,,,,,,,,,,4970.5
2026-07-07T07:43:27Z,,,,,,,,,,,4960.7
2026-07-07T07:43:27Z,51.556034,-0.071055,44.9,2.4,3.2,6,1,3,0.00,181.5,4945.7
2026-07-07T07:43:27Z,,,,,,,,,,,4927.1
2026-07-07T07:43:27Z,,,,,,,,,,,4916.8
2026-07-07T07:43:27Z,,,,,,,,,,,4910.3
2026-07-07T07:43:27Z,,,,,,,,,,,4900.4
2026-07-07T07:43:27Z,,,,,,,,,,,4888.9
2026-07-07T07:43:27Z,,,,,,,,,,,4877.1
2026-07-07T07:43:27Z,,,,,,,,,,,4863.7
2026-07-07T07:43:28Z,,,,,,,,,,,4849.1
2026-07-07T07:43:28Z,,,,,,,,,,,4837.4
2026-07-07T07:43:28Z,51.556034,-0.071060,44.4,2.4,3.2,6,1,3,0.00,181.5,4828.3
2026-07-07T07:43:28Z,,,,,,,,,,,4819.6
2026-07-07T07:43:28Z,,,,,,,,,,,4812.2
2026-07-07T07:43:28Z,,,,,,,,,,,4806.7
2026-07-07T07:43:28Z,,,,,,,,,,,4801.2
2026-07-07T07:43:28Z,,,,,,,,,,,4796.9
2026-07-07T07:43:28Z,,,,,,,,,,,4796.8
2026-07-07T07:43:28Z,,,,,,,,,,,4802.1
2026-07-07T07:43:29Z,,,,,,,,,,,4812.1
2026-07-07T07:43:29Z,,,,,,,,,,,4826.1
2026-07-07T07:43:29Z,51.556034,-0.071062,44.1,2.4,3.2,6,1,3,0.00,181.5,4844.4
2026-07-07T07:43:29Z,,,,,,,,,,,4865.6
2026-07-07T07:43:29Z,,,,,,,,,,,4890.1
2026-07-07T07:43:29Z,,,,,,,,,,,4913.0
2026-07-07T07:43:29Z,,,,,,,,,,,4932.4
2026-07-07T07:43:29Z,,,,,,,,,,,4951.9
2026-07-07T07:43:29Z,,,,,,,,,,,4969.3
2026-07-07T07:43:29Z,,,,,,,,,,,4984.9
2026-07-07T07:43:30Z,,,,,,,,,,,4997.5
2026-07-07T07:43:30Z,,,,,,,,,,,5004.7
2026-07-07T07:43:30Z,51.556030,-0.071063,43.8,2.4,3.2,6,1,3,0.00,181.5,5001.9
2026-07-07T07:43:30Z,,,,,,,,,,,4991.5
2026-07-07T07:43:30Z,,,,,,,,,,,4986.5
2026-07-07T07:43:30Z,,,,,,,,,,,4984.4
2026-07-07T07:43:30Z,,,,,,,,,,,4981.2
2026-07-07T07:43:30Z,,,,,,,,,,,4976.4
2026-07-07T07:43:30Z,,,,,,,,,,,4969.5
2026-07-07T07:43:30Z,,,,,,,,,,,4962.9
2026-07-07T07:43:31Z,,,,,,,,,,,4956.8
2026-07-07T07:43:31Z,,,,,,,,,,,4949.9
2026-07-07T07:43:31Z,51.556030,-0.071064,43.5,2.4,3.2,6,1,3,0.00,181.5,4942.3
2026-07-07T07:43:31Z,,,,,,,,,,,4933.2
2026-07-07T07:43:31Z,,,,,,,,,,,4924.7
2026-07-07T07:43:31Z,,,,,,,,,,,4918.4
2026-07-07T07:43:31Z,,,,,,,,,,,4912.6
2026-07-07T07:43:31Z,,,,,,,,,,,4906.8
2026-07-07T07:43:31Z,,,,,,,,,,,4900.8
2026-07-07T07:43:31Z,,,,,,,,,,,4891.9
2026-07-07T07:43:32Z,,,,,,,,,,,4881.7
2026-07-07T07:43:32Z,,,,,,,,,,,4874.4
2026-07-07T07:43:32Z,51.556030,-0.071065,43.2,2.4,3.2,6,1,3,0.00,181.5,4867.7
2026-07-07T07:43:32Z,,,,,,,,,,,4858.9
2026-07-07T07:43:32Z,,,,,,,,,,,4850.5
2026-07-07T07:43:32Z,,,,,,,,,,,4843.5
2026-07-07T07:43:32Z,,,,,,,,,,,4834.3
2026-07-07T07:43:32Z,,,,,,,,,,,4822.5
2026-07-07T07:43:32Z,,,,,,,,,,,4811.2
2026-07-07T07:43:32Z,,,,,,,,,,,4802.3
2026-07-07T07:43:33Z,,,,,,,,,,,4793.8
2026-07-07T07:43:33Z,,,,,,,,,,,4785.0
2026-07-07T07:43:33Z,51.556026,-0.071065,42.8,2.4,3.2,6,1,3,0.00,181.5,4776.4
2026-07-07T07:43:33Z,,,,,,,,,,,4766.2
2026-07-07T07:43:33Z,,,,,,,,,,,4756.2
2026-07-07T07:43:33Z,,,,,,,,,,,4748.8
2026-07-07T07:43:33Z,,,,,,,,,,,4742.6
2026-07-07T07:43:33Z,,,,,,,,,,,4737.3
2026-07-07T07:43:33Z,,,,,,,,,,,4733.1
2026-07-07T07:43:33Z,,,,,,,,,,,4729.1
2026-07-07T07:43:34Z,,,,,,,,,,,4724.5
2026-07-07T07:43:34Z,,,,,,,,,,,4720.7
2026-07-07T07:43:34Z,51.556023,-0.071055,42.7,2.4,3.2,6,1,3,1.65,181.5,4719.5
2026-07-07T07:43:34Z,,,,,,,,,,,4721.1
2026-07-07T07:43:34Z,,,,,,,,,,,4727.0
2026-07-07T07:43:34Z,,,,,,,,,,,4734.4
2026-07-07T07:43:34Z,,,,,,,,,,,4740.4
2026-07-07T07:43:34Z,,,,,,,,,,,4740.9
2026-07-07T07:43:34Z,,,,,,,,,,,4733.7
2026-07-07T07:43:34Z,,,,,,,,,,,4736.2
2026-07-07T07:43:35Z,,,,,,,,,,,4747.7
2026-07-07T07:43:35Z,,,,,,,,,,,4757.7
2026-07-07T07:43:35Z,51.556019,-0.071043,42.6,2.4,3.2,6,1,3,1.22,181.5,4765.3
2026-07-07T07:43:35Z,,,,,,,,,,,4762.3
2026-07-07T07:43:35Z,,,,,,,,,,,4757.1
2026-07-07T07:43:35Z,,,,,,,,,,,4765.0
2026-07-07T07:43:35Z,,,,,,,,,,,4781.7
2026-07-07T07:43:35Z,,,,,,,,,,,4796.1
2026-07-07T07:43:35Z,,,,,,,,,,,4809.4
2026-07-07T07:43:35Z,,,,,,,,,,,4827.0
2026-07-07T07:43:36Z,,,,,,,,,,,4854.3
2026-07-07T07:43:36Z,,,,,,,,,,,4890.2
2026-07-07T07:43:36Z,51.556019,-0.071029,42.4,2.4,3.2,6,1,3,1.92,181.5,4933.2
2026-07-07T07:43:36Z,,,,,,,,,,,4970.7
2026-07-07T07:43:36Z,,,,,,,,,,,4997.3
2026-07-07T07:43:36Z,,,,,,,,,,,5020.2
2026-07-07T07:43:36Z,,,,,,,,,,,5039.1
2026-07-07T07:43:36Z,,,,,,,,,,,5056.2
2026-07-07T07:43:36Z,,,,,,,,,,,5074.3
2026-07-07T07:43:36Z,,,,,,,,,,,5089.2
2026-07-07T07:43:37Z,,,,,,,,,,,5099.5
2026-07-07T07:43:37Z,,,,,,,,,,,5108.1
2026-07-07T07:43:37Z,51.556015,-0.071012,42.1,2.4,3.2,6,1,3,2.23,111.6,5115.1
2026-07-07T07:43:37Z,,,,,,,,,,,5115.1
2026-07-07T07:43:37Z,,,,,,,,,,,5108.3
2026-07-07T07:43:37Z,,,,,,,,,,,5096.6
2026-07-07T07:43:37Z,,,,,,,,,,,5088.2
2026-07-07T07:43:37Z,,,,,,,,,,,5088.5
2026-07-07T07:43:37Z,,,,,,,,,,,5090.5
2026-07-07T07:43:37Z,,,,,,,,,,,5087.5
2026-07-07T07:43:38Z,,,,,,,,,,,5081.7
2026-07-07T07:43:38Z,,,,,,,,,,,5075.7
2026-07-07T07:43:38Z,51.556007,-0.070997,41.7,2.4,3.2,6,1,3,2.07,137.4,5064.0
2026-07-07T07:43:38Z,,,,,,,,,,,5048.8
2026-07-07T07:43:38Z,,,,,,,,,,,5036.2
2026-07-07T07:43:38Z,,,,,,,,,,,5025.2
2026-07-07T07:43:38Z,,,,,,,,,,,5012.7
2026-07-07T07:43:38Z,,,,,,,,,,,4999.2
2026-07-07T07:43:38Z,,,,,,,,,,,4991.5
2026-07-07T07:43:38Z,,,,,,,,,,,4991.6
2026-07-07T07:43:39Z,,,,,,,,,,,4990.5
2026-07-07T07:43:39Z,,,,,,,,,,,4990.3
2026-07-07T07:43:39Z,51.556000,-0.070990,41.6,2.4,3.2,6,1,3,1.38,137.4,4990.8
2026-07-07T07:43:39Z,,,,,,,,,,,4989.9
2026-07-07T07:43:39Z,,,,,,,,,,,4992.9
2026-07-07T07:43:39Z,,,,,,,,,,,4996.4
2026-07-07T07:43:39Z,,,,,,,,,,,4995.5
2026-07-07T07:43:39Z,,,,,,,,,,,4994.1
2026-07-07T07:43:39Z,,,,,,,,,,,4993.3
2026-07-07T07:43:39Z,,,,,,,,,,,4989.1
2026-07-07T07:43:40Z,,,,,,,,,,,4980.6
2026-07-07T07:43:40Z,,,,,,,,,,,4972.0
2026-07-07T07:43:40Z,51.555988,-0.070979,41.3,2.4,3.2,6,1,3,1.72,137.4,4963.0
2026-07-07T07:43:40Z,,,,,,,,,,,4953.4
2026-07-07T07:43:40Z,,,,,,,,,,,4946.0
2026-07-07T07:43:40Z,,,,,,,,,,,4940.0
2026-07-07T07:43:40Z,,,,,,,,,,,4933.5
2026-07-07T07:43:40Z,,,,,,,,,,,4926.5
2026-07-07T07:43:40Z,,,,,,,,,,,4920.3
2026-07-07T07:43:40Z,,,,,,,,,,,4913.1
2026-07-07T07:43:41Z,,,,,,,,,,,4903.3
2026-07-07T07:43:41Z,,,,,,,,,,,4895.9
2026-07-07T07:43:41Z,51.555988,-0.070965,40.8,1.7,3.2,7,1,3,1.72,137.4,4893.0
2026-07-07T07:43:41Z,,,,,,,,,,,4886.4
2026-07-07T07:43:41Z,,,,,,,,,,,4877.0
2026-07-07T07:43:41Z,,,,,,,,,,,4869.1
2026-07-07T07:43:41Z,,,,,,,,,,,4864.1
2026-07-07T07:43:41Z,,,,,,,,,,,4863.5
2026-07-07T07:43:41Z,,,,,,,,,,,4866.4
2026-07-07T07:43:41Z,,,,,,,,,,,4869.4
2026-07-07T07:43:42Z,,,,,,,,,,,4866.1
2026-07-07T07:43:42Z,,,,,,,,,,,4857.9
2026-07-07T07:43:42Z,51.555984,-0.070948,40.5,1.7,3.2,7,1,3,1.79,137.4,4851.0
2026-07-07T07:43:42Z,,,,,,,,,,,4848.1
2026-07-07T07:43:42Z,,,,,,,,,,,4846.7
2026-07-07T07:43:42Z,,,,,,,,,,,4844.2
2026-07-07T07:43:42Z,,,,,,,,,,,4841.7
2026-07-07T07:43:42Z,,,,,,,,,,,4842.6
2026-07-07T07:43:42Z,,,,,,,,,,,4846.0
2026-07-07T07:43:42Z,,,,,,,,,,,4851.4
2026-07-07T07:43:43Z,,,,,,,,,,,4857.6
2026-07-07T07:43:43Z,,,,,,,,,,,4862.0
2026-07-07T07:43:43Z,51.555984,-0.070932,40.2,1.7,3.2,7,1,3,1.88,91.3,4867.2
2026-07-07T07:43:43Z,,,,,,,,,,,4875.3
2026-07-07T07:43:43Z,,,,,,,,,,,4882.6
2026-07-07T07:43:43Z,,,,,,,,,,,4887.9
2026-07-07T07:43:43Z,,,,,,,,,,,4888.6
2026-07-07T07:43:43Z,,,,,,,,,,,4883.7
2026-07-07T07:43:43Z,,,,,,,,,,,4881.9
2026-07-07T07:43:43Z,,,,,,,,,,,4887.9
2026-07-07T07:43:44Z,,,,,,,,,,,4892.6
2026-07-07T07:43:44Z,,,,,,,,,,,4890.0
2026-07-07T07:43:44Z,51.555981,-0.070915,39.6,1.7,3.2,7,1,3,1.75,91.3,4885.6
2026-07-07T07:43:44Z,,,,,,,,,,,4882.6
2026-07-07T07:43:44Z,,,,,,,,,,,4882.3
2026-07-07T07:43:44Z,,,,,,,,,,,4884.3
2026-07-07T07:43:44Z,,,,,,,,,,,4883.7
2026-07-07T07:43:44Z,,,,,,,,,,,4877.4
2026-07-07T07:43:44Z,,,,,,,,,,,4869.4
2026-07-07T07:43:44Z,,,,,,,,,,,4863.1
2026-07-07T07:43:45Z,,,,,,,,,,,4856.5
2026-07-07T07:43:45Z,,,,,,,,,,,4850.0
2026-07-07T07:43:45Z,51.555981,-0.070904,38.6,1.7,3.2,7,1,3,1.75,91.3,4841.7
2026-07-07T07:43:45Z,,,,,,,,,,,4833.2
2026-07-07T07:43:45Z,,,,,,,,,,,4829.5
2026-07-07T07:43:45Z,,,,,,,,,,,4825.1
2026-07-07T07:43:45Z,,,,,,,,,,,4814.4
2026-07-07T07:43:45Z,,,,,,,,,,,4802.5
2026-07-07T07:43:45Z,,,,,,,,,,,4790.8
2026-07-07T07:43:45Z,,,,,,,,,,,4780.7
2026-07-07T07:43:46Z,,,,,,,,,,,4771.9
2026-07-07T07:43:46Z,,,,,,,,,,,4762.2
2026-07-07T07:43:46Z,51.555977,-0.070899,38.0,1.7,3.2,7,1,3,1.04,91.3,4749.1
2026-07-07T07:43:46Z,,,,,,,,,,,4733.8
2026-07-07T07:43:46Z,,,,,,,,,,,4724.1
2026-07-07T07:43:46Z,,,,,,,,,,,4722.9
2026-07-07T07:43:46Z,,,,,,,,,,,4721.6
2026-07-07T07:43:46Z,,,,,,,,,,,4716.6
2026-07-07T07:43:46Z,,,,,,,,,,,4708.8
2026-07-07T07:43:46Z,,,,,,,,,,,4698.3
2026-07-07T07:43:47Z,,,,,,,,,,,4688.6
2026-07-07T07:43:47Z,,,,,,,,,,,4681.5
2026-07-07T07:43:47Z,51.555977,-0.070892,37.3,1.7,3.2,7,1,3,0.69,91.3,4676.0
2026-07-07T07:43:47Z,,,,,,,,,,,4668.5
2026-07-07T07:43:47Z,,,,,,,,,,,4665.4
2026-07-07T07:43:47Z,,,,,,,,,,,4668.5
2026-07-07T07:43:47Z,,,,,,,,,,,4672.6
2026-07-07T07:43:47Z,,,,,,,,,,,4679.9
2026-07-07T07:43:47Z,,,,,,,,,,,4693.3
2026-07-07T07:43:47Z,,,,,,,,,,,4709.7
2026-07-07T07:43:48Z,,,,,,,,,,,4727.0
2026-07-07T07:43:48Z,,,,,,,,,,,4747.6
2026-07-07T07:43:48Z,51.555973,-0.070876,37.0,1.7,3.2,7,1,3,1.88,91.3,4767.7
2026-07-07T07:43:48Z,,,,,,,,,,,4783.6
2026-07-07T07:43:48Z,,,,,,,,,,,4795.1
2026-07-07T07:43:48Z,,,,,,,,,,,4802.2
2026-07-07T07:43:48Z,,,,,,,,,,,4807.2
2026-07-07T07:43:48Z,,,,,,,,,,,4813.8
2026-07-07T07:43:48Z,,,,,,,,,,,4820.1
2026-07-07T07:43:48Z,,,,,,,,,,,4818.7
2026-07-07T07:43:49Z,,,,,,,,,,,4811.8
2026-07-07T07:43:49Z,,,,,,,,,,,4806.7
2026-07-07T07:43:49Z,51.555969,-0.070858,36.8,1.7,3.2,7,1,3,1.92,91.3,4802.1
2026-07-07T07:43:49Z,,,,,,,,,,,4797.6
2026-07-07T07:43:49Z,,,,,,,,,,,4793.8
2026-07-07T07:43:49Z,,,,,,,,,,,4786.9
2026-07-07T07:43:49Z,,,,,,,,,,,4775.9
2026-07-07T07:43:49Z,,,,,,,,,,,4762.9
2026-07-07T07:43:49Z,,,,,,,,,,,4752.2
2026-07-07T07:43:49Z,,,,,,,,,,,4745.1
2026-07-07T07:43:50Z,,,,,,,,,,,4738.3
2026-07-07T07:43:50Z,,,,,,,,,,,4732.5
2026-07-07T07:43:50Z,51.555965,-0.070841,36.5,1.7,3.2,7,1,3,1.92,91.3,4723.5
2026-07-07T07:43:50Z,,,,,,,,,,,4711.9
2026-07-07T07:43:50Z,,,,,,,,,,,4703.3
2026-07-07T07:43:50Z,,,,,,,,,,,4696.9
2026-07-07T07:43:50Z,,,,,,,,,,,4689.6
2026-07-07T07:43:50Z,,,,,,,,,,,4681.1
2026-07-07T07:43:50Z,,,,,,,,,,,4674.5
2026-07-07T07:43:50Z,,,,,,,,,,,4670.3
2026-07-07T07:43:51Z,,,,,,,,,,,4665.9
2026-07-07T07:43:51Z,,,,,,,,,,,4662.8
2026-07-07T07:43:51Z,51.555965,-0.070824,36.1,1.7,3.2,7,1,3,2.04,113.9,4661.9
2026-07-07T07:43:51Z,,,,,,,,,,,4653.9
2026-07-07T07:43:51Z,,,,,,,,,,,4643.3
2026-07-07T07:43:51Z,,,,,,,,,,,4638.1
2026-07-07T07:43:51Z,,,,,,,,,,,4633.6
2026-07-07T07:43:51Z,,,,,,,,,,,4627.2
2026-07-07T07:43:51Z,,,,,,,,,,,4618.1
2026-07-07T07:43:51Z,,,,,,,,,,,4610.2
2026-07-07T07:43:52Z,,,,,,,,,,,4606.4
2026-07-07T07:43:52Z,,,,,,,,,,,4606.3
2026-07-07T07:43:52Z,51.555962,-0.070807,35.7,1.7,3.2,7,1,3,2.17,106.8,4606.5
2026-07-07T07:43:52Z,,,,,,,,,,,4606.4
2026-07-07T07:43:52Z,,,,,,,,,,,4613.3
2026-07-07T07:43:52Z,,,,,,,,,,,4631.1
2026-07-07T07:43:52Z,,,,,,,,,,,4654.3
2026-07-07T07:43:52Z,,,,,,,,,,,4680.5
2026-07-07T07:43:52Z,,,,,,,,,,,4704.4
2026-07-07T07:43:52Z,,,,,,,,,,,4722.3
2026-07-07T07:43:53Z,,,,,,,,,,,4740.3
2026-07-07T07:43:53Z,,,,,,,,,,,4761.7
2026-07-07T07:43:53Z,51.555958,-0.070791,35.4,1.7,3.2,7,1,3,1.88,106.8,4779.2
2026-07-07T07:43:53Z,,,,,,,,,,,4790.7
2026-07-07T07:43:53Z,,,,,,,,,,,4798.6
2026-07-07T07:43:53Z,,,,,,,,,,,4802.3
2026-07-07T07:43:53Z,,,,,,,,,,,4804.3
2026-07-07T07:43:53Z,,,,,,,,,,,4805.4
2026-07-07T07:43:53Z,,,,,,,,,,,4804.8
2026-07-07T07:43:53Z,,,,,,,,,,,4800.8
2026-07-07T07:43:54Z,,,,,,,,,,,4795.0
2026-07-07T07:43:54Z,,,,,,,,,,,4792.8
2026-07-07T07:43:54Z,51.555958,-0.070774,35.0,1.7,3.2,7,1,3,2.03,121.7,4790.8
2026-07-07T07:43:54Z,,,,,,,,,,,4787.0
2026-07-07T07:43:54Z,,,,,,,,,,,4784.6
2026-07-07T07:43:54Z,,,,,,,,,,,4782.0
2026-07-07T07:43:54Z,,,,,,,,,,,4778.8
2026-07-07T07:43:54Z,,,,,,,,,,,4778.9
2026-07-07T07:43:54Z,,,,,,,,,,,4781.4
2026-07-07T07:43:54Z,,,,,,,,,,,4777.8
2026-07-07T07:43:55Z,,,,,,,,,,,4769.9
2026-07-07T07:43:55Z,,,,,,,,,,,4765.1
2026-07-07T07:43:55Z,51.555954,-0.070756,34.8,1.7,3.2,7,1,3,2.12,112.0,4765.8
2026-07-07T07:43:55Z,,,,,,,,,,,4768.3
2026-07-07T07:43:55Z,,,,,,,,,,,4767.4
2026-07-07T07:43:55Z,,,,,,,,,,,4763.9
2026-07-07T07:43:55Z,,,,,,,,,,,4761.4
2026-07-07T07:43:55Z,,,,,,,,,,,4766.8
2026-07-07T07:43:55Z,,,,,,,,,,,4779.7
2026-07-07T07:43:55Z,,,,,,,,,,,4797.6
2026-07-07T07:43:56Z,,,,,,,,,,,4817.3
2026-07-07T07:43:56Z,,,,,,,,,,,4834.2
2026-07-07T07:43:56Z,51.555950,-0.070740,34.5,1.7,3.2,7,1,3,2.33,112.4,4852.4
2026-07-07T07:43:56Z,,,,,,,,,,,4870.7
2026-07-07T07:43:56Z,,,,,,,,,,,4890.3
2026-07-07T07:43:56Z,,,,,,,,,,,4911.1
2026-07-07T07:43:56Z,,,,,,,,,,,4933.1
2026-07-07T07:43:56Z,,,,,,,,,,,4956.5
2026-07-07T07:43:56Z,,,,,,,,,,,4980.5
2026-07-07T07:43:56Z,,,,,,,,,,,5007.0
2026-07-07T07:43:57Z,,,,,,,,,,,5037.7
2026-07-07T07:43:57Z,,,,,,,,,,,5066.9
2026-07-07T07:43:57Z,51.555946,-0.070726,34.0,1.7,3.2,7,1,3,1.86,112.4,5096.0
2026-07-07T07:43:57Z,,,,,,,,,,,5132.8
2026-07-07T07:43:57Z,,,,,,,,,,,5167.7
2026-07-07T07:43:57Z,,,,,,,,,,,5193.9
2026-07-07T07:43:57Z,,,,,,,,,,,5220.7
2026-07-07T07:43:57Z,,,,,,,,,,,5249.3
2026-07-07T07:43:57Z,,,,,,,,,,,5277.2
2026-07-07T07:43:57Z,,,,,,,,,,,5306.3
2026-07-07T07:43:58Z,,,,,,,,,,,5336.4
2026-07-07T07:43:58Z,,,,,,,,,,,5358.5
2026-07-07T07:43:58Z,51.555946,-0.070714,33.6,1.7,3.2,7,1,3,1.74,112.4,5379.0
2026-07-07T07:43:58Z,,,,,,,,,,,5403.9
2026-07-07T07:43:58Z,,,,,,,,,,,5428.7
2026-07-07T07:43:58Z,,,,,,,,,,,5449.9
2026-07-07T07:43:58Z,,,,,,,,,,,5468.2
2026-07-07T07:43:58Z,,,,,,,,,,,5482.6
2026-07-07T07:43:58Z,,,,,,,,,,,5493.7
2026-07-07T07:43:58Z,,,,,,,,,,,5505.6
2026-07-07T07:43:59Z,,,,,,,,,,,5518.0
2026-07-07T07:43:59Z,,,,,,,,,,,5528.6
2026-07-07T07:43:59Z,51.555943,-0.070700,33.2,1.7,3.2,7,1,3,1.21,112.4,5537.1
2026-07-07T07:43:59Z,,,,,,,,,,,5541.3
2026-07-07T07:43:59Z,,,,,,,,,,,5541.7
2026-07-07T07:43:59Z,,,,,,,,,,,5542.1
2026-07-07T07:43:59Z,,,,,,,,,,,5544.5
2026-07-07T07:43:59Z,,,,,,,,,,,5545.6
2026-07-07T07:43:59Z,,,,,,,,,,,5543.5
2026-07-07T07:43:59Z,,,,,,,,,,,5539.6
2026-07-07T07:44:00Z,,,,,,,,,,,5534.5
2026-07-07T07:44:00Z,,,,,,,,,,,5527.9
2026-07-07T07:44:00Z,51.555943,-0.070686,32.9,1.7,3.2,7,1,3,1.65,112.4,5523.6
2026-07-07T07:44:00Z,,,,,,,,,,,5519.8
2026-07-07T07:44:00Z,,,,,,,,,,,5510.7
2026-07-07T07:44:00Z,,,,,,,,,,,5502.3
2026-07-07T07:44:00Z,,,,,,,,,,,5495.4
2026-07-07T07:44:00Z,,,,,,,,,,,5482.9
2026-07-07T07:44:00Z,,,,,,,,,,,5469.8
2026-07-07T07:44:00Z,,,,,,,,,,,5461.3
2026-07-07T07:44:01Z,,,,,,,,,,,5452.4
2026-07-07T07:44:01Z,,,,,,,,,,,5445.9
2026-07-07T07:44:01Z,51.555939,-0.070671,32.5,1.7,3.2,7,1,3,1.21,112.4,5443.3
2026-07-07T07:44:01Z,,,,,,,,,,,5442.1
2026-07-07T07:44:01Z,,,,,,,,,,,5438.7
2026-07-07T07:44:01Z,,,,,,,,,,,5436.2
2026-07-07T07:44:01Z,,,,,,,,,,,5438.0
2026-07-07T07:44:01Z,,,,,,,,,,,5440.3
2026-07-07T07:44:01Z,,,,,,,,,,,5442.4
2026-07-07T07:44:01Z,,,,,,,,,,,5446.1
2026-07-07T07:44:02Z,,,,,,,,,,,5451.0
2026-07-07T07:44:02Z,,,,,,,,,,,5453.9
2026-07-07T07:44:02Z,51.555939,-0.070657,32.3,1.7,3.2,7,1,3,1.27,112.4,5460.2
2026-07-07T07:44:02Z,,,,,,,,,,,5470.4
2026-07-07T07:44:02Z,,,,,,,,,,,5480.3
2026-07-07T07:44:02Z,,,,,,,,,,,5489.9
2026-07-07T07:44:02Z,,,,,,,,,,,5499.2
2026-07-07T07:44:02Z,,,,,,,,,,,5505.6
2026-07-07T07:44:02Z,,,,,,,,,,,5509.9
2026-07-07T07:44:02Z,,,,,,,,,,,5515.5
2026-07-07T07:44:03Z,,,,,,,,,,,5519.1
2026-07-07T07:44:03Z,,,,,,,,,,,5520.9
2026-07-07T07:44:03Z,51.555935,-0.070640,32.0,1.7,3.2,7,1,3,1.36,112.4,5522.1
2026-07-07T07:44:03Z,,,,,,,,,,,5521.4
2026-07-07T07:44:03Z,,,,,,,,,,,5516.0
2026-07-07T07:44:03Z,,,,,,,,,,,5508.5
2026-07-07T07:44:03Z,,,,,,,,,,,5503.2
2026-07-07T07:44:03Z,,,,,,,,,,,5496.8
2026-07-07T07:44:03Z,,,,,,,,,,,5489.4
2026-07-07T07:44:03Z,,,,,,,,,,,5483.2
2026-07-07T07:44:04Z,,,,,,,,,,,5474.5
2026-07-07T07:44:04Z,,,,,,,,,,,5463.4
2026-07-07T07:44:04Z,51.555931,-0.070622,31.7,1.7,3.2,7,1,3,1.22,112.4,5454.2
2026-07-07T07:44:04Z,,,,,,,,,,,5447.6
2026-07-07T07:44:04Z,,,,,,,,,,,5442.0
2026-07-07T07:44:04Z,,,,,,,,,,,5438.0
2026-07-07T07:44:04Z,,,,,,,,,,,5432.8
2026-07-07T07:44:04Z,,,,,,,,,,,5423.8
2026-07-07T07:44:04Z,,,,,,,,,,,5413.2
2026-07-07T07:44:04Z,,,,,,,,,,,5404.2
2026-07-07T07:44:05Z,,,,,,,,,,,5396.4
2026-07-07T07:44:05Z,,,,,,,,,,,5387.9
2026-07-07T07:44:05Z,51.555927,-0.070605,31.5,1.7,3.2,7,1,3,1.38,112.4,5378.9
2026-07-07T07:44:05Z,,,,,,,,,,,5370.2
2026-07-07T07:44:05Z,,,,,,,,,,,5357.5
2026-07-07T07:44:05Z,,,,,,,,,,,5344.9
2026-07-07T07:44:05Z,,,,,,,,,,,5336.1
2026-07-07T07:44:05Z,,,,,,,,,,,5328.6
2026-07-07T07:44:05Z,,,,,,,,,,,5319.0
2026-07-07T07:44:05Z,,,,,,,,,,,5310.6
2026-07-07T07:44:06Z,,,,,,,,,,,5303.2
2026-07-07T07:44:06Z,,,,,,,,,,,5296.3
2026-07-07T07:44:06Z,51.555923,-0.070582,31.4,1.7,3.2,7,1,3,1.49,112.4,5292.5
2026-07-07T07:44:06Z,,,,,,,,,,,5288.8
2026-07-07T07:44:06Z,,,,,,,,,,,5282.9
2026-07-07T07:44:06Z,,,,,,,,,,,5277.3
2026-07-07T07:44:06Z,,,,,,,,,,,5273.7
2026-07-07T07:44:06Z,,,,,,,,,,,5267.7
2026-07-07T07:44:06Z,,,,,,,,,,,5260.9
2026-07-07T07:44:06Z,,,,,,,,,,,5256.9
2026-07-07T07:44:07Z,,,,,,,,,,,5251.8
2026-07-07T07:44:07Z,,,,,,,,,,,5247.8
2026-07-07T07:44:07Z,51.555916,-0.070559,31.3,1.7,3.2,7,1,3,1.91,112.4,5246.4
2026-07-07T07:44:07Z,,,,,,,,,,,5242.0
2026-07-07T07:44:07Z,,,,,,,,,,,5234.5
2026-07-07T07:44:07Z,,,,,,,,,,,5231.1
2026-07-07T07:44:07Z,,,,,,,,,,,5230.4
2026-07-07T07:44:07Z,,,,,,,,,,,5228.2
2026-07-07T07:44:07Z,,,,,,,,,,,5226.2
2026-07-07T07:44:07Z,,,,,,,,,,,5226.1
2026-07-07T07:44:08Z,,,,,,,,,,,5223.3
2026-07-07T07:44:08Z,,,,,,,,,,,5218.3
2026-07-07T07:44:08Z,51.555912,-0.070535,31.6,1.7,3.2,7,1,3,2.28,115.2,5215.5
2026-07-07T07:44:08Z,,,,,,,,,,,5212.7
2026-07-07T07:44:08Z,,,,,,,,,,,5208.5
2026-07-07T07:44:08Z,,,,,,,,,,,5204.9
2026-07-07T07:44:08Z,,,,,,,,,,,5199.8
2026-07-07T07:44:08Z,,,,,,,,,,,5193.0
2026-07-07T07:44:08Z,,,,,,,,,,,5188.9
2026-07-07T07:44:08Z,,,,,,,,,,,5188.8
2026-07-07T07:44:09Z,,,,,,,,,,,5191.2
2026-07-07T07:44:09Z,,,,,,,,,,,5197.3
2026-07-07T07:44:09Z,51.555908,-0.070511,30.8,1.7,3.2,7,1,3,2.26,112.3,5207.9
2026-07-07T07:44:09Z,,,,,,,,,,,5220.8
2026-07-07T07:44:09Z,,,,,,,,,,,5237.3
2026-07-07T07:44:09Z,,,,,,,,,,,5257.3
2026-07-07T07:44:09Z,,,,,,,,,,,5276.6
2026-07-07T07:44:09Z,,,,,,,,,,,5294.2
2026-07-07T07:44:09Z,,,,,,,,,,,5308.9
2026-07-07T07:44:09Z,,,,,,,,,,,5319.4
2026-07-07T07:44:09Z,,,,,,,,,,,5326.3
2026-07-07T07:44:10Z,,,,,,,,,,,5332.1
2026-07-07T07:44:10Z,51.555901,-0.070490,30.4,1.7,3.2,7,1,3,2.01,104.1,5339.5
2026-07-07T07:44:10Z,,,,,,,,,,,5345.6
2026-07-07T07:44:10Z,,,,,,,,,,,5352.8
2026-07-07T07:44:10Z,,,,,,,,,,,5363.4
2026-07-07T07:44:10Z,,,,,,,,,,,5371.0
2026-07-07T07:44:10Z,,,,,,,,,,,5379.3
2026-07-07T07:44:10Z,,,,,,,,,,,5392.8
2026-07-07T07:44:10Z,,,,,,,,,,,5407.0
2026-07-07T07:44:11Z,,,,,,,,,,,5418.9
2026-07-07T07:44:11Z,,,,,,,,,,,5430.5
2026-07-07T07:44:11Z,51.555893,-0.070471,30.0,1.7,3.2,7,1,3,1.73,104.1,5438.3
2026-07-07T07:44:11Z,,,,,,,,,,,5440.4
2026-07-07T07:44:11Z,,,,,,,,,,,5443.1
2026-07-07T07:44:11Z,,,,,,,,,,,5445.3
2026-07-07T07:44:11Z,,,,,,,,,,,5444.6
2026-07-07T07:44:11Z,,,,,,,,,,,5442.4
2026-07-07T07:44:11Z,,,,,,,,,,,5439.0
2026-07-07T07:44:11Z,,,,,,,,,,,5433.4
2026-07-07T07:44:12Z,,,,,,,,,,,5426.7
2026-07-07T07:44:12Z,,,,,,,,,,,5421.2
2026-07-07T07:44:12Z,51.555885,-0.070457,29.6,1.7,3.2,7,1,3,1.95,125.9,5416.2
2026-07-07T07:44:12Z,,,,,,,,,,,5410.9
2026-07-07T07:44:12Z,,,,,,,,,,,5406.2
2026-07-07T07:44:12Z,,,,,,,,,,,5398.8
2026-07-07T07:44:12Z,,,,,,,,,,,5389.0
2026-07-07T07:44:12Z,,,,,,,,,,,5381.8
2026-07-07T07:44:12Z,,,,,,,,,,,5375.5
2026-07-07T07:44:12Z,,,,,,,,,,,5369.3
2026-07-07T07:44:13Z,,,,,,,,,,,5364.4
2026-07-07T07:44:13Z,,,,,,,,,,,5358.2
2026-07-07T07:44:13Z,51.555878,-0.070445,29.1,1.7,3.2,7,1,3,1.24,125.9,5348.0
2026-07-07T07:44:13Z,,,,,,,,,,,5337.7
2026-07-07T07:44:13Z,,,,,,,,,,,5328.9
2026-07-07T07:44:13Z,,,,,,,,,,,5320.9
2026-07-07T07:44:13Z,,,,,,,,,,,5312.0
2026-07-07T07:44:13Z,,,,,,,,,,,5304.7
2026-07-07T07:44:13Z,,,,,,,,,,,5295.8
2026-07-07T07:44:13Z,,,,,,,,,,,5283.5
2026-07-07T07:44:13Z,,,,,,,,,,,5272.9
2026-07-07T07:44:14Z,,,,,,,,,,,5264.4
2026-07-07T07:44:14Z,51.555870,-0.070431,28.9,1.7,3.2,7,1,3,1.43,125.9,5253.6
2026-07-07T07:44:14Z,,,,,,,,,,,5241.5
2026-07-07T07:44:14Z,,,,,,,,,,,5230.8
2026-07-07T07:44:14Z,,,,,,,,,,,5219.3
2026-07-07T07:44:14Z,,,,,,,,,,,5207.1
2026-07-07T07:44:14Z,,,,,,,,,,,5197.5
2026-07-07T07:44:14Z,,,,,,,,,,,5187.9
2026-07-07T07:44:14Z,,,,,,,,,,,5182.8
2026-07-07T07:44:14Z,,,,,,,,,,,5185.2
2026-07-07T07:44:15Z,,,,,,,,,,,5189.2
2026-07-07T07:44:15Z,51.555866,-0.070416,28.6,1.7,3.2,7,1,3,1.62,125.9,5192.0
2026-07-07T07:44:15Z,,,,,,,,,,,5193.3
2026-07-07T07:44:15Z,,,,,,,,,,,5196.9
2026-07-07T07:44:15Z,,,,,,,,,,,5203.1
2026-07-07T07:44:15Z,,,,,,,,,,,5208.2
2026-07-07T07:44:15Z,,,,,,,,,,,5211.9
2026-07-07T07:44:15Z,,,,,,,,,,,5214.3
2026-07-07T07:44:15Z,,,,,,,,,,,5214.0
2026-07-07T07:44:15Z,,,,,,,,,,,5210.8
2026-07-07T07:44:16Z,,,,,,,,,,,5208.1
2026-07-07T07:44:16Z,51.555866,-0.070399,27.0,1.7,2.6,9,1,3,1.65,125.9,5206.9
2026-07-07T07:44:16Z,,,,,,,,,,,5205.4
2026-07-07T07:44:16Z,,,,,,,,,,,5204.9
2026-07-07T07:44:16Z,,,,,,,,,,,5202.4
2026-07-07T07:44:16Z,,,,,,,,,,,5198.4
2026-07-07T07:44:16Z,,,,,,,,,,,5197.5
2026-07-07T07:44:16Z,,,,,,,,,,,5198.6
2026-07-07T07:44:16Z,,,,,,,,,,,5199.3
2026-07-07T07:44:16Z,,,,,,,,,,,5200.8
2026-07-07T07:44:17Z,,,,,,,,,,,5203.6
2026-07-07T07:44:17Z,51.555859,-0.070379,26.6,1.7,2.6,9,1,3,2.43,110.9,5203.5
2026-07-07T07:44:17Z,,,,,,,,,,,5201.2
2026-07-07T07:44:17Z,,,,,,,,,,,5199.9
2026-07-07T07:44:17Z,,,,,,,,,,,5198.0
2026-07-07T07:44:17Z,,,,,,,,,,,5195.2
2026-07-07T07:44:17Z,,,,,,,,,,,5193.8
2026-07-07T07:44:17Z,,,,,,,,,,,5191.4
2026-07-07T07:44:17Z,,,,,,,,,,,5185.7
2026-07-07T07:44:17Z,,,,,,,,,,,5179.9
2026-07-07T07:44:18Z,,,,,,,,,,,5175.6
2026-07-07T07:44:18Z,51.555855,-0.070358,26.3,1.7,2.6,9,1,3,2.59,115.3,5171.0
2026-07-07T07:44:18Z,,,,,,,,,,,5166.6
2026-07-07T07:44:18Z,,,,,,,,,,,5162.8
2026-07-07T07:44:18Z,,,,,,,,,,,5156.6
2026-07-07T07:44:18Z,,,,,,,,,,,5147.8
2026-07-07T07:44:18Z,,,,,,,,,,,5141.7
2026-07-07T07:44:18Z,,,,,,,,,,,5140.0
2026-07-07T07:44:18Z,,,,,,,,,,,5140.2
2026-07-07T07:44:18Z,,,,,,,,,,,5142.7
2026-07-07T07:44:19Z,,,,,,,,,,,5149.3
2026-07-07T07:44:19Z,51.555851,-0.070339,26.2,1.7,2.6,9,1,3,2.56,107.7,5156.9
2026-07-07T07:44:19Z,,,,,,,,,,,5163.5
2026-07-07T07:44:19Z,,,,,,,,,,,5172.2
2026-07-07T07:44:19Z,,,,,,,,,,,5182.9
2026-07-07T07:44:19Z,,,,,,,,,,,5192.5
2026-07-07T07:44:19Z,,,,,,,,,,,5200.4
2026-07-07T07:44:19Z,,,,,,,,,,,5207.3
2026-07-07T07:44:19Z,,,,,,,,,,,5211.0
2026-07-07T07:44:19Z,,,,,,,,,,,5213.3
2026-07-07T07:44:20Z,,,,,,,,,,,5215.9
2026-07-07T07:44:20Z,51.555847,-0.070324,25.8,1.7,2.6,9,1,3,2.41,109.1,5218.2
2026-07-07T07:44:20Z,,,,,,,,,,,5219.6
2026-07-07T07:44:20Z,,,,,,,,,,,5219.3
2026-07-07T07:44:20Z,,,,,,,,,,,5215.6
2026-07-07T07:44:20Z,,,,,,,,,,,5210.3
2026-07-07T07:44:20Z,,,,,,,,,,,5207.1
2026-07-07T07:44:20Z,,,,,,,,,,,5206.1
2026-07-07T07:44:20Z,,,,,,,,,,,5208.3
2026-07-07T07:44:20Z,,,,,,,,,,,5213.9
2026-07-07T07:44:21Z,,,,,,,,,,,5219.5
2026-07-07T07:44:21Z,51.555843,-0.070306,25.7,1.7,2.6,9,1,3,1.91,109.1,5224.0
2026-07-07T07:44:21Z,,,,,,,,,,,5229.8
2026-07-07T07:44:21Z,,,,,,,,,,,5237.5
2026-07-07T07:44:21Z,,,,,,,,,,,5243.9
2026-07-07T07:44:21Z,,,,,,,,,,,5249.3
2026-07-07T07:44:21Z,,,,,,,,,,,5253.6
2026-07-07T07:44:21Z,,,,,,,,,,,5254.1
2026-07-07T07:44:21Z,,,,,,,,,,,5251.9
2026-07-07T07:44:21Z,,,,,,,,,,,5252.0
2026-07-07T07:44:22Z,,,,,,,,,,,5252.2
2026-07-07T07:44:22Z,51.555840,-0.070287,25.4,1.7,2.6,9,1,3,2.36,111.9,5249.4
2026-07-07T07:44:22Z,,,,,,,,,,,5243.6
2026-07-07T07:44:22Z,,,,,,,,,,,5239.2
2026-07-07T07:44:22Z,,,,,,,,,,,5234.3
2026-07-07T07:44:22Z,,,,,,,,,,,5226.9
2026-07-07T07:44:22Z,,,,,,,,,,,5222.3
2026-07-07T07:44:22Z,,,,,,,,,,,5218.7
2026-07-07T07:44:22Z,,,,,,,,,,,5213.7
2026-07-07T07:44:22Z,,,,,,,,,,,5209.8
2026-07-07T07:44:23Z,,,,,,,,,,,5206.2
2026-07-07T07:44:23Z,51.555836,-0.070269,25.3,1.7,2.6,9,1,3,2.32,110.9,5201.9
2026-07-07T07:44:23Z,,,,,,,,,,,5200.5
2026-07-07T07:44:23Z,,,,,,,,,,,5201.3
2026-07-07T07:44:23Z,,,,,,,,,,,5204.3
2026-07-07T07:44:23Z,,,,,,,,,,,5208.6
2026-07-07T07:44:23Z,,,,,,,,,,,5209.5
2026-07-07T07:44:23Z,,,,,,,,,,,5205.9
2026-07-07T07:44:23Z,,,,,,,,,,,5203.4
2026-07-07T07:44:23Z,,,,,,,,,,,5203.5
2026-07-07T07:44:24Z,,,,,,,,,,,5201.5
2026-07-07T07:44:24Z,51.555832,-0.070249,25.2,1.7,2.6,9,1,3,2.18,109.5,5198.7
2026-07-07T07:44:24Z,,,,,,,,,,,5194.9
2026-07-07T07:44:24Z,,,,,,,,,,,5186.6
2026-07-07T07:44:24Z,,,,,,,,,,,5177.8
2026-07-07T07:44:24Z,,,,,,,,,,,5171.8
2026-07-07T07:44:24Z,,,,,,,,,,,5165.3
2026-07-07T07:44:24Z,,,,,,,,,,,5157.3
2026-07-07T07:44:24Z,,,,,,,,,,,5150.2
2026-07-07T07:44:24Z,,,,,,,,,,,5141.5
2026-07-07T07:44:25Z,,,,,,,,,,,5132.2
2026-07-07T07:44:25Z,51.555824,-0.070233,25.1,1.7,2.6,9,1,3,2.58,109.4,5125.6
2026-07-07T07:44:25Z,,,,,,,,,,,5121.6
2026-07-07T07:44:25Z,,,,,,,,,,,5120.0
2026-07-07T07:44:25Z,,,,,,,,,,,5119.1
2026-07-07T07:44:25Z,,,,,,,,,,,5118.5
2026-07-07T07:44:25Z,,,,,,,,,,,5118.1
2026-07-07T07:44:25Z,,,,,,,,,,,5120.3
2026-07-07T07:44:25Z,,,,,,,,,,,5125.5
2026-07-07T07:44:25Z,,,,,,,,,,,5130.0
2026-07-07T07:44:26Z,,,,,,,,,,,5134.0
2026-07-07T07:44:26Z,51.555817,-0.070215,24.9,1.7,2.6,9,1,3,2.27,130.4,5138.2
2026-07-07T07:44:26Z,,,,,,,,,,,5139.8
2026-07-07T07:44:26Z,,,,,,,,,,,5140.0
2026-07-07T07:44:26Z,,,,,,,,,,,5140.7
2026-07-07T07:44:26Z,,,,,,,,,,,5140.0
2026-07-07T07:44:26Z,,,,,,,,,,,5139.8
2026-07-07T07:44:26Z,,,,,,,,,,,5140.7
2026-07-07T07:44:26Z,,,,,,,,,,,5139.7
2026-07-07T07:44:26Z,,,,,,,,,,,5137.8
2026-07-07T07:44:27Z,,,,,,,,,,,5138.9
2026-07-07T07:44:27Z,51.555813,-0.070198,24.8,1.7,2.6,9,1,3,2.55,119.8,5142.0
2026-07-07T07:44:27Z,,,,,,,,,,,5148.7
2026-07-07T07:44:27Z,,,,,,,,,,,5160.7
2026-07-07T07:44:27Z,,,,,,,,,,,5171.4
2026-07-07T07:44:27Z,,,,,,,,,,,5179.7
2026-07-07T07:44:27Z,,,,,,,,,,,5188.6
2026-07-07T07:44:27Z,,,,,,,,,,,5198.4
2026-07-07T07:44:27Z,,,,,,,,,,,5208.1
2026-07-07T07:44:27Z,,,,,,,,,,,5217.9
2026-07-07T07:44:28Z,,,,,,,,,,,5225.2
2026-07-07T07:44:28Z,51.555809,-0.070179,24.7,1.7,2.6,9,1,3,2.22,111.2,5229.1
2026-07-07T07:44:28Z,,,,,,,,,,,5232.0
2026-07-07T07:44:28Z,,,,,,,,,,,5238.0
2026-07-07T07:44:28Z,,,,,,,,,,,5245.6
2026-07-07T07:44:28Z,,,,,,,,,,,5252.2
2026-07-07T07:44:28Z,,,,,,,,,,,5256.8
2026-07-07T07:44:28Z,,,,,,,,,,,5260.5
2026-07-07T07:44:28Z,,,,,,,,,,,5263.8
2026-07-07T07:44:28Z,,,,,,,,,,,5266.8
2026-07-07T07:44:29Z,,,,,,,,,,,5268.6
2026-07-07T07:44:29Z,51.555801,-0.070162,24.5,1.7,2.6,9,1,3,2.57,112.3,5270.8
2026-07-07T07:44:29Z,,,,,,,,,,,5273.9
2026-07-07T07:44:29Z,,,,,,,,,,,5278.3
2026-07-07T07:44:29Z,,,,,,,,,,,5285.9
2026-07-07T07:44:29Z,,,,,,,,,,,5295.8
2026-07-07T07:44:29Z,,,,,,,,,,,5306.1
2026-07-07T07:44:29Z,,,,,,,,,,,5318.1
2026-07-07T07:44:29Z,,,,,,,,,,,5337.4
2026-07-07T07:44:29Z,,,,,,,,,,,5360.2
2026-07-07T07:44:30Z,,,,,,,,,,,5376.5
2026-07-07T07:44:30Z,51.555798,-0.070148,24.3,1.7,2.6,9,1,3,2.23,127.8,5389.2
2026-07-07T07:44:30Z,,,,,,,,,,,5402.4
2026-07-07T07:44:30Z,,,,,,,,,,,5414.7
2026-07-07T07:44:30Z,,,,,,,,,,,5425.9
2026-07-07T07:44:30Z,,,,,,,,,,,5436.3
2026-07-07T07:44:30Z,,,,,,,,,,,5440.1
2026-07-07T07:44:30Z,,,,,,,,,,,5439.5
2026-07-07T07:44:30Z,,,,,,,,,,,5439.6
2026-07-07T07:44:30Z,,,,,,,,,,,5441.5
2026-07-07T07:44:31Z,,,,,,,,,,,5446.8
2026-07-07T07:44:31Z,51.555790,-0.070132,24.2,1.7,2.6,9,1,3,2.26,125.9,5455.2
2026-07-07T07:44:31Z,,,,,,,,,,,5463.3
2026-07-07T07:44:31Z,,,,,,,,,,,5469.7
2026-07-07T07:44:31Z,,,,,,,,,,,5476.8
2026-07-07T07:44:31Z,,,,,,,,,,,5487.9
2026-07-07T07:44:31Z,,,,,,,,,,,5502.3
2026-07-07T07:44:31Z,,,,,,,,,,,5513.2
2026-07-07T07:44:31Z,,,,,,,,,,,5514.9
2026-07-07T07:44:31Z,,,,,,,,,,,5503.9
2026-07-07T07:44:32Z,,,,,,,,,,,5495.4
2026-07-07T07:44:32Z,51.555786,-0.070117,24.2,1.7,2.6,9,1,3,2.25,124.5,5501.5
2026-07-07T07:44:32Z,,,,,,,,,,,5511.6
2026-07-07T07:44:32Z,,,,,,,,,,,5517.0
2026-07-07T07:44:32Z,,,,,,,,,,,5512.6
2026-07-07T07:44:32Z,,,,,,,,,,,5494.9
2026-07-07T07:44:32Z,,,,,,,,,,,5470.3
2026-07-07T07:44:32Z,,,,,,,,,,,5450.9
2026-07-07T07:44:32Z,,,,,,,,,,,5439.8
2026-07-07T07:44:32Z,,,,,,,,,,,5429.7
2026-07-07T07:44:33Z,,,,,,,,,,,5417.9
2026-07-07T07:44:33Z,51.555779,-0.070101,24.3,1.7,2.6,9,1,3,2.07,119.1,5406.5
2026-07-07T07:44:33Z,,,,,,,,,,,5397.1
2026-07-07T07:44:33Z,,,,,,,,,,,5388.3
2026-07-07T07:44:33Z,,,,,,,,,,,5380.1
2026-07-07T07:44:33Z,,,,,,,,,,,5373.1
2026-07-07T07:44:33Z,,,,,,,,,,,5365.1
2026-07-07T07:44:33Z,,,,,,,,,,,5355.4
2026-07-07T07:44:33Z,,,,,,,,,,,5347.3
2026-07-07T07:44:33Z,,,,,,,,,,,5340.7
2026-07-07T07:44:34Z,,,,,,,,,,,5335.1
2026-07-07T07:44:34Z,51.555775,-0.070087,23.7,1.7,2.6,9,1,3,2.18,120.9,5329.0
2026-07-07T07:44:34Z,,,,,,,,,,,5321.7
2026-07-07T07:44:34Z,,,,,,,,,,,5314.9
2026-07-07T07:44:34Z,,,,,,,,,,,5309.3
2026-07-07T07:44:34Z,,,,,,,,,,,5303.7
2026-07-07T07:44:34Z,,,,,,,,,,,5297.5
2026-07-07T07:44:34Z,,,,,,,,,,,5289.8
2026-07-07T07:44:34Z,,,,,,,,,,,5282.2
2026-07-07T07:44:34Z,,,,,,,,,,,5275.8
2026-07-07T07:44:35Z,,,,,,,,,,,5269.8
2026-07-07T07:44:35Z,51.555771,-0.070074,23.4,1.7,2.6,9,1,3,1.99,118.3,5264.3
2026-07-07T07:44:35Z,,,,,,,,,,,5258.7
2026-07-07T07:44:35Z,,,,,,,,,,,5256.0
2026-07-07T07:44:35Z,,,,,,,,,,,5258.1
2026-07-07T07:44:35Z,,,,,,,,,,,5262.1
2026-07-07T07:44:35Z,,,,,,,,,,,5267.8
2026-07-07T07:44:35Z,,,,,,,,,,,5274.1
2026-07-07T07:44:35Z,,,,,,,,,,,5278.0
2026-07-07T07:44:35Z,,,,,,,,,,,5282.6
2026-07-07T07:44:36Z,,,,,,,,,,,5289.9
2026-07-07T07:44:36Z,51.555767,-0.070064,23.1,1.7,2.6,9,1,3,1.95,133.3,5298.6
2026-07-07T07:44:36Z,,,,,,,,,,,5306.9
2026-07-07T07:44:36Z,,,,,,,,,,,5312.7
2026-07-07T07:44:36Z,,,,,,,,,,,5314.7
2026-07-07T07:44:36Z,,,,,,,,,,,5316.1
2026-07-07T07:44:36Z,,,,,,,,,,,5321.4
2026-07-07T07:44:36Z,,,,,,,,,,,5328.1
2026-07-07T07:44:36Z,,,,,,,,,,,5332.4
2026-07-07T07:44:36Z,,,,,,,,,,,5338.9
2026-07-07T07:44:37Z,,,,,,,,,,,5348.1
2026-07-07T07:44:37Z,51.555759,-0.070052,22.8,1.7,2.6,9,1,3,1.05,133.3,5357.2
2026-07-07T07:44:37Z,,,,,,,,,,,5369.0
2026-07-07T07:44:37Z,,,,,,,,,,,5383.6
2026-07-07T07:44:37Z,,,,,,,,,,,5397.5
2026-07-07T07:44:37Z,,,,,,,,,,,5412.3
2026-07-07T07:44:37Z,,,,,,,,,,,5426.9
2026-07-07T07:44:37Z,,,,,,,,,,,5441.5
2026-07-07T07:44:37Z,,,,,,,,,,,5452.7
2026-07-07T07:44:37Z,,,,,,,,,,,5460.1
2026-07-07T07:44:38Z,,,,,,,,,,,5472.8
2026-07-07T07:44:38Z,51.555756,-0.070041,22.5,1.7,2.6,9,1,3,1.82,133.3,5490.2
2026-07-07T07:44:38Z,,,,,,,,,,,5505.1
2026-07-07T07:44:38Z,,,,,,,,,,,5515.5
2026-07-07T07:44:38Z,,,,,,,,,,,5519.9
2026-07-07T07:44:38Z,,,,,,,,,,,5522.1
2026-07-07T07:44:38Z,,,,,,,,,,,5525.7
2026-07-07T07:44:38Z,,,,,,,,,,,5527.3
2026-07-07T07:44:38Z,,,,,,,,,,,5526.4
2026-07-07T07:44:38Z,,,,,,,,,,,5520.7
2026-07-07T07:44:39Z,,,,,,,,,,,5509.9
2026-07-07T07:44:39Z,51.555752,-0.070030,22.1,1.7,2.6,9,1,3,1.37,133.3,5501.6
2026-07-07T07:44:39Z,,,,,,,,,,,5496.4
2026-07-07T07:44:39Z,,,,,,,,,,,5491.8
2026-07-07T07:44:39Z,,,,,,,,,,,5486.1
2026-07-07T07:44:39Z,,,,,,,,,,,5479.4
2026-07-07T07:44:39Z,,,,,,,,,,,5473.9
2026-07-07T07:44:39Z,,,,,,,,,,,5472.0
2026-07-07T07:44:39Z,,,,,,,,,,,5474.1
2026-07-07T07:44:39Z,,,,,,,,,,,5477.3
2026-07-07T07:44:40Z,,,,,,,,,,,5480.9
2026-07-07T07:44:40Z,51.555748,-0.070018,21.7,1.7,2.6,9,1,3,1.45,133.3,5487.0
2026-07-07T07:44:40Z,,,,,,,,,,,5492.6
2026-07-07T07:44:40Z,,,,,,,,,,,5497.3
2026-07-07T07:44:40Z,,,,,,,,,,,5504.2
2026-07-07T07:44:40Z,,,,,,,,,,,5509.6
2026-07-07T07:44:40Z,,,,,,,,,,,5514.6
2026-07-07T07:44:40Z,,,,,,,,,,,5522.3
2026-07-07T07:44:40Z,,,,,,,,,,,5528.5
2026-07-07T07:44:40Z,,,,,,,,,,,5533.2
2026-07-07T07:44:41Z,,,,,,,,,,,5535.6
2026-07-07T07:44:41Z,51.555744,-0.070007,21.5,1.7,2.6,9,1,3,1.61,133.3,5535.0
2026-07-07T07:44:41Z,,,,,,,,,,,5533.9
2026-07-07T07:44:41Z,,,,,,,,,,,5533.6
2026-07-07T07:44:41Z,,,,,,,,,,,5532.5
2026-07-07T07:44:41Z,,,,,,,,,,,5527.8
2026-07-07T07:44:41Z,,,,,,,,,,,5521.3
2026-07-07T07:44:41Z,,,,,,,,,,,5514.7
2026-07-07T07:44:41Z,,,,,,,,,,,5508.2
2026-07-07T07:44:41Z,,,,,,,,,,,5501.0
2026-07-07T07:44:42Z,,,,,,,,,,,5493.0
2026-07-07T07:44:42Z,51.555740,-0.069996,21.3,1.7,2.6,9,1,3,1.41,133.3,5483.0
2026-07-07T07:44:42Z,,,,,,,,,,,5470.9
2026-07-07T07:44:42Z,,,,,,,,,,,5459.2
2026-07-07T07:44:42Z,,,,,,,,,,,5449.5
2026-07-07T07:44:42Z,,,,,,,,,,,5441.1
2026-07-07T07:44:42Z,,,,,,,,,,,5431.2
2026-07-07T07:44:42Z,,,,,,,,,,,5419.0
2026-07-07T07:44:42Z,,,,,,,,,,,5408.6
2026-07-07T07:44:42Z,,,,,,,,,,,5400.0
2026-07-07T07:44:43Z,,,,,,,,,,,5391.6
2026-07-07T07:44:43Z,51.555737,-0.069984,21.1,1.7,2.6,9,1,3,1.54,133.3,5383.6
2026-07-07T07:44:43Z,,,,,,,,,,,5374.2
2026-07-07T07:44:43Z,,,,,,,,,,,5362.8
2026-07-07T07:44:43Z,,,,,,,,,,,5353.4
2026-07-07T07:44:43Z,,,,,,,,,,,5345.4
2026-07-07T07:44:43Z,,,,,,,,,,,5338.7
2026-07-07T07:44:43Z,,,,,,,,,,,5333.4
2026-07-07T07:44:43Z,,,,,,,,,,,5328.1
2026-07-07T07:44:43Z,,,,,,,,,,,5322.5
2026-07-07T07:44:44Z,,,,,,,,,,,5319.0
2026-07-07T07:44:44Z,51.555733,-0.069973,20.2,1.7,2.6,9,1,3,1.57,133.3,5318.7
2026-07-07T07:44:44Z,,,,,,,,,,,5318.5
2026-07-07T07:44:44Z,,,,,,,,,,,5317.1
2026-07-07T07:44:44Z,,,,,,,,,,,5316.4
2026-07-07T07:44:44Z,,,,,,,,,,,5316.4
2026-07-07T07:44:44Z,,,,,,,,,,,5318.5
2026-07-07T07:44:44Z,,,,,,,,,,,5323.3
2026-07-07T07:44:44Z,,,,,,,,,,,5327.7
2026-07-07T07:44:44Z,,,,,,,,,,,5331.0
2026-07-07T07:44:45Z,,,,,,,,,,,5334.7
2026-07-07T07:44:45Z,51.555725,-0.069961,19.8,1.7,2.6,9,1,3,1.64,133.3,5338.1
2026-07-07T07:44:45Z,,,,,,,,,,,5341.1
2026-07-07T07:44:45Z,,,,,,,,,,,5346.3
2026-07-07T07:44:45Z,,,,,,,,,,,5352.5
2026-07-07T07:44:45Z,,,,,,,,,,,5357.7
2026-07-07T07:44:45Z,,,,,,,,,,,5364.0
2026-07-07T07:44:45Z,,,,,,,,,,,5371.1
2026-07-07T07:44:45Z,,,,,,,,,,,5377.6
2026-07-07T07:44:45Z,,,,,,,,,,,5383.9
2026-07-07T07:44:46Z,,,,,,,,,,,5389.5
2026-07-07T07:44:46Z,51.555721,-0.069950,18.8,1.7,2.6,9,1,3,1.71,133.3,5394.7
2026-07-07T07:44:46Z,,,,,,,,,,,5399.8
2026-07-07T07:44:46Z,,,,,,,,,,,5405.5
2026-07-07T07:44:46Z,,,,,,,,,,,5408.2
2026-07-07T07:44:46Z,,,,,,,,,,,5409.1
2026-07-07T07:44:46Z,,,,,,,,,,,5411.9
2026-07-07T07:44:46Z,,,,,,,,,,,5414.4
2026-07-07T07:44:46Z,,,,,,,,,,,5416.3
2026-07-07T07:44:46Z,,,,,,,,,,,5417.5
2026-07-07T07:44:47Z,,,,,,,,,,,5415.9
2026-07-07T07:44:47Z,51.555714,-0.069941,18.1,1.7,2.6,9,1,3,1.74,133.3,5413.3
2026-07-07T07:44:47Z,,,,,,,,,,,5413.9
2026-07-07T07:44:47Z,,,,,,,,,,,5417.6
2026-07-07T07:44:47Z,,,,,,,,,,,5422.0
2026-07-07T07:44:47Z,,,,,,,,,,,5424.9
2026-07-07T07:44:47Z,,,,,,,,,,,5425.4
2026-07-07T07:44:47Z,,,,,,,,,,,5424.9
2026-07-07T07:44:47Z,,,,,,,,,,,5426.3
2026-07-07T07:44:47Z,,,,,,,,,,,5429.9
2026-07-07T07:44:48Z,,,,,,,,,,,5430.6
2026-07-07T07:44:48Z,51.555706,-0.069928,18.4,1.7,2.6,9,1,3,1.28,133.3,5429.4
2026-07-07T07:44:48Z,,,,,,,,,,,5427.3
2026-07-07T07:44:48Z,,,,,,,,,,,5422.6
2026-07-07T07:44:48Z,,,,,,,,,,,5417.1
2026-07-07T07:44:48Z,,,,,,,,,,,5411.9
2026-07-07T07:44:48Z,,,,,,,,,,,5405.7
2026-07-07T07:44:48Z,,,,,,,,,,,5400.0
2026-07-07T07:44:48Z,,,,,,,,,,,5395.8
2026-07-07T07:44:48Z,,,,,,,,,,,5391.0
2026-07-07T07:44:49Z,,,,,,,,,,,5384.3
2026-07-07T07:44:49Z,51.555702,-0.069916,18.1,1.7,2.6,9,1,3,1.72,133.3,5378.0
2026-07-07T07:44:49Z,,,,,,,,,,,5372.9
2026-07-07T07:44:49Z,,,,,,,,,,,5368.5
2026-07-07T07:44:49Z,,,,,,,,,,,5366.6
2026-07-07T07:44:49Z,,,,,,,,,,,5365.3
2026-07-07T07:44:49Z,,,,,,,,,,,5363.5
2026-07-07T07:44:49Z,,,,,,,,,,,5366.1
2026-07-07T07:44:49Z,,,,,,,,,,,5375.1
2026-07-07T07:44:49Z,,,,,,,,,,,5388.8
2026-07-07T07:44:50Z,,,,,,,,,,,5403.6
2026-07-07T07:44:50Z,51.555698,-0.069904,17.2,1.7,2.6,9,1,3,1.52,133.3,5417.4
2026-07-07T07:44:50Z,,,,,,,,,,,5427.6
2026-07-07T07:44:50Z,,,,,,,,,,,5436.2
2026-07-07T07:44:50Z,,,,,,,,,,,5446.3
2026-07-07T07:44:50Z,,,,,,,,,,,5455.5
2026-07-07T07:44:50Z,,,,,,,,,,,5461.7
2026-07-07T07:44:50Z,,,,,,,,,,,5463.6
2026-07-07T07:44:50Z,,,,,,,,,,,5461.2
2026-07-07T07:44:50Z,,,,,,,,,,,5458.7
2026-07-07T07:44:51Z,,,,,,,,,,,5458.6
2026-07-07T07:44:51Z,51.555695,-0.069893,17.1,1.7,2.6,9,1,3,1.36,133.3,5458.2
2026-07-07T07:44:51Z,,,,,,,,,,,5455.0
2026-07-07T07:44:51Z,,,,,,,,,,,5449.6
2026-07-07T07:44:51Z,,,,,,,,,,,5442.8
2026-07-07T07:44:51Z,,,,,,,,,,,5434.4
2026-07-07T07:44:51Z,,,,,,,,,,,5427.2
2026-07-07T07:44:51Z,,,,,,,,,,,5419.2
2026-07-07T07:44:51Z,,,,,,,,,,,5409.3
2026-07-07T07:44:51Z,,,,,,,,,,,5401.1
2026-07-07T07:44:52Z,,,,,,,,,,,5394.1
2026-07-07T07:44:52Z,51.555695,-0.069881,16.9,1.7,2.6,9,1,3,0.55,133.3,5386.1
2026-07-07T07:44:52Z,,,,,,,,,,,5377.9
2026-07-07T07:44:52Z,,,,,,,,,,,5369.1
2026-07-07T07:44:52Z,,,,,,,,,,,5361.1
2026-07-07T07:44:52Z,,,,,,,,,,,5356.5
2026-07-07T07:44:52Z,,,,,,,,,,,5357.5
2026-07-07T07:44:52Z,,,,,,,,,,,5362.9
2026-07-07T07:44:52Z,,,,,,,,,,,5373.6
2026-07-07T07:44:52Z,,,,,,,,,,,5393.0
2026-07-07T07:44:53Z,,,,,,,,,,,5419.1
2026-07-07T07:44:53Z,51.555698,-0.069873,16.2,1.7,2.6,9,1,3,1.02,133.3,5451.0
2026-07-07T07:44:53Z,,,,,,,,,,,5485.9
2026-07-07T07:44:53Z,,,,,,,,,,,5516.8
2026-07-07T07:44:53Z,,,,,,,,,,,5542.9
2026-07-07T07:44:53Z,,,,,,,,,,,5567.9
2026-07-07T07:44:53Z,,,,,,,,,,,5591.3
2026-07-07T07:44:53Z,,,,,,,,,,,5612.2
2026-07-07T07:44:53Z,,,,,,,,,,,5629.0
2026-07-07T07:44:53Z,,,,,,,,,,,5640.0
2026-07-07T07:44:54Z,,,,,,,,,,,5647.6
2026-07-07T07:44:54Z,51.555695,-0.069866,15.9,1.7,2.6,9,1,3,0.51,133.3,5656.6
2026-07-07T07:44:54Z,,,,,,,,,,,5665.1
2026-07-07T07:44:54Z,,,,,,,,,,,5671.9
2026-07-07T07:44:54Z,,,,,,,,,,,5676.8
2026-07-07T07:44:54Z,,,,,,,,,,,5677.7
2026-07-07T07:44:54Z,,,,,,,,,,,5677.4
2026-07-07T07:44:54Z,,,,,,,,,,,5679.0
2026-07-07T07:44:54Z,,,,,,,,,,,5678.4
2026-07-07T07:44:54Z,,,,,,,,,,,5676.4
2026-07-07T07:44:55Z,,,,,,,,,,,5674.3
2026-07-07T07:44:55Z,51.555687,-0.069854,16.1,1.7,2.6,9,1,3,0.85,133.3,5669.4
2026-07-07T07:44:55Z,,,,,,,,,,,5664.2
2026-07-07T07:44:55Z,,,,,,,,,,,5661.3
2026-07-07T07:44:55Z,,,,,,,,,,,5659.9
2026-07-07T07:44:55Z,,,,,,,,,,,5658.3
2026-07-07T07:44:55Z,,,,,,,,,,,5657.1
2026-07-07T07:44:55Z,,,,,,,,,,,5656.8
2026-07-07T07:44:55Z,,,,,,,,,,,5658.4
2026-07-07T07:44:55Z,,,,,,,,,,,5664.5
2026-07-07T07:44:56Z,,,,,,,,,,,5670.6
2026-07-07T07:44:56Z,51.555679,-0.069843,16.0,1.7,2.6,9,1,3,1.78,133.3,5678.0
2026-07-07T07:44:56Z,,,,,,,,,,,5688.5
2026-07-07T07:44:56Z,,,,,,,,,,,5697.3
2026-07-07T07:44:56Z,,,,,,,,,,,5703.4
2026-07-07T07:44:56Z,,,,,,,,,,,5707.8
2026-07-07T07:44:56Z,,,,,,,,,,,5711.5
2026-07-07T07:44:56Z,,,,,,,,,,,5714.1
2026-07-07T07:44:56Z,,,,,,,,,,,5716.0
2026-07-07T07:44:56Z,,,,,,,,,,,5717.4
2026-07-07T07:44:57Z,,,,,,,,,,,5716.9
2026-07-07T07:44:57Z,51.555676,-0.069829,15.9,1.7,2.6,9,1,3,1.74,133.3,5713.4
2026-07-07T07:44:57Z,,,,,,,,,,,5707.5
2026-07-07T07:44:57Z,,,,,,,,,,,5701.0
2026-07-07T07:44:57Z,,,,,,,,,,,5696.1
2026-07-07T07:44:57Z,,,,,,,,,,,5692.8
2026-07-07T07:44:57Z,,,,,,,,,,,5687.5
2026-07-07T07:44:57Z,,,,,,,,,,,5679.0
2026-07-07T07:44:57Z,,,,,,,,,,,5671.8
2026-07-07T07:44:57Z,,,,,,,,,,,5666.9
2026-07-07T07:44:58Z,,,,,,,,,,,5663.1
2026-07-07T07:44:58Z,51.555664,-0.069808,16.9,1.7,2.6,9,1,3,2.03,134.6,5658.9
2026-07-07T07:44:58Z,,,,,,,,,,,5652.8
2026-07-07T07:44:58Z,,,,,,,,,,,5643.9
2026-07-07T07:44:58Z,,,,,,,,,,,5636.8
2026-07-07T07:44:58Z,,,,,,,,,,,5632.5
2026-07-07T07:44:58Z,,,,,,,,,,,5628.7
2026-07-07T07:44:58Z,,,,,,,,,,,5624.8
2026-07-07T07:44:58Z,,,,,,,,,,,5618.9
2026-07-07T07:44:58Z,,,,,,,,,,,5610.7
2026-07-07T07:44:59Z,,,,,,,,,,,5603.4
2026-07-07T07:44:59Z,51.555656,-0.069787,17.1,1.7,2.6,9,1,3,2.43,135.9,5597.7
2026-07-07T07:44:59Z,,,,,,,,,,,5592.5
2026-07-07T07:44:59Z,,,,,,,,,,,5585.9
2026-07-07T07:44:59Z,,,,,,,,,,,5578.1
2026-07-07T07:44:59Z,,,,,,,,,,,5571.5
2026-07-07T07:44:59Z,,,,,,,,,,,5568.1
2026-07-07T07:44:59Z,,,,,,,,,,,5566.8
2026-07-07T07:44:59Z,,,,,,,,,,,5565.7
2026-07-07T07:44:59Z,,,,,,,,,,,5565.6
2026-07-07T07:45:00Z,,,,,,,,,,,5567.7
2026-07-07T07:45:00Z,51.555649,-0.069765,17.4,1.7,2.6,9,1,3,2.72,128.2,5571.3
2026-07-07T07:45:00Z,,,,,,,,,,,5574.3
2026-07-07T07:45:00Z,,,,,,,,,,,5576.4
2026-07-07T07:45:00Z,,,,,,,,,,,5576.5
2026-07-07T07:45:00Z,,,,,,,,,,,5578.4
2026-07-07T07:45:00Z,,,,,,,,,,,5582.4
2026-07-07T07:45:00Z,,,,,,,,,,,5584.5
2026-07-07T07:45:00Z,,,,,,,,,,,5584.6
2026-07-07T07:45:00Z,,,,,,,,,,,5584.3
2026-07-07T07:45:01Z,,,,,,,,,,,5583.6
2026-07-07T07:45:01Z,51.555645,-0.069743,17.5,1.7,2.6,9,1,3,2.49,116.2,5582.0
2026-07-07T07:45:01Z,,,,,,,,,,,5580.0
2026-07-07T07:45:01Z,,,,,,,,,,,5577.8
2026-07-07T07:45:01Z,,,,,,,,,,,5573.0
2026-07-07T07:45:01Z,,,,,,,,,,,5566.5
2026-07-07T07:45:01Z,,,,,,,,,,,5560.3
2026-07-07T07:45:01Z,,,,,,,,,,,5552.8
2026-07-07T07:45:01Z,,,,,,,,,,,5548.6
2026-07-07T07:45:01Z,,,,,,,,,,,5545.1
2026-07-07T07:45:02Z,,,,,,,,,,,5537.5
2026-07-07T07:45:02Z,51.555637,-0.069724,17.5,1.7,2.6,9,1,3,2.85,123.5,5530.8
2026-07-07T07:45:02Z,,,,,,,,,,,5526.9
2026-07-07T07:45:02Z,,,,,,,,,,,5523.0
2026-07-07T07:45:02Z,,,,,,,,,,,5520.6
2026-07-07T07:45:02Z,,,,,,,,,,,5517.9
2026-07-07T07:45:02Z,,,,,,,,,,,5512.4
2026-07-07T07:45:02Z,,,,,,,,,,,5506.5
2026-07-07T07:45:02Z,,,,,,,,,,,5503.3
2026-07-07T07:45:02Z,,,,,,,,,,,5501.2
2026-07-07T07:45:03Z,,,,,,,,,,,5498.2
2026-07-07T07:45:03Z,51.555634,-0.069711,17.5,1.7,2.6,9,1,3,2.77,123.3,5493.9
2026-07-07T07:45:03Z,,,,,,,,,,,5487.4
2026-07-07T07:45:03Z,,,,,,,,,,,5480.7
2026-07-07T07:45:03Z,,,,,,,,,,,5476.6
2026-07-07T07:45:03Z,,,,,,,,,,,5469.3
2026-07-07T07:45:03Z,,,,,,,,,,,5462.2
2026-07-07T07:45:03Z,,,,,,,,,,,5458.2
2026-07-07T07:45:03Z,,,,,,,,,,,5453.0
2026-07-07T07:45:03Z,,,,,,,,,,,5448.5
2026-07-07T07:45:04Z,,,,,,,,,,,5445.3
2026-07-07T07:45:04Z,51.555630,-0.069701,17.3,1.7,2.6,9,1,3,1.80,123.3,5440.6
2026-07-07T07:45:04Z,,,,,,,,,,,5435.1
2026-07-07T07:45:04Z,,,,,,,,,,,5431.2
2026-07-07T07:45:04Z,,,,,,,,,,,5429.2
2026-07-07T07:45:04Z,,,,,,,,,,,5426.7
2026-07-07T07:45:04Z,,,,,,,,,,,5424.0
2026-07-07T07:45:04Z,,,,,,,,,,,5423.3
2026-07-07T07:45:04Z,,,,,,,,,,,5424.3
2026-07-07T07:45:04Z,,,,,,,,,,,5427.0
2026-07-07T07:45:05Z,,,,,,,,,,,5431.6
2026-07-07T07:45:05Z,51.555637,-0.069698,16.8,1.7,2.6,9,1,3,1.45,123.3,5438.0
2026-07-07T07:45:05Z,,,,,,,,,,,5443.8
2026-07-07T07:45:05Z,,,,,,,,,,,5448.5
2026-07-07T07:45:05Z,,,,,,,,,,,5454.3
2026-07-07T07:45:05Z,,,,,,,,,,,5461.3
2026-07-07T07:45:05Z,,,,,,,,,,,5469.3
2026-07-07T07:45:05Z,,,,,,,,,,,5474.8
2026-07-07T07:45:05Z,,,,,,,,,,,5476.7
2026-07-07T07:45:05Z,,,,,,,,,,,5479.7
2026-07-07T07:45:06Z,,,,,,,,,,,5485.4
2026-07-07T07:45:06Z,51.555553,-0.069577,20.3,1.7,2.6,9,1,3,0.92,123.3,5491.9
2026-07-07T07:45:06Z,,,,,,,,,,,5497.9
2026-07-07T07:45:06Z,,,,,,,,,,,5502.2
2026-07-07T07:45:06Z,,,,,,,,,,,5501.5
2026-07-07T07:45:06Z,,,,,,,,,,,5502.4
2026-07-07T07:45:06Z,,,,,,,,,,,5509.3
2026-07-07T07:45:06Z,,,,,,,,,,,5517.7
2026-07-07T07:45:06Z,,,,,,,,,,,5525.1
2026-07-07T07:45:06Z,,,,,,,,,,,5530.5
2026-07-07T07:45:07Z,,,,,,,,,,,5535.2
2026-07-07T07:45:07Z,51.555515,-0.069518,21.5,1.7,2.6,9,1,3,8.84,134.3,5542.9
2026-07-07T07:45:07Z,,,,,,,,,,,5551.6
2026-07-07T07:45:07Z,,,,,,,,,,,5556.6
2026-07-07T07:45:07Z,,,,,,,,,,,5560.2
2026-07-07T07:45:07Z,,,,,,,,,,,5564.0
2026-07-07T07:45:07Z,,,,,,,,,,,5565.8
2026-07-07T07:45:07Z,,,,,,,,,,,5563.2
2026-07-07T07:45:07Z,,,,,,,,,,,5559.6
2026-07-07T07:45:07Z,,,,,,,,,,,5554.4
2026-07-07T07:45:08Z,,,,,,,,,,,5548.8
2026-07-07T07:45:08Z,51.555477,-0.069410,23.1,1.7,2.6,9,1,3,10.25,134.8,5545.0
2026-07-07T07:45:08Z,,,,,,,,,,,5541.9
2026-07-07T07:45:08Z,,,,,,,,,,,5538.2
2026-07-07T07:45:08Z,,,,,,,,,,,5533.4
2026-07-07T07:45:08Z,,,,,,,,,,,5527.9
2026-07-07T07:45:08Z,,,,,,,,,,,5524.4
2026-07-07T07:45:08Z,,,,,,,,,,,5523.1
2026-07-07T07:45:08Z,,,,,,,,,,,5522.9
2026-07-07T07:45:08Z,,,,,,,,,,,5520.1
2026-07-07T07:45:09Z,,,,,,,,,,,5516.0
2026-07-07T07:45:09Z,51.555439,-0.069305,26.1,1.7,2.6,9,1,3,15.13,129.0,5514.8
2026-07-07T07:45:09Z,,,,,,,,,,,5521.1
2026-07-07T07:45:09Z,,,,,,,,,,,5525.2
2026-07-07T07:45:09Z,,,,,,,,,,,5521.3
2026-07-07T07:45:09Z,,,,,,,,,,,5517.7
2026-07-07T07:45:09Z,,,,,,,,,,,5512.5
2026-07-07T07:45:09Z,,,,,,,,,,,5507.5
2026-07-07T07:45:09Z,,,,,,,,,,,5506.3
2026-07-07T07:45:09Z,,,,,,,,,,,5506.3
2026-07-07T07:45:10Z,,,,,,,,,,,5503.5
2026-07-07T07:45:10Z,51.555431,-0.069138,27.7,1.7,2.6,9,1,3,17.59,127.0,5497.8
2026-07-07T07:45:10Z,,,,,,,,,,,5491.5
2026-07-07T07:45:10Z,,,,,,,,,,,5486.2
2026-07-07T07:45:10Z,,,,,,,,,,,5481.1
2026-07-07T07:45:10Z,,,,,,,,,,,5476.2
2026-07-07T07:45:10Z,,,,,,,,,,,5472.0
2026-07-07T07:45:10Z,,,,,,,,,,,5466.0
2026-07-07T07:45:10Z,,,,,,,,,,,5459.5
2026-07-07T07:45:10Z,,,,,,,,,,,5454.3
2026-07-07T07:45:11Z,,,,,,,,,,,5449.4
2026-07-07T07:45:11Z,51.555405,-0.069047,29.6,1.7,2.6,9,1,3,18.31,116.3,5443.7
2026-07-07T07:45:11Z,,,,,,,,,,,5438.0
2026-07-07T07:45:11Z,,,,,,,,,,,5430.9
2026-07-07T07:45:11Z,,,,,,,,,,,5424.5
2026-07-07T07:45:11Z,,,,,,,,,,,5420.0
2026-07-07T07:45:11Z,,,,,,,,,,,5415.6
2026-07-07T07:45:11Z,,,,,,,,,,,5412.5
2026-07-07T07:45:11Z,,,,,,,,,,,5412.7
2026-07-07T07:45:11Z,,,,,,,,,,,5417.0
2026-07-07T07:45:12Z,,,,,,,,,,,5426.6
2026-07-07T07:45:12Z,51.555389,-0.069028,29.2,1.7,2.6,9,1,3,16.67,115.6,5443.4
2026-07-07T07:45:12Z,,,,,,,,,,,5463.0
2026-07-07T07:45:12Z,,,,,,,,,,,5487.0
2026-07-07T07:45:12Z,,,,,,,,,,,5516.3
2026-07-07T07:45:12Z,,,,,,,,,,,5545.9
2026-07-07T07:45:12Z,,,,,,,,,,,5571.6
2026-07-07T07:45:12Z,,,,,,,,,,,5591.4
2026-07-07T07:45:12Z,,,,,,,,,,,5607.1
2026-07-07T07:45:12Z,,,,,,,,,,,5619.8
2026-07-07T07:45:13Z,,,,,,,,,,,5628.6
2026-07-07T07:45:13Z,51.555382,-0.069032,27.3,1.7,2.6,9,1,3,12.04,129.3,5635.9
2026-07-07T07:45:13Z,,,,,,,,,,,5639.0
2026-07-07T07:45:13Z,,,,,,,,,,,5637.9
2026-07-07T07:45:13Z,,,,,,,,,,,5636.9
2026-07-07T07:45:13Z,,,,,,,,,,,5636.4
2026-07-07T07:45:13Z,,,,,,,,,,,5634.8
2026-07-07T07:45:13Z,,,,,,,,,,,5630.3
2026-07-07T07:45:13Z,,,,,,,,,,,5623.1
2026-07-07T07:45:13Z,,,,,,,,,,,5614.7
2026-07-07T07:45:14Z,,,,,,,,,,,5606.5
2026-07-07T07:45:14Z,51.555450,-0.069102,14.8,1.7,2.6,9,1,3,8.83,134.5,5600.0
2026-07-07T07:45:14Z,,,,,,,,,,,5592.5
2026-07-07T07:45:14Z,,,,,,,,,,,5583.0
2026-07-07T07:45:14Z,,,,,,,,,,,5574.7
2026-07-07T07:45:14Z,,,,,,,,,,,5566.7
2026-07-07T07:45:14Z,,,,,,,,,,,5559.7
2026-07-07T07:45:14Z,,,,,,,,,,,5552.8
2026-07-07T07:45:14Z,,,,,,,,,,,5545.1
2026-07-07T07:45:14Z,,,,,,,,,,,5537.7
2026-07-07T07:45:15Z,,,,,,,,,,,5532.3
2026-07-07T07:45:15Z,51.555466,-0.069118,11.1,1.7,2.6,9,1,3,3.41,159.7,5526.6
2026-07-07T07:45:15Z,,,,,,,,,,,5519.6
2026-07-07T07:45:15Z,,,,,,,,,,,5511.5
2026-07-07T07:45:15Z,,,,,,,,,,,5503.5
2026-07-07T07:45:15Z,,,,,,,,,,,5496.8
2026-07-07T07:45:15Z,,,,,,,,,,,5491.7
2026-07-07T07:45:15Z,,,,,,,,,,,5486.4
2026-07-07T07:45:15Z,,,,,,,,,,,5479.1
2026-07-07T07:45:15Z,,,,,,,,,,,5473.0
2026-07-07T07:45:16Z,,,,,,,,,,,5469.2
2026-07-07T07:45:16Z,51.555470,-0.069145,9.5,1.7,2.6,9,1,3,2.70,147.9,5465.3
2026-07-07T07:45:16Z,,,,,,,,,,,5460.9
2026-07-07T07:45:16Z,,,,,,,,,,,5457.1
2026-07-07T07:45:16Z,,,,,,,,,,,5452.3
2026-07-07T07:45:16Z,,,,,,,,,,,5447.7
2026-07-07T07:45:16Z,,,,,,,,,,,5446.2
2026-07-07T07:45:16Z,,,,,,,,,,,5446.2
2026-07-07T07:45:16Z,,,,,,,,,,,5449.0
2026-07-07T07:45:16Z,,,,,,,,,,,5454.8
2026-07-07T07:45:17Z,,,,,,,,,,,5459.5
2026-07-07T07:45:17Z,51.555477,-0.069163,7.6,1.7,2.6,9,1,3,2.58,158.7,5466.5
2026-07-07T07:45:17Z,,,,,,,,,,,5478.9
2026-07-07T07:45:17Z,,,,,,,,,,,5494.5
2026-07-07T07:45:17Z,,,,,,,,,,,5510.3
2026-07-07T07:45:17Z,,,,,,,,,,,5525.9
2026-07-07T07:45:17Z,,,,,,,,,,,5540.1
2026-07-07T07:45:17Z,,,,,,,,,,,5553.6
2026-07-07T07:45:17Z,,,,,,,,,,,5567.6
2026-07-07T07:45:17Z,,,,,,,,,,,5578.8
2026-07-07T07:45:18Z,,,,,,,,,,,5585.6
2026-07-07T07:45:18Z,51.555492,-0.069173,5.9,1.7,2.6,9,1,3,2.48,127.1,5593.1
2026-07-07T07:45:18Z,,,,,,,,,,,5599.2
2026-07-07T07:45:18Z,,,,,,,,,,,5603.9
2026-07-07T07:45:18Z,,,,,,,,,,,5608.7
2026-07-07T07:45:18Z,,,,,,,,,,,5613.6
2026-07-07T07:45:18Z,,,,,,,,,,,5619.4
2026-07-07T07:45:18Z,,,,,,,,,,,5626.1
2026-07-07T07:45:18Z,,,,,,,,,,,5633.5
2026-07-07T07:45:18Z,,,,,,,,,,,5639.1
2026-07-07T07:45:19Z,,,,,,,,,,,5642.6
2026-07-07T07:45:19Z,51.555492,-0.069192,4.7,1.7,2.6,9,1,3,2.64,131.7,5646.3
2026-07-07T07:45:19Z,,,,,,,,,,,5649.1
2026-07-07T07:45:19Z,,,,,,,,,,,5651.5
2026-07-07T07:45:19Z,,,,,,,,,,,5653.3
2026-07-07T07:45:19Z,,,,,,,,,,,5651.0
2026-07-07T07:45:19Z,,,,,,,,,,,5645.9
2026-07-07T07:45:19Z,,,,,,,,,,,5641.8
2026-07-07T07:45:19Z,,,,,,,,,,,5638.6
2026-07-07T07:45:19Z,,,,,,,,,,,5635.4
2026-07-07T07:45:20Z,,,,,,,,,,,5631.8
2026-07-07T07:45:20Z,51.555504,-0.069203,3.6,1.7,2.6,9,1,3,2.06,124.7,5625.8
2026-07-07T07:45:20Z,,,,,,,,,,,5619.2
2026-07-07T07:45:20Z,,,,,,,,,,,5614.4
2026-07-07T07:45:20Z,,,,,,,,,,,5611.3
2026-07-07T07:45:20Z,,,,,,,,,,,5608.3
2026-07-07T07:45:20Z,,,,,,,,,,,5604.0
2026-07-07T07:45:20Z,,,,,,,,,,,5599.1
2026-07-07T07:45:20Z,,,,,,,,,,,5597.1
2026-07-07T07:45:20Z,,,,,,,,,,,5599.5
2026-07-07T07:45:21Z,,,,,,,,,,,5605.6
2026-07-07T07:45:21Z,51.555511,-0.069210,3.4,1.7,2.6,9,1,3,1.46,124.7,5616.1
2026-07-07T07:45:21Z,,,,,,,,,,,5631.1
2026-07-07T07:45:21Z,,,,,,,,,,,5651.2
2026-07-07T07:45:21Z,,,,,,,,,,,5675.8
2026-07-07T07:45:21Z,,,,,,,,,,,5703.9
2026-07-07T07:45:21Z,,,,,,,,,,,5729.5
2026-07-07T07:45:21Z,,,,,,,,,,,5751.5
2026-07-07T07:45:21Z,,,,,,,,,,,5771.4
2026-07-07T07:45:21Z,,,,,,,,,,,5789.2
2026-07-07T07:45:22Z,,,,,,,,,,,5802.1
2026-07-07T07:45:22Z,51.555511,-0.069217,2.0,1.7,2.6,9,1,3,1.96,125.9,5811.2
2026-07-07T07:45:22Z,,,,,,,,,,,5816.5
2026-07-07T07:45:22Z,,,,,,,,,,,5819.4
2026-07-07T07:45:22Z,,,,,,,,,,,5821.9
2026-07-07T07:45:22Z,,,,,,,,,,,5822.7
2026-07-07T07:45:22Z,,,,,,,,,,,5819.5
2026-07-07T07:45:22Z,,,,,,,,,,,5813.1
2026-07-07T07:45:22Z,,,,,,,,,,,5805.4
2026-07-07T07:45:22Z,,,,,,,,,,,5797.7
2026-07-07T07:45:23Z,,,,,,,,,,,5793.6
2026-07-07T07:45:23Z,51.555504,-0.069223,1.4,1.7,2.6,9,1,3,0.94,125.9,5789.8
2026-07-07T07:45:23Z,,,,,,,,,,,5779.6
2026-07-07T07:45:23Z,,,,,,,,,,,5767.0
2026-07-07T07:45:23Z,,,,,,,,,,,5757.4
2026-07-07T07:45:23Z,,,,,,,,,,,5749.2
2026-07-07T07:45:23Z,,,,,,,,,,,5742.4
2026-07-07T07:45:23Z,,,,,,,,,,,5735.8
2026-07-07T07:45:23Z,,,,,,,,,,,5728.6
2026-07-07T07:45:23Z,,,,,,,,,,,5722.1
2026-07-07T07:45:24Z,,,,,,,,,,,5718.2
2026-07-07T07:45:24Z,51.555504,-0.069222,1.2,1.7,2.6,9,1,3,0.95,125.9,5715.7
2026-07-07T07:45:24Z,,,,,,,,,,,5711.7
2026-07-07T07:45:24Z,,,,,,,,,,,5707.0
2026-07-07T07:45:24Z,,,,,,,,,,,5701.9
2026-07-07T07:45:24Z,,,,,,,,,,,5697.2
2026-07-07T07:45:24Z,,,,,,,,,,,5694.4
2026-07-07T07:45:24Z,,,,,,,,,,,5691.9
2026-07-07T07:45:24Z,,,,,,,,,,,5687.7
2026-07-07T07:45:24Z,,,,,,,,,,,5683.3
2026-07-07T07:45:25Z,,,,,,,,,,,5680.4
2026-07-07T07:45:25Z,51.555496,-0.069224,0.9,1.7,2.6,9,1,3,1.56,125.9,5678.4
2026-07-07T07:45:25Z,,,,,,,,,,,5677.5
2026-07-07T07:45:25Z,,,,,,,,,,,5676.1
2026-07-07T07:45:25Z,,,,,,,,,,,5673.0
2026-07-07T07:45:25Z,,,,,,,,,,,5670.6
2026-07-07T07:45:25Z,,,,,,,,,,,5670.1
2026-07-07T07:45:25Z,,,,,,,,,,,5669.9
2026-07-07T07:45:25Z,,,,,,,,,,,5669.9
2026-07-07T07:45:25Z,,,,,,,,,,,5669.3
2026-07-07T07:45:26Z,,,,,,,,,,,5668.6
2026-07-07T07:45:26Z,51.555492,-0.069223,0.7,1.7,2.6,9,1,3,0.69,125.9,5670.5
2026-07-07T07:45:26Z,,,,,,,,,,,5674.7
2026-07-07T07:45:26Z,,,,,,,,,,,5679.6
2026-07-07T07:45:26Z,,,,,,,,,,,5682.2
2026-07-07T07:45:26Z,,,,,,,,,,,5684.2
2026-07-07T07:45:26Z,,,,,,,,,,,5688.2
2026-07-07T07:45:26Z,,,,,,,,,,,5691.6
2026-07-07T07:45:26Z,,,,,,,,,,,5693.8
2026-07-07T07:45:26Z,,,,,,,,,,,5694.9
2026-07-07T07:45:27Z,,,,,,,,,,,5692.6
2026-07-07T07:45:27Z,51.555485,-0.069221,1.5,1.7,2.6,9,1,3,1.19,125.9,5688.1
2026-07-07T07:45:27Z,,,,,,,,,,,5684.7
2026-07-07T07:45:27Z,,,,,,,,,,,5681.7
2026-07-07T07:45:27Z,,,,,,,,,,,5677.9
2026-07-07T07:45:27Z,,,,,,,,,,,5673.5
2026-07-07T07:45:27Z,,,,,,,,,,,5667.7
2026-07-07T07:45:27Z,,,,,,,,,,,5659.8
2026-07-07T07:45:27Z,,,,,,,,,,,5652.0
2026-07-07T07:45:27Z,,,,,,,,,,,5646.1
2026-07-07T07:45:28Z,,,,,,,,,,,5639.1
2026-07-07T07:45:28Z,51.555477,-0.069217,1.8,1.7,2.6,9,1,3,1.33,125.9,5630.6
2026-07-07T07:45:28Z,,,,,,,,,,,5622.2
2026-07-07T07:45:28Z,,,,,,,,,,,5613.9
2026-07-07T07:45:28Z,,,,,,,,,,,5605.1
2026-07-07T07:45:28Z,,,,,,,,,,,5595.8
2026-07-07T07:45:28Z,,,,,,,,,,,5586.9
2026-07-07T07:45:28Z,,,,,,,,,,,5577.9
2026-07-07T07:45:28Z,,,,,,,,,,,5571.2
2026-07-07T07:45:28Z,,,,,,,,,,,5565.3
2026-07-07T07:45:29Z,,,,,,,,,,,5556.7
2026-07-07T07:45:29Z,51.555470,-0.069212,2.2,1.7,2.6,9,1,3,1.32,125.9,5547.9
2026-07-07T07:45:29Z,,,,,,,,,,,5541.4
2026-07-07T07:45:29Z,,,,,,,,,,,5535.5
2026-07-07T07:45:29Z,,,,,,,,,,,5530.7
2026-07-07T07:45:29Z,,,,,,,,,,,5527.3
2026-07-07T07:45:29Z,,,,,,,,,,,5523.6
2026-07-07T07:45:29Z,,,,,,,,,,,5518.8
2026-07-07T07:45:29Z,,,,,,,,,,,5515.7
2026-07-07T07:45:29Z,,,,,,,,,,,5514.8
2026-07-07T07:45:30Z,,,,,,,,,,,5514.6
2026-07-07T07:45:30Z,51.555450,-0.069209,3.9,1.7,2.6,9,1,3,1.24,125.9,5514.0
2026-07-07T07:45:30Z,,,,,,,,,,,5512.5
2026-07-07T07:45:30Z,,,,,,,,,,,5509.5
2026-07-07T07:45:30Z,,,,,,,,,,,5505.8
2026-07-07T07:45:30Z,,,,,,,,,,,5503.6
2026-07-07T07:45:30Z,,,,,,,,,,,5502.0
2026-07-07T07:45:30Z,,,,,,,,,,,5498.9
2026-07-07T07:45:30Z,,,,,,,,,,,5495.3
2026-07-07T07:45:30Z,,,,,,,,,,,5491.5
2026-07-07T07:45:31Z,,,,,,,,,,,5487.6
2026-07-07T07:45:31Z,51.555431,-0.069199,5.4,1.7,2.6,9,1,3,2.48,139.5,5485.6
2026-07-07T07:45:31Z,,,,,,,,,,,5484.8
2026-07-07T07:45:31Z,,,,,,,,,,,5486.4
2026-07-07T07:45:31Z,,,,,,,,,,,5494.4
2026-07-07T07:45:31Z,,,,,,,,,,,5508.2
2026-07-07T07:45:31Z,,,,,,,,,,,5526.6
2026-07-07T07:45:31Z,,,,,,,,,,,5549.4
2026-07-07T07:45:31Z,,,,,,,,,,,5578.0
2026-07-07T07:45:31Z,,,,,,,,,,,5609.8
2026-07-07T07:45:32Z,,,,,,,,,,,5638.8
2026-07-07T07:45:32Z,51.555416,-0.069187,6.3,1.7,2.6,9,1,3,2.54,134.4,5667.8
2026-07-07T07:45:32Z,,,,,,,,,,,5690.1
2026-07-07T07:45:32Z,,,,,,,,,,,5705.1
2026-07-07T07:45:32Z,,,,,,,,,,,5715.9
2026-07-07T07:45:32Z,,,,,,,,,,,5726.6
2026-07-07T07:45:32Z,,,,,,,,,,,5736.1
2026-07-07T07:45:32Z,,,,,,,,,,,5742.3
2026-07-07T07:45:32Z,,,,,,,,,,,5746.2
2026-07-07T07:45:32Z,,,,,,,,,,,5747.4
2026-07-07T07:45:33Z,,,,,,,,,,,5746.3
2026-07-07T07:45:33Z,51.555408,-0.069171,7.2,1.7,2.6,9,1,3,2.72,133.4,5747.4
2026-07-07T07:45:33Z,,,,,,,,,,,5750.0
2026-07-07T07:45:33Z,,,,,,,,,,,5752.0
2026-07-07T07:45:33Z,,,,,,,,,,,5754.9
2026-07-07T07:45:33Z,,,,,,,,,,,5759.1
2026-07-07T07:45:33Z,,,,,,,,,,,5767.5
2026-07-07T07:45:33Z,,,,,,,,,,,5780.8
2026-07-07T07:45:33Z,,,,,,,,,,,5795.6
2026-07-07T07:45:33Z,,,,,,,,,,,5810.7
2026-07-07T07:45:34Z,,,,,,,,,,,5825.9
2026-07-07T07:45:34Z,51.555397,-0.069158,7.9,1.7,2.6,9,1,3,2.64,136.2,5840.2
2026-07-07T07:45:34Z,,,,,,,,,,,5852.7
2026-07-07T07:45:34Z,,,,,,,,,,,5865.2
2026-07-07T07:45:34Z,,,,,,,,,,,5876.6
2026-07-07T07:45:34Z,,,,,,,,,,,5885.6
2026-07-07T07:45:34Z,,,,,,,,,,,5893.2
2026-07-07T07:45:34Z,,,,,,,,,,,5898.8
2026-07-07T07:45:34Z,,,,,,,,,,,5901.7
2026-07-07T07:45:34Z,,,,,,,,,,,5905.2
2026-07-07T07:45:35Z,,,,,,,,,,,5909.9
2026-07-07T07:45:35Z,51.555393,-0.069154,8.6,1.7,2.6,9,1,3,1.42,136.2,5913.7
2026-07-07T07:45:35Z,,,,,,,,,,,5916.4
2026-07-07T07:45:35Z,,,,,,,,,,,5919.8
2026-07-07T07:45:35Z,,,,,,,,,,,5919.2
2026-07-07T07:45:35Z,,,,,,,,,,,5914.7
2026-07-07T07:45:35Z,,,,,,,,,,,5914.1
2026-07-07T07:45:35Z,,,,,,,,,,,5913.9
2026-07-07T07:45:35Z,,,,,,,,,,,5911.4
2026-07-07T07:45:35Z,,,,,,,,,,,5909.4
2026-07-07T07:45:36Z,,,,,,,,,,,5907.3
2026-07-07T07:45:36Z,51.555393,-0.069151,9.4,1.7,2.6,9,1,3,0.00,136.2,5903.8
2026-07-07T07:45:36Z,,,,,,,,,,,5900.1
2026-07-07T07:45:36Z,,,,,,,,,,,5897.1
2026-07-07T07:45:36Z,,,,,,,,,,,5894.7
2026-07-07T07:45:36Z,,,,,,,,,,,5892.6
2026-07-07T07:45:36Z,,,,,,,,,,,5891.0
2026-07-07T07:45:36Z,,,,,,,,,,,5889.5
2026-07-07T07:45:36Z,,,,,,,,,,,5887.6
2026-07-07T07:45:36Z,,,,,,,,,,,5886.1
2026-07-07T07:45:37Z,,,,,,,,,,,5883.9
2026-07-07T07:45:37Z,51.555389,-0.069148,10.0,1.7,2.6,9,1,3,0.00,136.2,5879.7
2026-07-07T07:45:37Z,,,,,,,,,,,5875.6
2026-07-07T07:45:37Z,,,,,,,,,,,5873.9
2026-07-07T07:45:37Z,,,,,,,,,,,5871.1
2026-07-07T07:45:37Z,,,,,,,,,,,5866.1
2026-07-07T07:45:37Z,,,,,,,,,,,5860.1
2026-07-07T07:45:37Z,,,,,,,,,,,5853.5
2026-07-07T07:45:37Z,,,,,,,,,,,5849.6
2026-07-07T07:45:37Z,,,,,,,,,,,5846.9
2026-07-07T07:45:38Z,,,,,,,,,,,5841.9
2026-07-07T07:45:38Z,51.555378,-0.069134,10.3,1.7,2.6,9,1,3,0.00,136.2,5834.0
2026-07-07T07:45:38Z,,,,,,,,,,,5826.9
2026-07-07T07:45:38Z,,,,,,,,,,,5820.8
2026-07-07T07:45:38Z,,,,,,,,,,,5816.3
2026-07-07T07:45:38Z,,,,,,,,,,,5812.1
2026-07-07T07:45:38Z,,,,,,,,,,,5806.5
2026-07-07T07:45:38Z,,,,,,,,,,,5803.5
2026-07-07T07:45:38Z,,,,,,,,,,,5800.1
2026-07-07T07:45:38Z,,,,,,,,,,,5796.8
2026-07-07T07:45:39Z,,,,,,,,,,,5795.5
2026-07-07T07:45:39Z,51.555370,-0.069120,10.6,1.7,2.6,9,1,3,2.32,143.6,5789.8
2026-07-07T07:45:39Z,,,,,,,,,,,5781.3
2026-07-07T07:45:39Z,,,,,,,,,,,5776.0
2026-07-07T07:45:39Z,,,,,,,,,,,5773.7
2026-07-07T07:45:39Z,,,,,,,,,,,5772.7
2026-07-07T07:45:39Z,,,,,,,,,,,5773.7
2026-07-07T07:45:39Z,,,,,,,,,,,5776.3
2026-07-07T07:45:39Z,,,,,,,,,,,5782.8
2026-07-07T07:45:39Z,,,,,,,,,,,5795.6
2026-07-07T07:45:40Z,,,,,,,,,,,5812.8
2026-07-07T07:45:40Z,51.555363,-0.069106,10.9,1.7,2.6,9,1,3,2.09,140.1,5833.7
2026-07-07T07:45:40Z,,,,,,,,,,,5854.1
2026-07-07T07:45:40Z,,,,,,,,,,,5872.4
2026-07-07T07:45:40Z,,,,,,,,,,,5891.6
2026-07-07T07:45:40Z,,,,,,,,,,,5907.9
2026-07-07T07:45:40Z,,,,,,,,,,,5921.6
2026-07-07T07:45:40Z,,,,,,,,,,,5932.4
2026-07-07T07:45:40Z,,,,,,,,,,,5938.9
2026-07-07T07:45:40Z,,,,,,,,,,,5942.5
2026-07-07T07:45:41Z,,,,,,,,,,,5946.2
2026-07-07T07:45:41Z,51.555347,-0.069098,11.4,1.5,2.4,10,1,3,1.91,140.1,5948.6
2026-07-07T07:45:41Z,,,,,,,,,,,5949.6
2026-07-07T07:45:41Z,,,,,,,,,,,5950.5
2026-07-07T07:45:41Z,,,,,,,,,,,5949.6
2026-07-07T07:45:41Z,,,,,,,,,,,5950.0
2026-07-07T07:45:41Z,,,,,,,,,,,5950.8
2026-07-07T07:45:41Z,,,,,,,,,,,5948.5
2026-07-07T07:45:41Z,,,,,,,,,,,5945.6
2026-07-07T07:45:41Z,,,,,,,,,,,5942.5
2026-07-07T07:45:42Z,,,,,,,,,,,5941.6
2026-07-07T07:45:42Z,51.555328,-0.069090,11.8,1.5,2.4,10,1,3,1.65,140.1,5943.2
2026-07-07T07:45:42Z,,,,,,,,,,,5945.3
2026-07-07T07:45:42Z,,,,,,,,,,,5948.4
2026-07-07T07:45:42Z,,,,,,,,,,,5952.0
2026-07-07T07:45:42Z,,,,,,,,,,,5950.4
2026-07-07T07:45:42Z,,,,,,,,,,,5946.4
2026-07-07T07:45:42Z,,,,,,,,,,,5945.1
2026-07-07T07:45:42Z,,,,,,,,,,,5944.3
2026-07-07T07:45:42Z,,,,,,,,,,,5942.8
2026-07-07T07:45:43Z,,,,,,,,,,,5940.9
2026-07-07T07:45:43Z,51.555309,-0.069079,12.3,1.5,2.4,10,1,3,1.87,140.1,5936.6
2026-07-07T07:45:43Z,,,,,,,,,,,5930.9
2026-07-07T07:45:43Z,,,,,,,,,,,5926.8
2026-07-07T07:45:43Z,,,,,,,,,,,5923.6
2026-07-07T07:45:43Z,,,,,,,,,,,5919.0
2026-07-07T07:45:43Z,,,,,,,,,,,5912.9
2026-07-07T07:45:43Z,,,,,,,,,,,5905.4
2026-07-07T07:45:43Z,,,,,,,,,,,5899.0
2026-07-07T07:45:43Z,,,,,,,,,,,5893.7
2026-07-07T07:45:44Z,,,,,,,,,,,5889.6
2026-07-07T07:45:44Z,51.555298,-0.069073,12.8,1.5,2.4,10,1,3,2.23,164.9,5879.9
2026-07-07T07:45:44Z,,,,,,,,,,,5866.3
2026-07-07T07:45:44Z,,,,,,,,,,,5858.1
2026-07-07T07:45:44Z,,,,,,,,,,,5857.0
2026-07-07T07:45:44Z,,,,,,,,,,,5854.0
2026-07-07T07:45:44Z,,,,,,,,,,,5848.7
2026-07-07T07:45:44Z,,,,,,,,,,,5843.8
2026-07-07T07:45:44Z,,,,,,,,,,,5838.6
2026-07-07T07:45:44Z,,,,,,,,,,,5835.8
2026-07-07T07:45:45Z,,,,,,,,,,,5834.1
2026-07-07T07:45:45Z,51.555294,-0.069066,13.5,1.5,2.4,10,1,3,2.73,209.9,5831.3
2026-07-07T07:45:45Z,,,,,,,,,,,5837.5
2026-07-07T07:45:45Z,,,,,,,,,,,5855.3
2026-07-07T07:45:45Z,,,,,,,,,,,5872.4
2026-07-07T07:45:45Z,,,,,,,,,,,5891.8
2026-07-07T07:45:45Z,,,,,,,,,,,5917.1
2026-07-07T07:45:45Z,,,,,,,,,,,5936.7
2026-07-07T07:45:45Z,,,,,,,,,,,5950.5
2026-07-07T07:45:45Z,,,,,,,,,,,5964.2
2026-07-07T07:45:46Z,,,,,,,,,,,5975.1
2026-07-07T07:45:46Z,51.555290,-0.069056,14.3,1.5,2.4,10,1,3,0.00,209.9,5984.4
2026-07-07T07:45:46Z,,,,,,,,,,,5990.7
2026-07-07T07:45:46Z,,,,,,,,,,,5992.6
2026-07-07T07:45:46Z,,,,,,,,,,,5992.2
2026-07-07T07:45:46Z,,,,,,,,,,,5990.7
2026-07-07T07:45:46Z,,,,,,,,,,,5989.6
2026-07-07T07:45:46Z,,,,,,,,,,,5988.9
2026-07-07T07:45:46Z,,,,,,,,,,,5985.1
2026-07-07T07:45:46Z,,,,,,,,,,,5978.7
2026-07-07T07:45:47Z,,,,,,,,,,,5972.2
2026-07-07T07:45:47Z,51.555286,-0.069047,15.0,1.5,2.4,10,1,3,0.00,209.9,5966.3
2026-07-07T07:45:47Z,,,,,,,,,,,5961.0
2026-07-07T07:45:47Z,,,,,,,,,,,5954.3
2026-07-07T07:45:47Z,,,,,,,,,,,5945.1
2026-07-07T07:45:47Z,,,,,,,,,,,5936.8
2026-07-07T07:45:47Z,,,,,,,,,,,5931.4
2026-07-07T07:45:47Z,,,,,,,,,,,5927.6
2026-07-07T07:45:47Z,,,,,,,,,,,5927.8
2026-07-07T07:45:47Z,,,,,,,,,,,5932.3
2026-07-07T07:45:48Z,,,,,,,,,,,5936.7
2026-07-07T07:45:48Z,51.555283,-0.069040,14.5,1.5,2.4,10,1,3,0.00,209.9,5941.8
2026-07-07T07:45:48Z,,,,,,,,,,,5950.0
2026-07-07T07:45:48Z,,,,,,,,,,,5959.9
2026-07-07T07:45:48Z,,,,,,,,,,,5969.4
2026-07-07T07:45:48Z,,,,,,,,,,,5975.5
2026-07-07T07:45:48Z,,,,,,,,,,,5978.1
2026-07-07T07:45:48Z,,,,,,,,,,,5980.4
2026-07-07T07:45:48Z,,,,,,,,,,,5981.9
2026-07-07T07:45:48Z,,,,,,,,,,,5981.8
2026-07-07T07:45:49Z,,,,,,,,,,,5981.1
2026-07-07T07:45:49Z,51.555275,-0.069040,15.2,1.5,2.4,10,1,3,0.67,209.9,5979.6
2026-07-07T07:45:49Z,,,,,,,,,,,5977.6
2026-07-07T07:45:49Z,,,,,,,,,,,5976.1
2026-07-07T07:45:49Z,,,,,,,,,,,5979.4
2026-07-07T07:45:49Z,,,,,,,,,,,5989.4
2026-07-07T07:45:49Z,,,,,,,,,,,6002.6
2026-07-07T07:45:49Z,,,,,,,,,,,6018.2
2026-07-07T07:45:49Z,,,,,,,,,,,6035.1
2026-07-07T07:45:49Z,,,,,,,,,,,6052.4
2026-07-07T07:45:50Z,,,,,,,,,,,6069.3
2026-07-07T07:45:50Z,51.555275,-0.069035,16.1,1.5,2.4,10,1,3,1.12,209.9,6087.0
2026-07-07T07:45:50Z,,,,,,,,,,,6102.1
2026-07-07T07:45:50Z,,,,,,,,,,,6113.7
2026-07-07T07:45:50Z,,,,,,,,,,,6122.6
2026-07-07T07:45:50Z,,,,,,,,,,,6128.3
2026-07-07T07:45:50Z,,,,,,,,,,,6131.5
2026-07-07T07:45:50Z,,,,,,,,,,,6133.1
2026-07-07T07:45:50Z,,,,,,,,,,,6131.9
2026-07-07T07:45:50Z,,,,,,,,,,,6128.9
2026-07-07T07:45:51Z,,,,,,,,,,,6125.9
2026-07-07T07:45:51Z,51.555271,-0.069030,16.4,1.5,2.4,10,1,3,0.00,209.9,6120.3
2026-07-07T07:45:51Z,,,,,,,,,,,6113.9
2026-07-07T07:45:51Z,,,,,,,,,,,6106.6
2026-07-07T07:45:51Z,,,,,,,,,,,6096.8
2026-07-07T07:45:51Z,,,,,,,,,,,6086.2
2026-07-07T07:45:51Z,,,,,,,,,,,6077.6
2026-07-07T07:45:51Z,,,,,,,,,,,6070.1
2026-07-07T07:45:51Z,,,,,,,,,,,6063.7
2026-07-07T07:45:51Z,,,,,,,,,,,6057.0
2026-07-07T07:45:52Z,,,,,,,,,,,6051.9
2026-07-07T07:45:52Z,51.555271,-0.069029,16.4,1.5,2.4,10,1,3,0.00,209.9,6050.5
2026-07-07T07:45:52Z,,,,,,,,,,,6050.2
2026-07-07T07:45:52Z,,,,,,,,,,,6050.6
2026-07-07T07:45:52Z,,,,,,,,,,,6051.9
2026-07-07T07:45:52Z,,,,,,,,,,,6051.7
2026-07-07T07:45:52Z,,,,,,,,,,,6051.3
2026-07-07T07:45:52Z,,,,,,,,,,,6053.0
2026-07-07T07:45:52Z,,,,,,,,,,,6056.5
2026-07-07T07:45:52Z,,,,,,,,,,,6059.2
2026-07-07T07:45:53Z,,,,,,,,,,,6060.0
2026-07-07T07:45:53Z,51.555271,-0.069028,16.5,1.5,2.4,10,1,3,0.00,209.9,6061.1
2026-07-07T07:45:53Z,,,,,,,,,,,6062.9
2026-07-07T07:45:53Z,,,,,,,,,,,6064.6
2026-07-07T07:45:53Z,,,,,,,,,,,6067.0
2026-07-07T07:45:53Z,,,,,,,,,,,6068.1
2026-07-07T07:45:53Z,,,,,,,,,,,6065.1
2026-07-07T07:45:53Z,,,,,,,,,,,6061.2
2026-07-07T07:45:53Z,,,,,,,,,,,6058.3
2026-07-07T07:45:53Z,,,,,,,,,,,6056.6
2026-07-07T07:45:54Z,,,,,,,,,,,6054.7
2026-07-07T07:45:54Z,51.555260,-0.069027,16.3,1.5,2.4,10,1,3,0.00,209.9,6050.0
2026-07-07T07:45:54Z,,,,,,,,,,,6044.8
2026-07-07T07:45:54Z,,,,,,,,,,,6042.7
2026-07-07T07:45:54Z,,,,,,,,,,,6043.5
2026-07-07T07:45:54Z,,,,,,,,,,,6048.3
2026-07-07T07:45:54Z,,,,,,,,,,,6056.2
2026-07-07T07:45:54Z,,,,,,,,,,,6063.6
2026-07-07T07:45:54Z,,,,,,,,,,,6071.2
2026-07-07T07:45:54Z,,,,,,,,,,,6079.5
2026-07-07T07:45:55Z,,,,,,,,,,,6088.0
2026-07-07T07:45:55Z,51.555244,-0.069024,16.5,1.5,2.4,10,1,3,1.92,209.9,6095.7
2026-07-07T07:45:55Z,,,,,,,,,,,6100.5
2026-07-07T07:45:55Z,,,,,,,,,,,6101.8
2026-07-07T07:45:55Z,,,,,,,,,,,6100.9
2026-07-07T07:45:55Z,,,,,,,,,,,6099.4
2026-07-07T07:45:55Z,,,,,,,,,,,6098.8
2026-07-07T07:45:55Z,,,,,,,,,,,6097.1
2026-07-07T07:45:55Z,,,,,,,,,,,6091.5
2026-07-07T07:45:55Z,,,,,,,,,,,6083.7
2026-07-07T07:45:56Z,,,,,,,,,,,6076.2
2026-07-07T07:45:56Z,51.555229,-0.069020,16.7,1.5,2.4,10,1,3,2.05,157.2,6071.7
2026-07-07T07:45:56Z,,,,,,,,,,,6070.1
2026-07-07T07:45:56Z,,,,,,,,,,,6068.5
2026-07-07T07:45:56Z,,,,,,,,,,,6072.0
2026-07-07T07:45:56Z,,,,,,,,,,,6083.4
2026-07-07T07:45:56Z,,,,,,,,,,,6099.9
2026-07-07T07:45:56Z,,,,,,,,,,,6119.4
2026-07-07T07:45:56Z,,,,,,,,,,,6140.3
2026-07-07T07:45:56Z,,,,,,,,,,,6157.6
2026-07-07T07:45:57Z,,,,,,,,,,,6170.2
2026-07-07T07:45:57Z,51.555214,-0.069019,16.9,1.5,2.4,10,1,3,2.25,151.8,6183.3
2026-07-07T07:45:57Z,,,,,,,,,,,6195.0
2026-07-07T07:45:57Z,,,,,,,,,,,6203.5
2026-07-07T07:45:57Z,,,,,,,,,,,6209.1
2026-07-07T07:45:57Z,,,,,,,,,,,6213.4
2026-07-07T07:45:57Z,,,,,,,,,,,6216.3
2026-07-07T07:45:57Z,,,,,,,,,,,6218.0
2026-07-07T07:45:57Z,,,,,,,,,,,6220.1
2026-07-07T07:45:57Z,,,,,,,,,,,6223.2
2026-07-07T07:45:58Z,,,,,,,,,,,6221.9
2026-07-07T07:45:58Z,51.555202,-0.069017,16.6,1.5,2.4,10,1,3,2.00,163.6,6216.1
2026-07-07T07:45:58Z,,,,,,,,,,,6210.1
2026-07-07T07:45:58Z,,,,,,,,,,,6203.9
2026-07-07T07:45:58Z,,,,,,,,,,,6197.9
2026-07-07T07:45:58Z,,,,,,,,,,,6190.2
2026-07-07T07:45:58Z,,,,,,,,,,,6180.9
2026-07-07T07:45:58Z,,,,,,,,,,,6172.3
2026-07-07T07:45:58Z,,,,,,,,,,,6165.6
2026-07-07T07:45:58Z,,,,,,,,,,,6159.4
2026-07-07T07:45:59Z,,,,,,,,,,,6153.3
2026-07-07T07:45:59Z,51.555191,-0.069015,16.5,1.5,2.4,10,1,3,1.38,163.6,6145.3
2026-07-07T07:45:59Z,,,,,,,,,,,6135.9
2026-07-07T07:45:59Z,,,,,,,,,,,6128.3
2026-07-07T07:45:59Z,,,,,,,,,,,6122.6
2026-07-07T07:45:59Z,,,,,,,,,,,6115.9
2026-07-07T07:45:59Z,,,,,,,,,,,6108.0
2026-07-07T07:45:59Z,,,,,,,,,,,6100.8
2026-07-07T07:45:59Z,,,,,,,,,,,6094.1
2026-07-07T07:45:59Z,,,,,,,,,,,6087.7
2026-07-07T07:46:00Z,,,,,,,,,,,6082.1
2026-07-07T07:46:00Z,51.555180,-0.069013,16.3,1.5,2.4,10,1,3,1.06,163.6,6076.4
2026-07-07T07:46:00Z,,,,,,,,,,,6068.8
2026-07-07T07:46:00Z,,,,,,,,,,,6060.5
2026-07-07T07:46:00Z,,,,,,,,,,,6053.9
2026-07-07T07:46:00Z,,,,,,,,,,,6048.3
2026-07-07T07:46:00Z,,,,,,,,,,,6044.7
2026-07-07T07:46:00Z,,,,,,,,,,,6041.8
2026-07-07T07:46:00Z,,,,,,,,,,,6039.9
2026-07-07T07:46:00Z,,,,,,,,,,,6040.4
2026-07-07T07:46:01Z,,,,,,,,,,,6042.3
2026-07-07T07:46:01Z,51.555172,-0.069011,16.2,1.5,2.4,10,1,3,1.16,163.6,6045.9
2026-07-07T07:46:01Z,,,,,,,,,,,6053.2
2026-07-07T07:46:01Z,,,,,,,,,,,6062.7
2026-07-07T07:46:01Z,,,,,,,,,,,6069.6
2026-07-07T07:46:01Z,,,,,,,,,,,6076.5
2026-07-07T07:46:01Z,,,,,,,,,,,6085.0
2026-07-07T07:46:01Z,,,,,,,,,,,6092.4
2026-07-07T07:46:01Z,,,,,,,,,,,6097.9
2026-07-07T07:46:01Z,,,,,,,,,,,6102.3
2026-07-07T07:46:02Z,,,,,,,,,,,6105.1
2026-07-07T07:46:02Z,51.555157,-0.069008,16.2,1.5,2.4,10,1,3,1.62,163.6,6108.1
2026-07-07T07:46:02Z,,,,,,,,,,,6112.0
2026-07-07T07:46:02Z,,,,,,,,,,,6115.4
2026-07-07T07:46:02Z,,,,,,,,,,,6118.9
2026-07-07T07:46:02Z,,,,,,,,,,,6122.5
2026-07-07T07:46:02Z,,,,,,,,,,,6125.5
2026-07-07T07:46:02Z,,,,,,,,,,,6129.8
2026-07-07T07:46:02Z,,,,,,,,,,,6136.6
2026-07-07T07:46:02Z,,,,,,,,,,,6144.0
2026-07-07T07:46:03Z,,,,,,,,,,,6147.8
2026-07-07T07:46:03Z,51.555145,-0.069004,16.2,1.5,2.4,10,1,3,1.61,163.6,6151.0
2026-07-07T07:46:03Z,,,,,,,,,,,6154.0
2026-07-07T07:46:03Z,,,,,,,,,,,6156.1
2026-07-07T07:46:03Z,,,,,,,,,,,6159.0
2026-07-07T07:46:03Z,,,,,,,,,,,6163.3
2026-07-07T07:46:03Z,,,,,,,,,,,6164.8
2026-07-07T07:46:03Z,,,,,,,,,,,6159.6
2026-07-07T07:46:03Z,,,,,,,,,,,6154.0
2026-07-07T07:46:03Z,,,,,,,,,,,6150.7
2026-07-07T07:46:04Z,,,,,,,,,,,6147.4
2026-07-07T07:46:04Z,51.555134,-0.068999,16.3,1.5,2.4,10,1,3,1.36,163.6,6146.1
2026-07-07T07:46:04Z,,,,,,,,,,,6141.2
2026-07-07T07:46:04Z,,,,,,,,,,,6132.6
2026-07-07T07:46:04Z,,,,,,,,,,,6126.5
2026-07-07T07:46:04Z,,,,,,,,,,,6122.1
2026-07-07T07:46:04Z,,,,,,,,,,,6119.4
2026-07-07T07:46:04Z,,,,,,,,,,,6116.7
2026-07-07T07:46:04Z,,,,,,,,,,,6112.8
2026-07-07T07:46:04Z,,,,,,,,,,,6106.0
2026-07-07T07:46:05Z,,,,,,,,,,,6097.6
2026-07-07T07:46:05Z,51.555122,-0.068992,16.3,1.5,2.4,10,1,3,1.79,163.6,6091.1
2026-07-07T07:46:05Z,,,,,,,,,,,6086.0
2026-07-07T07:46:05Z,,,,,,,,,,,6078.7
2026-07-07T07:46:05Z,,,,,,,,,,,6071.3
2026-07-07T07:46:05Z,,,,,,,,,,,6064.5
2026-07-07T07:46:05Z,,,,,,,,,,,6056.5
2026-07-07T07:46:05Z,,,,,,,,,,,6049.1
2026-07-07T07:46:05Z,,,,,,,,,,,6043.5
2026-07-07T07:46:05Z,,,,,,,,,,,6037.8
2026-07-07T07:46:06Z,,,,,,,,,,,6030.5
2026-07-07T07:46:06Z,51.555111,-0.068985,16.2,1.5,2.4,10,1,3,1.87,163.6,6022.1
2026-07-07T07:46:06Z,,,,,,,,,,,6014.4
2026-07-07T07:46:06Z,,,,,,,,,,,6008.0
2026-07-07T07:46:06Z,,,,,,,,,,,6003.6
2026-07-07T07:46:06Z,,,,,,,,,,,5998.9
2026-07-07T07:46:06Z,,,,,,,,,,,5995.4
2026-07-07T07:46:06Z,,,,,,,,,,,5993.5
2026-07-07T07:46:06Z,,,,,,,,,,,5991.9
2026-07-07T07:46:06Z,,,,,,,,,,,5990.0
2026-07-07T07:46:06Z,,,,,,,,,,,5988.5
2026-07-07T07:46:07Z,51.555099,-0.068977,16.3,1.5,2.4,10,1,3,2.13,147.2,5986.7
2026-07-07T07:46:07Z,,,,,,,,,,,5984.6
2026-07-07T07:46:07Z,,,,,,,,,,,5985.0
2026-07-07T07:46:07Z,,,,,,,,,,,5985.2
2026-07-07T07:46:07Z,,,,,,,,,,,5983.3
2026-07-07T07:46:07Z,,,,,,,,,,,5981.4
2026-07-07T07:46:07Z,,,,,,,,,,,5979.7
2026-07-07T07:46:07Z,,,,,,,,,,,5978.9
2026-07-07T07:46:07Z,,,,,,,,,,,5979.2
2026-07-07T07:46:08Z,,,,,,,,,,,5980.3
2026-07-07T07:46:08Z,51.555092,-0.068968,16.5,1.5,2.4,10,1,3,1.97,154.0,5978.1
2026-07-07T07:46:08Z,,,,,,,,,,,5975.7
2026-07-07T07:46:08Z,,,,,,,,,,,5977.6
2026-07-07T07:46:08Z,,,,,,,,,,,5982.7
2026-07-07T07:46:08Z,,,,,,,,,,,5991.6
2026-07-07T07:46:08Z,,,,,,,,,,,6002.8
2026-07-07T07:46:08Z,,,,,,,,,,,6013.7
2026-07-07T07:46:08Z,,,,,,,,,,,6025.8
2026-07-07T07:46:08Z,,,,,,,,,,,6041.4
2026-07-07T07:46:09Z,,,,,,,,,,,6058.8
2026-07-07T07:46:09Z,51.555084,-0.068958,16.5,1.5,2.4,10,1,3,1.94,154.0,6077.1
2026-07-07T07:46:09Z,,,,,,,,,,,6093.0
2026-07-07T07:46:09Z,,,,,,,,,,,6105.8
2026-07-07T07:46:09Z,,,,,,,,,,,6114.6
2026-07-07T07:46:09Z,,,,,,,,,,,6122.3
2026-07-07T07:46:09Z,,,,,,,,,,,6130.0
2026-07-07T07:46:09Z,,,,,,,,,,,6135.7
2026-07-07T07:46:09Z,,,,,,,,,,,6138.7
2026-07-07T07:46:09Z,,,,,,,,,,,6137.6
2026-07-07T07:46:10Z,,,,,,,,,,,6132.2
2026-07-07T07:46:10Z,51.555073,-0.068946,16.3,1.5,2.4,10,1,3,2.05,148.9,6125.8
2026-07-07T07:46:10Z,,,,,,,,,,,6122.2
2026-07-07T07:46:10Z,,,,,,,,,,,6118.0
2026-07-07T07:46:10Z,,,,,,,,,,,6111.6
2026-07-07T07:46:10Z,,,,,,,,,,,6104.0
2026-07-07T07:46:10Z,,,,,,,,,,,6096.0
2026-07-07T07:46:10Z,,,,,,,,,,,6088.1
2026-07-07T07:46:10Z,,,,,,,,,,,6081.0
2026-07-07T07:46:10Z,,,,,,,,,,,6073.3
2026-07-07T07:46:11Z,,,,,,,,,,,6065.8
2026-07-07T07:46:11Z,51.555061,-0.068934,16.3,1.5,2.4,10,1,3,2.26,147.1,6058.9
2026-07-07T07:46:11Z,,,,,,,,,,,6051.4
2026-07-07T07:46:11Z,,,,,,,,,,,6044.2
2026-07-07T07:46:11Z,,,,,,,,,,,6036.6
2026-07-07T07:46:11Z,,,,,,,,,,,6028.9
2026-07-07T07:46:11Z,,,,,,,,,,,6023.1
2026-07-07T07:46:11Z,,,,,,,,,,,6020.8
2026-07-07T07:46:11Z,,,,,,,,,,,6023.3
2026-07-07T07:46:11Z,,,,,,,,,,,6029.5
2026-07-07T07:46:12Z,,,,,,,,,,,6038.8
2026-07-07T07:46:12Z,51.555054,-0.068926,16.3,1.5,2.4,10,1,3,2.54,148.8,6053.9
2026-07-07T07:46:12Z,,,,,,,,,,,6073.5
2026-07-07T07:46:12Z,,,,,,,,,,,6098.4
2026-07-07T07:46:12Z,,,,,,,,,,,6123.9
2026-07-07T07:46:12Z,,,,,,,,,,,6144.3
2026-07-07T07:46:12Z,,,,,,,,,,,6157.6
2026-07-07T07:46:12Z,,,,,,,,,,,6167.9
2026-07-07T07:46:12Z,,,,,,,,,,,6178.4
2026-07-07T07:46:12Z,,,,,,,,,,,6188.2
2026-07-07T07:46:13Z,,,,,,,,,,,6194.3
2026-07-07T07:46:13Z,51.555042,-0.068920,16.3,1.5,2.4,10,1,3,1.95,167.6,6195.6
2026-07-07T07:46:13Z,,,,,,,,,,,6193.6
2026-07-07T07:46:13Z,,,,,,,,,,,6191.2
2026-07-07T07:46:13Z,,,,,,,,,,,6189.1
2026-07-07T07:46:13Z,,,,,,,,,,,6187.4
2026-07-07T07:46:13Z,,,,,,,,,,,6185.7
2026-07-07T07:46:13Z,,,,,,,,,,,6181.1
2026-07-07T07:46:13Z,,,,,,,,,,,6172.4
2026-07-07T07:46:13Z,,,,,,,,,,,6164.6
2026-07-07T07:46:14Z,,,,,,,,,,,6159.5
2026-07-07T07:46:14Z,51.555035,-0.068914,16.3,1.5,2.4,10,1,3,1.86,167.6,6155.5
2026-07-07T07:46:14Z,,,,,,,,,,,6150.2
2026-07-07T07:46:14Z,,,,,,,,,,,6143.0
2026-07-07T07:46:14Z,,,,,,,,,,,6135.4
2026-07-07T07:46:14Z,,,,,,,,,,,6128.3
2026-07-07T07:46:14Z,,,,,,,,,,,6123.4
2026-07-07T07:46:14Z,,,,,,,,,,,6120.2
2026-07-07T07:46:14Z,,,,,,,,,,,6118.2
2026-07-07T07:46:14Z,,,,,,,,,,,6118.1
2026-07-07T07:46:15Z,,,,,,,,,,,6119.5
2026-07-07T07:46:15Z,51.555023,-0.068910,16.4,1.5,2.4,10,1,3,1.93,167.6,6126.4
2026-07-07T07:46:15Z,,,,,,,,,,,6139.7
2026-07-07T07:46:15Z,,,,,,,,,,,6156.7
2026-07-07T07:46:15Z,,,,,,,,,,,6176.2
2026-07-07T07:46:15Z,,,,,,,,,,,6197.5
2026-07-07T07:46:15Z,,,,,,,,,,,6218.3
2026-07-07T07:46:15Z,,,,,,,,,,,6237.7
2026-07-07T07:46:15Z,,,,,,,,,,,6254.6
2026-07-07T07:46:15Z,,,,,,,,,,,6268.0
2026-07-07T07:46:16Z,,,,,,,,,,,6277.7
2026-07-07T07:46:16Z,51.555019,-0.068900,16.4,1.5,2.4,10,1,3,1.57,167.6,6286.9
2026-07-07T07:46:16Z,,,,,,,,,,,6296.3
2026-07-07T07:46:16Z,,,,,,,,,,,6303.1
2026-07-07T07:46:16Z,,,,,,,,,,,6305.5
2026-07-07T07:46:16Z,,,,,,,,,,,6305.6
2026-07-07T07:46:16Z,,,,,,,,,,,6305.1
2026-07-07T07:46:16Z,,,,,,,,,,,6305.1
2026-07-07T07:46:16Z,,,,,,,,,,,6305.0
2026-07-07T07:46:16Z,,,,,,,,,,,6302.9
2026-07-07T07:46:17Z,,,,,,,,,,,6296.7
2026-07-07T07:46:17Z,51.555012,-0.068897,15.6,1.5,2.4,10,1,3,1.92,167.6,6286.7
2026-07-07T07:46:17Z,,,,,,,,,,,6275.9
2026-07-07T07:46:17Z,,,,,,,,,,,6267.7
2026-07-07T07:46:17Z,,,,,,,,,,,6261.8
2026-07-07T07:46:17Z,,,,,,,,,,,6253.4
2026-07-07T07:46:17Z,,,,,,,,,,,6242.1
2026-07-07T07:46:17Z,,,,,,,,,,,6231.9
2026-07-07T07:46:17Z,,,,,,,,,,,6225.1
2026-07-07T07:46:17Z,,,,,,,,,,,6219.8
2026-07-07T07:46:18Z,,,,,,,,,,,6215.5
2026-07-07T07:46:18Z,51.555004,-0.068891,15.1,1.5,2.4,10,1,3,1.26,167.6,6211.2
2026-07-07T07:46:18Z,,,,,,,,,,,6204.1
2026-07-07T07:46:18Z,,,,,,,,,,,6196.5
2026-07-07T07:46:18Z,,,,,,,,,,,6191.5
2026-07-07T07:46:18Z,,,,,,,,,,,6187.1
2026-07-07T07:46:18Z,,,,,,,,,,,6181.2
2026-07-07T07:46:18Z,,,,,,,,,,,6175.1
2026-07-07T07:46:18Z,,,,,,,,,,,6169.2
2026-07-07T07:46:18Z,,,,,,,,,,,6163.0
2026-07-07T07:46:19Z,,,,,,,,,,,6158.1
2026-07-07T07:46:19Z,51.554996,-0.068884,14.6,1.5,2.4,10,1,3,1.78,167.6,6153.3
2026-07-07T07:46:19Z,,,,,,,,,,,6147.4
2026-07-07T07:46:19Z,,,,,,,,,,,6141.9
2026-07-07T07:46:19Z,,,,,,,,,,,6138.8
2026-07-07T07:46:19Z,,,,,,,,,,,6139.0
2026-07-07T07:46:19Z,,,,,,,,,,,6147.0
2026-07-07T07:46:19Z,,,,,,,,,,,6159.8
2026-07-07T07:46:19Z,,,,,,,,,,,6176.1
2026-07-07T07:46:19Z,,,,,,,,,,,6198.3
2026-07-07T07:46:20Z,,,,,,,,,,,6222.6
2026-07-07T07:46:20Z,51.554989,-0.068875,14.1,1.5,2.4,10,1,3,1.51,167.6,6248.9
2026-07-07T07:46:20Z,,,,,,,,,,,6272.1
2026-07-07T07:46:20Z,,,,,,,,,,,6293.7
2026-07-07T07:46:20Z,,,,,,,,,,,6310.8
2026-07-07T07:46:20Z,,,,,,,,,,,6326.8
2026-07-07T07:46:20Z,,,,,,,,,,,6343.1
2026-07-07T07:46:20Z,,,,,,,,,,,6355.3
2026-07-07T07:46:20Z,,,,,,,,,,,6361.2
2026-07-07T07:46:20Z,,,,,,,,,,,6364.9
2026-07-07T07:46:21Z,,,,,,,,,,,6366.7
2026-07-07T07:46:21Z,51.554981,-0.068866,13.5,1.5,2.4,10,1,3,1.85,167.6,6367.6
2026-07-07T07:46:21Z,,,,,,,,,,,6369.0
2026-07-07T07:46:21Z,,,,,,,,,,,6369.9
2026-07-07T07:46:21Z,,,,,,,,,,,6366.4
2026-07-07T07:46:21Z,,,,,,,,,,,6359.5
2026-07-07T07:46:21Z,,,,,,,,,,,6354.5
2026-07-07T07:46:21Z,,,,,,,,,,,6354.8
2026-07-07T07:46:21Z,,,,,,,,,,,6360.2
2026-07-07T07:46:21Z,,,,,,,,,,,6364.7
2026-07-07T07:46:22Z,,,,,,,,,,,6364.8
2026-07-07T07:46:22Z,51.554974,-0.068857,13.2,1.5,2.4,10,1,3,1.73,167.6,6364.4
2026-07-07T07:46:22Z,,,,,,,,,,,6365.6
2026-07-07T07:46:22Z,,,,,,,,,,,6366.8
2026-07-07T07:46:22Z,,,,,,,,,,,6367.5
2026-07-07T07:46:22Z,,,,,,,,,,,6365.1
2026-07-07T07:46:22Z,,,,,,,,,,,6358.5
2026-07-07T07:46:22Z,,,,,,,,,,,6349.6
2026-07-07T07:46:22Z,,,,,,,,,,,6341.6
2026-07-07T07:46:22Z,,,,,,,,,,,6335.8
2026-07-07T07:46:22Z,,,,,,,,,,,6329.7
2026-07-07T07:46:23Z,51.554962,-0.068846,13.3,1.5,2.4,10,1,3,1.94,167.6,6321.6
2026-07-07T07:46:23Z,,,,,,,,,,,6311.6
2026-07-07T07:46:23Z,,,,,,,,,,,6302.1
2026-07-07T07:46:23Z,,,,,,,,,,,6293.3
2026-07-07T07:46:23Z,,,,,,,,,,,6285.0
2026-07-07T07:46:23Z,,,,,,,,,,,6276.2
2026-07-07T07:46:23Z,,,,,,,,,,,6265.9
2026-07-07T07:46:23Z,,,,,,,,,,,6255.5
2026-07-07T07:46:23Z,,,,,,,,,,,6245.0
2026-07-07T07:46:24Z,,,,,,,,,,,6237.0
2026-07-07T07:46:24Z,51.554951,-0.068838,13.1,1.5,2.4,10,1,3,2.48,153.9,6229.7
2026-07-07T07:46:24Z,,,,,,,,,,,6221.1
2026-07-07T07:46:24Z,,,,,,,,,,,6213.2
2026-07-07T07:46:24Z,,,,,,,,,,,6207.4
2026-07-07T07:46:24Z,,,,,,,,,,,6201.4
2026-07-07T07:46:24Z,,,,,,,,,,,6196.3
2026-07-07T07:46:24Z,,,,,,,,,,,6191.2
2026-07-07T07:46:24Z,,,,,,,,,,,6185.0
2026-07-07T07:46:24Z,,,,,,,,,,,6180.6
2026-07-07T07:46:25Z,,,,,,,,,,,6177.0
2026-07-07T07:46:25Z,51.554947,-0.068835,12.8,1.5,2.4,10,1,3,2.14,162.4,6174.7
2026-07-07T07:46:25Z,,,,,,,,,,,6173.9
2026-07-07T07:46:25Z,,,,,,,,,,,6172.7
2026-07-07T07:46:25Z,,,,,,,,,,,6172.8
2026-07-07T07:46:25Z,,,,,,,,,,,6173.8
2026-07-07T07:46:25Z,,,,,,,,,,,6175.6
2026-07-07T07:46:25Z,,,,,,,,,,,6178.3
2026-07-07T07:46:25Z,,,,,,,,,,,6179.7
2026-07-07T07:46:25Z,,,,,,,,,,,6177.9
2026-07-07T07:46:26Z,,,,,,,,,,,6175.6
2026-07-07T07:46:26Z,51.554939,-0.068830,12.6,1.5,2.4,10,1,3,1.11,162.4,6174.7
2026-07-07T07:46:26Z,,,,,,,,,,,6174.4
2026-07-07T07:46:26Z,,,,,,,,,,,6173.1
2026-07-07T07:46:26Z,,,,,,,,,,,6169.5
2026-07-07T07:46:26Z,,,,,,,,,,,6165.6
2026-07-07T07:46:26Z,,,,,,,,,,,6162.9
2026-07-07T07:46:26Z,,,,,,,,,,,6160.4
2026-07-07T07:46:26Z,,,,,,,,,,,6158.4
2026-07-07T07:46:26Z,,,,,,,,,,,6155.4
2026-07-07T07:46:27Z,,,,,,,,,,,6149.6
2026-07-07T07:46:27Z,51.554928,-0.068825,12.5,1.5,2.4,10,1,3,1.73,162.4,6142.4
2026-07-07T07:46:27Z,,,,,,,,,,,6136.4
2026-07-07T07:46:27Z,,,,,,,,,,,6132.8
2026-07-07T07:46:27Z,,,,,,,,,,,6128.5
2026-07-07T07:46:27Z,,,,,,,,,,,6122.9
2026-07-07T07:46:27Z,,,,,,,,,,,6116.9
2026-07-07T07:46:27Z,,,,,,,,,,,6110.6
2026-07-07T07:46:27Z,,,,,,,,,,,6106.1
2026-07-07T07:46:27Z,,,,,,,,,,,6102.6
2026-07-07T07:46:28Z,,,,,,,,,,,6098.7
2026-07-07T07:46:28Z,51.554916,-0.068818,12.1,1.5,2.4,10,1,3,1.86,162.4,6095.4
2026-07-07T07:46:28Z,,,,,,,,,,,6093.8
2026-07-07T07:46:28Z,,,,,,,,,,,6093.1
2026-07-07T07:46:28Z,,,,,,,,,,,6094.4
2026-07-07T07:46:28Z,,,,,,,,,,,6099.1
2026-07-07T07:46:28Z,,,,,,,,,,,6106.3
2026-07-07T07:46:28Z,,,,,,,,,,,6116.7
2026-07-07T07:46:28Z,,,,,,,,,,,6128.1
2026-07-07T07:46:28Z,,,,,,,,,,,6136.7
2026-07-07T07:46:29Z,,,,,,,,,,,6143.3
2026-07-07T07:46:29Z,51.554905,-0.068808,12.4,1.5,2.4,10,1,3,2.35,161.4,6150.1
2026-07-07T07:46:29Z,,,,,,,,,,,6155.6
2026-07-07T07:46:29Z,,,,,,,,,,,6161.8
2026-07-07T07:46:29Z,,,,,,,,,,,6169.4
2026-07-07T07:46:29Z,,,,,,,,,,,6176.3
2026-07-07T07:46:29Z,,,,,,,,,,,6182.1
2026-07-07T07:46:29Z,,,,,,,,,,,6188.3
2026-07-07T07:46:29Z,,,,,,,,,,,6195.6
2026-07-07T07:46:29Z,,,,,,,,,,,6204.9
2026-07-07T07:46:30Z,,,,,,,,,,,6214.7
2026-07-07T07:46:30Z,51.554893,-0.068797,12.5,1.5,2.4,10,1,3,2.02,148.8,6223.9
2026-07-07T07:46:30Z,,,,,,,,,,,6229.1
2026-07-07T07:46:30Z,,,,,,,,,,,6231.2
2026-07-07T07:46:30Z,,,,,,,,,,,6233.2
2026-07-07T07:46:30Z,,,,,,,,,,,6235.2
2026-07-07T07:46:30Z,,,,,,,,,,,6237.8
2026-07-07T07:46:30Z,,,,,,,,,,,6239.2
2026-07-07T07:46:30Z,,,,,,,,,,,6235.5
2026-07-07T07:46:30Z,,,,,,,,,,,6229.6
2026-07-07T07:46:31Z,,,,,,,,,,,6224.8
2026-07-07T07:46:31Z,51.554882,-0.068789,12.6,1.5,2.4,10,1,3,3.05,161.7,6220.8
2026-07-07T07:46:31Z,,,,,,,,,,,6217.5
2026-07-07T07:46:31Z,,,,,,,,,,,6210.8
2026-07-07T07:46:31Z,,,,,,,,,,,6199.6
2026-07-07T07:46:31Z,,,,,,,,,,,6188.9
2026-07-07T07:46:31Z,,,,,,,,,,,6181.3
2026-07-07T07:46:31Z,,,,,,,,,,,6175.6
2026-07-07T07:46:31Z,,,,,,,,,,,6169.5
2026-07-07T07:46:31Z,,,,,,,,,,,6161.4
2026-07-07T07:46:32Z,,,,,,,,,,,6152.0
2026-07-07T07:46:32Z,51.554878,-0.068786,12.6,1.5,2.4,10,1,3,2.44,156.4,6144.6
2026-07-07T07:46:32Z,,,,,,,,,,,6139.9
2026-07-07T07:46:32Z,,,,,,,,,,,6135.7
2026-07-07T07:46:32Z,,,,,,,,,,,6131.1
2026-07-07T07:46:32Z,,,,,,,,,,,6126.3
2026-07-07T07:46:32Z,,,,,,,,,,,6122.5
2026-07-07T07:46:32Z,,,,,,,,,,,6122.6
2026-07-07T07:46:32Z,,,,,,,,,,,6127.5
2026-07-07T07:46:32Z,,,,,,,,,,,6134.0
2026-07-07T07:46:33Z,,,,,,,,,,,6141.9
2026-07-07T07:46:33Z,51.554878,-0.068784,12.6,1.5,2.4,10,1,3,0.00,156.4,6151.8
2026-07-07T07:46:33Z,,,,,,,,,,,6161.0
2026-07-07T07:46:33Z,,,,,,,,,,,6169.0
2026-07-07T07:46:33Z,,,,,,,,,,,6176.8
2026-07-07T07:46:33Z,,,,,,,,,,,6181.4
2026-07-07T07:46:33Z,,,,,,,,,,,6181.7
2026-07-07T07:46:33Z,,,,,,,,,,,6181.4
2026-07-07T07:46:33Z,,,,,,,,,,,6183.5
2026-07-07T07:46:33Z,,,,,,,,,,,6186.3
2026-07-07T07:46:34Z,,,,,,,,,,,6187.1
2026-07-07T07:46:34Z,51.554874,-0.068779,12.7,1.5,2.4,10,1,3,0.00,156.4,6190.0
2026-07-07T07:46:34Z,,,,,,,,,,,6196.5
2026-07-07T07:46:34Z,,,,,,,,,,,6207.7
2026-07-07T07:46:34Z,,,,,,,,,,,6222.2
2026-07-07T07:46:34Z,,,,,,,,,,,6236.6
2026-07-07T07:46:34Z,,,,,,,,,,,6248.5
2026-07-07T07:46:34Z,,,,,,,,,,,6257.4
2026-07-07T07:46:34Z,,,,,,,,,,,6266.5
2026-07-07T07:46:34Z,,,,,,,,,,,6276.7
2026-07-07T07:46:35Z,,,,,,,,,,,6285.1
2026-07-07T07:46:35Z,51.554867,-0.068771,12.5,1.5,2.4,10,1,3,0.00,156.4,6290.8
2026-07-07T07:46:35Z,,,,,,,,,,,6292.0
2026-07-07T07:46:35Z,,,,,,,,,,,6290.6
2026-07-07T07:46:35Z,,,,,,,,,,,6289.8
2026-07-07T07:46:35Z,,,,,,,,,,,6290.0
2026-07-07T07:46:35Z,,,,,,,,,,,6289.9
2026-07-07T07:46:35Z,,,,,,,,,,,6287.2
2026-07-07T07:46:35Z,,,,,,,,,,,6281.7
2026-07-07T07:46:35Z,,,,,,,,,,,6277.9
2026-07-07T07:46:36Z,,,,,,,,,,,6275.9
2026-07-07T07:46:36Z,51.554855,-0.068763,12.2,1.5,2.4,10,1,3,2.42,158.5,6277.2
2026-07-07T07:46:36Z,,,,,,,,,,,6278.7
2026-07-07T07:46:36Z,,,,,,,,,,,6274.3
2026-07-07T07:46:36Z,,,,,,,,,,,6270.6
2026-07-07T07:46:36Z,,,,,,,,,,,6271.1
2026-07-07T07:46:36Z,,,,,,,,,,,6272.4
2026-07-07T07:46:36Z,,,,,,,,,,,6274.2
2026-07-07T07:46:36Z,,,,,,,,,,,6276.8
2026-07-07T07:46:36Z,,,,,,,,,,,6280.2
2026-07-07T07:46:37Z,,,,,,,,,,,6283.7
2026-07-07T07:46:37Z,51.554844,-0.068757,11.8,1.5,2.4,10,1,3,2.39,154.3,6291.4
2026-07-07T07:46:37Z,,,,,,,,,,,6304.5
2026-07-07T07:46:37Z,,,,,,,,,,,6317.8
2026-07-07T07:46:37Z,,,,,,,,,,,6330.1
2026-07-07T07:46:37Z,,,,,,,,,,,6342.9
2026-07-07T07:46:37Z,,,,,,,,,,,6353.1
2026-07-07T07:46:37Z,,,,,,,,,,,6362.8
2026-07-07T07:46:37Z,,,,,,,,,,,6374.5
2026-07-07T07:46:37Z,,,,,,,,,,,6384.6
2026-07-07T07:46:38Z,,,,,,,,,,,6390.0
2026-07-07T07:46:38Z,51.554836,-0.068752,11.4,1.5,2.4,10,1,3,1.37,154.3,6394.3
2026-07-07T07:46:38Z,,,,,,,,,,,6398.6
2026-07-07T07:46:38Z,,,,,,,,,,,6402.5
2026-07-07T07:46:38Z,,,,,,,,,,,6406.4
2026-07-07T07:46:38Z,,,,,,,,,,,6409.3
2026-07-07T07:46:38Z,,,,,,,,,,,6413.1
2026-07-07T07:46:38Z,,,,,,,,,,,6420.2
2026-07-07T07:46:38Z,,,,,,,,,,,6429.3
2026-07-07T07:46:38Z,,,,,,,,,,,6439.8
2026-07-07T07:46:38Z,,,,,,,,,,,6450.7
2026-07-07T07:46:39Z,51.554829,-0.068746,10.9,1.5,2.4,10,1,3,1.33,154.3,6459.7
2026-07-07T07:46:39Z,,,,,,,,,,,6466.1
2026-07-07T07:46:39Z,,,,,,,,,,,6473.6
2026-07-07T07:46:39Z,,,,,,,,,,,6482.9
2026-07-07T07:46:39Z,,,,,,,,,,,6487.7
2026-07-07T07:46:39Z,,,,,,,,,,,6486.9
2026-07-07T07:46:39Z,,,,,,,,,,,6485.3
2026-07-07T07:46:39Z,,,,,,,,,,,6484.3
2026-07-07T07:46:39Z,,,,,,,,,,,6483.9
2026-07-07T07:46:39Z,,,,,,,,,,,6484.0
2026-07-07T07:46:40Z,51.554821,-0.068738,10.5,1.5,2.4,10,1,3,1.39,154.3,6480.0
2026-07-07T07:46:40Z,,,,,,,,,,,6469.4
2026-07-07T07:46:40Z,,,,,,,,,,,6457.2
2026-07-07T07:46:40Z,,,,,,,,,,,6447.7
2026-07-07T07:46:40Z,,,,,,,,,,,6442.0
2026-07-07T07:46:40Z,,,,,,,,,,,6436.6
2026-07-07T07:46:40Z,,,,,,,,,,,6426.5
2026-07-07T07:46:40Z,,,,,,,,,,,6413.3
2026-07-07T07:46:40Z,,,,,,,,,,,6400.9
2026-07-07T07:46:41Z,,,,,,,,,,,6391.1
2026-07-07T07:46:41Z,51.554810,-0.068728,10.5,1.5,2.4,10,1,3,1.33,154.3,6383.7
2026-07-07T07:46:41Z,,,,,,,,,,,6378.2
2026-07-07T07:46:41Z,,,,,,,,,,,6371.0
2026-07-07T07:46:41Z,,,,,,,,,,,6361.9
2026-07-07T07:46:41Z,,,,,,,,,,,6353.9
2026-07-07T07:46:41Z,,,,,,,,,,,6350.2
2026-07-07T07:46:41Z,,,,,,,,,,,6349.4
2026-07-07T07:46:41Z,,,,,,,,,,,6348.9
2026-07-07T07:46:41Z,,,,,,,,,,,6347.4
2026-07-07T07:46:42Z,,,,,,,,,,,6345.6
2026-07-07T07:46:42Z,51.554802,-0.068720,10.3,1.5,2.4,10,1,3,1.85,154.3,6345.2
2026-07-07T07:46:42Z,,,,,,,,,,,6346.2
2026-07-07T07:46:42Z,,,,,,,,,,,6348.4
2026-07-07T07:46:42Z,,,,,,,,,,,6350.9
2026-07-07T07:46:42Z,,,,,,,,,,,6351.8
2026-07-07T07:46:42Z,,,,,,,,,,,6350.7
2026-07-07T07:46:42Z,,,,,,,,,,,6349.4
2026-07-07T07:46:42Z,,,,,,,,,,,6347.0
2026-07-07T07:46:42Z,,,,,,,,,,,6345.7
2026-07-07T07:46:43Z,,,,,,,,,,,6347.1
2026-07-07T07:46:43Z,51.554790,-0.068714,10.3,1.5,2.4,10,1,3,2.02,156.6,6347.5
2026-07-07T07:46:43Z,,,,,,,,,,,6345.1
2026-07-07T07:46:43Z,,,,,,,,,,,6341.9
2026-07-07T07:46:43Z,,,,,,,,,,,6340.7
2026-07-07T07:46:43Z,,,,,,,,,,,6339.1
2026-07-07T07:46:43Z,,,,,,,,,,,6336.3
2026-07-07T07:46:43Z,,,,,,,,,,,6334.1
2026-07-07T07:46:43Z,,,,,,,,,,,6333.4
2026-07-07T07:46:43Z,,,,,,,,,,,6334.8
2026-07-07T07:46:44Z,,,,,,,,,,,6338.5
2026-07-07T07:46:44Z,51.554779,-0.068708,10.0,1.5,2.4,10,1,3,2.17,173.9,6343.2
2026-07-07T07:46:44Z,,,,,,,,,,,6349.0
2026-07-07T07:46:44Z,,,,,,,,,,,6358.5
2026-07-07T07:46:44Z,,,,,,,,,,,6369.8
2026-07-07T07:46:44Z,,,,,,,,,,,6381.4
2026-07-07T07:46:44Z,,,,,,,,,,,6393.6
2026-07-07T07:46:44Z,,,,,,,,,,,6403.7
2026-07-07T07:46:44Z,,,,,,,,,,,6411.6
2026-07-07T07:46:44Z,,,,,,,,,,,6421.5
2026-07-07T07:46:45Z,,,,,,,,,,,6434.4
2026-07-07T07:46:45Z,51.554764,-0.068700,9.8,1.5,2.4,10,1,3,2.11,161.8,6445.7
2026-07-07T07:46:45Z,,,,,,,,,,,6453.7
2026-07-07T07:46:45Z,,,,,,,,,,,6461.8
2026-07-07T07:46:45Z,,,,,,,,,,,6471.3
2026-07-07T07:46:45Z,,,,,,,,,,,6482.9
2026-07-07T07:46:45Z,,,,,,,,,,,6496.2
2026-07-07T07:46:45Z,,,,,,,,,,,6506.2
2026-07-07T07:46:45Z,,,,,,,,,,,6512.1
2026-07-07T07:46:45Z,,,,,,,,,,,6517.6
2026-07-07T07:46:46Z,,,,,,,,,,,6524.5
2026-07-07T07:46:46Z,51.554756,-0.068698,9.7,1.5,2.4,10,1,3,1.96,176.8,6533.5
2026-07-07T07:46:46Z,,,,,,,,,,,6541.4
2026-07-07T07:46:46Z,,,,,,,,,,,6545.3
2026-07-07T07:46:46Z,,,,,,,,,,,6546.3
2026-07-07T07:46:46Z,,,,,,,,,,,6547.8
2026-07-07T07:46:46Z,,,,,,,,,,,6550.2
2026-07-07T07:46:46Z,,,,,,,,,,,6553.4
2026-07-07T07:46:46Z,,,,,,,,,,,6555.6
2026-07-07T07:46:46Z,,,,,,,,,,,6554.2
2026-07-07T07:46:47Z,,,,,,,,,,,6550.0
2026-07-07T07:46:47Z,51.554745,-0.068694,9.6,1.5,2.4,10,1,3,1.81,176.8,6547.8
2026-07-07T07:46:47Z,,,,,,,,,,,6549.7
2026-07-07T07:46:47Z,,,,,,,,,,,6552.9
2026-07-07T07:46:47Z,,,,,,,,,,,6555.0
2026-07-07T07:46:47Z,,,,,,,,,,,6555.1
2026-07-07T07:46:47Z,,,,,,,,,,,6553.2
2026-07-07T07:46:47Z,,,,,,,,,,,6552.6
2026-07-07T07:46:47Z,,,,,,,,,,,6555.0
2026-07-07T07:46:47Z,,,,,,,,,,,6556.4
2026-07-07T07:46:48Z,,,,,,,,,,,6553.2
2026-07-07T07:46:48Z,51.554733,-0.068686,8.8,1.5,2.4,10,1,3,2.02,176.0,6545.8
2026-07-07T07:46:48Z,,,,,,,,,,,6536.9
2026-07-07T07:46:48Z,,,,,,,,,,,6531.0
2026-07-07T07:46:48Z,,,,,,,,,,,6527.0
2026-07-07T07:46:48Z,,,,,,,,,,,6520.4
2026-07-07T07:46:48Z,,,,,,,,,,,6512.2
2026-07-07T07:46:48Z,,,,,,,,,,,6503.5
2026-07-07T07:46:48Z,,,,,,,,,,,6494.9
2026-07-07T07:46:48Z,,,,,,,,,,,6488.3
2026-07-07T07:46:49Z,,,,,,,,,,,6484.0
2026-07-07T07:46:49Z,51.554733,-0.068682,8.7,1.5,2.4,10,1,3,2.13,177.2,6481.7
2026-07-07T07:46:49Z,,,,,,,,,,,6482.6
2026-07-07T07:46:49Z,,,,,,,,,,,6489.1
2026-07-07T07:46:49Z,,,,,,,,,,,6502.4
2026-07-07T07:46:49Z,,,,,,,,,,,6522.5
2026-07-07T07:46:49Z,,,,,,,,,,,6545.0
2026-07-07T07:46:49Z,,,,,,,,,,,6567.8
2026-07-07T07:46:49Z,,,,,,,,,,,6590.3
2026-07-07T07:46:49Z,,,,,,,,,,,6611.3
2026-07-07T07:46:50Z,,,,,,,,,,,6628.8
2026-07-07T07:46:50Z,51.554729,-0.068679,8.5,1.5,2.4,10,1,3,0.00,177.2,6643.1
2026-07-07T07:46:50Z,,,,,,,,,,,6653.6
2026-07-07T07:46:50Z,,,,,,,,,,,6660.2
2026-07-07T07:46:50Z,,,,,,,,,,,6665.5
2026-07-07T07:46:50Z,,,,,,,,,,,6672.3
2026-07-07T07:46:50Z,,,,,,,,,,,6679.4
2026-07-07T07:46:50Z,,,,,,,,,,,6683.7
2026-07-07T07:46:50Z,,,,,,,,,,,6685.2
2026-07-07T07:46:50Z,,,,,,,,,,,6685.3
2026-07-07T07:46:51Z,,,,,,,,,,,6686.4
2026-07-07T07:46:51Z,51.554729,-0.068671,8.4,1.5,2.4,10,1,3,0.00,177.2,6691.3
2026-07-07T07:46:51Z,,,,,,,,,,,6696.7
2026-07-07T07:46:51Z,,,,,,,,,,,6698.8
2026-07-07T07:46:51Z,,,,,,,,,,,6697.9
2026-07-07T07:46:51Z,,,,,,,,,,,6697.5
2026-07-07T07:46:51Z,,,,,,,,,,,6700.6
2026-07-07T07:46:51Z,,,,,,,,,,,6705.4
2026-07-07T07:46:51Z,,,,,,,,,,,6705.9
2026-07-07T07:46:51Z,,,,,,,,,,,6701.4
2026-07-07T07:46:52Z,,,,,,,,,,,6696.4
2026-07-07T07:46:52Z,51.554718,-0.068669,8.0,1.5,2.4,10,1,3,0.00,177.2,6693.2
2026-07-07T07:46:52Z,,,,,,,,,,,6691.5
2026-07-07T07:46:52Z,,,,,,,,,,,6690.6
2026-07-07T07:46:52Z,,,,,,,,,,,6687.8
2026-07-07T07:46:52Z,,,,,,,,,,,6682.5
2026-07-07T07:46:52Z,,,,,,,,,,,6678.0
2026-07-07T07:46:52Z,,,,,,,,,,,6675.8
2026-07-07T07:46:52Z,,,,,,,,,,,6675.7
2026-07-07T07:46:52Z,,,,,,,,,,,6675.6
2026-07-07T07:46:53Z,,,,,,,,,,,6672.0
2026-07-07T07:46:53Z,51.554707,-0.068662,7.7,1.5,2.5,10,1,3,2.00,187.6,6665.5
2026-07-07T07:46:53Z,,,,,,,,,,,6659.5
2026-07-07T07:46:53Z,,,,,,,,,,,6653.9
2026-07-07T07:46:53Z,,,,,,,,,,,6649.4
2026-07-07T07:46:53Z,,,,,,,,,,,6644.5
2026-07-07T07:46:53Z,,,,,,,,,,,6636.2
2026-07-07T07:46:53Z,,,,,,,,,,,6624.8
2026-07-07T07:46:53Z,,,,,,,,,,,6614.3
2026-07-07T07:46:53Z,,,,,,,,,,,6607.1
2026-07-07T07:46:54Z,,,,,,,,,,,6599.4
2026-07-07T07:46:54Z,51.554695,-0.068661,7.1,1.5,2.5,10,1,3,1.87,187.6,6591.0
2026-07-07T07:46:54Z,,,,,,,,,,,6583.0
2026-07-07T07:46:54Z,,,,,,,,,,,6573.2
2026-07-07T07:46:54Z,,,,,,,,,,,6564.8
2026-07-07T07:46:54Z,,,,,,,,,,,6559.4
2026-07-07T07:46:54Z,,,,,,,,,,,6553.6
2026-07-07T07:46:54Z,,,,,,,,,,,6546.0
2026-07-07T07:46:54Z,,,,,,,,,,,6538.6
2026-07-07T07:46:54Z,,,,,,,,,,,6531.7
2026-07-07T07:46:55Z,,,,,,,,,,,6526.6
2026-07-07T07:46:55Z,51.554684,-0.068659,6.5,1.5,2.5,10,1,3,2.55,190.1,6523.7
2026-07-07T07:46:55Z,,,,,,,,,,,6523.1
2026-07-07T07:46:55Z,,,,,,,,,,,6527.8
2026-07-07T07:46:55Z,,,,,,,,,,,6540.3
2026-07-07T07:46:55Z,,,,,,,,,,,6558.6
2026-07-07T07:46:55Z,,,,,,,,,,,6582.7
2026-07-07T07:46:55Z,,,,,,,,,,,6613.9
2026-07-07T07:46:55Z,,,,,,,,,,,6646.4
2026-07-07T07:46:55Z,,,,,,,,,,,6677.8
2026-07-07T07:46:56Z,,,,,,,,,,,6707.3
2026-07-07T07:46:56Z,51.554672,-0.068651,5.7,1.5,2.5,10,1,3,2.50,183.4,6735.6
2026-07-07T07:46:56Z,,,,,,,,,,,6757.1
2026-07-07T07:46:56Z,,,,,,,,,,,6773.2
2026-07-07T07:46:56Z,,,,,,,,,,,6785.9
2026-07-07T07:46:56Z,,,,,,,,,,,6796.3
2026-07-07T07:46:56Z,,,,,,,,,,,6805.4
2026-07-07T07:46:56Z,,,,,,,,,,,6812.8
2026-07-07T07:46:56Z,,,,,,,,,,,6815.0
2026-07-07T07:46:56Z,,,,,,,,,,,6812.9
2026-07-07T07:46:57Z,,,,,,,,,,,6809.6
2026-07-07T07:46:57Z,51.554661,-0.068650,5.1,1.5,2.5,10,1,3,2.25,192.4,6807.2
2026-07-07T07:46:57Z,,,,,,,,,,,6806.6
2026-07-07T07:46:57Z,,,,,,,,,,,6804.1
2026-07-07T07:46:57Z,,,,,,,,,,,6795.1
2026-07-07T07:46:57Z,,,,,,,,,,,6784.0
2026-07-07T07:46:57Z,,,,,,,,,,,6775.6
2026-07-07T07:46:57Z,,,,,,,,,,,6768.7
2026-07-07T07:46:57Z,,,,,,,,,,,6763.7
2026-07-07T07:46:57Z,,,,,,,,,,,6757.1
2026-07-07T07:46:58Z,,,,,,,,,,,6746.0
2026-07-07T07:46:58Z,51.554649,-0.068645,4.2,1.5,2.5,10,1,3,1.92,192.4,6734.0
2026-07-07T07:46:58Z,,,,,,,,,,,6725.5
2026-07-07T07:46:58Z,,,,,,,,,,,6718.6
2026-07-07T07:46:58Z,,,,,,,,,,,6713.7
2026-07-07T07:46:58Z,,,,,,,,,,,6707.8
2026-07-07T07:46:58Z,,,,,,,,,,,6699.3
2026-07-07T07:46:58Z,,,,,,,,,,,6691.5
2026-07-07T07:46:58Z,,,,,,,,,,,6685.7
2026-07-07T07:46:58Z,,,,,,,,,,,6681.4
2026-07-07T07:46:59Z,,,,,,,,,,,6676.8
2026-07-07T07:46:59Z,51.554642,-0.068648,3.6,1.5,2.5,10,1,3,2.17,191.0,6672.9
2026-07-07T07:46:59Z,,,,,,,,,,,6665.3
2026-07-07T07:46:59Z,,,,,,,,,,,6656.4
2026-07-07T07:46:59Z,,,,,,,,,,,6652.2
2026-07-07T07:46:59Z,,,,,,,,,,,6647.5
2026-07-07T07:46:59Z,,,,,,,,,,,6641.5
2026-07-07T07:46:59Z,,,,,,,,,,,6635.4
2026-07-07T07:46:59Z,,,,,,,,,,,6628.9
2026-07-07T07:46:59Z,,,,,,,,,,,6623.4
2026-07-07T07:47:00Z,,,,,,,,,,,6621.2
2026-07-07T07:47:00Z,51.554630,-0.068652,2.9,1.5,2.5,10,1,3,1.83,191.0,6620.1
2026-07-07T07:47:00Z,,,,,,,,,,,6619.8
2026-07-07T07:47:00Z,,,,,,,,,,,6624.5
2026-07-07T07:47:00Z,,,,,,,,,,,6634.0
2026-07-07T07:47:00Z,,,,,,,,,,,6646.2
2026-07-07T07:47:00Z,,,,,,,,,,,6660.1
2026-07-07T07:47:00Z,,,,,,,,,,,6674.8
2026-07-07T07:47:00Z,,,,,,,,,,,6689.3
2026-07-07T07:47:00Z,,,,,,,,,,,6706.5
2026-07-07T07:47:01Z,,,,,,,,,,,6724.9
2026-07-07T07:47:01Z,51.554623,-0.068656,2.2,1.5,2.5,10,1,3,2.06,214.8,6741.8
2026-07-07T07:47:01Z,,,,,,,,,,,6756.4
2026-07-07T07:47:01Z,,,,,,,,,,,6769.5
2026-07-07T07:47:01Z,,,,,,,,,,,6781.1
2026-07-07T07:47:01Z,,,,,,,,,,,6792.9
2026-07-07T07:47:01Z,,,,,,,,,,,6804.6
2026-07-07T07:47:01Z,,,,,,,,,,,6812.4
2026-07-07T07:47:01Z,,,,,,,,,,,6814.8
2026-07-07T07:47:01Z,,,,,,,,,,,6815.6
2026-07-07T07:47:02Z,,,,,,,,,,,6815.2
2026-07-07T07:47:02Z,51.554611,-0.068653,1.7,1.5,2.5,10,1,3,1.64,214.8,6815.7
2026-07-07T07:47:02Z,,,,,,,,,,,6818.1
2026-07-07T07:47:02Z,,,,,,,,,,,6817.8
2026-07-07T07:47:02Z,,,,,,,,,,,6807.3
2026-07-07T07:47:02Z,,,,,,,,,,,6800.4
2026-07-07T07:47:02Z,,,,,,,,,,,6804.1
2026-07-07T07:47:02Z,,,,,,,,,,,6808.3
2026-07-07T07:47:02Z,,,,,,,,,,,6811.2
2026-07-07T07:47:02Z,,,,,,,,,,,6809.7
2026-07-07T07:47:03Z,,,,,,,,,,,6806.7
2026-07-07T07:47:03Z,51.554604,-0.068643,2.3,1.5,2.5,10,1,3,1.51,214.8,6805.0
2026-07-07T07:47:03Z,,,,,,,,,,,6804.8
2026-07-07T07:47:03Z,,,,,,,,,,,6806.8
2026-07-07T07:47:03Z,,,,,,,,,,,6811.5
2026-07-07T07:47:03Z,,,,,,,,,,,6813.5
2026-07-07T07:47:03Z,,,,,,,,,,,6813.8
2026-07-07T07:47:03Z,,,,,,,,,,,6818.7
2026-07-07T07:47:03Z,,,,,,,,,,,6830.4
2026-07-07T07:47:03Z,,,,,,,,,,,6844.8
2026-07-07T07:47:04Z,,,,,,,,,,,6856.5
2026-07-07T07:47:04Z,51.554592,-0.068639,2.4,1.5,2.5,10,1,3,1.31,214.8,6866.0
2026-07-07T07:47:04Z,,,,,,,,,,,6873.7
2026-07-07T07:47:04Z,,,,,,,,,,,6885.1
2026-07-07T07:47:04Z,,,,,,,,,,,6900.4
2026-07-07T07:47:04Z,,,,,,,,,,,6913.5
2026-07-07T07:47:04Z,,,,,,,,,,,6923.4
2026-07-07T07:47:04Z,,,,,,,,,,,6928.7
2026-07-07T07:47:04Z,,,,,,,,,,,6931.5
2026-07-07T07:47:04Z,,,,,,,,,,,6935.5
2026-07-07T07:47:05Z,,,,,,,,,,,6937.1
2026-07-07T07:47:05Z,51.554585,-0.068632,2.6,1.5,2.5,10,1,3,1.60,214.8,6936.9
2026-07-07T07:47:05Z,,,,,,,,,,,6937.1
2026-07-07T07:47:05Z,,,,,,,,,,,6934.2
2026-07-07T07:47:05Z,,,,,,,,,,,6927.9
2026-07-07T07:47:05Z,,,,,,,,,,,6921.4
2026-07-07T07:47:05Z,,,,,,,,,,,6913.6
2026-07-07T07:47:05Z,,,,,,,,,,,6903.6
2026-07-07T07:47:05Z,,,,,,,,,,,6893.9
2026-07-07T07:47:05Z,,,,,,,,,,,6884.2
2026-07-07T07:47:06Z,,,,,,,,,,,6873.8
2026-07-07T07:47:06Z,51.554581,-0.068626,2.4,1.5,2.5,10,1,3,1.26,214.8,6865.0
2026-07-07T07:47:06Z,,,,,,,,,,,6857.6
2026-07-07T07:47:06Z,,,,,,,,,,,6849.9
2026-07-07T07:47:06Z,,,,,,,,,,,6843.7
2026-07-07T07:47:06Z,,,,,,,,,,,6838.5
2026-07-07T07:47:06Z,,,,,,,,,,,6835.7
2026-07-07T07:47:06Z,,,,,,,,,,,6838.6
2026-07-07T07:47:06Z,,,,,,,,,,,6841.7
2026-07-07T07:47:06Z,,,,,,,,,,,6841.2
2026-07-07T07:47:07Z,,,,,,,,,,,6841.3
2026-07-07T07:47:07Z,51.554573,-0.068626,2.2,1.5,2.5,10,1,3,1.18,214.8,6844.0
2026-07-07T07:47:07Z,,,,,,,,,,,6848.7
2026-07-07T07:47:07Z,,,,,,,,,,,6853.1
2026-07-07T07:47:07Z,,,,,,,,,,,6856.2
2026-07-07T07:47:07Z,,,,,,,,,,,6859.0
2026-07-07T07:47:07Z,,,,,,,,,,,6863.2
2026-07-07T07:47:07Z,,,,,,,,,,,6868.6
2026-07-07T07:47:07Z,,,,,,,,,,,6871.6
2026-07-07T07:47:07Z,,,,,,,,,,,6870.6
2026-07-07T07:47:08Z,,,,,,,,,,,6866.7
2026-07-07T07:47:08Z,51.554569,-0.068621,2.6,1.5,2.5,10,1,3,0.99,214.8,6859.9
2026-07-07T07:47:08Z,,,,,,,,,,,6855.4
2026-07-07T07:47:08Z,,,,,,,,,,,6854.1
2026-07-07T07:47:08Z,,,,,,,,,,,6849.1
2026-07-07T07:47:08Z,,,,,,,,,,,6840.4
2026-07-07T07:47:08Z,,,,,,,,,,,6832.0
2026-07-07T07:47:08Z,,,,,,,,,,,6826.5
2026-07-07T07:47:08Z,,,,,,,,,,,6825.7
2026-07-07T07:47:08Z,,,,,,,,,,,6829.9
2026-07-07T07:47:09Z,,,,,,,,,,,6833.0
2026-07-07T07:47:09Z,51.554565,-0.068616,3.1,1.5,2.5,10,1,3,0.00,214.8,6837.8
2026-07-07T07:47:09Z,,,,,,,,,,,6846.7
2026-07-07T07:47:09Z,,,,,,,,,,,6856.9
2026-07-07T07:47:09Z,,,,,,,,,,,6869.4
2026-07-07T07:47:09Z,,,,,,,,,,,6881.0
2026-07-07T07:47:09Z,,,,,,,,,,,6887.3
2026-07-07T07:47:09Z,,,,,,,,,,,6891.6
2026-07-07T07:47:09Z,,,,,,,,,,,6897.8
2026-07-07T07:47:09Z,,,,,,,,,,,6903.9
2026-07-07T07:47:10Z,,,,,,,,,,,6907.7
2026-07-07T07:47:10Z,51.554562,-0.068612,3.4,1.4,2.5,10,1,3,0.00,214.8,6909.9
2026-07-07T07:47:10Z,,,,,,,,,,,6908.2
2026-07-07T07:47:10Z,,,,,,,,,,,6903.9
2026-07-07T07:47:10Z,,,,,,,,,,,6902.7
2026-07-07T07:47:10Z,,,,,,,,,,,6905.1
2026-07-07T07:47:10Z,,,,,,,,,,,6905.9
2026-07-07T07:47:10Z,,,,,,,,,,,6905.4
2026-07-07T07:47:10Z,,,,,,,,,,,6903.6
2026-07-07T07:47:10Z,,,,,,,,,,,6900.1
2026-07-07T07:47:11Z,,,,,,,,,,,6898.7
2026-07-07T07:47:11Z,51.554550,-0.068614,3.6,1.4,2.5,10,1,3,0.00,214.8,6899.8
2026-07-07T07:47:11Z,,,,,,,,,,,6898.9
2026-07-07T07:47:11Z,,,,,,,,,,,6893.2
2026-07-07T07:47:11Z,,,,,,,,,,,6885.2
2026-07-07T07:47:11Z,,,,,,,,,,,6877.1
2026-07-07T07:47:11Z,,,,,,,,,,,6871.9
2026-07-07T07:47:11Z,,,,,,,,,,,6866.1
2026-07-07T07:47:11Z,,,,,,,,,,,6858.2
2026-07-07T07:47:11Z,,,,,,,,,,,6851.9
2026-07-07T07:47:12Z,,,,,,,,,,,6845.5
2026-07-07T07:47:12Z,51.554539,-0.068621,3.7,1.4,2.5,10,1,3,2.24,201.1,6840.1
2026-07-07T07:47:12Z,,,,,,,,,,,6838.7
2026-07-07T07:47:12Z,,,,,,,,,,,6838.9
2026-07-07T07:47:12Z,,,,,,,,,,,6839.0
2026-07-07T07:47:12Z,,,,,,,,,,,6842.7
2026-07-07T07:47:12Z,,,,,,,,,,,6850.2
2026-07-07T07:47:12Z,,,,,,,,,,,6858.9
2026-07-07T07:47:12Z,,,,,,,,,,,6869.3
2026-07-07T07:47:12Z,,,,,,,,,,,6880.6
2026-07-07T07:47:13Z,,,,,,,,,,,6890.9
2026-07-07T07:47:13Z,51.554527,-0.068623,3.7,1.4,2.5,10,1,3,2.06,207.6,6903.2
2026-07-07T07:47:13Z,,,,,,,,,,,6913.8
2026-07-07T07:47:13Z,,,,,,,,,,,6921.0
2026-07-07T07:47:13Z,,,,,,,,,,,6926.8
2026-07-07T07:47:13Z,,,,,,,,,,,6931.0
2026-07-07T07:47:13Z,,,,,,,,,,,6933.9
2026-07-07T07:47:13Z,,,,,,,,,,,6938.1
2026-07-07T07:47:13Z,,,,,,,,,,,6940.8
2026-07-07T07:47:13Z,,,,,,,,,,,6937.1
2026-07-07T07:47:14Z,,,,,,,,,,,6932.1
2026-07-07T07:47:14Z,51.554523,-0.068624,3.8,1.4,2.5,10,1,3,1.75,207.6,6928.4
2026-07-07T07:47:14Z,,,,,,,,,,,6925.1
2026-07-07T07:47:14Z,,,,,,,,,,,6923.4
2026-07-07T07:47:14Z,,,,,,,,,,,6920.4
2026-07-07T07:47:14Z,,,,,,,,,,,6912.3
2026-07-07T07:47:14Z,,,,,,,,,,,6903.8
2026-07-07T07:47:14Z,,,,,,,,,,,6898.8
2026-07-07T07:47:14Z,,,,,,,,,,,6898.5
2026-07-07T07:47:14Z,,,,,,,,,,,6899.8
2026-07-07T07:47:15Z,,,,,,,,,,,6898.5
2026-07-07T07:47:15Z,51.554523,-0.068623,3.2,1.4,2.5,10,1,3,0.62,207.6,6897.2
2026-07-07T07:47:15Z,,,,,,,,,,,6899.2
2026-07-07T07:47:15Z,,,,,,,,,,,6903.2
2026-07-07T07:47:15Z,,,,,,,,,,,6908.2
2026-07-07T07:47:15Z,,,,,,,,,,,6911.2
2026-07-07T07:47:15Z,,,,,,,,,,,6908.9
2026-07-07T07:47:15Z,,,,,,,,,,,6904.5
2026-07-07T07:47:15Z,,,,,,,,,,,6902.0
2026-07-07T07:47:15Z,,,,,,,,,,,6902.2
2026-07-07T07:47:16Z,,,,,,,,,,,6900.4
2026-07-07T07:47:16Z,51.554516,-0.068626,3.1,1.4,2.5,10,1,3,0.18,207.6,6895.9
2026-07-07T07:47:16Z,,,,,,,,,,,6890.4
2026-07-07T07:47:16Z,,,,,,,,,,,6885.1
2026-07-07T07:47:16Z,,,,,,,,,,,6885.0
2026-07-07T07:47:16Z,,,,,,,,,,,6888.7
2026-07-07T07:47:16Z,,,,,,,,,,,6893.1
2026-07-07T07:47:16Z,,,,,,,,,,,6897.4
2026-07-07T07:47:16Z,,,,,,,,,,,6903.4
2026-07-07T07:47:16Z,,,,,,,,,,,6911.9
2026-07-07T07:47:17Z,,,,,,,,,,,6924.4
2026-07-07T07:47:17Z,51.554508,-0.068630,2.6,1.4,2.5,10,1,3,1.51,207.6,6936.7
2026-07-07T07:47:17Z,,,,,,,,,,,6946.8
2026-07-07T07:47:17Z,,,,,,,,,,,6955.4
2026-07-07T07:47:17Z,,,,,,,,,,,6961.1
2026-07-07T07:47:17Z,,,,,,,,,,,6966.0
2026-07-07T07:47:17Z,,,,,,,,,,,6971.8
2026-07-07T07:47:17Z,,,,,,,,,,,6975.2
2026-07-07T07:47:17Z,,,,,,,,,,,6973.9
2026-07-07T07:47:17Z,,,,,,,,,,,6971.0
2026-07-07T07:47:18Z,,,,,,,,,,,6966.9
2026-07-07T07:47:18Z,51.554497,-0.068634,3.5,1.4,2.5,10,1,3,1.29,207.6,6963.3
2026-07-07T07:47:18Z,,,,,,,,,,,6959.9
2026-07-07T07:47:18Z,,,,,,,,,,,6953.9
2026-07-07T07:47:18Z,,,,,,,,,,,6947.7
2026-07-07T07:47:18Z,,,,,,,,,,,6942.6
2026-07-07T07:47:18Z,,,,,,,,,,,6936.1
2026-07-07T07:47:18Z,,,,,,,,,,,6929.4
2026-07-07T07:47:18Z,,,,,,,,,,,6924.0
2026-07-07T07:47:18Z,,,,,,,,,,,6916.3
2026-07-07T07:47:19Z,,,,,,,,,,,6911.2
2026-07-07T07:47:19Z,51.554489,-0.068637,3.4,1.4,2.5,10,1,3,1.91,207.6,6911.6
2026-07-07T07:47:19Z,,,,,,,,,,,6913.8
2026-07-07T07:47:19Z,,,,,,,,,,,6915.5
2026-07-07T07:47:19Z,,,,,,,,,,,6918.5
2026-07-07T07:47:19Z,,,,,,,,,,,6922.2
2026-07-07T07:47:19Z,,,,,,,,,,,6927.7
2026-07-07T07:47:19Z,,,,,,,,,,,6935.5
2026-07-07T07:47:19Z,,,,,,,,,,,6942.0
2026-07-07T07:47:19Z,,,,,,,,,,,6944.6
2026-07-07T07:47:20Z,,,,,,,,,,,6943.2
2026-07-07T07:47:20Z,51.554482,-0.068643,3.7,1.4,2.5,10,1,3,1.43,207.6,6942.0
2026-07-07T07:47:20Z,,,,,,,,,,,6942.4
2026-07-07T07:47:20Z,,,,,,,,,,,6942.9
2026-07-07T07:47:20Z,,,,,,,,,,,6938.7
2026-07-07T07:47:20Z,,,,,,,,,,,6930.1
2026-07-07T07:47:20Z,,,,,,,,,,,6922.8
2026-07-07T07:47:20Z,,,,,,,,,,,6918.1
2026-07-07T07:47:20Z,,,,,,,,,,,6915.7
2026-07-07T07:47:20Z,,,,,,,,,,,6911.9
2026-07-07T07:47:21Z,,,,,,,,,,,6903.8
2026-07-07T07:47:21Z,51.554478,-0.068647,3.6,1.4,2.5,10,1,3,1.50,207.6,6893.7
2026-07-07T07:47:21Z,,,,,,,,,,,6886.9
2026-07-07T07:47:21Z,,,,,,,,,,,6886.4
2026-07-07T07:47:21Z,,,,,,,,,,,6890.0
2026-07-07T07:47:21Z,,,,,,,,,,,6894.9
2026-07-07T07:47:21Z,,,,,,,,,,,6897.3
2026-07-07T07:47:21Z,,,,,,,,,,,6898.8
2026-07-07T07:47:21Z,,,,,,,,,,,6905.6
2026-07-07T07:47:21Z,,,,,,,,,,,6915.1
2026-07-07T07:47:22Z,,,,,,,,,,,6921.6
2026-07-07T07:47:22Z,51.554470,-0.068649,3.2,1.4,2.5,10,1,3,0.59,207.6,6925.2
2026-07-07T07:47:22Z,,,,,,,,,,,6923.9
2026-07-07T07:47:22Z,,,,,,,,,,,6920.8
2026-07-07T07:47:22Z,,,,,,,,,,,6921.2
2026-07-07T07:47:22Z,,,,,,,,,,,6921.9
2026-07-07T07:47:22Z,,,,,,,,,,,6919.0
2026-07-07T07:47:22Z,,,,,,,,,,,6913.2
2026-07-07T07:47:22Z,,,,,,,,,,,6905.4
2026-07-07T07:47:22Z,,,,,,,,,,,6897.0
2026-07-07T07:47:23Z,,,,,,,,,,,6893.1
2026-07-07T07:47:23Z,51.554466,-0.068646,3.6,1.4,2.5,10,1,3,1.29,207.6,6891.2
2026-07-07T07:47:23Z,,,,,,,,,,,6885.8
2026-07-07T07:47:23Z,,,,,,,,,,,6877.0
2026-07-07T07:47:23Z,,,,,,,,,,,6867.8
2026-07-07T07:47:23Z,,,,,,,,,,,6861.8
2026-07-07T07:47:23Z,,,,,,,,,,,6860.7
2026-07-07T07:47:23Z,,,,,,,,,,,6862.7
2026-07-07T07:47:23Z,,,,,,,,,,,6867.1
2026-07-07T07:47:23Z,,,,,,,,,,,6873.6
2026-07-07T07:47:24Z,,,,,,,,,,,6879.8
2026-07-07T07:47:24Z,51.554459,-0.068641,4.5,1.4,2.5,10,1,3,0.00,207.6,6887.7
2026-07-07T07:47:24Z,,,,,,,,,,,6896.0
2026-07-07T07:47:24Z,,,,,,,,,,,6902.7
2026-07-07T07:47:24Z,,,,,,,,,,,6909.0
2026-07-07T07:47:24Z,,,,,,,,,,,6915.2
2026-07-07T07:47:24Z,,,,,,,,,,,6920.2
2026-07-07T07:47:24Z,,,,,,,,,,,6921.7
2026-07-07T07:47:24Z,,,,,,,,,,,6921.8
2026-07-07T07:47:24Z,,,,,,,,,,,6922.0
2026-07-07T07:47:25Z,,,,,,,,,,,6922.1
2026-07-07T07:47:25Z,51.554459,-0.068638,4.9,1.4,2.5,10,1,3,0.00,207.6,6923.6
2026-07-07T07:47:25Z,,,,,,,,,,,6924.1
2026-07-07T07:47:25Z,,,,,,,,,,,6922.3
2026-07-07T07:47:25Z,,,,,,,,,,,6920.1
2026-07-07T07:47:25Z,,,,,,,,,,,6918.6
2026-07-07T07:47:25Z,,,,,,,,,,,6919.6
2026-07-07T07:47:25Z,,,,,,,,,,,6924.0
2026-07-07T07:47:25Z,,,,,,,,,,,6927.9
2026-07-07T07:47:25Z,,,,,,,,,,,6929.3
2026-07-07T07:47:26Z,,,,,,,,,,,6930.0
2026-07-07T07:47:26Z,51.554443,-0.068635,5.2,1.4,2.5,10,1,3,0.00,207.6,6932.2
2026-07-07T07:47:26Z,,,,,,,,,,,6935.3
2026-07-07T07:47:26Z,,,,,,,,,,,6938.7
2026-07-07T07:47:26Z,,,,,,,,,,,6937.1
2026-07-07T07:47:26Z,,,,,,,,,,,6929.8
2026-07-07T07:47:26Z,,,,,,,,,,,6923.4
2026-07-07T07:47:26Z,,,,,,,,,,,6919.2
2026-07-07T07:47:26Z,,,,,,,,,,,6917.3
2026-07-07T07:47:26Z,,,,,,,,,,,6914.1
2026-07-07T07:47:27Z,,,,,,,,,,,6906.8
2026-07-07T07:47:27Z,51.554428,-0.068634,6.0,1.4,2.5,10,1,3,1.84,207.6,6900.6
2026-07-07T07:47:27Z,,,,,,,,,,,6897.9
2026-07-07T07:47:27Z,,,,,,,,,,,6897.1
2026-07-07T07:47:27Z,,,,,,,,,,,6899.5
2026-07-07T07:47:27Z,,,,,,,,,,,6902.1
2026-07-07T07:47:27Z,,,,,,,,,,,6901.9
2026-07-07T07:47:27Z,,,,,,,,,,,6903.6
2026-07-07T07:47:27Z,,,,,,,,,,,6908.8
2026-07-07T07:47:27Z,,,,,,,,,,,6915.5
2026-07-07T07:47:28Z,,,,,,,,,,,6919.4
2026-07-07T07:47:28Z,51.554413,-0.068632,6.7,1.4,2.5,10,1,3,2.48,185.4,6920.9
2026-07-07T07:47:28Z,,,,,,,,,,,6920.3
2026-07-07T07:47:28Z,,,,,,,,,,,6919.1
2026-07-07T07:47:28Z,,,,,,,,,,,6920.1
2026-07-07T07:47:28Z,,,,,,,,,,,6921.3
2026-07-07T07:47:28Z,,,,,,,,,,,6919.9
2026-07-07T07:47:28Z,,,,,,,,,,,6913.9
2026-07-07T07:47:28Z,,,,,,,,,,,6906.3
2026-07-07T07:47:28Z,,,,,,,,,,,6901.1
2026-07-07T07:47:29Z,,,,,,,,,,,6898.7
2026-07-07T07:47:29Z,51.554405,-0.068635,7.5,1.4,2.5,10,1,3,2.74,189.2,6894.5
2026-07-07T07:47:29Z,,,,,,,,,,,6888.0
2026-07-07T07:47:29Z,,,,,,,,,,,6882.2
2026-07-07T07:47:29Z,,,,,,,,,,,6877.0
2026-07-07T07:47:29Z,,,,,,,,,,,6873.8
2026-07-07T07:47:29Z,,,,,,,,,,,6871.2
2026-07-07T07:47:29Z,,,,,,,,,,,6866.0
2026-07-07T07:47:29Z,,,,,,,,,,,6861.6
2026-07-07T07:47:29Z,,,,,,,,,,,6866.4
2026-07-07T07:47:30Z,,,,,,,,,,,6878.7
2026-07-07T07:47:30Z,51.554398,-0.068641,8.2,1.4,2.5,10,1,3,1.84,189.2,6890.8
2026-07-07T07:47:30Z,,,,,,,,,,,6897.1
2026-07-07T07:47:30Z,,,,,,,,,,,6894.8
2026-07-07T07:47:30Z,,,,,,,,,,,6879.6
2026-07-07T07:47:30Z,,,,,,,,,,,6859.7
2026-07-07T07:47:30Z,,,,,,,,,,,6845.9
2026-07-07T07:47:30Z,,,,,,,,,,,6835.1
2026-07-07T07:47:30Z,,,,,,,,,,,6824.9
2026-07-07T07:47:30Z,,,,,,,,,,,6814.6
2026-07-07T07:47:31Z,,,,,,,,,,,6806.1
2026-07-07T07:47:31Z,51.554382,-0.068638,9.1,1.4,2.5,10,1,3,1.98,232.5,6800.0
2026-07-07T07:47:31Z,,,,,,,,,,,6794.3
2026-07-07T07:47:31Z,,,,,,,,,,,6788.2
2026-07-07T07:47:31Z,,,,,,,,,,,6781.9
2026-07-07T07:47:31Z,,,,,,,,,,,6777.1
2026-07-07T07:47:31Z,,,,,,,,,,,6776.7
2026-07-07T07:47:31Z,,,,,,,,,,,6777.6
2026-07-07T07:47:31Z,,,,,,,,,,,6779.4
2026-07-07T07:47:31Z,,,,,,,,,,,6785.0
2026-07-07T07:47:32Z,,,,,,,,,,,6789.6
2026-07-07T07:47:32Z,51.554367,-0.068643,10.2,1.4,2.5,10,1,3,1.70,232.5,6794.7
2026-07-07T07:47:32Z,,,,,,,,,,,6803.3
2026-07-07T07:47:32Z,,,,,,,,,,,6811.8
2026-07-07T07:47:32Z,,,,,,,,,,,6816.5
2026-07-07T07:47:32Z,,,,,,,,,,,6820.0
2026-07-07T07:47:32Z,,,,,,,,,,,6823.8
2026-07-07T07:47:32Z,,,,,,,,,,,6827.3
2026-07-07T07:47:32Z,,,,,,,,,,,6831.2
2026-07-07T07:47:32Z,,,,,,,,,,,6832.1
2026-07-07T07:47:33Z,,,,,,,,,,,6829.1
2026-07-07T07:47:33Z,51.554352,-0.068645,10.2,1.4,2.5,10,1,3,2.52,223.6,6824.8
2026-07-07T07:47:33Z,,,,,,,,,,,6822.0
2026-07-07T07:47:33Z,,,,,,,,,,,6823.4
2026-07-07T07:47:33Z,,,,,,,,,,,6828.6
2026-07-07T07:47:33Z,,,,,,,,,,,6833.5
2026-07-07T07:47:33Z,,,,,,,,,,,6840.5
2026-07-07T07:47:33Z,,,,,,,,,,,6853.7
2026-07-07T07:47:33Z,,,,,,,,,,,6868.1
2026-07-07T07:47:33Z,,,,,,,,,,,6880.2
2026-07-07T07:47:34Z,,,,,,,,,,,6890.5
2026-07-07T07:47:34Z,51.554337,-0.068654,10.6,1.4,2.5,10,1,3,2.79,209.8,6899.4
2026-07-07T07:47:34Z,,,,,,,,,,,6903.4
2026-07-07T07:47:34Z,,,,,,,,,,,6903.8
2026-07-07T07:47:34Z,,,,,,,,,,,6905.2
2026-07-07T07:47:34Z,,,,,,,,,,,6907.1
2026-07-07T07:47:34Z,,,,,,,,,,,6907.9
2026-07-07T07:47:34Z,,,,,,,,,,,6905.4
2026-07-07T07:47:34Z,,,,,,,,,,,6902.2
2026-07-07T07:47:34Z,,,,,,,,,,,6901.9
2026-07-07T07:47:35Z,,,,,,,,,,,6904.3
2026-07-07T07:47:35Z,51.554325,-0.068662,11.0,1.4,2.5,10,1,3,2.92,203.9,6906.3
2026-07-07T07:47:35Z,,,,,,,,,,,6904.6
2026-07-07T07:47:35Z,,,,,,,,,,,6901.3
2026-07-07T07:47:35Z,,,,,,,,,,,6899.5
2026-07-07T07:47:35Z,,,,,,,,,,,6902.5
2026-07-07T07:47:35Z,,,,,,,,,,,6908.4
2026-07-07T07:47:35Z,,,,,,,,,,,6913.4
2026-07-07T07:47:35Z,,,,,,,,,,,6916.0
2026-07-07T07:47:35Z,,,,,,,,,,,6917.3
2026-07-07T07:47:36Z,,,,,,,,,,,6921.4
2026-07-07T07:47:36Z,51.554321,-0.068674,11.2,1.4,2.5,10,1,3,2.17,217.3,6928.1
2026-07-07T07:47:36Z,,,,,,,,,,,6930.9
2026-07-07T07:47:36Z,,,,,,,,,,,6929.1
2026-07-07T07:47:36Z,,,,,,,,,,,6925.6
2026-07-07T07:47:36Z,,,,,,,,,,,6921.1
2026-07-07T07:47:36Z,,,,,,,,,,,6919.8
2026-07-07T07:47:36Z,,,,,,,,,,,6920.0
2026-07-07T07:47:36Z,,,,,,,,,,,6918.3
2026-07-07T07:47:36Z,,,,,,,,,,,6917.7
2026-07-07T07:47:37Z,,,,,,,,,,,6919.3
2026-07-07T07:47:37Z,51.554314,-0.068685,11.0,1.4,2.5,10,1,3,1.92,217.3,6924.2
2026-07-07T07:47:37Z,,,,,,,,,,,6932.8
2026-07-07T07:47:37Z,,,,,,,,,,,6941.9
2026-07-07T07:47:37Z,,,,,,,,,,,6948.3
2026-07-07T07:47:37Z,,,,,,,,,,,6954.3
2026-07-07T07:47:37Z,,,,,,,,,,,6959.5
2026-07-07T07:47:37Z,,,,,,,,,,,6962.7
2026-07-07T07:47:37Z,,,,,,,,,,,6965.8
2026-07-07T07:47:37Z,,,,,,,,,,,6967.3
2026-07-07T07:47:38Z,,,,,,,,,,,6966.5
2026-07-07T07:47:38Z,51.554302,-0.068698,11.0,1.4,2.5,10,1,3,1.98,215.2,6966.9
2026-07-07T07:47:38Z,,,,,,,,,,,6966.4
2026-07-07T07:47:38Z,,,,,,,,,,,6966.9
2026-07-07T07:47:38Z,,,,,,,,,,,6970.2
2026-07-07T07:47:38Z,,,,,,,,,,,6972.0
2026-07-07T07:47:38Z,,,,,,,,,,,6975.2
2026-07-07T07:47:38Z,,,,,,,,,,,6980.8
2026-07-07T07:47:38Z,,,,,,,,,,,6987.2
2026-07-07T07:47:38Z,,,,,,,,,,,6991.9
2026-07-07T07:47:39Z,,,,,,,,,,,6994.7
2026-07-07T07:47:39Z,51.554298,-0.068713,10.8,1.4,2.5,10,1,3,2.70,223.5,6996.6
2026-07-07T07:47:39Z,,,,,,,,,,,6997.9
2026-07-07T07:47:39Z,,,,,,,,,,,6998.9
2026-07-07T07:47:39Z,,,,,,,,,,,6997.7
2026-07-07T07:47:39Z,,,,,,,,,,,6994.4
2026-07-07T07:47:39Z,,,,,,,,,,,6989.6
2026-07-07T07:47:39Z,,,,,,,,,,,6986.3
2026-07-07T07:47:39Z,,,,,,,,,,,6986.9
2026-07-07T07:47:39Z,,,,,,,,,,,6991.9
2026-07-07T07:47:40Z,,,,,,,,,,,7000.1
2026-07-07T07:47:40Z,51.554287,-0.068729,10.8,1.4,2.5,10,1,3,1.88,223.5,7009.7
2026-07-07T07:47:40Z,,,,,,,,,,,7019.8
2026-07-07T07:47:40Z,,,,,,,,,,,7035.6
2026-07-07T07:47:40Z,,,,,,,,,,,7056.5
2026-07-07T07:47:40Z,,,,,,,,,,,7078.4
2026-07-07T07:47:40Z,,,,,,,,,,,7097.1
2026-07-07T07:47:40Z,,,,,,,,,,,7111.4
2026-07-07T07:47:40Z,,,,,,,,,,,7122.9
2026-07-07T07:47:40Z,,,,,,,,,,,7133.9
2026-07-07T07:47:41Z,,,,,,,,,,,7145.4
2026-07-07T07:47:41Z,51.554283,-0.068747,11.1,1.4,2.5,10,1,3,1.97,232.2,7155.4
2026-07-07T07:47:41Z,,,,,,,,,,,7160.9
2026-07-07T07:47:41Z,,,,,,,,,,,7162.5
2026-07-07T07:47:41Z,,,,,,,,,,,7161.7
2026-07-07T07:47:41Z,,,,,,,,,,,7160.8
2026-07-07T07:47:41Z,,,,,,,,,,,7160.9
2026-07-07T07:47:41Z,,,,,,,,,,,7159.3
2026-07-07T07:47:41Z,,,,,,,,,,,7153.2
2026-07-07T07:47:41Z,,,,,,,,,,,7145.1
2026-07-07T07:47:42Z,,,,,,,,,,,7139.3
2026-07-07T07:47:42Z,51.554276,-0.068766,11.3,1.4,2.5,10,1,3,1.83,232.2,7137.7
2026-07-07T07:47:42Z,,,,,,,,,,,7138.3
2026-07-07T07:47:42Z,,,,,,,,,,,7136.3
2026-07-07T07:47:42Z,,,,,,,,,,,7130.9
2026-07-07T07:47:42Z,,,,,,,,,,,7127.8
2026-07-07T07:47:42Z,,,,,,,,,,,7130.3
2026-07-07T07:47:42Z,,,,,,,,,,,7135.9
2026-07-07T07:47:42Z,,,,,,,,,,,7143.5
2026-07-07T07:47:42Z,,,,,,,,,,,7149.5
2026-07-07T07:47:43Z,,,,,,,,,,,7151.6
2026-07-07T07:47:43Z,51.554268,-0.068781,11.2,1.4,2.5,10,1,3,1.57,232.2,7154.1
2026-07-07T07:47:43Z,,,,,,,,,,,7158.7
2026-07-07T07:47:43Z,,,,,,,,,,,7164.1
2026-07-07T07:47:43Z,,,,,,,,,,,7167.1
2026-07-07T07:47:43Z,,,,,,,,,,,7164.4
2026-07-07T07:47:43Z,,,,,,,,,,,7158.3
2026-07-07T07:47:43Z,,,,,,,,,,,7153.7
2026-07-07T07:47:43Z,,,,,,,,,,,7151.7
2026-07-07T07:47:43Z,,,,,,,,,,,7149.0
2026-07-07T07:47:44Z,,,,,,,,,,,7144.4
2026-07-07T07:47:44Z,51.554264,-0.068799,11.9,1.4,2.5,10,1,3,2.08,226.9,7137.3
2026-07-07T07:47:44Z,,,,,,,,,,,7129.7
2026-07-07T07:47:44Z,,,,,,,,,,,7125.9
2026-07-07T07:47:44Z,,,,,,,,,,,7126.8
2026-07-07T07:47:44Z,,,,,,,,,,,7128.7
2026-07-07T07:47:44Z,,,,,,,,,,,7127.4
2026-07-07T07:47:44Z,,,,,,,,,,,7126.3
2026-07-07T07:47:44Z,,,,,,,,,,,7128.8
2026-07-07T07:47:44Z,,,,,,,,,,,7132.9
2026-07-07T07:47:45Z,,,,,,,,,,,7135.9
2026-07-07T07:47:45Z,51.554260,-0.068820,12.6,1.4,2.5,10,1,3,2.13,260.4,7136.5
2026-07-07T07:47:45Z,,,,,,,,,,,7133.8
2026-07-07T07:47:45Z,,,,,,,,,,,7128.8
2026-07-07T07:47:45Z,,,,,,,,,,,7125.0
2026-07-07T07:47:45Z,,,,,,,,,,,7123.5
2026-07-07T07:47:45Z,,,,,,,,,,,7122.4
2026-07-07T07:47:45Z,,,,,,,,,,,7120.5
2026-07-07T07:47:45Z,,,,,,,,,,,7120.7
2026-07-07T07:47:45Z,,,,,,,,,,,7125.1
2026-07-07T07:47:46Z,,,,,,,,,,,7134.1
2026-07-07T07:47:46Z,51.554256,-0.068838,12.8,1.4,2.5,10,1,3,1.95,279.4,7144.5
2026-07-07T07:47:46Z,,,,,,,,,,,7153.5
2026-07-07T07:47:46Z,,,,,,,,,,,7161.9
2026-07-07T07:47:46Z,,,,,,,,,,,7170.5
2026-07-07T07:47:46Z,,,,,,,,,,,7182.9
2026-07-07T07:47:46Z,,,,,,,,,,,7198.3
2026-07-07T07:47:46Z,,,,,,,,,,,7209.5
2026-07-07T07:47:46Z,,,,,,,,,,,7215.2
2026-07-07T07:47:46Z,,,,,,,,,,,7219.8
2026-07-07T07:47:47Z,,,,,,,,,,,7223.8
2026-07-07T07:47:47Z,51.554253,-0.068859,13.4,1.4,2.5,10,1,3,1.79,279.4,7227.2
2026-07-07T07:47:47Z,,,,,,,,,,,7232.1
2026-07-07T07:47:47Z,,,,,,,,,,,7235.3
2026-07-07T07:47:47Z,,,,,,,,,,,7235.6
2026-07-07T07:47:47Z,,,,,,,,,,,7235.5
2026-07-07T07:47:47Z,,,,,,,,,,,7232.8
2026-07-07T07:47:47Z,,,,,,,,,,,7229.3
2026-07-07T07:47:47Z,,,,,,,,,,,7229.3
2026-07-07T07:47:47Z,,,,,,,,,,,7230.8
2026-07-07T07:47:48Z,,,,,,,,,,,7234.9
2026-07-07T07:47:48Z,51.554249,-0.068879,13.3,1.4,2.5,10,1,3,1.96,270.7,7245.0
2026-07-07T07:47:48Z,,,,,,,,,,,7259.0
2026-07-07T07:47:48Z,,,,,,,,,,,7276.1
2026-07-07T07:47:48Z,,,,,,,,,,,7290.3
2026-07-07T07:47:48Z,,,,,,,,,,,7298.8
2026-07-07T07:47:48Z,,,,,,,,,,,7306.5
2026-07-07T07:47:48Z,,,,,,,,,,,7313.9
2026-07-07T07:47:48Z,,,,,,,,,,,7319.4
2026-07-07T07:47:48Z,,,,,,,,,,,7323.6
2026-07-07T07:47:49Z,,,,,,,,,,,7324.2
2026-07-07T07:47:49Z,51.554241,-0.068898,13.8,1.4,2.5,10,1,3,2.68,276.4,7322.2
2026-07-07T07:47:49Z,,,,,,,,,,,7320.1
2026-07-07T07:47:49Z,,,,,,,,,,,7316.5
2026-07-07T07:47:49Z,,,,,,,,,,,7312.2
2026-07-07T07:47:49Z,,,,,,,,,,,7305.4
2026-07-07T07:47:49Z,,,,,,,,,,,7296.5
2026-07-07T07:47:49Z,,,,,,,,,,,7288.1
2026-07-07T07:47:49Z,,,,,,,,,,,7280.4
2026-07-07T07:47:49Z,,,,,,,,,,,7271.8
2026-07-07T07:47:50Z,,,,,,,,,,,7262.1
2026-07-07T07:47:50Z,51.554234,-0.068916,14.3,1.4,2.5,10,1,3,2.26,228.5,7252.0
2026-07-07T07:47:50Z,,,,,,,,,,,7240.9
2026-07-07T07:47:50Z,,,,,,,,,,,7229.5
2026-07-07T07:47:50Z,,,,,,,,,,,7221.1
2026-07-07T07:47:50Z,,,,,,,,,,,7213.9
2026-07-07T07:47:50Z,,,,,,,,,,,7205.7
2026-07-07T07:47:50Z,,,,,,,,,,,7197.4
2026-07-07T07:47:50Z,,,,,,,,,,,7192.1
2026-07-07T07:47:50Z,,,,,,,,,,,7193.4
2026-07-07T07:47:51Z,,,,,,,,,,,7200.3
2026-07-07T07:47:51Z,51.554226,-0.068937,14.5,1.4,2.5,10,1,3,2.41,242.3,7208.4
2026-07-07T07:47:51Z,,,,,,,,,,,7215.7
2026-07-07T07:47:51Z,,,,,,,,,,,7226.2
2026-07-07T07:47:51Z,,,,,,,,,,,7239.1
2026-07-07T07:47:51Z,,,,,,,,,,,7252.3
2026-07-07T07:47:51Z,,,,,,,,,,,7266.0
2026-07-07T07:47:51Z,,,,,,,,,,,7274.9
2026-07-07T07:47:51Z,,,,,,,,,,,7276.9
2026-07-07T07:47:51Z,,,,,,,,,,,7278.6
2026-07-07T07:47:52Z,,,,,,,,,,,7281.2
2026-07-07T07:47:52Z,51.554222,-0.068953,14.4,1.4,2.5,10,1,3,2.34,258.5,7285.1
2026-07-07T07:47:52Z,,,,,,,,,,,7287.9
2026-07-07T07:47:52Z,,,,,,,,,,,7286.0
2026-07-07T07:47:52Z,,,,,,,,,,,7281.6
2026-07-07T07:47:52Z,,,,,,,,,,,7279.2
2026-07-07T07:47:52Z,,,,,,,,,,,7278.0
2026-07-07T07:47:52Z,,,,,,,,,,,7277.8
2026-07-07T07:47:52Z,,,,,,,,,,,7278.0
2026-07-07T07:47:52Z,,,,,,,,,,,7273.2
2026-07-07T07:47:53Z,,,,,,,,,,,7265.5
2026-07-07T07:47:53Z,51.554218,-0.068969,14.4,1.4,2.5,10,1,3,1.61,258.5,7262.4
2026-07-07T07:47:53Z,,,,,,,,,,,7260.8
2026-07-07T07:47:53Z,,,,,,,,,,,7258.8
2026-07-07T07:47:53Z,,,,,,,,,,,7257.8
2026-07-07T07:47:53Z,,,,,,,,,,,7255.4
2026-07-07T07:47:53Z,,,,,,,,,,,7255.0
2026-07-07T07:47:53Z,,,,,,,,,,,7257.5
2026-07-07T07:47:53Z,,,,,,,,,,,7262.1
2026-07-07T07:47:53Z,,,,,,,,,,,7266.0
2026-07-07T07:47:54Z,,,,,,,,,,,7266.3
2026-07-07T07:47:54Z,51.554214,-0.068985,14.1,1.4,2.5,10,1,3,1.52,258.5,7263.2
2026-07-07T07:47:54Z,,,,,,,,,,,7259.1
2026-07-07T07:47:54Z,,,,,,,,,,,7256.8
2026-07-07T07:47:54Z,,,,,,,,,,,7255.7
2026-07-07T07:47:54Z,,,,,,,,,,,7254.3
2026-07-07T07:47:54Z,,,,,,,,,,,7251.0
2026-07-07T07:47:54Z,,,,,,,,,,,7245.1
2026-07-07T07:47:54Z,,,,,,,,,,,7240.3
2026-07-07T07:47:54Z,,,,,,,,,,,7238.7
2026-07-07T07:47:55Z,,,,,,,,,,,7239.0
2026-07-07T07:47:55Z,51.554211,-0.069001,14.1,1.4,2.5,10,1,3,1.71,258.5,7238.6
2026-07-07T07:47:55Z,,,,,,,,,,,7235.0
2026-07-07T07:47:55Z,,,,,,,,,,,7229.0
2026-07-07T07:47:55Z,,,,,,,,,,,7225.1
2026-07-07T07:47:55Z,,,,,,,,,,,7224.2
2026-07-07T07:47:55Z,,,,,,,,,,,7222.2
2026-07-07T07:47:55Z,,,,,,,,,,,7217.8
2026-07-07T07:47:55Z,,,,,,,,,,,7212.3
2026-07-07T07:47:55Z,,,,,,,,,,,7206.3
2026-07-07T07:47:56Z,,,,,,,,,,,7201.2
2026-07-07T07:47:56Z,51.554207,-0.069018,14.3,1.4,2.5,10,1,3,1.62,258.5,7197.8
2026-07-07T07:47:56Z,,,,,,,,,,,7195.4
2026-07-07T07:47:56Z,,,,,,,,,,,7194.0
2026-07-07T07:47:56Z,,,,,,,,,,,7195.4
2026-07-07T07:47:56Z,,,,,,,,,,,7199.4
2026-07-07T07:47:56Z,,,,,,,,,,,7209.2
2026-07-07T07:47:56Z,,,,,,,,,,,7221.0
2026-07-07T07:47:56Z,,,,,,,,,,,7230.9
2026-07-07T07:47:56Z,,,,,,,,,,,7240.0
2026-07-07T07:47:57Z,,,,,,,,,,,7247.1
2026-07-07T07:47:57Z,51.554207,-0.069029,14.0,1.4,2.5,10,1,3,1.61,258.5,7253.1
2026-07-07T07:47:57Z,,,,,,,,,,,7259.1
2026-07-07T07:47:57Z,,,,,,,,,,,7262.3
2026-07-07T07:47:57Z,,,,,,,,,,,7260.5
2026-07-07T07:47:57Z,,,,,,,,,,,7257.4
2026-07-07T07:47:57Z,,,,,,,,,,,7253.6
2026-07-07T07:47:57Z,,,,,,,,,,,7249.9
2026-07-07T07:47:57Z,,,,,,,,,,,7247.9
2026-07-07T07:47:57Z,,,,,,,,,,,7245.0
2026-07-07T07:47:58Z,,,,,,,,,,,7239.6
2026-07-07T07:47:58Z,51.554211,-0.069040,13.8,1.4,2.5,10,1,3,1.53,258.5,7233.3
2026-07-07T07:47:58Z,,,,,,,,,,,7227.1
2026-07-07T07:47:58Z,,,,,,,,,,,7221.6
2026-07-07T07:47:58Z,,,,,,,,,,,7217.0
2026-07-07T07:47:58Z,,,,,,,,,,,7209.7
2026-07-07T07:47:58Z,,,,,,,,,,,7201.9
2026-07-07T07:47:58Z,,,,,,,,,,,7195.0
2026-07-07T07:47:58Z,,,,,,,,,,,7189.4
2026-07-07T07:47:58Z,,,,,,,,,,,7184.0
2026-07-07T07:47:58Z,,,,,,,,,,,7177.8
2026-07-07T07:47:59Z,51.554211,-0.069055,13.6,1.4,2.5,10,1,3,1.66,258.5,7171.0
2026-07-07T07:47:59Z,,,,,,,,,,,7165.7
2026-07-07T07:47:59Z,,,,,,,,,,,7163.1
2026-07-07T07:47:59Z,,,,,,,,,,,7162.9
2026-07-07T07:47:59Z,,,,,,,,,,,7162.8
2026-07-07T07:47:59Z,,,,,,,,,,,7162.6
2026-07-07T07:47:59Z,,,,,,,,,,,7163.1
2026-07-07T07:47:59Z,,,,,,,,,,,7164.3
2026-07-07T07:47:59Z,,,,,,,,,,,7168.0
2026-07-07T07:47:59Z,,,,,,,,,,,7170.8
2026-07-07T07:48:00Z,51.554211,-0.069076,13.9,1.4,2.5,10,1,3,1.71,258.5,7171.4
2026-07-07T07:48:00Z,,,,,,,,,,,7171.7
2026-07-07T07:48:00Z,,,,,,,,,,,7173.5
2026-07-07T07:48:00Z,,,,,,,,,,,7177.7
2026-07-07T07:48:00Z,,,,,,,,,,,7183.2
2026-07-07T07:48:00Z,,,,,,,,,,,7185.7
2026-07-07T07:48:00Z,,,,,,,,,,,7184.4
2026-07-07T07:48:00Z,,,,,,,,,,,7182.9
2026-07-07T07:48:00Z,,,,,,,,,,,7182.8
2026-07-07T07:48:00Z,,,,,,,,,,,7183.9
2026-07-07T07:48:01Z,51.554214,-0.069095,13.9,1.4,2.5,10,1,3,1.99,282.2,7183.8
2026-07-07T07:48:01Z,,,,,,,,,,,7180.4
2026-07-07T07:48:01Z,,,,,,,,,,,7176.8
2026-07-07T07:48:01Z,,,,,,,,,,,7176.6
2026-07-07T07:48:01Z,,,,,,,,,,,7177.8
2026-07-07T07:48:01Z,,,,,,,,,,,7180.1
2026-07-07T07:48:01Z,,,,,,,,,,,7182.5
2026-07-07T07:48:01Z,,,,,,,,,,,7182.2
2026-07-07T07:48:01Z,,,,,,,,,,,7182.6
2026-07-07T07:48:02Z,,,,,,,,,,,7186.2
2026-07-07T07:48:02Z,51.554218,-0.069112,13.8,1.4,2.5,10,1,3,2.07,289.0,7191.6
2026-07-07T07:48:02Z,,,,,,,,,,,7197.0
2026-07-07T07:48:02Z,,,,,,,,,,,7201.0
2026-07-07T07:48:02Z,,,,,,,,,,,7202.3
2026-07-07T07:48:02Z,,,,,,,,,,,7203.0
2026-07-07T07:48:02Z,,,,,,,,,,,7207.6
2026-07-07T07:48:02Z,,,,,,,,,,,7214.7
2026-07-07T07:48:02Z,,,,,,,,,,,7221.4
2026-07-07T07:48:02Z,,,,,,,,,,,7225.2
2026-07-07T07:48:03Z,,,,,,,,,,,7224.9
2026-07-07T07:48:03Z,51.554218,-0.069124,13.6,1.4,2.5,10,1,3,1.92,289.0,7225.6
2026-07-07T07:48:03Z,,,,,,,,,,,7229.9
2026-07-07T07:48:03Z,,,,,,,,,,,7233.1
2026-07-07T07:48:03Z,,,,,,,,,,,7232.9
2026-07-07T07:48:03Z,,,,,,,,,,,7231.1
2026-07-07T07:48:03Z,,,,,,,,,,,7227.2
2026-07-07T07:48:03Z,,,,,,,,,,,7223.6
2026-07-07T07:48:03Z,,,,,,,,,,,7223.6
2026-07-07T07:48:03Z,,,,,,,,,,,7223.0
2026-07-07T07:48:04Z,,,,,,,,,,,7219.4
2026-07-07T07:48:04Z,51.554218,-0.069136,13.3,1.4,2.5,10,1,3,1.21,289.0,7214.9
2026-07-07T07:48:04Z,,,,,,,,,,,7208.4
2026-07-07T07:48:04Z,,,,,,,,,,,7202.2
2026-07-07T07:48:04Z,,,,,,,,,,,7198.4
2026-07-07T07:48:04Z,,,,,,,,,,,7192.6
2026-07-07T07:48:04Z,,,,,,,,,,,7185.8
2026-07-07T07:48:04Z,,,,,,,,,,,7180.0
2026-07-07T07:48:04Z,,,,,,,,,,,7173.6
2026-07-07T07:48:04Z,,,,,,,,,,,7167.5
2026-07-07T07:48:05Z,,,,,,,,,,,7162.4
2026-07-07T07:48:05Z,51.554218,-0.069150,13.4,1.4,2.5,10,1,3,1.50,289.0,7155.5
2026-07-07T07:48:05Z,,,,,,,,,,,7147.5
2026-07-07T07:48:05Z,,,,,,,,,,,7140.0
2026-07-07T07:48:05Z,,,,,,,,,,,7134.5
2026-07-07T07:48:05Z,,,,,,,,,,,7129.3
2026-07-07T07:48:05Z,,,,,,,,,,,7123.3
2026-07-07T07:48:05Z,,,,,,,,,,,7116.8
2026-07-07T07:48:05Z,,,,,,,,,,,7110.9
2026-07-07T07:48:05Z,,,,,,,,,,,7106.3
2026-07-07T07:48:06Z,,,,,,,,,,,7100.7
2026-07-07T07:48:06Z,51.554211,-0.069163,13.0,1.4,2.5,10,1,3,1.69,289.0,7093.3
2026-07-07T07:48:06Z,,,,,,,,,,,7085.3
2026-07-07T07:48:06Z,,,,,,,,,,,7077.0
2026-07-07T07:48:06Z,,,,,,,,,,,7069.6
2026-07-07T07:48:06Z,,,,,,,,,,,7064.0
2026-07-07T07:48:06Z,,,,,,,,,,,7058.3
2026-07-07T07:48:06Z,,,,,,,,,,,7050.7
2026-07-07T07:48:06Z,,,,,,,,,,,7042.4
2026-07-07T07:48:06Z,,,,,,,,,,,7034.4
2026-07-07T07:48:07Z,,,,,,,,,,,7028.4
2026-07-07T07:48:07Z,51.554207,-0.069180,12.9,1.4,2.5,10,1,3,1.29,289.0,7024.0
2026-07-07T07:48:07Z,,,,,,,,,,,7019.6
2026-07-07T07:48:07Z,,,,,,,,,,,7013.3
2026-07-07T07:48:07Z,,,,,,,,,,,7006.3
2026-07-07T07:48:07Z,,,,,,,,,,,6999.9
2026-07-07T07:48:07Z,,,,,,,,,,,6995.5
2026-07-07T07:48:07Z,,,,,,,,,,,6995.0
2026-07-07T07:48:07Z,,,,,,,,,,,6994.5
2026-07-07T07:48:07Z,,,,,,,,,,,6992.7
2026-07-07T07:48:08Z,,,,,,,,,,,6992.8
2026-07-07T07:48:08Z,51.554207,-0.069197,12.6,1.4,2.5,10,1,3,1.78,289.0,6996.3
2026-07-07T07:48:08Z,,,,,,,,,,,7002.0
2026-07-07T07:48:08Z,,,,,,,,,,,7010.7
2026-07-07T07:48:08Z,,,,,,,,,,,7017.8
2026-07-07T07:48:08Z,,,,,,,,,,,7019.5
2026-07-07T07:48:08Z,,,,,,,,,,,7020.7
2026-07-07T07:48:08Z,,,,,,,,,,,7022.7
2026-07-07T07:48:08Z,,,,,,,,,,,7025.2
2026-07-07T07:48:08Z,,,,,,,,,,,7030.1
2026-07-07T07:48:09Z,,,,,,,,,,,7033.2
2026-07-07T07:48:09Z,51.554207,-0.069215,12.3,1.4,2.5,10,1,3,2.10,265.2,7032.1
2026-07-07T07:48:09Z,,,,,,,,,,,7031.0
2026-07-07T07:48:09Z,,,,,,,,,,,7030.9
2026-07-07T07:48:09Z,,,,,,,,,,,7031.6
2026-07-07T07:48:09Z,,,,,,,,,,,7031.8
2026-07-07T07:48:09Z,,,,,,,,,,,7030.3
2026-07-07T07:48:09Z,,,,,,,,,,,7026.8
2026-07-07T07:48:09Z,,,,,,,,,,,7022.8
2026-07-07T07:48:09Z,,,,,,,,,,,7018.8
2026-07-07T07:48:10Z,,,,,,,,,,,7015.5
2026-07-07T07:48:10Z,51.554203,-0.069234,12.2,1.4,2.5,10,1,3,1.41,265.2,7012.3
2026-07-07T07:48:10Z,,,,,,,,,,,7006.6
2026-07-07T07:48:10Z,,,,,,,,,,,6998.8
2026-07-07T07:48:10Z,,,,,,,,,,,6992.5
2026-07-07T07:48:10Z,,,,,,,,,,,6987.5
2026-07-07T07:48:10Z,,,,,,,,,,,6983.6
2026-07-07T07:48:10Z,,,,,,,,,,,6979.6
2026-07-07T07:48:10Z,,,,,,,,,,,6974.0
2026-07-07T07:48:10Z,,,,,,,,,,,6967.2
2026-07-07T07:48:11Z,,,,,,,,,,,6961.7
2026-07-07T07:48:11Z,51.554203,-0.069252,12.1,1.4,2.5,10,1,3,2.25,258.3,6958.4
2026-07-07T07:48:11Z,,,,,,,,,,,6957.0
2026-07-07T07:48:11Z,,,,,,,,,,,6954.9
2026-07-07T07:48:11Z,,,,,,,,,,,6951.5
2026-07-07T07:48:11Z,,,,,,,,,,,6948.2
2026-07-07T07:48:11Z,,,,,,,,,,,6947.2
2026-07-07T07:48:11Z,,,,,,,,,,,6947.5
2026-07-07T07:48:11Z,,,,,,,,,,,6947.0
2026-07-07T07:48:11Z,,,,,,,,,,,6945.8
2026-07-07T07:48:12Z,,,,,,,,,,,6944.4
2026-07-07T07:48:12Z,51.554207,-0.069269,12.0,1.4,2.5,10,1,3,1.95,316.5,6944.9
2026-07-07T07:48:12Z,,,,,,,,,,,6949.6
2026-07-07T07:48:12Z,,,,,,,,,,,6955.0
2026-07-07T07:48:12Z,,,,,,,,,,,6960.5
2026-07-07T07:48:12Z,,,,,,,,,,,6966.3
2026-07-07T07:48:12Z,,,,,,,,,,,6970.3
2026-07-07T07:48:12Z,,,,,,,,,,,6974.9
2026-07-07T07:48:12Z,,,,,,,,,,,6982.4
2026-07-07T07:48:12Z,,,,,,,,,,,6987.7
2026-07-07T07:48:13Z,,,,,,,,,,,6987.5
2026-07-07T07:48:13Z,51.554211,-0.069287,12.1,1.4,2.5,10,1,3,2.01,311.7,6985.4
2026-07-07T07:48:13Z,,,,,,,,,,,6982.0
2026-07-07T07:48:13Z,,,,,,,,,,,6978.8
2026-07-07T07:48:13Z,,,,,,,,,,,6977.8
2026-07-07T07:48:13Z,,,,,,,,,,,6975.3
2026-07-07T07:48:13Z,,,,,,,,,,,6972.0
2026-07-07T07:48:13Z,,,,,,,,,,,6971.6
2026-07-07T07:48:13Z,,,,,,,,,,,6973.0
2026-07-07T07:48:13Z,,,,,,,,,,,6976.8
2026-07-07T07:48:14Z,,,,,,,,,,,6983.7
2026-07-07T07:48:14Z,51.554211,-0.069303,12.0,1.4,2.5,10,1,3,2.35,300.7,6991.5
2026-07-07T07:48:14Z,,,,,,,,,,,6998.3
2026-07-07T07:48:14Z,,,,,,,,,,,7005.0
2026-07-07T07:48:14Z,,,,,,,,,,,7011.6
2026-07-07T07:48:14Z,,,,,,,,,,,7016.4
2026-07-07T07:48:14Z,,,,,,,,,,,7019.5
2026-07-07T07:48:14Z,,,,,,,,,,,7021.1
2026-07-07T07:48:14Z,,,,,,,,,,,7022.0
2026-07-07T07:48:14Z,,,,,,,,,,,7022.3
2026-07-07T07:48:15Z,,,,,,,,,,,7020.8
2026-07-07T07:48:15Z,51.554211,-0.069320,11.8,1.4,2.5,10,1,3,1.65,300.7,7018.3
2026-07-07T07:48:15Z,,,,,,,,,,,7015.5
2026-07-07T07:48:15Z,,,,,,,,,,,7011.9
2026-07-07T07:48:15Z,,,,,,,,,,,7009.6
2026-07-07T07:48:15Z,,,,,,,,,,,7010.1
2026-07-07T07:48:15Z,,,,,,,,,,,7010.9
2026-07-07T07:48:15Z,,,,,,,,,,,7010.3
2026-07-07T07:48:15Z,,,,,,,,,,,7010.5
2026-07-07T07:48:15Z,,,,,,,,,,,7012.3
2026-07-07T07:48:16Z,,,,,,,,,,,7016.9
2026-07-07T07:48:16Z,51.554214,-0.069339,11.6,1.4,2.5,10,1,3,2.68,315.5,7025.6
2026-07-07T07:48:16Z,,,,,,,,,,,7035.0
2026-07-07T07:48:16Z,,,,,,,,,,,7043.0
2026-07-07T07:48:16Z,,,,,,,,,,,7052.9
2026-07-07T07:48:16Z,,,,,,,,,,,7065.0
2026-07-07T07:48:16Z,,,,,,,,,,,7079.1
2026-07-07T07:48:16Z,,,,,,,,,,,7094.7
2026-07-07T07:48:16Z,,,,,,,,,,,7107.0
2026-07-07T07:48:16Z,,,,,,,,,,,7115.9
2026-07-07T07:48:17Z,,,,,,,,,,,7124.4
2026-07-07T07:48:17Z,51.554214,-0.069362,11.6,1.4,2.5,10,1,3,2.44,295.9,7136.3
2026-07-07T07:48:17Z,,,,,,,,,,,7150.1
2026-07-07T07:48:17Z,,,,,,,,,,,7166.7
2026-07-07T07:48:17Z,,,,,,,,,,,7179.9
2026-07-07T07:48:17Z,,,,,,,,,,,7188.3
2026-07-07T07:48:17Z,,,,,,,,,,,7197.1
2026-07-07T07:48:17Z,,,,,,,,,,,7206.2
2026-07-07T07:48:17Z,,,,,,,,,,,7216.2
2026-07-07T07:48:17Z,,,,,,,,,,,7224.7
2026-07-07T07:48:18Z,,,,,,,,,,,7226.7
2026-07-07T07:48:18Z,51.554214,-0.069383,11.7,1.4,2.5,10,1,3,2.44,273.3,7225.6
2026-07-07T07:48:18Z,,,,,,,,,,,7225.2
2026-07-07T07:48:18Z,,,,,,,,,,,7225.5
2026-07-07T07:48:18Z,,,,,,,,,,,7225.9
2026-07-07T07:48:18Z,,,,,,,,,,,7224.6
2026-07-07T07:48:18Z,,,,,,,,,,,7219.3
2026-07-07T07:48:18Z,,,,,,,,,,,7212.1
2026-07-07T07:48:18Z,,,,,,,,,,,7207.7
2026-07-07T07:48:18Z,,,,,,,,,,,7205.4
2026-07-07T07:48:19Z,,,,,,,,,,,7202.3
2026-07-07T07:48:19Z,51.554214,-0.069403,11.7,1.4,2.5,10,1,3,2.49,300.8,7195.5
2026-07-07T07:48:19Z,,,,,,,,,,,7187.1
2026-07-07T07:48:19Z,,,,,,,,,,,7180.2
2026-07-07T07:48:19Z,,,,,,,,,,,7179.0
2026-07-07T07:48:19Z,,,,,,,,,,,7183.3
2026-07-07T07:48:19Z,,,,,,,,,,,7189.4
2026-07-07T07:48:19Z,,,,,,,,,,,7195.1
2026-07-07T07:48:19Z,,,,,,,,,,,7201.7
2026-07-07T07:48:19Z,,,,,,,,,,,7209.4
2026-07-07T07:48:20Z,,,,,,,,,,,7218.5
2026-07-07T07:48:20Z,51.554218,-0.069424,11.5,1.4,2.5,10,1,3,2.43,296.7,7228.2
2026-07-07T07:48:20Z,,,,,,,,,,,7234.7
2026-07-07T07:48:20Z,,,,,,,,,,,7238.3
2026-07-07T07:48:20Z,,,,,,,,,,,7240.7
2026-07-07T07:48:20Z,,,,,,,,,,,7243.2
2026-07-07T07:48:20Z,,,,,,,,,,,7248.9
2026-07-07T07:48:20Z,,,,,,,,,,,7254.1
2026-07-07T07:48:20Z,,,,,,,,,,,7255.5
2026-07-07T07:48:20Z,,,,,,,,,,,7257.1
2026-07-07T07:48:21Z,,,,,,,,,,,7260.3
2026-07-07T07:48:21Z,51.554222,-0.069442,11.2,1.4,2.5,10,1,3,2.28,292.8,7264.4
2026-07-07T07:48:21Z,,,,,,,,,,,7267.8
2026-07-07T07:48:21Z,,,,,,,,,,,7268.5
2026-07-07T07:48:21Z,,,,,,,,,,,7266.9
2026-07-07T07:48:21Z,,,,,,,,,,,7265.9
2026-07-07T07:48:21Z,,,,,,,,,,,7266.4
2026-07-07T07:48:21Z,,,,,,,,,,,7267.5
2026-07-07T07:48:21Z,,,,,,,,,,,7266.6
2026-07-07T07:48:21Z,,,,,,,,,,,7262.7
2026-07-07T07:48:22Z,,,,,,,,,,,7258.7
2026-07-07T07:48:22Z,51.554226,-0.069457,10.8,1.4,2.5,10,1,3,2.15,311.3,7257.0
2026-07-07T07:48:22Z,,,,,,,,,,,7258.2
2026-07-07T07:48:22Z,,,,,,,,,,,7259.8
2026-07-07T07:48:22Z,,,,,,,,,,,7259.0
2026-07-07T07:48:22Z,,,,,,,,,,,7257.5
2026-07-07T07:48:22Z,,,,,,,,,,,7257.3
2026-07-07T07:48:22Z,,,,,,,,,,,7259.0
2026-07-07T07:48:22Z,,,,,,,,,,,7262.3
2026-07-07T07:48:22Z,,,,,,,,,,,7263.1
2026-07-07T07:48:23Z,,,,,,,,,,,7259.5
2026-07-07T07:48:23Z,51.554226,-0.069477,10.6,1.4,2.5,10,1,3,2.08,300.3,7255.4
2026-07-07T07:48:23Z,,,,,,,,,,,7254.2
2026-07-07T07:48:23Z,,,,,,,,,,,7257.4
2026-07-07T07:48:23Z,,,,,,,,,,,7263.5
2026-07-07T07:48:23Z,,,,,,,,,,,7267.2
2026-07-07T07:48:23Z,,,,,,,,,,,7269.3
2026-07-07T07:48:23Z,,,,,,,,,,,7274.9
2026-07-07T07:48:23Z,,,,,,,,,,,7283.6
2026-07-07T07:48:23Z,,,,,,,,,,,7293.6
2026-07-07T07:48:24Z,,,,,,,,,,,7301.5
2026-07-07T07:48:24Z,51.554230,-0.069495,10.4,1.4,2.5,10,1,3,2.32,295.1,7307.1
2026-07-07T07:48:24Z,,,,,,,,,,,7309.6
2026-07-07T07:48:24Z,,,,,,,,,,,7311.8
2026-07-07T07:48:24Z,,,,,,,,,,,7316.0
2026-07-07T07:48:24Z,,,,,,,,,,,7320.1
2026-07-07T07:48:24Z,,,,,,,,,,,7321.2
2026-07-07T07:48:24Z,,,,,,,,,,,7319.2
2026-07-07T07:48:24Z,,,,,,,,,,,7315.6
2026-07-07T07:48:24Z,,,,,,,,,,,7312.7
2026-07-07T07:48:25Z,,,,,,,,,,,7312.7
2026-07-07T07:48:25Z,51.554226,-0.069511,9.9,1.4,2.5,10,1,3,1.80,295.1,7313.5
2026-07-07T07:48:25Z,,,,,,,,,,,7312.0
2026-07-07T07:48:25Z,,,,,,,,,,,7308.6
2026-07-07T07:48:25Z,,,,,,,,,,,7305.4
2026-07-07T07:48:25Z,,,,,,,,,,,7303.7
2026-07-07T07:48:25Z,,,,,,,,,,,7304.8
2026-07-07T07:48:25Z,,,,,,,,,,,7304.9
2026-07-07T07:48:25Z,,,,,,,,,,,7303.4
2026-07-07T07:48:25Z,,,,,,,,,,,7301.7
2026-07-07T07:48:26Z,,,,,,,,,,,7299.9
2026-07-07T07:48:26Z,51.554226,-0.069527,9.4,1.4,2.5,10,1,3,1.92,295.1,7299.1
2026-07-07T07:48:26Z,,,,,,,,,,,7300.1
2026-07-07T07:48:26Z,,,,,,,,,,,7299.8
2026-07-07T07:48:26Z,,,,,,,,,,,7296.4
2026-07-07T07:48:26Z,,,,,,,,,,,7292.9
2026-07-07T07:48:26Z,,,,,,,,,,,7289.9
2026-07-07T07:48:26Z,,,,,,,,,,,7288.4
2026-07-07T07:48:26Z,,,,,,,,,,,7288.1
2026-07-07T07:48:26Z,,,,,,,,,,,7285.2
2026-07-07T07:48:27Z,,,,,,,,,,,7282.5
2026-07-07T07:48:27Z,51.554226,-0.069545,9.0,1.4,2.5,10,1,3,2.05,282.1,7283.1
2026-07-07T07:48:27Z,,,,,,,,,,,7284.4
2026-07-07T07:48:27Z,,,,,,,,,,,7285.6
2026-07-07T07:48:27Z,,,,,,,,,,,7286.4
2026-07-07T07:48:27Z,,,,,,,,,,,7284.5
2026-07-07T07:48:27Z,,,,,,,,,,,7281.8
2026-07-07T07:48:27Z,,,,,,,,,,,7281.4
2026-07-07T07:48:27Z,,,,,,,,,,,7283.1
2026-07-07T07:48:27Z,,,,,,,,,,,7283.4
2026-07-07T07:48:28Z,,,,,,,,,,,7281.3
2026-07-07T07:48:28Z,51.554234,-0.069559,8.1,1.4,2.5,10,1,3,2.29,276.7,7278.6
2026-07-07T07:48:28Z,,,,,,,,,,,7276.4
2026-07-07T07:48:28Z,,,,,,,,,,,7275.3
2026-07-07T07:48:28Z,,,,,,,,,,,7275.5
2026-07-07T07:48:28Z,,,,,,,,,,,7271.6
2026-07-07T07:48:28Z,,,,,,,,,,,7262.7
2026-07-07T07:48:28Z,,,,,,,,,,,7254.8
2026-07-07T07:48:28Z,,,,,,,,,,,7249.6
2026-07-07T07:48:28Z,,,,,,,,,,,7246.4
2026-07-07T07:48:29Z,,,,,,,,,,,7242.1
2026-07-07T07:48:29Z,51.554230,-0.069579,8.3,1.4,2.5,10,1,3,2.05,309.6,7234.1
2026-07-07T07:48:29Z,,,,,,,,,,,7224.3
2026-07-07T07:48:29Z,,,,,,,,,,,7216.6
2026-07-07T07:48:29Z,,,,,,,,,,,7211.0
2026-07-07T07:48:29Z,,,,,,,,,,,7206.1
2026-07-07T07:48:29Z,,,,,,,,,,,7199.8
2026-07-07T07:48:29Z,,,,,,,,,,,7189.1
2026-07-07T07:48:29Z,,,,,,,,,,,7178.2
2026-07-07T07:48:29Z,,,,,,,,,,,7170.2
2026-07-07T07:48:30Z,,,,,,,,,,,7164.5
2026-07-07T07:48:30Z,51.554230,-0.069598,8.3,1.4,2.5,10,1,3,2.07,268.9,7157.9
2026-07-07T07:48:30Z,,,,,,,,,,,7150.4
2026-07-07T07:48:30Z,,,,,,,,,,,7141.4
2026-07-07T07:48:30Z,,,,,,,,,,,7133.8
2026-07-07T07:48:30Z,,,,,,,,,,,7129.2
2026-07-07T07:48:30Z,,,,,,,,,,,7127.1
2026-07-07T07:48:30Z,,,,,,,,,,,7125.2
2026-07-07T07:48:30Z,,,,,,,,,,,7121.8
2026-07-07T07:48:30Z,,,,,,,,,,,7117.9
2026-07-07T07:48:31Z,,,,,,,,,,,7115.2
2026-07-07T07:48:31Z,51.554226,-0.069615,8.2,1.4,2.5,10,1,3,2.11,271.4,7115.7
2026-07-07T07:48:31Z,,,,,,,,,,,7117.0
2026-07-07T07:48:31Z,,,,,,,,,,,7116.4
2026-07-07T07:48:31Z,,,,,,,,,,,7114.2
2026-07-07T07:48:31Z,,,,,,,,,,,7110.8
2026-07-07T07:48:31Z,,,,,,,,,,,7108.0
2026-07-07T07:48:31Z,,,,,,,,,,,7106.9
2026-07-07T07:48:31Z,,,,,,,,,,,7105.8
2026-07-07T07:48:31Z,,,,,,,,,,,7102.0
2026-07-07T07:48:32Z,,,,,,,,,,,7096.3
2026-07-07T07:48:32Z,51.554226,-0.069633,8.0,1.4,2.5,10,1,3,2.01,251.3,7091.3
2026-07-07T07:48:32Z,,,,,,,,,,,7088.0
2026-07-07T07:48:32Z,,,,,,,,,,,7084.8
2026-07-07T07:48:32Z,,,,,,,,,,,7079.8
2026-07-07T07:48:32Z,,,,,,,,,,,7073.8
2026-07-07T07:48:32Z,,,,,,,,,,,7068.4
2026-07-07T07:48:32Z,,,,,,,,,,,7064.2
2026-07-07T07:48:32Z,,,,,,,,,,,7060.2
2026-07-07T07:48:32Z,,,,,,,,,,,7055.3
2026-07-07T07:48:33Z,,,,,,,,,,,7050.5
2026-07-07T07:48:33Z,51.554226,-0.069644,7.4,1.4,2.5,10,1,3,1.82,251.3,7045.5
2026-07-07T07:48:33Z,,,,,,,,,,,7042.0
2026-07-07T07:48:33Z,,,,,,,,,,,7042.7
2026-07-07T07:48:33Z,,,,,,,,,,,7048.3
2026-07-07T07:48:33Z,,,,,,,,,,,7057.3
2026-07-07T07:48:33Z,,,,,,,,,,,7070.9
2026-07-07T07:48:33Z,,,,,,,,,,,7091.2
2026-07-07T07:48:33Z,,,,,,,,,,,7116.2
2026-07-07T07:48:33Z,,,,,,,,,,,7142.9
2026-07-07T07:48:34Z,,,,,,,,,,,7165.6
2026-07-07T07:48:34Z,51.554222,-0.069657,7.3,1.4,2.5,10,1,3,0.85,251.3,7184.8
2026-07-07T07:48:34Z,,,,,,,,,,,7198.4
2026-07-07T07:48:34Z,,,,,,,,,,,7209.8
2026-07-07T07:48:34Z,,,,,,,,,,,7219.4
2026-07-07T07:48:34Z,,,,,,,,,,,7226.1
2026-07-07T07:48:34Z,,,,,,,,,,,7228.3
2026-07-07T07:48:34Z,,,,,,,,,,,7224.9
2026-07-07T07:48:34Z,,,,,,,,,,,7220.6
2026-07-07T07:48:34Z,,,,,,,,,,,7218.1
2026-07-07T07:48:35Z,,,,,,,,,,,7214.9
2026-07-07T07:48:35Z,51.554222,-0.069673,7.0,1.4,2.5,10,1,3,1.34,251.3,7209.8
2026-07-07T07:48:35Z,,,,,,,,,,,7202.7
2026-07-07T07:48:35Z,,,,,,,,,,,7189.9
2026-07-07T07:48:35Z,,,,,,,,,,,7175.9
2026-07-07T07:48:35Z,,,,,,,,,,,7165.3
2026-07-07T07:48:35Z,,,,,,,,,,,7156.7
2026-07-07T07:48:35Z,,,,,,,,,,,7147.1
2026-07-07T07:48:35Z,,,,,,,,,,,7136.7
2026-07-07T07:48:35Z,,,,,,,,,,,7125.4
2026-07-07T07:48:36Z,,,,,,,,,,,7115.0
2026-07-07T07:48:36Z,51.554222,-0.069690,6.7,1.4,2.5,10,1,3,1.81,251.3,7103.8
2026-07-07T07:48:36Z,,,,,,,,,,,7094.4
2026-07-07T07:48:36Z,,,,,,,,,,,7085.8
2026-07-07T07:48:36Z,,,,,,,,,,,7076.0
2026-07-07T07:48:36Z,,,,,,,,,,,7065.9
2026-07-07T07:48:36Z,,,,,,,,,,,7056.0
2026-07-07T07:48:36Z,,,,,,,,,,,7048.0
2026-07-07T07:48:36Z,,,,,,,,,,,7039.6
2026-07-07T07:48:36Z,,,,,,,,,,,7030.5
2026-07-07T07:48:37Z,,,,,,,,,,,7021.8
2026-07-07T07:48:37Z,51.554226,-0.069708,6.7,1.4,2.5,10,1,3,1.73,251.3,7015.1
2026-07-07T07:48:37Z,,,,,,,,,,,7010.8
2026-07-07T07:48:37Z,,,,,,,,,,,7004.0
2026-07-07T07:48:37Z,,,,,,,,,,,6996.8
2026-07-07T07:48:37Z,,,,,,,,,,,6990.1
2026-07-07T07:48:37Z,,,,,,,,,,,6984.5
2026-07-07T07:48:37Z,,,,,,,,,,,6980.5
2026-07-07T07:48:37Z,,,,,,,,,,,6977.5
2026-07-07T07:48:37Z,,,,,,,,,,,6973.5
2026-07-07T07:48:38Z,,,,,,,,,,,6970.4
2026-07-07T07:48:38Z,51.554230,-0.069725,6.7,1.4,2.5,10,1,3,2.09,297.5,6969.4
2026-07-07T07:48:38Z,,,,,,,,,,,6969.9
2026-07-07T07:48:38Z,,,,,,,,,,,6972.5
2026-07-07T07:48:38Z,,,,,,,,,,,6975.0
2026-07-07T07:48:38Z,,,,,,,,,,,6975.8
2026-07-07T07:48:38Z,,,,,,,,,,,6979.6
2026-07-07T07:48:38Z,,,,,,,,,,,6983.5
2026-07-07T07:48:38Z,,,,,,,,,,,6986.0
2026-07-07T07:48:38Z,,,,,,,,,,,6991.6
2026-07-07T07:48:39Z,,,,,,,,,,,6995.7
2026-07-07T07:48:39Z,51.554226,-0.069739,6.2,1.4,2.5,10,1,3,2.38,319.8,6998.2
2026-07-07T07:48:39Z,,,,,,,,,,,7001.0
2026-07-07T07:48:39Z,,,,,,,,,,,7006.1
2026-07-07T07:48:39Z,,,,,,,,,,,7013.3
2026-07-07T07:48:39Z,,,,,,,,,,,7023.4
2026-07-07T07:48:39Z,,,,,,,,,,,7034.4
2026-07-07T07:48:39Z,,,,,,,,,,,7042.7
2026-07-07T07:48:39Z,,,,,,,,,,,7050.2
2026-07-07T07:48:39Z,,,,,,,,,,,7060.7
2026-07-07T07:48:40Z,,,,,,,,,,,7072.7
2026-07-07T07:48:40Z,51.554218,-0.069755,5.7,1.4,2.5,10,1,3,2.10,222.2,7083.2
2026-07-07T07:48:40Z,,,,,,,,,,,7090.4
2026-07-07T07:48:40Z,,,,,,,,,,,7093.6
2026-07-07T07:48:40Z,,,,,,,,,,,7094.0
2026-07-07T07:48:40Z,,,,,,,,,,,7094.0
2026-07-07T07:48:40Z,,,,,,,,,,,7095.1
2026-07-07T07:48:40Z,,,,,,,,,,,7094.1
2026-07-07T07:48:40Z,,,,,,,,,,,7090.1
2026-07-07T07:48:40Z,,,,,,,,,,,7083.5
2026-07-07T07:48:41Z,,,,,,,,,,,7075.5
2026-07-07T07:48:41Z,51.554211,-0.069771,5.4,1.4,2.5,10,1,3,2.36,220.6,7069.7
2026-07-07T07:48:41Z,,,,,,,,,,,7065.0
2026-07-07T07:48:41Z,,,,,,,,,,,7057.0
2026-07-07T07:48:41Z,,,,,,,,,,,7048.3
2026-07-07T07:48:41Z,,,,,,,,,,,7041.1
2026-07-07T07:48:41Z,,,,,,,,,,,7035.7
2026-07-07T07:48:41Z,,,,,,,,,,,7033.7
2026-07-07T07:48:41Z,,,,,,,,,,,7034.5
2026-07-07T07:48:41Z,,,,,,,,,,,7036.1
2026-07-07T07:48:42Z,,,,,,,,,,,7040.6
2026-07-07T07:48:42Z,51.554207,-0.069781,5.1,1.4,2.5,10,1,3,1.62,220.6,7049.6
2026-07-07T07:48:42Z,,,,,,,,,,,7061.8
2026-07-07T07:48:42Z,,,,,,,,,,,7074.7
2026-07-07T07:48:42Z,,,,,,,,,,,7087.5
2026-07-07T07:48:42Z,,,,,,,,,,,7098.3
2026-07-07T07:48:42Z,,,,,,,,,,,7108.9
2026-07-07T07:48:42Z,,,,,,,,,,,7118.6
2026-07-07T07:48:42Z,,,,,,,,,,,7124.9
2026-07-07T07:48:42Z,,,,,,,,,,,7127.1
2026-07-07T07:48:43Z,,,,,,,,,,,7126.4
2026-07-07T07:48:43Z,51.554195,-0.069799,5.0,1.4,2.5,10,1,3,1.59,220.6,7124.1
2026-07-07T07:48:43Z,,,,,,,,,,,7121.6
2026-07-07T07:48:43Z,,,,,,,,,,,7120.7
2026-07-07T07:48:43Z,,,,,,,,,,,7118.0
2026-07-07T07:48:43Z,,,,,,,,,,,7112.4
2026-07-07T07:48:43Z,,,,,,,,,,,7107.1
2026-07-07T07:48:43Z,,,,,,,,,,,7101.2
2026-07-07T07:48:43Z,,,,,,,,,,,7095.9
2026-07-07T07:48:43Z,,,,,,,,,,,7091.4
2026-07-07T07:48:44Z,,,,,,,,,,,7084.6
2026-07-07T07:48:44Z,51.554184,-0.069816,4.9,1.4,2.5,10,1,3,2.83,219.3,7077.4
2026-07-07T07:48:44Z,,,,,,,,,,,7065.3
2026-07-07T07:48:44Z,,,,,,,,,,,7052.8
2026-07-07T07:48:44Z,,,,,,,,,,,7045.2
2026-07-07T07:48:44Z,,,,,,,,,,,7039.1
2026-07-07T07:48:44Z,,,,,,,,,,,7031.2
2026-07-07T07:48:44Z,,,,,,,,,,,7021.5
2026-07-07T07:48:44Z,,,,,,,,,,,7012.7
2026-07-07T07:48:44Z,,,,,,,,,,,7005.5
2026-07-07T07:48:45Z,,,,,,,,,,,7000.5
2026-07-07T07:48:45Z,51.554173,-0.069837,4.9,1.4,2.5,10,1,3,3.38,209.9,6995.3
2026-07-07T07:48:45Z,,,,,,,,,,,6988.5
2026-07-07T07:48:45Z,,,,,,,,,,,6979.9
2026-07-07T07:48:45Z,,,,,,,,,,,6973.8
2026-07-07T07:48:45Z,,,,,,,,,,,6968.4
2026-07-07T07:48:45Z,,,,,,,,,,,6962.3
2026-07-07T07:48:45Z,,,,,,,,,,,6955.4
2026-07-07T07:48:45Z,,,,,,,,,,,6949.2
2026-07-07T07:48:45Z,,,,,,,,,,,6944.3
2026-07-07T07:48:46Z,,,,,,,,,,,6940.7
2026-07-07T07:48:46Z,51.554165,-0.069854,5.0,1.4,2.5,10,1,3,2.93,216.5,6937.1
2026-07-07T07:48:46Z,,,,,,,,,,,6931.6
2026-07-07T07:48:46Z,,,,,,,,,,,6924.6
2026-07-07T07:48:46Z,,,,,,,,,,,6917.9
2026-07-07T07:48:46Z,,,,,,,,,,,6912.5
2026-07-07T07:48:46Z,,,,,,,,,,,6909.3
2026-07-07T07:48:46Z,,,,,,,,,,,6906.6
2026-07-07T07:48:46Z,,,,,,,,,,,6903.3
2026-07-07T07:48:46Z,,,,,,,,,,,6899.1
2026-07-07T07:48:47Z,,,,,,,,,,,6894.2
2026-07-07T07:48:47Z,51.554150,-0.069876,5.1,1.4,2.5,10,1,3,2.66,216.9,6890.7
2026-07-07T07:48:47Z,,,,,,,,,,,6888.6
2026-07-07T07:48:47Z,,,,,,,,,,,6886.4
2026-07-07T07:48:47Z,,,,,,,,,,,6883.2
2026-07-07T07:48:47Z,,,,,,,,,,,6880.0
2026-07-07T07:48:47Z,,,,,,,,,,,6876.8
2026-07-07T07:48:47Z,,,,,,,,,,,6875.9
2026-07-07T07:48:47Z,,,,,,,,,,,6877.3
2026-07-07T07:48:47Z,,,,,,,,,,,6877.6
2026-07-07T07:48:48Z,,,,,,,,,,,6876.7
2026-07-07T07:48:48Z,51.554134,-0.069894,4.9,1.4,2.5,10,1,3,4.02,213.0,6876.4
2026-07-07T07:48:48Z,,,,,,,,,,,6876.4
2026-07-07T07:48:48Z,,,,,,,,,,,6877.2
2026-07-07T07:48:48Z,,,,,,,,,,,6879.5
2026-07-07T07:48:48Z,,,,,,,,,,,6879.6
2026-07-07T07:48:48Z,,,,,,,,,,,6878.3
2026-07-07T07:48:48Z,,,,,,,,,,,6878.4
2026-07-07T07:48:48Z,,,,,,,,,,,6879.2
2026-07-07T07:48:48Z,,,,,,,,,,,6879.7
2026-07-07T07:48:49Z,,,,,,,,,,,6878.6
2026-07-07T07:48:49Z,51.554123,-0.069909,4.8,1.4,2.5,10,1,3,2.84,221.5,6876.3
2026-07-07T07:48:49Z,,,,,,,,,,,6874.4
2026-07-07T07:48:49Z,,,,,,,,,,,6873.1
2026-07-07T07:48:49Z,,,,,,,,,,,6873.3
2026-07-07T07:48:49Z,,,,,,,,,,,6872.0
2026-07-07T07:48:49Z,,,,,,,,,,,6868.6
2026-07-07T07:48:49Z,,,,,,,,,,,6865.9
2026-07-07T07:48:49Z,,,,,,,,,,,6864.6
2026-07-07T07:48:49Z,,,,,,,,,,,6864.9
2026-07-07T07:48:50Z,,,,,,,,,,,6865.1
2026-07-07T07:48:50Z,51.554108,-0.069922,4.9,1.4,2.5,10,1,3,3.05,207.9,6863.8
2026-07-07T07:48:50Z,,,,,,,,,,,6861.1
2026-07-07T07:48:50Z,,,,,,,,,,,6858.8
2026-07-07T07:48:50Z,,,,,,,,,,,6857.6
2026-07-07T07:48:50Z,,,,,,,,,,,6856.9
2026-07-07T07:48:50Z,,,,,,,,,,,6856.1
2026-07-07T07:48:50Z,,,,,,,,,,,6853.1
2026-07-07T07:48:50Z,,,,,,,,,,,6848.5
2026-07-07T07:48:50Z,,,,,,,,,,,6844.2
2026-07-07T07:48:51Z,,,,,,,,,,,6840.4
2026-07-07T07:48:51Z,51.554108,-0.069936,5.2,1.4,2.5,10,1,3,2.96,206.1,6837.3
2026-07-07T07:48:51Z,,,,,,,,,,,6835.2
2026-07-07T07:48:51Z,,,,,,,,,,,6830.7
2026-07-07T07:48:51Z,,,,,,,,,,,6824.3
2026-07-07T07:48:51Z,,,,,,,,,,,6820.0
2026-07-07T07:48:51Z,,,,,,,,,,,6817.8
2026-07-07T07:48:51Z,,,,,,,,,,,6815.3
2026-07-07T07:48:51Z,,,,,,,,,,,6811.8
2026-07-07T07:48:51Z,,,,,,,,,,,6806.4
2026-07-07T07:48:52Z,,,,,,,,,,,6800.4
2026-07-07T07:48:52Z,51.554111,-0.069951,5.4,1.4,2.5,10,1,3,1.82,206.1,6795.0
2026-07-07T07:48:52Z,,,,,,,,,,,6792.1
2026-07-07T07:48:52Z,,,,,,,,,,,6789.9
2026-07-07T07:48:52Z,,,,,,,,,,,6787.7
2026-07-07T07:48:52Z,,,,,,,,,,,6784.6
2026-07-07T07:48:52Z,,,,,,,,,,,6779.3
2026-07-07T07:48:52Z,,,,,,,,,,,6774.4
2026-07-07T07:48:52Z,,,,,,,,,,,6771.4
2026-07-07T07:48:52Z,,,,,,,,,,,6768.6
2026-07-07T07:48:53Z,,,,,,,,,,,6765.0
2026-07-07T07:48:53Z,51.554119,-0.069965,5.2,1.4,2.5,10,1,3,2.13,315.8,6760.3
2026-07-07T07:48:53Z,,,,,,,,,,,6755.5
2026-07-07T07:48:53Z,,,,,,,,,,,6751.6
2026-07-07T07:48:53Z,,,,,,,,,,,6749.0
2026-07-07T07:48:53Z,,,,,,,,,,,6746.5
2026-07-07T07:48:53Z,,,,,,,,,,,6743.3
2026-07-07T07:48:53Z,,,,,,,,,,,6739.8
2026-07-07T07:48:53Z,,,,,,,,,,,6736.0
2026-07-07T07:48:53Z,,,,,,,,,,,6731.7
2026-07-07T07:48:54Z,,,,,,,,,,,6728.3
2026-07-07T07:48:54Z,51.554119,-0.069970,5.5,1.4,2.5,10,1,3,1.41,315.8,6725.0
2026-07-07T07:48:54Z,,,,,,,,,,,6720.6
2026-07-07T07:48:54Z,,,,,,,,,,,6717.0
2026-07-07T07:48:54Z,,,,,,,,,,,6714.7
2026-07-07T07:48:54Z,,,,,,,,,,,6713.5
2026-07-07T07:48:54Z,,,,,,,,,,,6713.8
2026-07-07T07:48:54Z,,,,,,,,,,,6714.0
2026-07-07T07:48:54Z,,,,,,,,,,,6713.1
2026-07-07T07:48:54Z,,,,,,,,,,,6712.0
2026-07-07T07:48:55Z,,,,,,,,,,,6710.4
2026-07-07T07:48:55Z,51.554119,-0.069976,5.9,1.4,2.5,10,1,3,0.00,315.8,6707.8
2026-07-07T07:48:55Z,,,,,,,,,,,6705.8
2026-07-07T07:48:55Z,,,,,,,,,,,6704.1
2026-07-07T07:48:55Z,,,,,,,,,,,6702.6
2026-07-07T07:48:55Z,,,,,,,,,,,6703.4
2026-07-07T07:48:55Z,,,,,,,,,,,6705.8
2026-07-07T07:48:55Z,,,,,,,,,,,6709.3
2026-07-07T07:48:55Z,,,,,,,,,,,6714.6
2026-07-07T07:48:55Z,,,,,,,,,,,6718.2
2026-07-07T07:48:56Z,,,,,,,,,,,6720.0
2026-07-07T07:48:56Z,51.554119,-0.069981,6.2,1.4,2.5,10,1,3,0.00,315.8,6723.7
2026-07-07T07:48:56Z,,,,,,,,,,,6726.5
2026-07-07T07:48:56Z,,,,,,,,,,,6725.9
2026-07-07T07:48:56Z,,,,,,,,,,,6723.9
2026-07-07T07:48:56Z,,,,,,,,,,,6722.4
2026-07-07T07:48:56Z,,,,,,,,,,,6721.5
2026-07-07T07:48:56Z,,,,,,,,,,,6721.5
2026-07-07T07:48:56Z,,,,,,,,,,,6721.8
2026-07-07T07:48:56Z,,,,,,,,,,,6719.2
2026-07-07T07:48:57Z,,,,,,,,,,,6715.1
2026-07-07T07:48:57Z,51.554127,-0.069990,6.8,1.4,2.5,10,1,3,0.00,315.8,6713.2
2026-07-07T07:48:57Z,,,,,,,,,,,6712.4
2026-07-07T07:48:57Z,,,,,,,,,,,6710.9
2026-07-07T07:48:57Z,,,,,,,,,,,6708.9
2026-07-07T07:48:57Z,,,,,,,,,,,6704.2
2026-07-07T07:48:57Z,,,,,,,,,,,6698.9
2026-07-07T07:48:57Z,,,,,,,,,,,6696.5
2026-07-07T07:48:57Z,,,,,,,,,,,6696.2
2026-07-07T07:48:57Z,,,,,,,,,,,6695.7
2026-07-07T07:48:58Z,,,,,,,,,,,6694.0
2026-07-07T07:48:58Z,51.554127,-0.070010,7.2,1.4,2.5,10,1,3,1.72,315.8,6690.2
2026-07-07T07:48:58Z,,,,,,,,,,,6688.0
2026-07-07T07:48:58Z,,,,,,,,,,,6688.3
2026-07-07T07:48:58Z,,,,,,,,,,,6688.7
2026-07-07T07:48:58Z,,,,,,,,,,,6687.7
2026-07-07T07:48:58Z,,,,,,,,,,,6684.2
2026-07-07T07:48:58Z,,,,,,,,,,,6679.5
2026-07-07T07:48:58Z,,,,,,,,,,,6676.1
2026-07-07T07:48:58Z,,,,,,,,,,,6675.7
2026-07-07T07:48:59Z,,,,,,,,,,,6675.9
2026-07-07T07:48:59Z,51.554127,-0.070038,7.5,1.4,2.5,10,1,3,2.65,260.3,6675.2
2026-07-07T07:48:59Z,,,,,,,,,,,6673.6
2026-07-07T07:48:59Z,,,,,,,,,,,6671.4
2026-07-07T07:48:59Z,,,,,,,,,,,6669.7
2026-07-07T07:48:59Z,,,,,,,,,,,6669.3
2026-07-07T07:48:59Z,,,,,,,,,,,6668.3
2026-07-07T07:48:59Z,,,,,,,,,,,6665.1
2026-07-07T07:48:59Z,,,,,,,,,,,6661.8
2026-07-07T07:48:59Z,,,,,,,,,,,6658.1
2026-07-07T07:49:00Z,,,,,,,,,,,6654.3
2026-07-07T07:49:00Z,51.554131,-0.070068,8.0,1.4,2.5,10,1,3,2.94,274.8,6650.7
2026-07-07T07:49:00Z,,,,,,,,,,,6646.2
2026-07-07T07:49:00Z,,,,,,,,,,,6642.7
2026-07-07T07:49:00Z,,,,,,,,,,,6640.6
2026-07-07T07:49:00Z,,,,,,,,,,,6636.7
2026-07-07T07:49:00Z,,,,,,,,,,,6628.9
2026-07-07T07:49:00Z,,,,,,,,,,,6622.8
2026-07-07T07:49:00Z,,,,,,,,,,,6622.8
2026-07-07T07:49:00Z,,,,,,,,,,,6623.0
2026-07-07T07:49:01Z,,,,,,,,,,,6622.5
2026-07-07T07:49:01Z,51.554131,-0.070094,8.9,1.4,2.5,10,1,3,2.88,289.2,6622.7
2026-07-07T07:49:01Z,,,,,,,,,,,6622.1
2026-07-07T07:49:01Z,,,,,,,,,,,6621.9
2026-07-07T07:49:01Z,,,,,,,,,,,6624.4
2026-07-07T07:49:01Z,,,,,,,,,,,6630.4
2026-07-07T07:49:01Z,,,,,,,,,,,6639.9
2026-07-07T07:49:01Z,,,,,,,,,,,6650.6
2026-07-07T07:49:01Z,,,,,,,,,,,6661.5
2026-07-07T07:49:01Z,,,,,,,,,,,6672.7
2026-07-07T07:49:02Z,,,,,,,,,,,6684.9
2026-07-07T07:49:02Z,51.554134,-0.070116,10.0,1.4,2.5,10,1,3,2.14,287.9,6698.3
2026-07-07T07:49:02Z,,,,,,,,,,,6711.5
2026-07-07T07:49:02Z,,,,,,,,,,,6722.0
2026-07-07T07:49:02Z,,,,,,,,,,,6728.7
2026-07-07T07:49:02Z,,,,,,,,,,,6733.7
2026-07-07T07:49:02Z,,,,,,,,,,,6738.3
2026-07-07T07:49:02Z,,,,,,,,,,,6741.5
2026-07-07T07:49:02Z,,,,,,,,,,,6743.2
2026-07-07T07:49:02Z,,,,,,,,,,,6742.6
2026-07-07T07:49:03Z,,,,,,,,,,,6738.5
2026-07-07T07:49:03Z,51.554142,-0.070143,11.2,1.4,2.5,10,1,3,1.69,287.9,6731.4
2026-07-07T07:49:03Z,,,,,,,,,,,6726.9
2026-07-07T07:49:03Z,,,,,,,,,,,6724.9
2026-07-07T07:49:03Z,,,,,,,,,,,6721.1
2026-07-07T07:49:03Z,,,,,,,,,,,6715.9
2026-07-07T07:49:03Z,,,,,,,,,,,6708.3
2026-07-07T07:49:03Z,,,,,,,,,,,6701.7
2026-07-07T07:49:03Z,,,,,,,,,,,6700.3
2026-07-07T07:49:03Z,,,,,,,,,,,6701.8
2026-07-07T07:49:04Z,,,,,,,,,,,6706.1
2026-07-07T07:49:04Z,51.554142,-0.070170,12.3,1.4,2.5,10,1,3,2.60,288.7,6715.8
2026-07-07T07:49:04Z,,,,,,,,,,,6728.2
2026-07-07T07:49:04Z,,,,,,,,,,,6747.9
2026-07-07T07:49:04Z,,,,,,,,,,,6774.5
2026-07-07T07:49:04Z,,,,,,,,,,,6801.7
2026-07-07T07:49:04Z,,,,,,,,,,,6827.7
2026-07-07T07:49:04Z,,,,,,,,,,,6852.1
2026-07-07T07:49:04Z,,,,,,,,,,,6872.0
2026-07-07T07:49:04Z,,,,,,,,,,,6888.9
2026-07-07T07:49:05Z,,,,,,,,,,,6904.6
2026-07-07T07:49:05Z,51.554142,-0.070202,13.4,1.4,2.5,10,1,3,2.40,284.9,6917.5
2026-07-07T07:49:05Z,,,,,,,,,,,6924.3
2026-07-07T07:49:05Z,,,,,,,,,,,6927.9
2026-07-07T07:49:05Z,,,,,,,,,,,6930.1
2026-07-07T07:49:05Z,,,,,,,,,,,6930.1
2026-07-07T07:49:05Z,,,,,,,,,,,6929.3
2026-07-07T07:49:05Z,,,,,,,,,,,6928.0
2026-07-07T07:49:05Z,,,,,,,,,,,6925.2
2026-07-07T07:49:05Z,,,,,,,,,,,6923.0
2026-07-07T07:49:06Z,,,,,,,,,,,6920.8
2026-07-07T07:49:06Z,51.554134,-0.070231,14.1,1.4,2.5,10,1,3,2.81,268.9,6916.6
2026-07-07T07:49:06Z,,,,,,,,,,,6911.1
2026-07-07T07:49:06Z,,,,,,,,,,,6903.7
2026-07-07T07:49:06Z,,,,,,,,,,,6894.6
2026-07-07T07:49:06Z,,,,,,,,,,,6886.0
2026-07-07T07:49:06Z,,,,,,,,,,,6878.6
2026-07-07T07:49:06Z,,,,,,,,,,,6869.8
2026-07-07T07:49:06Z,,,,,,,,,,,6860.4
2026-07-07T07:49:06Z,,,,,,,,,,,6852.5
2026-07-07T07:49:07Z,,,,,,,,,,,6845.9
2026-07-07T07:49:07Z,51.554127,-0.070259,15.0,1.4,2.5,10,1,3,3.08,261.4,6839.4
2026-07-07T07:49:07Z,,,,,,,,,,,6833.6
2026-07-07T07:49:07Z,,,,,,,,,,,6828.2
2026-07-07T07:49:07Z,,,,,,,,,,,6825.1
2026-07-07T07:49:07Z,,,,,,,,,,,6826.2
2026-07-07T07:49:07Z,,,,,,,,,,,6832.7
2026-07-07T07:49:07Z,,,,,,,,,,,6845.1
2026-07-07T07:49:07Z,,,,,,,,,,,6859.9
2026-07-07T07:49:07Z,,,,,,,,,,,6873.3
2026-07-07T07:49:08Z,,,,,,,,,,,6887.5
2026-07-07T07:49:08Z,51.554119,-0.070285,15.8,1.4,2.5,10,1,3,2.44,240.7,6906.4
2026-07-07T07:49:08Z,,,,,,,,,,,6925.7
2026-07-07T07:49:08Z,,,,,,,,,,,6943.9
2026-07-07T07:49:08Z,,,,,,,,,,,6961.0
2026-07-07T07:49:08Z,,,,,,,,,,,6973.9
2026-07-07T07:49:08Z,,,,,,,,,,,6985.2
2026-07-07T07:49:08Z,,,,,,,,,,,6997.2
2026-07-07T07:49:08Z,,,,,,,,,,,7007.3
2026-07-07T07:49:08Z,,,,,,,,,,,7013.8
2026-07-07T07:49:09Z,,,,,,,,,,,7018.9
2026-07-07T07:49:09Z,51.554108,-0.070308,16.3,1.4,2.5,10,1,3,2.45,236.7,7022.6
2026-07-07T07:49:09Z,,,,,,,,,,,7024.2
2026-07-07T07:49:09Z,,,,,,,,,,,7025.6
2026-07-07T07:49:09Z,,,,,,,,,,,7025.9
2026-07-07T07:49:09Z,,,,,,,,,,,7022.9
2026-07-07T07:49:09Z,,,,,,,,,,,7018.0
2026-07-07T07:49:09Z,,,,,,,,,,,7012.1
2026-07-07T07:49:09Z,,,,,,,,,,,7005.6
2026-07-07T07:49:09Z,,,,,,,,,,,7000.9
2026-07-07T07:49:10Z,,,,,,,,,,,6995.4
2026-07-07T07:49:10Z,51.554100,-0.070330,16.7,1.4,2.5,10,1,3,2.27,237.9,6987.9
2026-07-07T07:49:10Z,,,,,,,,,,,6981.2
2026-07-07T07:49:10Z,,,,,,,,,,,6974.9
2026-07-07T07:49:10Z,,,,,,,,,,,6968.2
2026-07-07T07:49:10Z,,,,,,,,,,,6961.0
2026-07-07T07:49:10Z,,,,,,,,,,,6953.1
2026-07-07T07:49:10Z,,,,,,,,,,,6942.7
2026-07-07T07:49:10Z,,,,,,,,,,,6933.2
2026-07-07T07:49:10Z,,,,,,,,,,,6924.3
2026-07-07T07:49:11Z,,,,,,,,,,,6914.9
2026-07-07T07:49:11Z,51.554085,-0.070349,16.8,1.3,2.5,11,1,3,2.70,257.6,6904.9
2026-07-07T07:49:11Z,,,,,,,,,,,6895.4
2026-07-07T07:49:11Z,,,,,,,,,,,6889.4
2026-07-07T07:49:11Z,,,,,,,,,,,6887.5
2026-07-07T07:49:11Z,,,,,,,,,,,6884.6
2026-07-07T07:49:11Z,,,,,,,,,,,6879.2
2026-07-07T07:49:11Z,,,,,,,,,,,6871.1
2026-07-07T07:49:11Z,,,,,,,,,,,6861.5
2026-07-07T07:49:11Z,,,,,,,,,,,6853.1
2026-07-07T07:49:12Z,,,,,,,,,,,6847.1
2026-07-07T07:49:12Z,51.554073,-0.070364,17.0,1.3,2.5,11,1,3,1.62,257.6,6844.3
2026-07-07T07:49:12Z,,,,,,,,,,,6841.1
2026-07-07T07:49:12Z,,,,,,,,,,,6836.2
2026-07-07T07:49:12Z,,,,,,,,,,,6835.6
2026-07-07T07:49:12Z,,,,,,,,,,,6839.5
2026-07-07T07:49:12Z,,,,,,,,,,,6846.9
2026-07-07T07:49:12Z,,,,,,,,,,,6857.8
2026-07-07T07:49:12Z,,,,,,,,,,,6869.5
2026-07-07T07:49:12Z,,,,,,,,,,,6882.2
2026-07-07T07:49:13Z,,,,,,,,,,,6897.0
2026-07-07T07:49:13Z,51.554066,-0.070382,17.2,1.3,2.5,11,1,3,0.63,257.6,6913.3
2026-07-07T07:49:13Z,,,,,,,,,,,6930.1
2026-07-07T07:49:13Z,,,,,,,,,,,6945.3
2026-07-07T07:49:13Z,,,,,,,,,,,6956.2
2026-07-07T07:49:13Z,,,,,,,,,,,6962.7
2026-07-07T07:49:13Z,,,,,,,,,,,6968.8
2026-07-07T07:49:13Z,,,,,,,,,,,6976.9
2026-07-07T07:49:13Z,,,,,,,,,,,6982.6
2026-07-07T07:49:13Z,,,,,,,,,,,6986.1
2026-07-07T07:49:14Z,,,,,,,,,,,6987.4
2026-07-07T07:49:14Z,51.554054,-0.070403,17.1,1.3,2.5,11,1,3,1.33,257.6,6987.7
2026-07-07T07:49:14Z,,,,,,,,,,,6991.0
2026-07-07T07:49:14Z,,,,,,,,,,,6995.5
2026-07-07T07:49:14Z,,,,,,,,,,,6995.9
2026-07-07T07:49:14Z,,,,,,,,,,,6992.9
2026-07-07T07:49:14Z,,,,,,,,,,,6989.0
2026-07-07T07:49:14Z,,,,,,,,,,,6983.8
2026-07-07T07:49:14Z,,,,,,,,,,,6978.3
2026-07-07T07:49:14Z,,,,,,,,,,,6973.0
2026-07-07T07:49:15Z,,,,,,,,,,,6966.3
2026-07-07T07:49:15Z,51.554047,-0.070430,17.2,1.3,2.5,11,1,3,2.29,245.0,6958.7
2026-07-07T07:49:15Z,,,,,,,,,,,6953.4
2026-07-07T07:49:15Z,,,,,,,,,,,6949.8
2026-07-07T07:49:15Z,,,,,,,,,,,6947.1
2026-07-07T07:49:15Z,,,,,,,,,,,6944.2
2026-07-07T07:49:15Z,,,,,,,,,,,6940.4
2026-07-07T07:49:15Z,,,,,,,,,,,6937.7
2026-07-07T07:49:15Z,,,,,,,,,,,6936.4
2026-07-07T07:49:15Z,,,,,,,,,,,6935.1
2026-07-07T07:49:16Z,,,,,,,,,,,6933.1
2026-07-07T07:49:16Z,51.554035,-0.070459,17.3,1.3,2.5,11,1,3,1.89,245.0,6930.4
2026-07-07T07:49:16Z,,,,,,,,,,,6928.1
2026-07-07T07:49:16Z,,,,,,,,,,,6929.1
2026-07-07T07:49:16Z,,,,,,,,,,,6934.4
2026-07-07T07:49:16Z,,,,,,,,,,,6940.6
2026-07-07T07:49:16Z,,,,,,,,,,,6944.7
2026-07-07T07:49:16Z,,,,,,,,,,,6948.0
2026-07-07T07:49:16Z,,,,,,,,,,,6952.2
2026-07-07T07:49:16Z,,,,,,,,,,,6956.6
2026-07-07T07:49:17Z,,,,,,,,,,,6961.8
2026-07-07T07:49:17Z,51.554031,-0.070486,17.6,1.3,2.5,11,1,3,2.71,248.1,6965.5
2026-07-07T07:49:17Z,,,,,,,,,,,6964.7
2026-07-07T07:49:17Z,,,,,,,,,,,6962.5
2026-07-07T07:49:17Z,,,,,,,,,,,6961.1
2026-07-07T07:49:17Z,,,,,,,,,,,6960.2
2026-07-07T07:49:17Z,,,,,,,,,,,6960.1
2026-07-07T07:49:17Z,,,,,,,,,,,6957.9
2026-07-07T07:49:17Z,,,,,,,,,,,6953.3
2026-07-07T07:49:17Z,,,,,,,,,,,6949.1
2026-07-07T07:49:18Z,,,,,,,,,,,6946.0
2026-07-07T07:49:18Z,51.554024,-0.070506,17.5,1.3,2.5,11,1,3,1.81,248.1,6942.5
2026-07-07T07:49:18Z,,,,,,,,,,,6938.8
2026-07-07T07:49:18Z,,,,,,,,,,,6933.1
2026-07-07T07:49:18Z,,,,,,,,,,,6924.1
2026-07-07T07:49:18Z,,,,,,,,,,,6915.5
2026-07-07T07:49:18Z,,,,,,,,,,,6910.1
2026-07-07T07:49:18Z,,,,,,,,,,,6905.2
2026-07-07T07:49:18Z,,,,,,,,,,,6899.7
2026-07-07T07:49:18Z,,,,,,,,,,,6893.7
2026-07-07T07:49:18Z,,,,,,,,,,,6887.1
2026-07-07T07:49:19Z,51.554016,-0.070529,17.6,1.3,2.5,11,1,3,1.87,248.1,6881.5
2026-07-07T07:49:19Z,,,,,,,,,,,6877.7
2026-07-07T07:49:19Z,,,,,,,,,,,6874.8
2026-07-07T07:49:19Z,,,,,,,,,,,6871.6
2026-07-07T07:49:19Z,,,,,,,,,,,6868.9
2026-07-07T07:49:19Z,,,,,,,,,,,6866.9
2026-07-07T07:49:19Z,,,,,,,,,,,6866.2
2026-07-07T07:49:19Z,,,,,,,,,,,6866.5
2026-07-07T07:49:19Z,,,,,,,,,,,6867.4
2026-07-07T07:49:20Z,,,,,,,,,,,6869.7
2026-07-07T07:49:20Z,51.554012,-0.070548,17.2,1.3,2.5,11,1,3,1.77,248.1,6874.1
2026-07-07T07:49:20Z,,,,,,,,,,,6878.3
2026-07-07T07:49:20Z,,,,,,,,,,,6883.8
2026-07-07T07:49:20Z,,,,,,,,,,,6892.3
2026-07-07T07:49:20Z,,,,,,,,,,,6900.9
2026-07-07T07:49:20Z,,,,,,,,,,,6910.6
2026-07-07T07:49:20Z,,,,,,,,,,,6922.0
2026-07-07T07:49:20Z,,,,,,,,,,,6932.8
2026-07-07T07:49:20Z,,,,,,,,,,,6941.1
2026-07-07T07:49:21Z,,,,,,,,,,,6946.6
2026-07-07T07:49:21Z,51.554012,-0.070563,16.7,1.3,2.5,11,1,3,0.85,248.1,6952.2
2026-07-07T07:49:21Z,,,,,,,,,,,6957.1
2026-07-07T07:49:21Z,,,,,,,,,,,6960.4
2026-07-07T07:49:21Z,,,,,,,,,,,6962.2
2026-07-07T07:49:21Z,,,,,,,,,,,6961.7
2026-07-07T07:49:21Z,,,,,,,,,,,6958.9
2026-07-07T07:49:21Z,,,,,,,,,,,6956.6
2026-07-07T07:49:21Z,,,,,,,,,,,6955.7
2026-07-07T07:49:21Z,,,,,,,,,,,6956.2
2026-07-07T07:49:22Z,,,,,,,,,,,6957.4
2026-07-07T07:49:22Z,51.554005,-0.070578,16.2,1.3,2.5,11,1,3,0.68,248.1,6958.8
2026-07-07T07:49:22Z,,,,,,,,,,,6962.9
2026-07-07T07:49:22Z,,,,,,,,,,,6971.8
2026-07-07T07:49:22Z,,,,,,,,,,,6984.9
2026-07-07T07:49:22Z,,,,,,,,,,,7001.6
2026-07-07T07:49:22Z,,,,,,,,,,,7018.9
2026-07-07T07:49:22Z,,,,,,,,,,,7034.7
2026-07-07T07:49:22Z,,,,,,,,,,,7051.9
2026-07-07T07:49:22Z,,,,,,,,,,,7070.7
2026-07-07T07:49:23Z,,,,,,,,,,,7087.9
2026-07-07T07:49:23Z,51.554008,-0.070603,16.8,1.3,2.5,11,1,3,1.28,248.1,7102.8
2026-07-07T07:49:23Z,,,,,,,,,,,7114.4
2026-07-07T07:49:23Z,,,,,,,,,,,7121.7
2026-07-07T07:49:23Z,,,,,,,,,,,7127.5
2026-07-07T07:49:23Z,,,,,,,,,,,7133.9
2026-07-07T07:49:23Z,,,,,,,,,,,7139.0
2026-07-07T07:49:23Z,,,,,,,,,,,7140.2
2026-07-07T07:49:23Z,,,,,,,,,,,7137.8
2026-07-07T07:49:23Z,,,,,,,,,,,7133.1
2026-07-07T07:49:24Z,,,,,,,,,,,7128.7
2026-07-07T07:49:24Z,51.554012,-0.070621,16.6,1.3,2.5,11,1,3,1.13,248.1,7126.1
2026-07-07T07:49:24Z,,,,,,,,,,,7122.5
2026-07-07T07:49:24Z,,,,,,,,,,,7117.9
2026-07-07T07:49:24Z,,,,,,,,,,,7113.1
2026-07-07T07:49:24Z,,,,,,,,,,,7107.0
2026-07-07T07:49:24Z,,,,,,,,,,,7102.8
2026-07-07T07:49:24Z,,,,,,,,,,,7102.5
2026-07-07T07:49:24Z,,,,,,,,,,,7100.8
2026-07-07T07:49:24Z,,,,,,,,,,,7096.0
2026-07-07T07:49:25Z,,,,,,,,,,,7090.6
2026-07-07T07:49:25Z,51.554024,-0.070646,16.5,1.3,2.5,11,1,3,1.33,248.1,7085.4
2026-07-07T07:49:25Z,,,,,,,,,,,7081.4
2026-07-07T07:49:25Z,,,,,,,,,,,7077.8
2026-07-07T07:49:25Z,,,,,,,,,,,7073.9
2026-07-07T07:49:25Z,,,,,,,,,,,7069.9
2026-07-07T07:49:25Z,,,,,,,,,,,7067.5
2026-07-07T07:49:25Z,,,,,,,,,,,7065.4
2026-07-07T07:49:25Z,,,,,,,,,,,7064.5
2026-07-07T07:49:25Z,,,,,,,,,,,7066.0
2026-07-07T07:49:26Z,,,,,,,,,,,7066.6
2026-07-07T07:49:26Z,51.554028,-0.070664,16.1,1.3,2.5,11,1,3,2.27,252.5,7067.9
2026-07-07T07:49:26Z,,,,,,,,,,,7071.9
2026-07-07T07:49:26Z,,,,,,,,,,,7077.3
2026-07-07T07:49:26Z,,,,,,,,,,,7083.3
2026-07-07T07:49:26Z,,,,,,,,,,,7090.4
2026-07-07T07:49:26Z,,,,,,,,,,,7098.1
2026-07-07T07:49:26Z,,,,,,,,,,,7106.6
2026-07-07T07:49:26Z,,,,,,,,,,,7116.4
2026-07-07T07:49:26Z,,,,,,,,,,,7124.3
2026-07-07T07:49:27Z,,,,,,,,,,,7130.3
2026-07-07T07:49:27Z,51.554028,-0.070684,16.0,1.3,2.5,11,1,3,0.91,252.5,7138.1
2026-07-07T07:49:27Z,,,,,,,,,,,7145.1
2026-07-07T07:49:27Z,,,,,,,,,,,7151.6
2026-07-07T07:49:27Z,,,,,,,,,,,7158.0
2026-07-07T07:49:27Z,,,,,,,,,,,7162.0
2026-07-07T07:49:27Z,,,,,,,,,,,7162.8
2026-07-07T07:49:27Z,,,,,,,,,,,7162.2
2026-07-07T07:49:27Z,,,,,,,,,,,7161.0
2026-07-07T07:49:27Z,,,,,,,,,,,7160.5
2026-07-07T07:49:28Z,,,,,,,,,,,7160.6
2026-07-07T07:49:28Z,51.554035,-0.070704,15.7,1.3,2.5,11,1,3,1.66,252.5,7158.1
2026-07-07T07:49:28Z,,,,,,,,,,,7152.4
2026-07-07T07:49:28Z,,,,,,,,,,,7144.8
2026-07-07T07:49:28Z,,,,,,,,,,,7138.3
2026-07-07T07:49:28Z,,,,,,,,,,,7133.2
2026-07-07T07:49:28Z,,,,,,,,,,,7129.4
2026-07-07T07:49:28Z,,,,,,,,,,,7124.4
2026-07-07T07:49:28Z,,,,,,,,,,,7117.4
2026-07-07T07:49:28Z,,,,,,,,,,,7111.4
2026-07-07T07:49:29Z,,,,,,,,,,,7106.9
2026-07-07T07:49:29Z,51.554043,-0.070725,15.5,1.3,2.5,11,1,3,1.71,252.5,7104.0
2026-07-07T07:49:29Z,,,,,,,,,,,7101.4
2026-07-07T07:49:29Z,,,,,,,,,,,7096.8
2026-07-07T07:49:29Z,,,,,,,,,,,7091.0
2026-07-07T07:49:29Z,,,,,,,,,,,7087.5
2026-07-07T07:49:29Z,,,,,,,,,,,7088.6
2026-07-07T07:49:29Z,,,,,,,,,,,7091.5
2026-07-07T07:49:29Z,,,,,,,,,,,7093.1
2026-07-07T07:49:29Z,,,,,,,,,,,7092.5
2026-07-07T07:49:30Z,,,,,,,,,,,7091.0
2026-07-07T07:49:30Z,51.554043,-0.070741,15.3,1.3,2.5,11,1,3,1.33,252.5,7092.4
2026-07-07T07:49:30Z,,,,,,,,,,,7096.9
2026-07-07T07:49:30Z,,,,,,,,,,,7100.1
2026-07-07T07:49:30Z,,,,,,,,,,,7101.3
2026-07-07T07:49:30Z,,,,,,,,,,,7100.6
2026-07-07T07:49:30Z,,,,,,,,,,,7098.8
2026-07-07T07:49:30Z,,,,,,,,,,,7098.5
2026-07-07T07:49:30Z,,,,,,,,,,,7097.8
2026-07-07T07:49:30Z,,,,,,,,,,,7095.6
2026-07-07T07:49:31Z,,,,,,,,,,,7092.1
2026-07-07T07:49:31Z,51.554043,-0.070763,15.7,1.3,2.5,11,1,3,1.36,252.5,7088.3
2026-07-07T07:49:31Z,,,,,,,,,,,7085.2
2026-07-07T07:49:31Z,,,,,,,,,,,7084.3
2026-07-07T07:49:31Z,,,,,,,,,,,7084.0
2026-07-07T07:49:31Z,,,,,,,,,,,7082.2
2026-07-07T07:49:31Z,,,,,,,,,,,7080.8
2026-07-07T07:49:31Z,,,,,,,,,,,7080.6
2026-07-07T07:49:31Z,,,,,,,,,,,7081.2
2026-07-07T07:49:31Z,,,,,,,,,,,7082.5
2026-07-07T07:49:32Z,,,,,,,,,,,7083.7
2026-07-07T07:49:32Z,51.554039,-0.070788,16.4,1.3,2.5,11,1,3,1.54,252.5,7084.8
2026-07-07T07:49:32Z,,,,,,,,,,,7087.0
2026-07-07T07:49:32Z,,,,,,,,,,,7091.2
2026-07-07T07:49:32Z,,,,,,,,,,,7096.1
2026-07-07T07:49:32Z,,,,,,,,,,,7100.2
2026-07-07T07:49:32Z,,,,,,,,,,,7103.4
2026-07-07T07:49:32Z,,,,,,,,,,,7105.1
2026-07-07T07:49:32Z,,,,,,,,,,,7106.5
2026-07-07T07:49:32Z,,,,,,,,,,,7109.1
2026-07-07T07:49:33Z,,,,,,,,,,,7109.4
2026-07-07T07:49:33Z,51.554043,-0.070810,16.6,1.3,2.5,11,1,3,2.04,256.8,7106.9
2026-07-07T07:49:33Z,,,,,,,,,,,7102.9
2026-07-07T07:49:33Z,,,,,,,,,,,7098.3
2026-07-07T07:49:33Z,,,,,,,,,,,7094.8
2026-07-07T07:49:33Z,,,,,,,,,,,7090.9
2026-07-07T07:49:33Z,,,,,,,,,,,7085.8
2026-07-07T07:49:33Z,,,,,,,,,,,7079.4
2026-07-07T07:49:33Z,,,,,,,,,,,7071.8
2026-07-07T07:49:33Z,,,,,,,,,,,7064.8
2026-07-07T07:49:34Z,,,,,,,,,,,7059.6
2026-07-07T07:49:34Z,51.554047,-0.070834,17.2,1.3,2.5,11,1,3,2.42,272.4,7056.8
2026-07-07T07:49:34Z,,,,,,,,,,,7047.5
2026-07-07T07:49:34Z,,,,,,,,,,,7034.7
2026-07-07T07:49:34Z,,,,,,,,,,,7027.3
2026-07-07T07:49:34Z,,,,,,,,,,,7021.3
2026-07-07T07:49:34Z,,,,,,,,,,,7016.7
2026-07-07T07:49:34Z,,,,,,,,,,,7011.3
2026-07-07T07:49:34Z,,,,,,,,,,,7003.3
2026-07-07T07:49:34Z,,,,,,,,,,,6994.1
2026-07-07T07:49:35Z,,,,,,,,,,,6986.4
2026-07-07T07:49:35Z,51.554054,-0.070849,16.8,1.3,2.5,11,1,3,2.31,277.4,6979.5
2026-07-07T07:49:35Z,,,,,,,,,,,6973.7
2026-07-07T07:49:35Z,,,,,,,,,,,6967.8
2026-07-07T07:49:35Z,,,,,,,,,,,6961.4
2026-07-07T07:49:35Z,,,,,,,,,,,6956.0
2026-07-07T07:49:35Z,,,,,,,,,,,6953.0
2026-07-07T07:49:35Z,,,,,,,,,,,6952.6
2026-07-07T07:49:35Z,,,,,,,,,,,6956.7
2026-07-07T07:49:35Z,,,,,,,,,,,6962.5
2026-07-07T07:49:36Z,,,,,,,,,,,6967.2
2026-07-07T07:49:36Z,51.554058,-0.070863,16.3,1.3,2.5,11,1,3,0.97,277.4,6974.8
2026-07-07T07:49:36Z,,,,,,,,,,,6984.5
2026-07-07T07:49:36Z,,,,,,,,,,,6995.7
2026-07-07T07:49:36Z,,,,,,,,,,,7006.2
2026-07-07T07:49:36Z,,,,,,,,,,,7014.9
2026-07-07T07:49:36Z,,,,,,,,,,,7020.1
2026-07-07T07:49:36Z,,,,,,,,,,,7023.5
2026-07-07T07:49:36Z,,,,,,,,,,,7028.3
2026-07-07T07:49:36Z,,,,,,,,,,,7033.7
2026-07-07T07:49:37Z,,,,,,,,,,,7038.2
2026-07-07T07:49:37Z,51.554066,-0.070875,15.9,1.3,2.5,11,1,3,1.03,277.4,7041.2
2026-07-07T07:49:37Z,,,,,,,,,,,7041.2
2026-07-07T07:49:37Z,,,,,,,,,,,7037.9
2026-07-07T07:49:37Z,,,,,,,,,,,7032.5
2026-07-07T07:49:37Z,,,,,,,,,,,7026.5
2026-07-07T07:49:37Z,,,,,,,,,,,7022.9
2026-07-07T07:49:37Z,,,,,,,,,,,7018.1
2026-07-07T07:49:37Z,,,,,,,,,,,7010.0
2026-07-07T07:49:37Z,,,,,,,,,,,6999.2
2026-07-07T07:49:38Z,,,,,,,,,,,6991.9
2026-07-07T07:49:38Z,51.554066,-0.070888,15.6,1.3,2.5,11,1,3,1.08,277.4,6989.0
2026-07-07T07:49:38Z,,,,,,,,,,,6987.4
2026-07-07T07:49:38Z,,,,,,,,,,,6984.3
2026-07-07T07:49:38Z,,,,,,,,,,,6979.8
2026-07-07T07:49:38Z,,,,,,,,,,,6974.6
2026-07-07T07:49:38Z,,,,,,,,,,,6973.6
2026-07-07T07:49:38Z,,,,,,,,,,,6976.0
2026-07-07T07:49:38Z,,,,,,,,,,,6978.2
2026-07-07T07:49:38Z,,,,,,,,,,,6981.1
2026-07-07T07:49:39Z,,,,,,,,,,,6982.1
2026-07-07T07:49:39Z,51.554070,-0.070906,15.5,1.3,2.5,11,1,3,1.20,277.4,6986.1
2026-07-07T07:49:39Z,,,,,,,,,,,6995.1
2026-07-07T07:49:39Z,,,,,,,,,,,7006.9
2026-07-07T07:49:39Z,,,,,,,,,,,7022.4
2026-07-07T07:49:39Z,,,,,,,,,,,7040.7
2026-07-07T07:49:39Z,,,,,,,,,,,7055.2
2026-07-07T07:49:39Z,,,,,,,,,,,7068.9
2026-07-07T07:49:39Z,,,,,,,,,,,7086.7
2026-07-07T07:49:39Z,,,,,,,,,,,7102.4
2026-07-07T07:49:40Z,,,,,,,,,,,7115.8
2026-07-07T07:49:40Z,51.554073,-0.070935,16.3,1.3,2.5,11,1,3,1.81,277.4,7128.4
2026-07-07T07:49:40Z,,,,,,,,,,,7136.1
2026-07-07T07:49:40Z,,,,,,,,,,,7140.0
2026-07-07T07:49:40Z,,,,,,,,,,,7142.3
2026-07-07T07:49:40Z,,,,,,,,,,,7142.8
2026-07-07T07:49:40Z,,,,,,,,,,,7143.3
2026-07-07T07:49:40Z,,,,,,,,,,,7143.5
2026-07-07T07:49:40Z,,,,,,,,,,,7139.8
2026-07-07T07:49:40Z,,,,,,,,,,,7133.2
2026-07-07T07:49:41Z,,,,,,,,,,,7128.6
2026-07-07T07:49:41Z,51.554077,-0.070957,16.3,1.3,2.5,11,1,3,2.56,264.5,7127.4
2026-07-07T07:49:41Z,,,,,,,,,,,7125.7
2026-07-07T07:49:41Z,,,,,,,,,,,7122.4
2026-07-07T07:49:41Z,,,,,,,,,,,7116.0
2026-07-07T07:49:41Z,,,,,,,,,,,7107.1
2026-07-07T07:49:41Z,,,,,,,,,,,7101.1
2026-07-07T07:49:41Z,,,,,,,,,,,7096.4
2026-07-07T07:49:41Z,,,,,,,,,,,7091.5
2026-07-07T07:49:41Z,,,,,,,,,,,7086.2
2026-07-07T07:49:42Z,,,,,,,,,,,7077.6
2026-07-07T07:49:42Z,51.554081,-0.070980,16.4,1.3,2.5,11,1,3,2.27,260.6,7066.9
2026-07-07T07:49:42Z,,,,,,,,,,,7060.3
2026-07-07T07:49:42Z,,,,,,,,,,,7055.1
2026-07-07T07:49:42Z,,,,,,,,,,,7050.4
2026-07-07T07:49:42Z,,,,,,,,,,,7044.9
2026-07-07T07:49:42Z,,,,,,,,,,,7035.2
2026-07-07T07:49:42Z,,,,,,,,,,,7026.1
2026-07-07T07:49:42Z,,,,,,,,,,,7020.9
2026-07-07T07:49:42Z,,,,,,,,,,,7017.0
2026-07-07T07:49:43Z,,,,,,,,,,,7013.0
2026-07-07T07:49:43Z,51.554085,-0.071002,16.7,1.3,2.5,11,1,3,2.07,266.7,7008.0
2026-07-07T07:49:43Z,,,,,,,,,,,7001.6
2026-07-07T07:49:43Z,,,,,,,,,,,6997.8
2026-07-07T07:49:43Z,,,,,,,,,,,6998.7
2026-07-07T07:49:43Z,,,,,,,,,,,7002.5
2026-07-07T07:49:43Z,,,,,,,,,,,7006.4
2026-07-07T07:49:43Z,,,,,,,,,,,7008.5
2026-07-07T07:49:43Z,,,,,,,,,,,7009.0
2026-07-07T07:49:43Z,,,,,,,,,,,7010.6
2026-07-07T07:49:44Z,,,,,,,,,,,7016.3
2026-07-07T07:49:44Z,51.554085,-0.071024,17.3,1.3,2.5,11,1,3,1.86,266.7,7023.2
2026-07-07T07:49:44Z,,,,,,,,,,,7027.4
2026-07-07T07:49:44Z,,,,,,,,,,,7029.7
2026-07-07T07:49:44Z,,,,,,,,,,,7030.9
2026-07-07T07:49:44Z,,,,,,,,,,,7031.4
2026-07-07T07:49:44Z,,,,,,,,,,,7032.1
2026-07-07T07:49:44Z,,,,,,,,,,,7032.8
2026-07-07T07:49:44Z,,,,,,,,,,,7032.9
2026-07-07T07:49:44Z,,,,,,,,,,,7031.0
2026-07-07T07:49:45Z,,,,,,,,,,,7027.7
2026-07-07T07:49:45Z,51.554089,-0.071043,17.8,1.3,2.5,11,1,3,2.21,271.1,7025.8
2026-07-07T07:49:45Z,,,,,,,,,,,7026.6
2026-07-07T07:49:45Z,,,,,,,,,,,7027.1
2026-07-07T07:49:45Z,,,,,,,,,,,7027.3
2026-07-07T07:49:45Z,,,,,,,,,,,7027.2
2026-07-07T07:49:45Z,,,,,,,,,,,7027.3
2026-07-07T07:49:45Z,,,,,,,,,,,7029.1
2026-07-07T07:49:45Z,,,,,,,,,,,7035.3
2026-07-07T07:49:45Z,,,,,,,,,,,7043.2
2026-07-07T07:49:46Z,,,,,,,,,,,7048.0
2026-07-07T07:49:46Z,51.554092,-0.071063,18.2,1.3,2.5,11,1,3,2.11,297.1,7052.7
2026-07-07T07:49:46Z,,,,,,,,,,,7057.9
2026-07-07T07:49:46Z,,,,,,,,,,,7064.5
2026-07-07T07:49:46Z,,,,,,,,,,,7072.8
2026-07-07T07:49:46Z,,,,,,,,,,,7080.6
2026-07-07T07:49:46Z,,,,,,,,,,,7086.8
2026-07-07T07:49:46Z,,,,,,,,,,,7092.7
2026-07-07T07:49:46Z,,,,,,,,,,,7096.9
2026-07-07T07:49:46Z,,,,,,,,,,,7099.4
2026-07-07T07:49:47Z,,,,,,,,,,,7101.4
2026-07-07T07:49:47Z,51.554092,-0.071083,18.6,1.3,2.5,11,1,3,1.96,288.7,7101.0
2026-07-07T07:49:47Z,,,,,,,,,,,7100.7
2026-07-07T07:49:47Z,,,,,,,,,,,7102.3
2026-07-07T07:49:47Z,,,,,,,,,,,7102.5
2026-07-07T07:49:47Z,,,,,,,,,,,7100.8
2026-07-07T07:49:47Z,,,,,,,,,,,7099.9
2026-07-07T07:49:47Z,,,,,,,,,,,7100.0
2026-07-07T07:49:47Z,,,,,,,,,,,7104.1
2026-07-07T07:49:47Z,,,,,,,,,,,7112.8
2026-07-07T07:49:48Z,,,,,,,,,,,7121.6
2026-07-07T07:49:48Z,51.554092,-0.071102,18.9,1.3,2.5,11,1,3,1.79,288.7,7129.6
2026-07-07T07:49:48Z,,,,,,,,,,,7137.8
2026-07-07T07:49:48Z,,,,,,,,,,,7147.7
2026-07-07T07:49:48Z,,,,,,,,,,,7159.2
2026-07-07T07:49:48Z,,,,,,,,,,,7170.1
2026-07-07T07:49:48Z,,,,,,,,,,,7176.5
2026-07-07T07:49:48Z,,,,,,,,,,,7179.0
2026-07-07T07:49:48Z,,,,,,,,,,,7181.4
2026-07-07T07:49:48Z,,,,,,,,,,,7184.5
2026-07-07T07:49:49Z,,,,,,,,,,,7187.9
2026-07-07T07:49:49Z,51.554092,-0.071120,18.6,1.3,2.5,11,1,3,1.98,270.3,7192.3
2026-07-07T07:49:49Z,,,,,,,,,,,7193.7
2026-07-07T07:49:49Z,,,,,,,,,,,7192.6
2026-07-07T07:49:49Z,,,,,,,,,,,7191.5
2026-07-07T07:49:49Z,,,,,,,,,,,7190.8
2026-07-07T07:49:49Z,,,,,,,,,,,7191.0
2026-07-07T07:49:49Z,,,,,,,,,,,7191.1
2026-07-07T07:49:49Z,,,,,,,,,,,7186.9
2026-07-07T07:49:49Z,,,,,,,,,,,7178.6
2026-07-07T07:49:50Z,,,,,,,,,,,7172.8
2026-07-07T07:49:50Z,51.554092,-0.071135,18.6,1.3,2.5,11,1,3,1.78,270.3,7169.8
2026-07-07T07:49:50Z,,,,,,,,,,,7168.0
2026-07-07T07:49:50Z,,,,,,,,,,,7165.1
2026-07-07T07:49:50Z,,,,,,,,,,,7159.1
2026-07-07T07:49:50Z,,,,,,,,,,,7154.2
2026-07-07T07:49:50Z,,,,,,,,,,,7156.4
2026-07-07T07:49:50Z,,,,,,,,,,,7165.0
2026-07-07T07:49:50Z,,,,,,,,,,,7177.3
2026-07-07T07:49:50Z,,,,,,,,,,,7191.7
2026-07-07T07:49:51Z,,,,,,,,,,,7205.0
2026-07-07T07:49:51Z,51.554092,-0.071149,18.5,1.3,2.5,11,1,3,1.18,270.3,7220.8
2026-07-07T07:49:51Z,,,,,,,,,,,7238.7
2026-07-07T07:49:51Z,,,,,,,,,,,7258.2
2026-07-07T07:49:51Z,,,,,,,,,,,7275.1
2026-07-07T07:49:51Z,,,,,,,,,,,7285.2
2026-07-07T07:49:51Z,,,,,,,,,,,7290.3
2026-07-07T07:49:51Z,,,,,,,,,,,7295.4
2026-07-07T07:49:51Z,,,,,,,,,,,7300.9
2026-07-07T07:49:51Z,,,,,,,,,,,7303.1
2026-07-07T07:49:52Z,,,,,,,,,,,7301.0
2026-07-07T07:49:52Z,51.554089,-0.071167,18.7,1.3,2.5,11,1,3,1.28,270.3,7296.9
2026-07-07T07:49:52Z,,,,,,,,,,,7290.3
2026-07-07T07:49:52Z,,,,,,,,,,,7283.0
2026-07-07T07:49:52Z,,,,,,,,,,,7279.9
2026-07-07T07:49:52Z,,,,,,,,,,,7278.9
2026-07-07T07:49:52Z,,,,,,,,,,,7274.7
2026-07-07T07:49:52Z,,,,,,,,,,,7266.1
2026-07-07T07:49:52Z,,,,,,,,,,,7256.6
2026-07-07T07:49:52Z,,,,,,,,,,,7248.6
2026-07-07T07:49:53Z,,,,,,,,,,,7242.0
2026-07-07T07:49:53Z,51.554089,-0.071185,18.8,1.3,2.5,11,1,3,1.38,270.3,7235.3
2026-07-07T07:49:53Z,,,,,,,,,,,7227.1
2026-07-07T07:49:53Z,,,,,,,,,,,7218.6
2026-07-07T07:49:53Z,,,,,,,,,,,7210.3
2026-07-07T07:49:53Z,,,,,,,,,,,7204.5
2026-07-07T07:49:53Z,,,,,,,,,,,7202.9
2026-07-07T07:49:53Z,,,,,,,,,,,7201.4
2026-07-07T07:49:53Z,,,,,,,,,,,7199.7
2026-07-07T07:49:53Z,,,,,,,,,,,7199.7
2026-07-07T07:49:54Z,,,,,,,,,,,7200.3
2026-07-07T07:49:54Z,51.554089,-0.071205,18.8,1.3,2.5,11,1,3,1.75,270.3,7203.8
2026-07-07T07:49:54Z,,,,,,,,,,,7209.9
2026-07-07T07:49:54Z,,,,,,,,,,,7215.7
2026-07-07T07:49:54Z,,,,,,,,,,,7219.7
2026-07-07T07:49:54Z,,,,,,,,,,,7224.1
2026-07-07T07:49:54Z,,,,,,,,,,,7227.7
2026-07-07T07:49:54Z,,,,,,,,,,,7230.8
2026-07-07T07:49:54Z,,,,,,,,,,,7231.1
2026-07-07T07:49:54Z,,,,,,,,,,,7228.7
2026-07-07T07:49:55Z,,,,,,,,,,,7227.7
2026-07-07T07:49:55Z,51.554089,-0.071222,18.7,1.3,2.5,11,1,3,1.93,270.3,7226.3
2026-07-07T07:49:55Z,,,,,,,,,,,7224.5
2026-07-07T07:49:55Z,,,,,,,,,,,7221.7
2026-07-07T07:49:55Z,,,,,,,,,,,7216.5
2026-07-07T07:49:55Z,,,,,,,,,,,7210.5
2026-07-07T07:49:55Z,,,,,,,,,,,7205.5
2026-07-07T07:49:55Z,,,,,,,,,,,7200.5
2026-07-07T07:49:55Z,,,,,,,,,,,7195.3
2026-07-07T07:49:55Z,,,,,,,,,,,7190.1
2026-07-07T07:49:56Z,,,,,,,,,,,7185.3
2026-07-07T07:49:56Z,51.554092,-0.071236,18.0,1.3,2.5,11,1,3,1.87,270.3,7182.1
2026-07-07T07:49:56Z,,,,,,,,,,,7182.6
2026-07-07T07:49:56Z,,,,,,,,,,,7185.0
2026-07-07T07:49:56Z,,,,,,,,,,,7188.3
2026-07-07T07:49:56Z,,,,,,,,,,,7192.4
2026-07-07T07:49:56Z,,,,,,,,,,,7196.9
2026-07-07T07:49:56Z,,,,,,,,,,,7204.7
2026-07-07T07:49:56Z,,,,,,,,,,,7217.0
2026-07-07T07:49:56Z,,,,,,,,,,,7228.3
2026-07-07T07:49:57Z,,,,,,,,,,,7235.8
2026-07-07T07:49:57Z,51.554092,-0.071256,17.8,1.3,2.5,11,1,3,1.46,270.3,7242.6
2026-07-07T07:49:57Z,,,,,,,,,,,7247.9
2026-07-07T07:49:57Z,,,,,,,,,,,7253.9
2026-07-07T07:49:57Z,,,,,,,,,,,7262.2
2026-07-07T07:49:57Z,,,,,,,,,,,7266.8
2026-07-07T07:49:57Z,,,,,,,,,,,7267.0
2026-07-07T07:49:57Z,,,,,,,,,,,7266.2
2026-07-07T07:49:57Z,,,,,,,,,,,7267.1
2026-07-07T07:49:57Z,,,,,,,,,,,7268.5
2026-07-07T07:49:58Z,,,,,,,,,,,7268.3
2026-07-07T07:49:58Z,51.554092,-0.071272,17.3,1.3,2.5,11,1,3,1.95,253.9,7265.8
2026-07-07T07:49:58Z,,,,,,,,,,,7261.6
2026-07-07T07:49:58Z,,,,,,,,,,,7257.3
2026-07-07T07:49:58Z,,,,,,,,,,,7255.6
2026-07-07T07:49:58Z,,,,,,,,,,,7255.9
2026-07-07T07:49:58Z,,,,,,,,,,,7255.4
2026-07-07T07:49:58Z,,,,,,,,,,,7250.5
2026-07-07T07:49:58Z,,,,,,,,,,,7236.4
2026-07-07T07:49:58Z,,,,,,,,,,,7225.5
2026-07-07T07:49:59Z,,,,,,,,,,,7231.1
2026-07-07T07:49:59Z,51.554092,-0.071287,16.7,1.3,2.5,11,1,3,1.04,253.9,7245.7
2026-07-07T07:49:59Z,,,,,,,,,,,7255.0
2026-07-07T07:49:59Z,,,,,,,,,,,7257.9
2026-07-07T07:49:59Z,,,,,,,,,,,7261.3
2026-07-07T07:49:59Z,,,,,,,,,,,7267.5
2026-07-07T07:49:59Z,,,,,,,,,,,7274.6
2026-07-07T07:49:59Z,,,,,,,,,,,7279.7
2026-07-07T07:49:59Z,,,,,,,,,,,7282.6
2026-07-07T07:49:59Z,,,,,,,,,,,7282.6
2026-07-07T07:50:00Z,,,,,,,,,,,7281.9
2026-07-07T07:50:00Z,51.554092,-0.071302,16.0,1.3,2.5,11,1,3,1.34,253.9,7285.3
2026-07-07T07:50:00Z,,,,,,,,,,,7289.0
2026-07-07T07:50:00Z,,,,,,,,,,,7289.1
2026-07-07T07:50:00Z,,,,,,,,,,,7285.1
2026-07-07T07:50:00Z,,,,,,,,,,,7279.9
2026-07-07T07:50:00Z,,,,,,,,,,,7277.6
2026-07-07T07:50:00Z,,,,,,,,,,,7279.0
2026-07-07T07:50:00Z,,,,,,,,,,,7280.6
2026-07-07T07:50:00Z,,,,,,,,,,,7284.4
2026-07-07T07:50:01Z,,,,,,,,,,,7290.8
2026-07-07T07:50:01Z,51.554089,-0.071318,16.0,1.3,2.5,11,1,3,1.19,253.9,7298.2
2026-07-07T07:50:01Z,,,,,,,,,,,7310.2
2026-07-07T07:50:01Z,,,,,,,,,,,7327.7
2026-07-07T07:50:01Z,,,,,,,,,,,7343.7
2026-07-07T07:50:01Z,,,,,,,,,,,7355.3
2026-07-07T07:50:01Z,,,,,,,,,,,7364.5
2026-07-07T07:50:01Z,,,,,,,,,,,7371.4
2026-07-07T07:50:01Z,,,,,,,,,,,7379.0
2026-07-07T07:50:01Z,,,,,,,,,,,7385.3
2026-07-07T07:50:02Z,,,,,,,,,,,7388.2
2026-07-07T07:50:02Z,51.554085,-0.071339,16.2,1.3,2.5,11,1,3,0.87,253.9,7390.7
2026-07-07T07:50:02Z,,,,,,,,,,,7392.0
2026-07-07T07:50:02Z,,,,,,,,,,,7393.7
2026-07-07T07:50:02Z,,,,,,,,,,,7398.6
2026-07-07T07:50:02Z,,,,,,,,,,,7402.6
2026-07-07T07:50:02Z,,,,,,,,,,,7404.8
2026-07-07T07:50:02Z,,,,,,,,,,,7409.0
2026-07-07T07:50:02Z,,,,,,,,,,,7413.8
2026-07-07T07:50:02Z,,,,,,,,,,,7418.2
2026-07-07T07:50:03Z,,,,,,,,,,,7422.8
2026-07-07T07:50:03Z,51.554085,-0.071364,16.3,1.3,2.5,11,1,3,3.48,225.3,7426.0
2026-07-07T07:50:03Z,,,,,,,,,,,7425.8
2026-07-07T07:50:03Z,,,,,,,,,,,7425.2
2026-07-07T07:50:03Z,,,,,,,,,,,7425.8
2026-07-07T07:50:03Z,,,,,,,,,,,7425.6
2026-07-07T07:50:03Z,,,,,,,,,,,7426.4
2026-07-07T07:50:03Z,,,,,,,,,,,7427.0
2026-07-07T07:50:03Z,,,,,,,,,,,7425.6
2026-07-07T07:50:03Z,,,,,,,,,,,7425.6
2026-07-07T07:50:04Z,,,,,,,,,,,7426.1
2026-07-07T07:50:04Z,51.554085,-0.071386,16.4,1.3,2.5,11,1,3,1.67,225.3,7425.9
2026-07-07T07:50:04Z,,,,,,,,,,,7421.3
2026-07-07T07:50:04Z,,,,,,,,,,,7415.8
2026-07-07T07:50:04Z,,,,,,,,,,,7415.2
2026-07-07T07:50:04Z,,,,,,,,,,,7416.5
2026-07-07T07:50:04Z,,,,,,,,,,,7416.7
2026-07-07T07:50:04Z,,,,,,,,,,,7414.8
2026-07-07T07:50:04Z,,,,,,,,,,,7413.5
2026-07-07T07:50:04Z,,,,,,,,,,,7413.0
2026-07-07T07:50:05Z,,,,,,,,,,,7414.1
2026-07-07T07:50:05Z,51.554081,-0.071406,16.8,1.3,2.5,11,1,3,2.27,232.1,7418.2
2026-07-07T07:50:05Z,,,,,,,,,,,7417.6
2026-07-07T07:50:05Z,,,,,,,,,,,7405.7
2026-07-07T07:50:05Z,,,,,,,,,,,7398.3
2026-07-07T07:50:05Z,,,,,,,,,,,7403.6
2026-07-07T07:50:05Z,,,,,,,,,,,7409.6
2026-07-07T07:50:05Z,,,,,,,,,,,7420.4
2026-07-07T07:50:05Z,,,,,,,,,,,7441.2
2026-07-07T07:50:05Z,,,,,,,,,,,7458.1
2026-07-07T07:50:06Z,,,,,,,,,,,7469.3
2026-07-07T07:50:06Z,51.554077,-0.071425,17.2,1.3,2.5,11,1,3,2.30,221.3,7486.1
2026-07-07T07:50:06Z,,,,,,,,,,,7505.5
2026-07-07T07:50:06Z,,,,,,,,,,,7518.6
2026-07-07T07:50:06Z,,,,,,,,,,,7525.0
2026-07-07T07:50:06Z,,,,,,,,,,,7526.7
2026-07-07T07:50:06Z,,,,,,,,,,,7529.3
2026-07-07T07:50:06Z,,,,,,,,,,,7531.5
2026-07-07T07:50:06Z,,,,,,,,,,,7532.9
2026-07-07T07:50:06Z,,,,,,,,,,,7532.3
2026-07-07T07:50:06Z,,,,,,,,,,,7527.2
2026-07-07T07:50:07Z,51.554073,-0.071442,17.5,1.3,2.5,11,1,3,2.46,210.3,7522.6
2026-07-07T07:50:07Z,,,,,,,,,,,7522.3
2026-07-07T07:50:07Z,,,,,,,,,,,7523.9
2026-07-07T07:50:07Z,,,,,,,,,,,7525.0
2026-07-07T07:50:07Z,,,,,,,,,,,7524.0
2026-07-07T07:50:07Z,,,,,,,,,,,7520.4
2026-07-07T07:50:07Z,,,,,,,,,,,7517.6
2026-07-07T07:50:07Z,,,,,,,,,,,7517.5
2026-07-07T07:50:07Z,,,,,,,,,,,7518.6
2026-07-07T07:50:07Z,,,,,,,,,,,7516.8
2026-07-07T07:50:08Z,51.554070,-0.071457,17.4,1.3,2.5,11,1,3,2.13,214.8,7511.3
2026-07-07T07:50:08Z,,,,,,,,,,,7505.5
2026-07-07T07:50:08Z,,,,,,,,,,,7502.3
2026-07-07T07:50:08Z,,,,,,,,,,,7502.0
2026-07-07T07:50:08Z,,,,,,,,,,,7500.5
2026-07-07T07:50:08Z,,,,,,,,,,,7497.7
2026-07-07T07:50:08Z,,,,,,,,,,,7493.3
2026-07-07T07:50:08Z,,,,,,,,,,,7490.0
2026-07-07T07:50:08Z,,,,,,,,,,,7489.3
2026-07-07T07:50:09Z,,,,,,,,,,,7488.9
2026-07-07T07:50:09Z,51.554066,-0.071473,17.1,1.3,2.5,11,1,3,2.18,214.2,7488.3
2026-07-07T07:50:09Z,,,,,,,,,,,7486.5
2026-07-07T07:50:09Z,,,,,,,,,,,7484.0
2026-07-07T07:50:09Z,,,,,,,,,,,7484.4
2026-07-07T07:50:09Z,,,,,,,,,,,7488.5
2026-07-07T07:50:09Z,,,,,,,,,,,7491.5
2026-07-07T07:50:09Z,,,,,,,,,,,7491.7
2026-07-07T07:50:09Z,,,,,,,,,,,7491.3
2026-07-07T07:50:09Z,,,,,,,,,,,7489.8
2026-07-07T07:50:10Z,,,,,,,,,,,7489.4
2026-07-07T07:50:10Z,51.554058,-0.071491,17.1,1.3,2.5,11,1,3,2.30,214.1,7491.3
2026-07-07T07:50:10Z,,,,,,,,,,,7491.5
2026-07-07T07:50:10Z,,,,,,,,,,,7489.9
2026-07-07T07:50:10Z,,,,,,,,,,,7485.5
2026-07-07T07:50:10Z,,,,,,,,,,,7479.7
2026-07-07T07:50:10Z,,,,,,,,,,,7476.3
2026-07-07T07:50:10Z,,,,,,,,,,,7475.5
2026-07-07T07:50:10Z,,,,,,,,,,,7473.2
2026-07-07T07:50:10Z,,,,,,,,,,,7469.5
2026-07-07T07:50:11Z,,,,,,,,,,,7464.9
2026-07-07T07:50:11Z,51.554054,-0.071514,17.0,1.3,1.9,12,1,3,2.55,226.1,7458.4
2026-07-07T07:50:11Z,,,,,,,,,,,7453.8
2026-07-07T07:50:11Z,,,,,,,,,,,7450.0
2026-07-07T07:50:11Z,,,,,,,,,,,7444.2
2026-07-07T07:50:11Z,,,,,,,,,,,7436.8
2026-07-07T07:50:11Z,,,,,,,,,,,7428.6
2026-07-07T07:50:11Z,,,,,,,,,,,7421.4
2026-07-07T07:50:11Z,,,,,,,,,,,7416.3
2026-07-07T07:50:11Z,,,,,,,,,,,7410.9
2026-07-07T07:50:12Z,,,,,,,,,,,7404.4
2026-07-07T07:50:12Z,51.554054,-0.071535,17.1,1.3,1.9,12,1,3,3.02,250.1,7398.0
2026-07-07T07:50:12Z,,,,,,,,,,,7391.2
2026-07-07T07:50:12Z,,,,,,,,,,,7383.9
2026-07-07T07:50:12Z,,,,,,,,,,,7379.2
2026-07-07T07:50:12Z,,,,,,,,,,,7376.4
2026-07-07T07:50:12Z,,,,,,,,,,,7372.7
2026-07-07T07:50:12Z,,,,,,,,,,,7369.9
2026-07-07T07:50:12Z,,,,,,,,,,,7368.0
2026-07-07T07:50:12Z,,,,,,,,,,,7366.6
2026-07-07T07:50:13Z,,,,,,,,,,,7367.8
2026-07-07T07:50:13Z,51.554050,-0.071546,16.6,1.3,1.9,12,1,3,2.01,241.6,7367.6
2026-07-07T07:50:13Z,,,,,,,,,,,7365.0
2026-07-07T07:50:13Z,,,,,,,,,,,7362.3
2026-07-07T07:50:13Z,,,,,,,,,,,7359.4
2026-07-07T07:50:13Z,,,,,,,,,,,7355.6
2026-07-07T07:50:13Z,,,,,,,,,,,7352.1
2026-07-07T07:50:13Z,,,,,,,,,,,7347.4
2026-07-07T07:50:13Z,,,,,,,,,,,7342.2
2026-07-07T07:50:13Z,,,,,,,,,,,7339.1
2026-07-07T07:50:14Z,,,,,,,,,,,7335.3
2026-07-07T07:50:14Z,51.554043,-0.071559,16.2,1.3,1.9,12,1,3,1.92,241.6,7330.8
2026-07-07T07:50:14Z,,,,,,,,,,,7326.4
2026-07-07T07:50:14Z,,,,,,,,,,,7321.9
2026-07-07T07:50:14Z,,,,,,,,,,,7320.5
2026-07-07T07:50:14Z,,,,,,,,,,,7323.1
2026-07-07T07:50:14Z,,,,,,,,,,,7326.1
2026-07-07T07:50:14Z,,,,,,,,,,,7331.2
2026-07-07T07:50:14Z,,,,,,,,,,,7339.9
2026-07-07T07:50:14Z,,,,,,,,,,,7351.3
2026-07-07T07:50:15Z,,,,,,,,,,,7366.4
2026-07-07T07:50:15Z,51.554035,-0.071566,16.0,1.3,1.9,12,1,3,2.68,218.4,7384.6
2026-07-07T07:50:15Z,,,,,,,,,,,7401.1
2026-07-07T07:50:15Z,,,,,,,,,,,7415.0
2026-07-07T07:50:15Z,,,,,,,,,,,7428.0
2026-07-07T07:50:15Z,,,,,,,,,,,7441.8
2026-07-07T07:50:15Z,,,,,,,,,,,7454.1
2026-07-07T07:50:15Z,,,,,,,,,,,7463.9
2026-07-07T07:50:15Z,,,,,,,,,,,7467.3
2026-07-07T07:50:15Z,,,,,,,,,,,7464.7
2026-07-07T07:50:16Z,,,,,,,,,,,7463.5
2026-07-07T07:50:16Z,51.554028,-0.071565,15.9,1.3,1.9,12,1,3,2.45,179.2,7463.6
2026-07-07T07:50:16Z,,,,,,,,,,,7463.5
2026-07-07T07:50:16Z,,,,,,,,,,,7460.7
2026-07-07T07:50:16Z,,,,,,,,,,,7454.3
2026-07-07T07:50:16Z,,,,,,,,,,,7447.0
2026-07-07T07:50:16Z,,,,,,,,,,,7441.3
2026-07-07T07:50:16Z,,,,,,,,,,,7435.8
2026-07-07T07:50:16Z,,,,,,,,,,,7431.1
2026-07-07T07:50:16Z,,,,,,,,,,,7424.7
2026-07-07T07:50:17Z,,,,,,,,,,,7415.3
2026-07-07T07:50:17Z,51.554020,-0.071565,15.8,1.3,1.9,12,1,3,2.00,158.4,7404.9
2026-07-07T07:50:17Z,,,,,,,,,,,7397.7
2026-07-07T07:50:17Z,,,,,,,,,,,7393.2
2026-07-07T07:50:17Z,,,,,,,,,,,7388.9
2026-07-07T07:50:17Z,,,,,,,,,,,7383.9
2026-07-07T07:50:17Z,,,,,,,,,,,7380.9
2026-07-07T07:50:17Z,,,,,,,,,,,7385.8
2026-07-07T07:50:17Z,,,,,,,,,,,7396.0
2026-07-07T07:50:17Z,,,,,,,,,,,7408.7
2026-07-07T07:50:18Z,,,,,,,,,,,7420.4
2026-07-07T07:50:18Z,51.554016,-0.071569,16.2,1.3,1.9,12,1,3,1.16,158.4,7428.8
2026-07-07T07:50:18Z,,,,,,,,,,,7437.1
2026-07-07T07:50:18Z,,,,,,,,,,,7448.0
2026-07-07T07:50:18Z,,,,,,,,,,,7460.3
2026-07-07T07:50:18Z,,,,,,,,,,,7469.6
2026-07-07T07:50:18Z,,,,,,,,,,,7476.7
2026-07-07T07:50:18Z,,,,,,,,,,,7479.8
2026-07-07T07:50:18Z,,,,,,,,,,,7482.8
2026-07-07T07:50:18Z,,,,,,,,,,,7488.6
2026-07-07T07:50:19Z,,,,,,,,,,,7493.2
2026-07-07T07:50:19Z,51.554012,-0.071575,16.8,1.3,1.9,12,1,3,1.17,158.4,7494.5
2026-07-07T07:50:19Z,,,,,,,,,,,7490.6
2026-07-07T07:50:19Z,,,,,,,,,,,7485.8
2026-07-07T07:50:19Z,,,,,,,,,,,7482.7
2026-07-07T07:50:19Z,,,,,,,,,,,7480.1
2026-07-07T07:50:19Z,,,,,,,,,,,7474.3
2026-07-07T07:50:19Z,,,,,,,,,,,7467.4
2026-07-07T07:50:19Z,,,,,,,,,,,7461.1
2026-07-07T07:50:19Z,,,,,,,,,,,7455.4
2026-07-07T07:50:20Z,,,,,,,,,,,7451.9
2026-07-07T07:50:20Z,51.554012,-0.071577,15.6,1.3,1.9,12,1,3,2.08,178.2,7452.0
2026-07-07T07:50:20Z,,,,,,,,,,,7454.1
2026-07-07T07:50:20Z,,,,,,,,,,,7456.2
2026-07-07T07:50:20Z,,,,,,,,,,,7461.1
2026-07-07T07:50:20Z,,,,,,,,,,,7468.4
2026-07-07T07:50:20Z,,,,,,,,,,,7477.2
2026-07-07T07:50:20Z,,,,,,,,,,,7485.3
2026-07-07T07:50:20Z,,,,,,,,,,,7494.0
2026-07-07T07:50:20Z,,,,,,,,,,,7504.5
2026-07-07T07:50:21Z,,,,,,,,,,,7512.8
2026-07-07T07:50:21Z,51.554012,-0.071578,14.6,1.3,1.9,12,1,3,1.10,178.2,7519.7
2026-07-07T07:50:21Z,,,,,,,,,,,7523.5
2026-07-07T07:50:21Z,,,,,,,,,,,7523.5
2026-07-07T07:50:21Z,,,,,,,,,,,7524.1
2026-07-07T07:50:21Z,,,,,,,,,,,7526.4
2026-07-07T07:50:21Z,,,,,,,,,,,7527.2
2026-07-07T07:50:21Z,,,,,,,,,,,7524.1
2026-07-07T07:50:21Z,,,,,,,,,,,7519.1
2026-07-07T07:50:21Z,,,,,,,,,,,7513.8
2026-07-07T07:50:22Z,,,,,,,,,,,7510.0
2026-07-07T07:50:22Z,51.554008,-0.071579,14.0,1.3,1.9,12,1,3,0.68,178.2,7511.0
2026-07-07T07:50:22Z,,,,,,,,,,,7507.5
2026-07-07T07:50:22Z,,,,,,,,,,,7500.0
2026-07-07T07:50:22Z,,,,,,,,,,,7498.0
2026-07-07T07:50:22Z,,,,,,,,,,,7500.3
2026-07-07T07:50:22Z,,,,,,,,,,,7507.1
2026-07-07T07:50:22Z,,,,,,,,,,,7515.2
2026-07-07T07:50:22Z,,,,,,,,,,,7520.4
2026-07-07T07:50:22Z,,,,,,,,,,,7523.7
2026-07-07T07:50:23Z,,,,,,,,,,,7527.8
2026-07-07T07:50:23Z,51.554005,-0.071582,14.1,1.3,1.9,12,1,3,1.41,178.2,7532.0
2026-07-07T07:50:23Z,,,,,,,,,,,7535.5
2026-07-07T07:50:23Z,,,,,,,,,,,7537.2
2026-07-07T07:50:23Z,,,,,,,,,,,7533.9
2026-07-07T07:50:23Z,,,,,,,,,,,7527.8
2026-07-07T07:50:23Z,,,,,,,,,,,7523.4
2026-07-07T07:50:23Z,,,,,,,,,,,7521.1
2026-07-07T07:50:23Z,,,,,,,,,,,7521.1
2026-07-07T07:50:23Z,,,,,,,,,,,7519.2
2026-07-07T07:50:24Z,,,,,,,,,,,7516.1
2026-07-07T07:50:24Z,51.554008,-0.071588,14.3,1.3,1.9,12,1,3,1.12,178.2,7520.0
2026-07-07T07:50:24Z,,,,,,,,,,,7529.5
2026-07-07T07:50:24Z,,,,,,,,,,,7540.0
2026-07-07T07:50:24Z,,,,,,,,,,,7550.8
2026-07-07T07:50:24Z,,,,,,,,,,,7559.1
2026-07-07T07:50:24Z,,,,,,,,,,,7565.0
2026-07-07T07:50:24Z,,,,,,,,,,,7569.7
2026-07-07T07:50:24Z,,,,,,,,,,,7573.6
2026-07-07T07:50:24Z,,,,,,,,,,,7578.3
2026-07-07T07:50:25Z,,,,,,,,,,,7581.4
2026-07-07T07:50:25Z,51.554005,-0.071592,14.4,1.3,1.9,12,1,3,1.01,178.2,7580.6
2026-07-07T07:50:25Z,,,,,,,,,,,7579.1
2026-07-07T07:50:25Z,,,,,,,,,,,7578.3
2026-07-07T07:50:25Z,,,,,,,,,,,7576.7
2026-07-07T07:50:25Z,,,,,,,,,,,7572.3
2026-07-07T07:50:25Z,,,,,,,,,,,7565.3
2026-07-07T07:50:25Z,,,,,,,,,,,7556.9
2026-07-07T07:50:25Z,,,,,,,,,,,7549.9
2026-07-07T07:50:25Z,,,,,,,,,,,7546.6
2026-07-07T07:50:26Z,,,,,,,,,,,7543.9
2026-07-07T07:50:26Z,51.554001,-0.071597,14.4,1.3,1.9,12,1,3,1.26,178.2,7540.8
2026-07-07T07:50:26Z,,,,,,,,,,,7537.2
2026-07-07T07:50:26Z,,,,,,,,,,,7533.7
2026-07-07T07:50:26Z,,,,,,,,,,,7532.6
2026-07-07T07:50:26Z,,,,,,,,,,,7532.7
2026-07-07T07:50:26Z,,,,,,,,,,,7531.0
2026-07-07T07:50:26Z,,,,,,,,,,,7528.3
2026-07-07T07:50:26Z,,,,,,,,,,,7525.5
2026-07-07T07:50:26Z,,,,,,,,,,,7522.5
2026-07-07T07:50:27Z,,,,,,,,,,,7521.6
2026-07-07T07:50:27Z,51.553993,-0.071602,14.6,1.3,1.9,12,1,3,1.60,178.2,7521.3
2026-07-07T07:50:27Z,,,,,,,,,,,7519.8
2026-07-07T07:50:27Z,,,,,,,,,,,7518.6
2026-07-07T07:50:27Z,,,,,,,,,,,7516.6
2026-07-07T07:50:27Z,,,,,,,,,,,7513.6
2026-07-07T07:50:27Z,,,,,,,,,,,7509.8
2026-07-07T07:50:27Z,,,,,,,,,,,7504.3
2026-07-07T07:50:27Z,,,,,,,,,,,7500.3
2026-07-07T07:50:27Z,,,,,,,,,,,7498.8
2026-07-07T07:50:28Z,,,,,,,,,,,7499.0
2026-07-07T07:50:28Z,51.553986,-0.071607,14.9,1.3,1.9,12,1,3,1.97,178.4,7499.5
2026-07-07T07:50:28Z,,,,,,,,,,,7501.4
2026-07-07T07:50:28Z,,,,,,,,,,,7505.3
2026-07-07T07:50:28Z,,,,,,,,,,,7512.9
2026-07-07T07:50:28Z,,,,,,,,,,,7521.9
2026-07-07T07:50:28Z,,,,,,,,,,,7529.4
2026-07-07T07:50:28Z,,,,,,,,,,,7531.9
2026-07-07T07:50:28Z,,,,,,,,,,,7530.7
2026-07-07T07:50:28Z,,,,,,,,,,,7529.4
2026-07-07T07:50:29Z,,,,,,,,,,,7528.6
2026-07-07T07:50:29Z,51.553978,-0.071610,14.4,1.3,1.9,12,1,3,2.00,183.0,7528.0
2026-07-07T07:50:29Z,,,,,,,,,,,7522.4
2026-07-07T07:50:29Z,,,,,,,,,,,7514.6
2026-07-07T07:50:29Z,,,,,,,,,,,7509.1
2026-07-07T07:50:29Z,,,,,,,,,,,7504.7
2026-07-07T07:50:29Z,,,,,,,,,,,7501.8
2026-07-07T07:50:29Z,,,,,,,,,,,7498.8
2026-07-07T07:50:29Z,,,,,,,,,,,7492.9
2026-07-07T07:50:29Z,,,,,,,,,,,7484.9
2026-07-07T07:50:30Z,,,,,,,,,,,7478.3
2026-07-07T07:50:30Z,51.553967,-0.071615,14.9,1.3,1.9,12,1,3,1.65,183.0,7474.3
2026-07-07T07:50:30Z,,,,,,,,,,,7472.1
2026-07-07T07:50:30Z,,,,,,,,,,,7467.9
2026-07-07T07:50:30Z,,,,,,,,,,,7460.9
2026-07-07T07:50:30Z,,,,,,,,,,,7455.1
2026-07-07T07:50:30Z,,,,,,,,,,,7452.7
2026-07-07T07:50:30Z,,,,,,,,,,,7450.7
2026-07-07T07:50:30Z,,,,,,,,,,,7447.8
2026-07-07T07:50:30Z,,,,,,,,,,,7442.5
2026-07-07T07:50:31Z,,,,,,,,,,,7433.6
2026-07-07T07:50:31Z,51.553967,-0.071614,14.1,1.3,1.9,12,1,3,1.92,183.0,7426.6
2026-07-07T07:50:31Z,,,,,,,,,,,7421.5
2026-07-07T07:50:31Z,,,,,,,,,,,7416.2
2026-07-07T07:50:31Z,,,,,,,,,,,7410.9
2026-07-07T07:50:31Z,,,,,,,,,,,7402.9
2026-07-07T07:50:31Z,,,,,,,,,,,7395.7
2026-07-07T07:50:31Z,,,,,,,,,,,7391.9
2026-07-07T07:50:31Z,,,,,,,,,,,7390.5
2026-07-07T07:50:31Z,,,,,,,,,,,7390.2
2026-07-07T07:50:32Z,,,,,,,,,,,7389.3
2026-07-07T07:50:32Z,51.553963,-0.071617,14.2,1.3,1.9,12,1,3,0.50,183.0,7388.0
2026-07-07T07:50:32Z,,,,,,,,,,,7389.3
2026-07-07T07:50:32Z,,,,,,,,,,,7396.7
2026-07-07T07:50:32Z,,,,,,,,,,,7406.7
2026-07-07T07:50:32Z,,,,,,,,,,,7415.6
2026-07-07T07:50:32Z,,,,,,,,,,,7423.9
2026-07-07T07:50:32Z,,,,,,,,,,,7430.4
2026-07-07T07:50:32Z,,,,,,,,,,,7437.6
2026-07-07T07:50:32Z,,,,,,,,,,,7448.1
2026-07-07T07:50:32Z,,,,,,,,,,,7455.4
2026-07-07T07:50:33Z,51.553955,-0.071622,14.1,1.3,1.9,12,1,3,0.68,183.0,7458.9
2026-07-07T07:50:33Z,,,,,,,,,,,7460.6
2026-07-07T07:50:33Z,,,,,,,,,,,7460.6
2026-07-07T07:50:33Z,,,,,,,,,,,7461.8
2026-07-07T07:50:33Z,,,,,,,,,,,7464.9
2026-07-07T07:50:33Z,,,,,,,,,,,7468.2
2026-07-07T07:50:33Z,,,,,,,,,,,7472.0
2026-07-07T07:50:33Z,,,,,,,,,,,7475.6
2026-07-07T07:50:33Z,,,,,,,,,,,7479.0
2026-07-07T07:50:33Z,,,,,,,,,,,7485.8
2026-07-07T07:50:34Z,51.553951,-0.071626,13.8,1.3,1.9,12,1,3,0.90,183.0,7494.8
2026-07-07T07:50:34Z,,,,,,,,,,,7502.5
2026-07-07T07:50:34Z,,,,,,,,,,,7510.6
2026-07-07T07:50:34Z,,,,,,,,,,,7517.5
2026-07-07T07:50:34Z,,,,,,,,,,,7522.0
2026-07-07T07:50:34Z,,,,,,,,,,,7526.8
2026-07-07T07:50:34Z,,,,,,,,,,,7529.7
2026-07-07T07:50:34Z,,,,,,,,,,,7530.3
2026-07-07T07:50:34Z,,,,,,,,,,,7532.5
2026-07-07T07:50:35Z,,,,,,,,,,,7533.2
2026-07-07T07:50:35Z,51.553936,-0.071630,15.0,1.3,1.9,12,1,3,1.62,183.0,7533.1
2026-07-07T07:50:35Z,,,,,,,,,,,7533.2
2026-07-07T07:50:35Z,,,,,,,,,,,7532.5
2026-07-07T07:50:35Z,,,,,,,,,,,7533.8
2026-07-07T07:50:35Z,,,,,,,,,,,7537.9
2026-07-07T07:50:35Z,,,,,,,,,,,7542.9
2026-07-07T07:50:35Z,,,,,,,,,,,7547.8
2026-07-07T07:50:35Z,,,,,,,,,,,7553.2
2026-07-07T07:50:35Z,,,,,,,,,,,7558.7
2026-07-07T07:50:35Z,,,,,,,,,,,7565.6
2026-07-07T07:50:36Z,51.553925,-0.071634,15.4,1.3,1.9,12,1,3,2.03,173.8,7574.2
2026-07-07T07:50:36Z,,,,,,,,,,,7580.5
2026-07-07T07:50:36Z,,,,,,,,,,,7583.3
2026-07-07T07:50:36Z,,,,,,,,,,,7585.9
2026-07-07T07:50:36Z,,,,,,,,,,,7590.4
2026-07-07T07:50:36Z,,,,,,,,,,,7597.3
2026-07-07T07:50:36Z,,,,,,,,,,,7605.2
2026-07-07T07:50:36Z,,,,,,,,,,,7610.8
2026-07-07T07:50:36Z,,,,,,,,,,,7615.1
2026-07-07T07:50:36Z,,,,,,,,,,,7620.9
2026-07-07T07:50:37Z,51.553909,-0.071640,15.7,1.3,1.9,12,1,3,2.50,190.0,7630.1
2026-07-07T07:50:37Z,,,,,,,,,,,7639.0
2026-07-07T07:50:37Z,,,,,,,,,,,7644.8
2026-07-07T07:50:37Z,,,,,,,,,,,7645.8
2026-07-07T07:50:37Z,,,,,,,,,,,7644.2
2026-07-07T07:50:37Z,,,,,,,,,,,7643.4
2026-07-07T07:50:37Z,,,,,,,,,,,7642.3
2026-07-07T07:50:37Z,,,,,,,,,,,7642.6
2026-07-07T07:50:37Z,,,,,,,,,,,7645.6
2026-07-07T07:50:37Z,,,,,,,,,,,7643.8
2026-07-07T07:50:38Z,51.553894,-0.071643,16.0,1.3,1.9,12,1,3,2.59,186.9,7637.4
2026-07-07T07:50:38Z,,,,,,,,,,,7633.1
2026-07-07T07:50:38Z,,,,,,,,,,,7631.0
2026-07-07T07:50:38Z,,,,,,,,,,,7629.9
2026-07-07T07:50:38Z,,,,,,,,,,,7625.2
2026-07-07T07:50:38Z,,,,,,,,,,,7618.3
2026-07-07T07:50:38Z,,,,,,,,,,,7614.8
2026-07-07T07:50:38Z,,,,,,,,,,,7615.8
2026-07-07T07:50:38Z,,,,,,,,,,,7618.7
2026-07-07T07:50:38Z,,,,,,,,,,,7620.3
2026-07-07T07:50:39Z,51.553879,-0.071647,16.4,1.3,1.9,12,1,3,2.99,184.0,7616.8
2026-07-07T07:50:39Z,,,,,,,,,,,7610.6
2026-07-07T07:50:39Z,,,,,,,,,,,7607.9
2026-07-07T07:50:39Z,,,,,,,,,,,7606.6
2026-07-07T07:50:39Z,,,,,,,,,,,7603.5
2026-07-07T07:50:39Z,,,,,,,,,,,7597.7
2026-07-07T07:50:39Z,,,,,,,,,,,7588.1
2026-07-07T07:50:39Z,,,,,,,,,,,7577.2
2026-07-07T07:50:39Z,,,,,,,,,,,7569.1
2026-07-07T07:50:39Z,,,,,,,,,,,7564.0
2026-07-07T07:50:40Z,51.553864,-0.071650,16.4,1.3,1.9,12,1,3,3.07,183.8,7559.2
2026-07-07T07:50:40Z,,,,,,,,,,,7552.4
2026-07-07T07:50:40Z,,,,,,,,,,,7542.8
2026-07-07T07:50:40Z,,,,,,,,,,,7535.4
2026-07-07T07:50:40Z,,,,,,,,,,,7533.9
2026-07-07T07:50:40Z,,,,,,,,,,,7535.5
2026-07-07T07:50:40Z,,,,,,,,,,,7539.3
2026-07-07T07:50:40Z,,,,,,,,,,,7544.2
2026-07-07T07:50:40Z,,,,,,,,,,,7552.4
2026-07-07T07:50:40Z,,,,,,,,,,,7564.8
2026-07-07T07:50:41Z,51.553852,-0.071653,16.3,1.3,1.9,12,1,3,2.64,187.2,7582.7
2026-07-07T07:50:41Z,,,,,,,,,,,7601.4
2026-07-07T07:50:41Z,,,,,,,,,,,7618.2
2026-07-07T07:50:41Z,,,,,,,,,,,7631.7
2026-07-07T07:50:41Z,,,,,,,,,,,7641.8
2026-07-07T07:50:41Z,,,,,,,,,,,7651.9
2026-07-07T07:50:41Z,,,,,,,,,,,7660.6
2026-07-07T07:50:41Z,,,,,,,,,,,7665.6
2026-07-07T07:50:41Z,,,,,,,,,,,7668.1
2026-07-07T07:50:41Z,,,,,,,,,,,7667.9
2026-07-07T07:50:42Z,51.553848,-0.071652,16.2,1.3,1.9,12,1,3,1.39,187.2,7666.8
2026-07-07T07:50:42Z,,,,,,,,,,,7669.4
2026-07-07T07:50:42Z,,,,,,,,,,,7675.1
2026-07-07T07:50:42Z,,,,,,,,,,,7681.9
2026-07-07T07:50:42Z,,,,,,,,,,,7691.3
2026-07-07T07:50:42Z,,,,,,,,,,,7701.5
2026-07-07T07:50:42Z,,,,,,,,,,,7706.4
2026-07-07T07:50:42Z,,,,,,,,,,,7709.4
2026-07-07T07:50:42Z,,,,,,,,,,,7712.5
2026-07-07T07:50:42Z,,,,,,,,,,,7715.1
2026-07-07T07:50:43Z,51.553841,-0.071653,16.1,1.3,1.9,12,1,3,0.59,187.2,7724.8
2026-07-07T07:50:43Z,,,,,,,,,,,7742.3
2026-07-07T07:50:43Z,,,,,,,,,,,7757.4
2026-07-07T07:50:43Z,,,,,,,,,,,7765.1
2026-07-07T07:50:43Z,,,,,,,,,,,7770.0
2026-07-07T07:50:43Z,,,,,,,,,,,7774.3
2026-07-07T07:50:43Z,,,,,,,,,,,7776.5
2026-07-07T07:50:43Z,,,,,,,,,,,7775.2
2026-07-07T07:50:43Z,,,,,,,,,,,7771.3
2026-07-07T07:50:43Z,,,,,,,,,,,7765.5
2026-07-07T07:50:44Z,51.553829,-0.071659,16.1,1.3,1.9,12,1,3,1.26,187.2,7758.0
2026-07-07T07:50:44Z,,,,,,,,,,,7750.0
2026-07-07T07:50:44Z,,,,,,,,,,,7743.0
2026-07-07T07:50:44Z,,,,,,,,,,,7736.1
2026-07-07T07:50:44Z,,,,,,,,,,,7728.6
2026-07-07T07:50:44Z,,,,,,,,,,,7719.8
2026-07-07T07:50:44Z,,,,,,,,,,,7710.6
2026-07-07T07:50:44Z,,,,,,,,,,,7702.2
2026-07-07T07:50:44Z,,,,,,,,,,,7689.1
2026-07-07T07:50:44Z,,,,,,,,,,,7671.4
2026-07-07T07:50:45Z,51.553818,-0.071661,15.4,1.3,1.9,12,1,3,1.95,201.0,7657.3
2026-07-07T07:50:45Z,,,,,,,,,,,7649.8
2026-07-07T07:50:45Z,,,,,,,,,,,7649.3
2026-07-07T07:50:45Z,,,,,,,,,,,7656.4
2026-07-07T07:50:45Z,,,,,,,,,,,7665.5
2026-07-07T07:50:45Z,,,,,,,,,,,7670.0
2026-07-07T07:50:45Z,,,,,,,,,,,7672.6
2026-07-07T07:50:45Z,,,,,,,,,,,7675.7
2026-07-07T07:50:45Z,,,,,,,,,,,7679.9
2026-07-07T07:50:46Z,,,,,,,,,,,7682.9
2026-07-07T07:50:46Z,51.553806,-0.071663,15.2,1.3,1.9,12,1,3,1.43,201.0,7682.7
2026-07-07T07:50:46Z,,,,,,,,,,,7684.0
2026-07-07T07:50:46Z,,,,,,,,,,,7687.3
2026-07-07T07:50:46Z,,,,,,,,,,,7690.9
2026-07-07T07:50:46Z,,,,,,,,,,,7696.3
2026-07-07T07:50:46Z,,,,,,,,,,,7698.4
2026-07-07T07:50:46Z,,,,,,,,,,,7693.9
2026-07-07T07:50:46Z,,,,,,,,,,,7689.2
2026-07-07T07:50:46Z,,,,,,,,,,,7687.1
2026-07-07T07:50:46Z,,,,,,,,,,,7690.4
2026-07-07T07:50:47Z,51.553795,-0.071661,14.9,1.3,1.9,12,1,3,2.20,168.2,7696.8
2026-07-07T07:50:47Z,,,,,,,,,,,7699.4
2026-07-07T07:50:47Z,,,,,,,,,,,7699.2
2026-07-07T07:50:47Z,,,,,,,,,,,7696.2
2026-07-07T07:50:47Z,,,,,,,,,,,7693.0
2026-07-07T07:50:47Z,,,,,,,,,,,7690.5
2026-07-07T07:50:47Z,,,,,,,,,,,7687.1
2026-07-07T07:50:47Z,,,,,,,,,,,7681.7
2026-07-07T07:50:47Z,,,,,,,,,,,7676.4
2026-07-07T07:50:48Z,,,,,,,,,,,7672.6
2026-07-07T07:50:48Z,51.553783,-0.071659,14.6,1.3,1.9,12,1,3,1.84,168.2,7670.8
2026-07-07T07:50:48Z,,,,,,,,,,,7668.8
2026-07-07T07:50:48Z,,,,,,,,,,,7659.4
2026-07-07T07:50:48Z,,,,,,,,,,,7643.8
2026-07-07T07:50:48Z,,,,,,,,,,,7636.5
2026-07-07T07:50:48Z,,,,,,,,,,,7641.0
2026-07-07T07:50:48Z,,,,,,,,,,,7648.1
2026-07-07T07:50:48Z,,,,,,,,,,,7653.6
2026-07-07T07:50:48Z,,,,,,,,,,,7657.8
2026-07-07T07:50:49Z,,,,,,,,,,,7658.8
2026-07-07T07:50:49Z,51.553776,-0.071658,14.4,1.3,1.9,12,1,3,1.16,168.2,7658.6
2026-07-07T07:50:49Z,,,,,,,,,,,7658.3
2026-07-07T07:50:49Z,,,,,,,,,,,7659.4
2026-07-07T07:50:49Z,,,,,,,,,,,7658.6
2026-07-07T07:50:49Z,,,,,,,,,,,7653.2
2026-07-07T07:50:49Z,,,,,,,,,,,7646.7
2026-07-07T07:50:49Z,,,,,,,,,,,7640.0
2026-07-07T07:50:49Z,,,,,,,,,,,7634.8
2026-07-07T07:50:49Z,,,,,,,,,,,7630.8
2026-07-07T07:50:50Z,,,,,,,,,,,7624.5
2026-07-07T07:50:50Z,51.553764,-0.071663,14.3,1.3,1.9,12,1,3,1.12,168.2,7616.1
2026-07-07T07:50:50Z,,,,,,,,,,,7607.0
2026-07-07T07:50:50Z,,,,,,,,,,,7599.4
2026-07-07T07:50:50Z,,,,,,,,,,,7593.2
2026-07-07T07:50:50Z,,,,,,,,,,,7587.2
2026-07-07T07:50:50Z,,,,,,,,,,,7579.4
2026-07-07T07:50:50Z,,,,,,,,,,,7570.2
2026-07-07T07:50:50Z,,,,,,,,,,,7562.3
2026-07-07T07:50:50Z,,,,,,,,,,,7556.8
2026-07-07T07:50:51Z,,,,,,,,,,,7553.1
2026-07-07T07:50:51Z,51.553753,-0.071675,14.2,1.3,1.9,12,1,3,1.84,168.2,7548.1
2026-07-07T07:50:51Z,,,,,,,,,,,7541.4
2026-07-07T07:50:51Z,,,,,,,,,,,7535.1
2026-07-07T07:50:51Z,,,,,,,,,,,7530.4
2026-07-07T07:50:51Z,,,,,,,,,,,7526.8
2026-07-07T07:50:51Z,,,,,,,,,,,7525.6
2026-07-07T07:50:51Z,,,,,,,,,,,7524.6
2026-07-07T07:50:51Z,,,,,,,,,,,7524.4
2026-07-07T07:50:51Z,,,,,,,,,,,7529.1
2026-07-07T07:50:52Z,,,,,,,,,,,7537.1
2026-07-07T07:50:52Z,51.553745,-0.071686,14.1,1.3,1.9,12,1,3,1.89,168.2,7547.8
2026-07-07T07:50:52Z,,,,,,,,,,,7559.9
2026-07-07T07:50:52Z,,,,,,,,,,,7572.7
2026-07-07T07:50:52Z,,,,,,,,,,,7585.3
2026-07-07T07:50:52Z,,,,,,,,,,,7596.1
2026-07-07T07:50:52Z,,,,,,,,,,,7604.8
2026-07-07T07:50:52Z,,,,,,,,,,,7612.3
2026-07-07T07:50:52Z,,,,,,,,,,,7610.0
2026-07-07T07:50:52Z,,,,,,,,,,,7609.5
2026-07-07T07:50:53Z,,,,,,,,,,,7615.2
2026-07-07T07:50:53Z,51.553741,-0.071695,14.4,1.3,1.9,12,1,3,1.32,168.2,7615.6
2026-07-07T07:50:53Z,,,,,,,,,,,7614.5
2026-07-07T07:50:53Z,,,,,,,,,,,7613.9
2026-07-07T07:50:53Z,,,,,,,,,,,7612.8
2026-07-07T07:50:53Z,,,,,,,,,,,7608.4
2026-07-07T07:50:53Z,,,,,,,,,,,7602.6
2026-07-07T07:50:53Z,,,,,,,,,,,7597.1
2026-07-07T07:50:53Z,,,,,,,,,,,7592.1
2026-07-07T07:50:53Z,,,,,,,,,,,7587.1
2026-07-07T07:50:54Z,,,,,,,,,,,7582.2
2026-07-07T07:50:54Z,51.553738,-0.071703,14.7,1.3,1.9,12,1,3,1.07,168.2,7575.7
2026-07-07T07:50:54Z,,,,,,,,,,,7567.5
2026-07-07T07:50:54Z,,,,,,,,,,,7560.5
2026-07-07T07:50:54Z,,,,,,,,,,,7556.0
2026-07-07T07:50:54Z,,,,,,,,,,,7553.3
2026-07-07T07:50:54Z,,,,,,,,,,,7552.3
2026-07-07T07:50:54Z,,,,,,,,,,,7550.9
2026-07-07T07:50:54Z,,,,,,,,,,,7550.2
2026-07-07T07:50:54Z,,,,,,,,,,,7551.6
2026-07-07T07:50:55Z,,,,,,,,,,,7553.8
2026-07-07T07:50:55Z,51.553730,-0.071708,15.1,1.3,1.9,12,1,3,0.55,168.2,7557.7
2026-07-07T07:50:55Z,,,,,,,,,,,7562.6
2026-07-07T07:50:55Z,,,,,,,,,,,7566.1
2026-07-07T07:50:55Z,,,,,,,,,,,7568.9
2026-07-07T07:50:55Z,,,,,,,,,,,7571.9
2026-07-07T07:50:55Z,,,,,,,,,,,7575.0
2026-07-07T07:50:55Z,,,,,,,,,,,7579.9
2026-07-07T07:50:55Z,,,,,,,,,,,7587.1
2026-07-07T07:50:55Z,,,,,,,,,,,7594.2
2026-07-07T07:50:55Z,,,,,,,,,,,7600.4
2026-07-07T07:50:56Z,51.553726,-0.071715,15.4,1.3,1.9,12,1,3,1.00,168.2,7608.2
2026-07-07T07:50:56Z,,,,,,,,,,,7615.8
2026-07-07T07:50:56Z,,,,,,,,,,,7622.2
2026-07-07T07:50:56Z,,,,,,,,,,,7628.6
2026-07-07T07:50:56Z,,,,,,,,,,,7632.4
2026-07-07T07:50:56Z,,,,,,,,,,,7634.5
2026-07-07T07:50:56Z,,,,,,,,,,,7636.6
2026-07-07T07:50:56Z,,,,,,,,,,,7636.3
2026-07-07T07:50:56Z,,,,,,,,,,,7633.9
2026-07-07T07:50:57Z,,,,,,,,,,,7631.3
2026-07-07T07:50:57Z,51.553722,-0.071714,15.6,1.3,1.9,12,1,3,1.17,168.2,7627.7
2026-07-07T07:50:57Z,,,,,,,,,,,7622.6
2026-07-07T07:50:57Z,,,,,,,,,,,7617.1
2026-07-07T07:50:57Z,,,,,,,,,,,7611.1
2026-07-07T07:50:57Z,,,,,,,,,,,7603.7
2026-07-07T07:50:57Z,,,,,,,,,,,7596.3
2026-07-07T07:50:57Z,,,,,,,,,,,7589.2
2026-07-07T07:50:57Z,,,,,,,,,,,7583.2
2026-07-07T07:50:57Z,,,,,,,,,,,7577.6
2026-07-07T07:50:58Z,,,,,,,,,,,7569.7
2026-07-07T07:50:58Z,51.553719,-0.071716,16.0,1.3,1.9,12,1,3,0.00,168.2,7561.2
2026-07-07T07:50:58Z,,,,,,,,,,,7554.3
2026-07-07T07:50:58Z,,,,,,,,,,,7547.2
2026-07-07T07:50:58Z,,,,,,,,,,,7540.5
2026-07-07T07:50:58Z,,,,,,,,,,,7536.7
2026-07-07T07:50:58Z,,,,,,,,,,,7534.5
2026-07-07T07:50:58Z,,,,,,,,,,,7534.4
2026-07-07T07:50:58Z,,,,,,,,,,,7538.4
2026-07-07T07:50:58Z,,,,,,,,,,,7543.2
2026-07-07T07:50:59Z,,,,,,,,,,,7548.6
2026-07-07T07:50:59Z,51.553715,-0.071717,16.4,1.3,1.9,12,1,3,0.00,168.2,7557.3
2026-07-07T07:50:59Z,,,,,,,,,,,7567.2
2026-07-07T07:50:59Z,,,,,,,,,,,7574.9
2026-07-07T07:50:59Z,,,,,,,,,,,7581.0
2026-07-07T07:50:59Z,,,,,,,,,,,7583.6
2026-07-07T07:50:59Z,,,,,,,,,,,7583.5
2026-07-07T07:50:59Z,,,,,,,,,,,7584.6
2026-07-07T07:50:59Z,,,,,,,,,,,7585.2
2026-07-07T07:50:59Z,,,,,,,,,,,7584.2
2026-07-07T07:51:00Z,,,,,,,,,,,7581.7
2026-07-07T07:51:00Z,51.553711,-0.071720,16.7,1.3,1.9,12,1,3,0.00,168.2,7575.5
2026-07-07T07:51:00Z,,,,,,,,,,,7568.4
2026-07-07T07:51:00Z,,,,,,,,,,,7562.6
2026-07-07T07:51:00Z,,,,,,,,,,,7557.0
2026-07-07T07:51:00Z,,,,,,,,,,,7553.1
2026-07-07T07:51:00Z,,,,,,,,,,,7551.0
2026-07-07T07:51:00Z,,,,,,,,,,,7547.0
2026-07-07T07:51:00Z,,,,,,,,,,,7541.0
2026-07-07T07:51:00Z,,,,,,,,,,,7535.8
2026-07-07T07:51:01Z,,,,,,,,,,,7531.3
2026-07-07T07:51:01Z,51.553711,-0.071729,17.1,1.3,1.9,12,1,3,0.00,168.2,7528.4
2026-07-07T07:51:01Z,,,,,,,,,,,7526.6
2026-07-07T07:51:01Z,,,,,,,,,,,7521.6
2026-07-07T07:51:01Z,,,,,,,,,,,7515.4
2026-07-07T07:51:01Z,,,,,,,,,,,7510.8
2026-07-07T07:51:01Z,,,,,,,,,,,7507.0
2026-07-07T07:51:01Z,,,,,,,,,,,7504.9
2026-07-07T07:51:01Z,,,,,,,,,,,7505.3
2026-07-07T07:51:01Z,,,,,,,,,,,7505.0
2026-07-07T07:51:02Z,,,,,,,,,,,7501.5
2026-07-07T07:51:02Z,51.553707,-0.071743,17.6,1.3,1.9,12,1,3,1.34,168.2,7497.2
2026-07-07T07:51:02Z,,,,,,,,,,,7494.2
2026-07-07T07:51:02Z,,,,,,,,,,,7492.4
2026-07-07T07:51:02Z,,,,,,,,,,,7490.8
2026-07-07T07:51:02Z,,,,,,,,,,,7487.8
2026-07-07T07:51:02Z,,,,,,,,,,,7482.9
2026-07-07T07:51:02Z,,,,,,,,,,,7478.5
2026-07-07T07:51:02Z,,,,,,,,,,,7474.6
2026-07-07T07:51:02Z,,,,,,,,,,,7470.4
2026-07-07T07:51:02Z,,,,,,,,,,,7467.2
2026-07-07T07:51:03Z,51.553703,-0.071756,17.9,1.3,1.9,12,1,3,1.44,168.2,7463.5
2026-07-07T07:51:03Z,,,,,,,,,,,7460.6
2026-07-07T07:51:03Z,,,,,,,,,,,7459.3
2026-07-07T07:51:03Z,,,,,,,,,,,7459.0
2026-07-07T07:51:03Z,,,,,,,,,,,7457.8
2026-07-07T07:51:03Z,,,,,,,,,,,7456.5
2026-07-07T07:51:03Z,,,,,,,,,,,7455.9
2026-07-07T07:51:03Z,,,,,,,,,,,7456.2
2026-07-07T07:51:03Z,,,,,,,,,,,7456.1
2026-07-07T07:51:04Z,,,,,,,,,,,7454.4
2026-07-07T07:51:04Z,51.553699,-0.071769,18.2,1.3,1.9,12,1,3,1.26,168.2,7451.3
2026-07-07T07:51:04Z,,,,,,,,,,,7448.6
2026-07-07T07:51:04Z,,,,,,,,,,,7446.3
2026-07-07T07:51:04Z,,,,,,,,,,,7442.3
2026-07-07T07:51:04Z,,,,,,,,,,,7439.1
2026-07-07T07:51:04Z,,,,,,,,,,,7436.0
2026-07-07T07:51:04Z,,,,,,,,,,,7430.7
2026-07-07T07:51:04Z,,,,,,,,,,,7426.8
2026-07-07T07:51:04Z,,,,,,,,,,,7424.2
2026-07-07T07:51:05Z,,,,,,,,,,,7421.2
2026-07-07T07:51:05Z,51.553696,-0.071784,18.6,1.3,1.9,12,1,3,1.91,168.2,7420.2
2026-07-07T07:51:05Z,,,,,,,,,,,7420.0
2026-07-07T07:51:05Z,,,,,,,,,,,7419.1
2026-07-07T07:51:05Z,,,,,,,,,,,7420.4
2026-07-07T07:51:05Z,,,,,,,,,,,7423.4
2026-07-07T07:51:05Z,,,,,,,,,,,7425.6
2026-07-07T07:51:05Z,,,,,,,,,,,7427.1
2026-07-07T07:51:05Z,,,,,,,,,,,7429.8
2026-07-07T07:51:05Z,,,,,,,,,,,7434.7
2026-07-07T07:51:06Z,,,,,,,,,,,7440.1
2026-07-07T07:51:06Z,51.553696,-0.071791,18.2,1.3,1.9,12,1,3,1.68,168.2,7446.3
2026-07-07T07:51:06Z,,,,,,,,,,,7448.3
2026-07-07T07:51:06Z,,,,,,,,,,,7445.9
2026-07-07T07:51:06Z,,,,,,,,,,,7444.4
2026-07-07T07:51:06Z,,,,,,,,,,,7444.0
2026-07-07T07:51:06Z,,,,,,,,,,,7444.6
2026-07-07T07:51:06Z,,,,,,,,,,,7444.5
2026-07-07T07:51:06Z,,,,,,,,,,,7440.8
2026-07-07T07:51:06Z,,,,,,,,,,,7435.3
2026-07-07T07:51:07Z,,,,,,,,,,,7431.1
2026-07-07T07:51:07Z,51.553696,-0.071796,18.8,1.3,1.9,12,1,3,0.50,168.2,7428.4
2026-07-07T07:51:07Z,,,,,,,,,,,7426.8
2026-07-07T07:51:07Z,,,,,,,,,,,7424.9
2026-07-07T07:51:07Z,,,,,,,,,,,7422.5
2026-07-07T07:51:07Z,,,,,,,,,,,7416.6
2026-07-07T07:51:07Z,,,,,,,,,,,7410.1
2026-07-07T07:51:07Z,,,,,,,,,,,7406.0
2026-07-07T07:51:07Z,,,,,,,,,,,7404.0
2026-07-07T07:51:07Z,,,,,,,,,,,7402.5
2026-07-07T07:51:08Z,,,,,,,,,,,7397.9
2026-07-07T07:51:08Z,51.553696,-0.071799,19.1,1.3,1.9,12,1,3,0.00,168.2,7390.9
2026-07-07T07:51:08Z,,,,,,,,,,,7385.3
2026-07-07T07:51:08Z,,,,,,,,,,,7382.6
2026-07-07T07:51:08Z,,,,,,,,,,,7382.3
2026-07-07T07:51:08Z,,,,,,,,,,,7382.3
2026-07-07T07:51:08Z,,,,,,,,,,,7381.0
2026-07-07T07:51:08Z,,,,,,,,,,,7377.7
2026-07-07T07:51:08Z,,,,,,,,,,,7376.7
2026-07-07T07:51:08Z,,,,,,,,,,,7380.4
2026-07-07T07:51:09Z,,,,,,,,,,,7386.5
2026-07-07T07:51:09Z,51.553696,-0.071801,19.3,1.3,1.9,12,1,3,0.00,168.2,7396.0
2026-07-07T07:51:09Z,,,,,,,,,,,7404.3
2026-07-07T07:51:09Z,,,,,,,,,,,7409.4
2026-07-07T07:51:09Z,,,,,,,,,,,7416.7
2026-07-07T07:51:09Z,,,,,,,,,,,7426.5
2026-07-07T07:51:09Z,,,,,,,,,,,7435.8
2026-07-07T07:51:09Z,,,,,,,,,,,7441.7
2026-07-07T07:51:09Z,,,,,,,,,,,7444.9
2026-07-07T07:51:09Z,,,,,,,,,,,7445.4
2026-07-07T07:51:10Z,,,,,,,,,,,7445.1
2026-07-07T07:51:10Z,51.553696,-0.071804,19.6,1.3,1.9,12,1,3,0.00,168.2,7447.1
2026-07-07T07:51:10Z,,,,,,,,,,,7446.8
2026-07-07T07:51:10Z,,,,,,,,,,,7443.4
2026-07-07T07:51:10Z,,,,,,,,,,,7441.5
2026-07-07T07:51:10Z,,,,,,,,,,,7438.9
2026-07-07T07:51:10Z,,,,,,,,,,,7434.0
2026-07-07T07:51:10Z,,,,,,,,,,,7429.7
2026-07-07T07:51:10Z,,,,,,,,,,,7424.8
2026-07-07T07:51:10Z,,,,,,,,,,,7417.7
2026-07-07T07:51:11Z,,,,,,,,,,,7411.3
2026-07-07T07:51:11Z,51.553696,-0.071811,18.9,1.3,1.9,12,1,3,0.00,168.2,7407.1
2026-07-07T07:51:11Z,,,,,,,,,,,7403.4
2026-07-07T07:51:11Z,,,,,,,,,,,7400.6
2026-07-07T07:51:11Z,,,,,,,,,,,7398.8
2026-07-07T07:51:11Z,,,,,,,,,,,7397.8
2026-07-07T07:51:11Z,,,,,,,,,,,7400.5
2026-07-07T07:51:11Z,,,,,,,,,,,7405.7
2026-07-07T07:51:11Z,,,,,,,,,,,7411.0
2026-07-07T07:51:11Z,,,,,,,,,,,7417.0
2026-07-07T07:51:12Z,,,,,,,,,,,7421.9
2026-07-07T07:51:12Z,51.553696,-0.071819,18.5,1.3,1.9,12,1,3,0.92,168.2,7428.1
2026-07-07T07:51:12Z,,,,,,,,,,,7436.3
2026-07-07T07:51:12Z,,,,,,,,,,,7445.3
2026-07-07T07:51:12Z,,,,,,,,,,,7451.9
2026-07-07T07:51:12Z,,,,,,,,,,,7451.5
2026-07-07T07:51:12Z,,,,,,,,,,,7446.0
2026-07-07T07:51:12Z,,,,,,,,,,,7445.1
2026-07-07T07:51:12Z,,,,,,,,,,,7456.9
2026-07-07T07:51:12Z,,,,,,,,,,,7475.3
2026-07-07T07:51:12Z,,,,,,,,,,,7488.3
2026-07-07T07:51:13Z,51.553692,-0.071831,18.0,1.3,1.9,12,1,3,0.89,168.2,7495.9
2026-07-07T07:51:13Z,,,,,,,,,,,7504.7
2026-07-07T07:51:13Z,,,,,,,,,,,7517.6
2026-07-07T07:51:13Z,,,,,,,,,,,7533.4
2026-07-07T07:51:13Z,,,,,,,,,,,7546.4
2026-07-07T07:51:13Z,,,,,,,,,,,7553.4
2026-07-07T07:51:13Z,,,,,,,,,,,7559.3
2026-07-07T07:51:13Z,,,,,,,,,,,7567.8
2026-07-07T07:51:13Z,,,,,,,,,,,7575.6
2026-07-07T07:51:14Z,,,,,,,,,,,7582.5
2026-07-07T07:51:14Z,51.553692,-0.071844,17.6,1.3,1.9,12,1,3,1.47,168.2,7585.8
2026-07-07T07:51:14Z,,,,,,,,,,,7583.0
2026-07-07T07:51:14Z,,,,,,,,,,,7580.9
2026-07-07T07:51:14Z,,,,,,,,,,,7582.0
2026-07-07T07:51:14Z,,,,,,,,,,,7583.4
2026-07-07T07:51:14Z,,,,,,,,,,,7583.1
2026-07-07T07:51:14Z,,,,,,,,,,,7580.2
2026-07-07T07:51:14Z,,,,,,,,,,,7575.0
2026-07-07T07:51:14Z,,,,,,,,,,,7570.0
2026-07-07T07:51:14Z,,,,,,,,,,,7565.4
2026-07-07T07:51:15Z,51.553688,-0.071862,17.4,1.3,1.9,12,1,3,1.59,168.2,7561.1
2026-07-07T07:51:15Z,,,,,,,,,,,7557.5
2026-07-07T07:51:15Z,,,,,,,,,,,7552.2
2026-07-07T07:51:15Z,,,,,,,,,,,7545.8
2026-07-07T07:51:15Z,,,,,,,,,,,7540.2
2026-07-07T07:51:15Z,,,,,,,,,,,7537.9
2026-07-07T07:51:15Z,,,,,,,,,,,7537.7
2026-07-07T07:51:15Z,,,,,,,,,,,7538.9
2026-07-07T07:51:15Z,,,,,,,,,,,7539.5
2026-07-07T07:51:16Z,,,,,,,,,,,7539.2
2026-07-07T07:51:16Z,51.553684,-0.071879,17.2,1.3,1.9,12,1,3,1.58,168.2,7542.0
2026-07-07T07:51:16Z,,,,,,,,,,,7544.2
2026-07-07T07:51:16Z,,,,,,,,,,,7544.9
2026-07-07T07:51:16Z,,,,,,,,,,,7544.5
2026-07-07T07:51:16Z,,,,,,,,,,,7543.5
2026-07-07T07:51:16Z,,,,,,,,,,,7543.5
2026-07-07T07:51:16Z,,,,,,,,,,,7546.2
2026-07-07T07:51:16Z,,,,,,,,,,,7546.5
2026-07-07T07:51:16Z,,,,,,,,,,,7542.5
2026-07-07T07:51:17Z,,,,,,,,,,,7540.4
2026-07-07T07:51:17Z,51.553684,-0.071893,16.9,1.3,1.9,12,1,3,1.69,168.2,7539.8
2026-07-07T07:51:17Z,,,,,,,,,,,7538.5
2026-07-07T07:51:17Z,,,,,,,,,,,7539.0
2026-07-07T07:51:17Z,,,,,,,,,,,7546.7
2026-07-07T07:51:17Z,,,,,,,,,,,7560.0
2026-07-07T07:51:17Z,,,,,,,,,,,7577.3
2026-07-07T07:51:17Z,,,,,,,,,,,7598.6
2026-07-07T07:51:17Z,,,,,,,,,,,7622.1
2026-07-07T07:51:17Z,,,,,,,,,,,7645.3
2026-07-07T07:51:18Z,,,,,,,,,,,7668.2
2026-07-07T07:51:18Z,51.553684,-0.071906,16.5,1.3,1.9,12,1,3,0.96,168.2,7694.5
2026-07-07T07:51:18Z,,,,,,,,,,,7716.7
2026-07-07T07:51:18Z,,,,,,,,,,,7736.2
2026-07-07T07:51:18Z,,,,,,,,,,,7751.1
2026-07-07T07:51:18Z,,,,,,,,,,,7761.5
2026-07-07T07:51:18Z,,,,,,,,,,,7770.1
2026-07-07T07:51:18Z,,,,,,,,,,,7777.2
2026-07-07T07:51:18Z,,,,,,,,,,,7784.5
2026-07-07T07:51:18Z,,,,,,,,,,,7790.3
2026-07-07T07:51:19Z,,,,,,,,,,,7790.2
2026-07-07T07:51:19Z,51.553684,-0.071921,16.2,1.3,1.9,12,1,3,1.29,168.2,7786.1
2026-07-07T07:51:19Z,,,,,,,,,,,7784.1
2026-07-07T07:51:19Z,,,,,,,,,,,7783.5
2026-07-07T07:51:19Z,,,,,,,,,,,7783.0
2026-07-07T07:51:19Z,,,,,,,,,,,7780.4
2026-07-07T07:51:19Z,,,,,,,,,,,7773.0
2026-07-07T07:51:19Z,,,,,,,,,,,7764.5
2026-07-07T07:51:19Z,,,,,,,,,,,7758.9
2026-07-07T07:51:19Z,,,,,,,,,,,7755.9
2026-07-07T07:51:20Z,,,,,,,,,,,7752.1
2026-07-07T07:51:20Z,51.553680,-0.071939,16.1,1.3,1.9,12,1,3,0.99,168.2,7746.9
2026-07-07T07:51:20Z,,,,,,,,,,,7739.8
2026-07-07T07:51:20Z,,,,,,,,,,,7733.8
2026-07-07T07:51:20Z,,,,,,,,,,,7733.5
2026-07-07T07:51:20Z,,,,,,,,,,,7735.4
2026-07-07T07:51:20Z,,,,,,,,,,,7737.8
2026-07-07T07:51:20Z,,,,,,,,,,,7741.5
2026-07-07T07:51:20Z,,,,,,,,,,,7746.1
2026-07-07T07:51:20Z,,,,,,,,,,,7752.0
2026-07-07T07:51:21Z,,,,,,,,,,,7759.4
2026-07-07T07:51:21Z,51.553680,-0.071946,16.6,1.3,1.9,12,1,3,1.63,168.2,7767.9
2026-07-07T07:51:21Z,,,,,,,,,,,7775.7
2026-07-07T07:51:21Z,,,,,,,,,,,7783.1
2026-07-07T07:51:21Z,,,,,,,,,,,7788.2
2026-07-07T07:51:21Z,,,,,,,,,,,7791.1
2026-07-07T07:51:21Z,,,,,,,,,,,7796.1
2026-07-07T07:51:21Z,,,,,,,,,,,7801.6
2026-07-07T07:51:21Z,,,,,,,,,,,7806.1
2026-07-07T07:51:21Z,,,,,,,,,,,7810.2
2026-07-07T07:51:22Z,,,,,,,,,,,7811.4
2026-07-07T07:51:22Z,51.553680,-0.071953,17.0,1.3,1.9,12,1,3,0.00,168.2,7812.1
2026-07-07T07:51:22Z,,,,,,,,,,,7814.6
2026-07-07T07:51:22Z,,,,,,,,,,,7816.2
2026-07-07T07:51:22Z,,,,,,,,,,,7816.4
2026-07-07T07:51:22Z,,,,,,,,,,,7817.9
2026-07-07T07:51:22Z,,,,,,,,,,,7817.3
2026-07-07T07:51:22Z,,,,,,,,,,,7813.5
2026-07-07T07:51:22Z,,,,,,,,,,,7811.3
2026-07-07T07:51:22Z,,,,,,,,,,,7808.5
2026-07-07T07:51:23Z,,,,,,,,,,,7802.6
2026-07-07T07:51:23Z,51.553680,-0.071957,17.3,1.3,1.9,12,1,3,0.00,168.2,7795.8
2026-07-07T07:51:23Z,,,,,,,,,,,7790.3
2026-07-07T07:51:23Z,,,,,,,,,,,7786.3
2026-07-07T07:51:23Z,,,,,,,,,,,7784.7
2026-07-07T07:51:23Z,,,,,,,,,,,7783.5
2026-07-07T07:51:23Z,,,,,,,,,,,7780.3
2026-07-07T07:51:23Z,,,,,,,,,,,7778.4
2026-07-07T07:51:23Z,,,,,,,,,,,7778.6
2026-07-07T07:51:23Z,,,,,,,,,,,7778.2
2026-07-07T07:51:24Z,,,,,,,,,,,7778.8
2026-07-07T07:51:24Z,51.553677,-0.071970,17.8,1.3,1.9,12,1,3,0.00,168.2,7780.8
2026-07-07T07:51:24Z,,,,,,,,,,,7782.2
2026-07-07T07:51:24Z,,,,,,,,,,,7784.1
2026-07-07T07:51:24Z,,,,,,,,,,,7787.9
2026-07-07T07:51:24Z,,,,,,,,,,,7790.8
2026-07-07T07:51:24Z,,,,,,,,,,,7791.8
2026-07-07T07:51:24Z,,,,,,,,,,,7790.9
2026-07-07T07:51:24Z,,,,,,,,,,,7789.8
2026-07-07T07:51:24Z,,,,,,,,,,,7790.3
2026-07-07T07:51:25Z,,,,,,,,,,,7791.3
2026-07-07T07:51:25Z,51.553669,-0.071978,18.3,1.3,1.9,12,1,3,1.16,168.2,7790.0
2026-07-07T07:51:25Z,,,,,,,,,,,7788.5
2026-07-07T07:51:25Z,,,,,,,,,,,7787.6
2026-07-07T07:51:25Z,,,,,,,,,,,7785.6
2026-07-07T07:51:25Z,,,,,,,,,,,7783.0
2026-07-07T07:51:25Z,,,,,,,,,,,7781.4
2026-07-07T07:51:25Z,,,,,,,,,,,7782.0
2026-07-07T07:51:25Z,,,,,,,,,,,7782.7
2026-07-07T07:51:25Z,,,,,,,,,,,7783.0
2026-07-07T07:51:26Z,,,,,,,,,,,7784.1
2026-07-07T07:51:26Z,51.553665,-0.071990,19.3,1.3,1.9,12,1,3,1.70,168.2,7786.2
2026-07-07T07:51:26Z,,,,,,,,,,,7786.5
2026-07-07T07:51:26Z,,,,,,,,,,,7784.9
2026-07-07T07:51:26Z,,,,,,,,,,,7781.7
2026-07-07T07:51:26Z,,,,,,,,,,,7776.7
2026-07-07T07:51:26Z,,,,,,,,,,,7771.5
2026-07-07T07:51:26Z,,,,,,,,,,,7768.3
2026-07-07T07:51:26Z,,,,,,,,,,,7768.0
2026-07-07T07:51:26Z,,,,,,,,,,,7765.3
2026-07-07T07:51:27Z,,,,,,,,,,,7756.4
2026-07-07T07:51:27Z,51.553661,-0.071997,19.9,1.3,1.9,12,1,3,0.95,168.2,7747.8
2026-07-07T07:51:27Z,,,,,,,,,,,7743.0
2026-07-07T07:51:27Z,,,,,,,,,,,7740.4
2026-07-07T07:51:27Z,,,,,,,,,,,7740.3
2026-07-07T07:51:27Z,,,,,,,,,,,7737.8
2026-07-07T07:51:27Z,,,,,,,,,,,7734.3
2026-07-07T07:51:27Z,,,,,,,,,,,7734.6
2026-07-07T07:51:27Z,,,,,,,,,,,7737.2
2026-07-07T07:51:27Z,,,,,,,,,,,7738.5
2026-07-07T07:51:28Z,,,,,,,,,,,7736.9
2026-07-07T07:51:28Z,51.553654,-0.072008,20.7,1.3,1.9,12,1,3,0.87,168.2,7731.6
2026-07-07T07:51:28Z,,,,,,,,,,,7726.2
2026-07-07T07:51:28Z,,,,,,,,,,,7726.0
2026-07-07T07:51:28Z,,,,,,,,,,,7727.3
2026-07-07T07:51:28Z,,,,,,,,,,,7737.0
2026-07-07T07:51:28Z,,,,,,,,,,,7750.0
2026-07-07T07:51:28Z,,,,,,,,,,,7752.8
2026-07-07T07:51:28Z,,,,,,,,,,,7752.5
2026-07-07T07:51:28Z,,,,,,,,,,,7755.2
2026-07-07T07:51:29Z,,,,,,,,,,,7759.1
2026-07-07T07:51:29Z,51.553646,-0.072014,21.4,1.3,1.9,11,1,3,1.26,168.2,7762.3
2026-07-07T07:51:29Z,,,,,,,,,,,7762.1
2026-07-07T07:51:29Z,,,,,,,,,,,7757.2
2026-07-07T07:51:29Z,,,,,,,,,,,7753.5
2026-07-07T07:51:29Z,,,,,,,,,,,7752.9
2026-07-07T07:51:29Z,,,,,,,,,,,7751.8
2026-07-07T07:51:29Z,,,,,,,,,,,7748.9
2026-07-07T07:51:29Z,,,,,,,,,,,7743.6
2026-07-07T07:51:29Z,,,,,,,,,,,7734.5
2026-07-07T07:51:30Z,,,,,,,,,,,7726.2
2026-07-07T07:51:30Z,51.553635,-0.072021,21.9,1.3,2.1,10,1,3,1.99,159.3,7721.4
2026-07-07T07:51:30Z,,,,,,,,,,,7718.5
2026-07-07T07:51:30Z,,,,,,,,,,,7714.5
2026-07-07T07:51:30Z,,,,,,,,,,,7709.8
2026-07-07T07:51:30Z,,,,,,,,,,,7705.6
2026-07-07T07:51:30Z,,,,,,,,,,,7702.5
2026-07-07T07:51:30Z,,,,,,,,,,,7702.4
2026-07-07T07:51:30Z,,,,,,,,,,,7703.6
2026-07-07T07:51:30Z,,,,,,,,,,,7702.9
2026-07-07T07:51:31Z,,,,,,,,,,,7699.2
2026-07-07T07:51:31Z,51.553616,-0.072027,23.0,1.3,2.1,11,1,3,2.91,181.9,7693.7
2026-07-07T07:51:31Z,,,,,,,,,,,7687.8
2026-07-07T07:51:31Z,,,,,,,,,,,7684.4
2026-07-07T07:51:31Z,,,,,,,,,,,7681.3
2026-07-07T07:51:31Z,,,,,,,,,,,7676.0
2026-07-07T07:51:31Z,,,,,,,,,,,7669.8
2026-07-07T07:51:31Z,,,,,,,,,,,7662.2
2026-07-07T07:51:31Z,,,,,,,,,,,7654.6
2026-07-07T07:51:31Z,,,,,,,,,,,7649.9
2026-07-07T07:51:32Z,,,,,,,,,,,7645.4
2026-07-07T07:51:32Z,51.553596,-0.072031,24.3,1.3,2.1,11,1,3,3.90,169.8,7640.0
2026-07-07T07:51:32Z,,,,,,,,,,,7635.0
2026-07-07T07:51:32Z,,,,,,,,,,,7629.6
2026-07-07T07:51:32Z,,,,,,,,,,,7625.9
2026-07-07T07:51:32Z,,,,,,,,,,,7626.4
2026-07-07T07:51:32Z,,,,,,,,,,,7628.4
2026-07-07T07:51:32Z,,,,,,,,,,,7629.3
2026-07-07T07:51:32Z,,,,,,,,,,,7629.7
2026-07-07T07:51:32Z,,,,,,,,,,,7629.9
2026-07-07T07:51:33Z,,,,,,,,,,,7631.0
2026-07-07T07:51:33Z,51.553589,-0.072038,25.3,1.3,2.1,11,1,3,2.53,153.1,7634.9
2026-07-07T07:51:33Z,,,,,,,,,,,7637.4
2026-07-07T07:51:33Z,,,,,,,,,,,7637.5
2026-07-07T07:51:33Z,,,,,,,,,,,7637.9
2026-07-07T07:51:33Z,,,,,,,,,,,7636.6
2026-07-07T07:51:33Z,,,,,,,,,,,7635.5
2026-07-07T07:51:33Z,,,,,,,,,,,7637.7
2026-07-07T07:51:33Z,,,,,,,,,,,7639.4
2026-07-07T07:51:33Z,,,,,,,,,,,7639.6
2026-07-07T07:51:34Z,,,,,,,,,,,7639.9
2026-07-07T07:51:34Z,51.553577,-0.072043,26.6,1.3,2.1,11,1,3,1.37,153.1,7639.9
2026-07-07T07:51:34Z,,,,,,,,,,,7641.1
2026-07-07T07:51:34Z,,,,,,,,,,,7644.2
2026-07-07T07:51:34Z,,,,,,,,,,,7648.7
2026-07-07T07:51:34Z,,,,,,,,,,,7652.4
2026-07-07T07:51:34Z,,,,,,,,,,,7655.9
2026-07-07T07:51:34Z,,,,,,,,,,,7658.6
2026-07-07T07:51:34Z,,,,,,,,,,,7660.0
2026-07-07T07:51:34Z,,,,,,,,,,,7659.4
2026-07-07T07:51:35Z,,,,,,,,,,,7655.8
2026-07-07T07:51:35Z,51.553570,-0.072044,28.5,1.3,2.1,11,1,3,1.58,153.1,7652.5
2026-07-07T07:51:35Z,,,,,,,,,,,7648.9
2026-07-07T07:51:35Z,,,,,,,,,,,7645.9
2026-07-07T07:51:35Z,,,,,,,,,,,7643.9
2026-07-07T07:51:35Z,,,,,,,,,,,7640.7
2026-07-07T07:51:35Z,,,,,,,,,,,7637.7
2026-07-07T07:51:35Z,,,,,,,,,,,7636.2
2026-07-07T07:51:35Z,,,,,,,,,,,7637.1
2026-07-07T07:51:35Z,,,,,,,,,,,7641.2
2026-07-07T07:51:36Z,,,,,,,,,,,7641.9
2026-07-07T07:51:36Z,51.553562,-0.072039,29.6,1.3,2.1,11,1,3,1.59,153.1,7637.8
2026-07-07T07:51:36Z,,,,,,,,,,,7633.7
2026-07-07T07:51:36Z,,,,,,,,,,,7629.6
2026-07-07T07:51:36Z,,,,,,,,,,,7626.0
2026-07-07T07:51:36Z,,,,,,,,,,,7623.5
2026-07-07T07:51:36Z,,,,,,,,,,,7617.0
2026-07-07T07:51:36Z,,,,,,,,,,,7607.8
2026-07-07T07:51:36Z,,,,,,,,,,,7601.4
2026-07-07T07:51:36Z,,,,,,,,,,,7597.3
2026-07-07T07:51:37Z,,,,,,,,,,,7594.7
2026-07-07T07:51:37Z,51.553547,-0.072041,30.5,1.3,2.1,11,1,3,1.92,153.1,7592.4
2026-07-07T07:51:37Z,,,,,,,,,,,7588.3
2026-07-07T07:51:37Z,,,,,,,,,,,7581.8
2026-07-07T07:51:37Z,,,,,,,,,,,7578.6
2026-07-07T07:51:37Z,,,,,,,,,,,7579.3
2026-07-07T07:51:37Z,,,,,,,,,,,7582.2
2026-07-07T07:51:37Z,,,,,,,,,,,7585.8
2026-07-07T07:51:37Z,,,,,,,,,,,7589.9
2026-07-07T07:51:37Z,,,,,,,,,,,7595.8
2026-07-07T07:51:38Z,,,,,,,,,,,7605.9
2026-07-07T07:51:38Z,51.553535,-0.072045,31.5,1.3,2.1,11,1,3,2.83,177.7,7623.9
2026-07-07T07:51:38Z,,,,,,,,,,,7641.9
2026-07-07T07:51:38Z,,,,,,,,,,,7659.7
2026-07-07T07:51:38Z,,,,,,,,,,,7677.6
2026-07-07T07:51:38Z,,,,,,,,,,,7691.7
2026-07-07T07:51:38Z,,,,,,,,,,,7703.7
2026-07-07T07:51:38Z,,,,,,,,,,,7716.7
2026-07-07T07:51:38Z,,,,,,,,,,,7725.7
2026-07-07T07:51:38Z,,,,,,,,,,,7729.9
2026-07-07T07:51:39Z,,,,,,,,,,,7732.6
2026-07-07T07:51:39Z,51.553524,-0.072044,32.3,1.3,2.1,11,1,3,2.06,156.9,7732.9
2026-07-07T07:51:39Z,,,,,,,,,,,7732.7
2026-07-07T07:51:39Z,,,,,,,,,,,7731.6
2026-07-07T07:51:39Z,,,,,,,,,,,7728.5
2026-07-07T07:51:39Z,,,,,,,,,,,7725.7
2026-07-07T07:51:39Z,,,,,,,,,,,7725.0
2026-07-07T07:51:39Z,,,,,,,,,,,7725.0
2026-07-07T07:51:39Z,,,,,,,,,,,7725.3
2026-07-07T07:51:39Z,,,,,,,,,,,7725.8
2026-07-07T07:51:40Z,,,,,,,,,,,7724.9
2026-07-07T07:51:40Z,51.553513,-0.072043,33.2,1.3,2.1,11,1,3,1.79,156.9,7726.5
2026-07-07T07:51:40Z,,,,,,,,,,,7730.9
2026-07-07T07:51:40Z,,,,,,,,,,,7735.9
2026-07-07T07:51:40Z,,,,,,,,,,,7739.3
2026-07-07T07:51:40Z,,,,,,,,,,,7741.0
2026-07-07T07:51:40Z,,,,,,,,,,,7743.4
2026-07-07T07:51:40Z,,,,,,,,,,,7746.8
2026-07-07T07:51:40Z,,,,,,,,,,,7750.5
2026-07-07T07:51:40Z,,,,,,,,,,,7752.6
2026-07-07T07:51:41Z,,,,,,,,,,,7750.5
2026-07-07T07:51:41Z,51.553497,-0.072043,34.0,1.3,2.1,11,1,3,2.43,164.0,7748.4
2026-07-07T07:51:41Z,,,,,,,,,,,7748.4
2026-07-07T07:51:41Z,,,,,,,,,,,7750.1
2026-07-07T07:51:41Z,,,,,,,,,,,7755.1
2026-07-07T07:51:41Z,,,,,,,,,,,7758.1
2026-07-07T07:51:41Z,,,,,,,,,,,7757.1
2026-07-07T07:51:41Z,,,,,,,,,,,7756.6
2026-07-07T07:51:41Z,,,,,,,,,,,7757.3
2026-07-07T07:51:41Z,,,,,,,,,,,7757.4
2026-07-07T07:51:42Z,,,,,,,,,,,7757.3
2026-07-07T07:51:42Z,51.553486,-0.072045,35.1,1.3,2.1,11,1,3,1.92,164.0,7757.1
2026-07-07T07:51:42Z,,,,,,,,,,,7754.0
2026-07-07T07:51:42Z,,,,,,,,,,,7751.6
2026-07-07T07:51:42Z,,,,,,,,,,,7753.0
2026-07-07T07:51:42Z,,,,,,,,,,,7755.9
2026-07-07T07:51:42Z,,,,,,,,,,,7757.7
2026-07-07T07:51:42Z,,,,,,,,,,,7758.1
2026-07-07T07:51:42Z,,,,,,,,,,,7758.5
2026-07-07T07:51:42Z,,,,,,,,,,,7761.1
2026-07-07T07:51:42Z,,,,,,,,,,,7766.5
2026-07-07T07:51:43Z,51.553474,-0.072047,36.0,1.3,2.1,11,1,3,2.26,182.7,7775.2
2026-07-07T07:51:43Z,,,,,,,,,,,7784.8
2026-07-07T07:51:43Z,,,,,,,,,,,7794.2
2026-07-07T07:51:43Z,,,,,,,,,,,7800.8
2026-07-07T07:51:43Z,,,,,,,,,,,7807.6
2026-07-07T07:51:43Z,,,,,,,,,,,7819.8
2026-07-07T07:51:43Z,,,,,,,,,,,7834.7
2026-07-07T07:51:43Z,,,,,,,,,,,7850.0
2026-07-07T07:51:43Z,,,,,,,,,,,7865.2
2026-07-07T07:51:43Z,,,,,,,,,,,7875.2
2026-07-07T07:51:44Z,51.553463,-0.072055,35.9,1.3,2.1,11,1,3,1.78,182.7,7882.1
2026-07-07T07:51:44Z,,,,,,,,,,,7890.3
2026-07-07T07:51:44Z,,,,,,,,,,,7898.2
2026-07-07T07:51:44Z,,,,,,,,,,,7904.7
2026-07-07T07:51:44Z,,,,,,,,,,,7910.0
2026-07-07T07:51:44Z,,,,,,,,,,,7910.5
2026-07-07T07:51:44Z,,,,,,,,,,,7907.0
2026-07-07T07:51:44Z,,,,,,,,,,,7903.7
2026-07-07T07:51:44Z,,,,,,,,,,,7899.8
2026-07-07T07:51:45Z,,,,,,,,,,,7897.2
2026-07-07T07:51:45Z,51.553459,-0.072061,36.0,1.3,2.1,11,1,3,0.71,182.7,7896.7
2026-07-07T07:51:45Z,,,,,,,,,,,7893.9
2026-07-07T07:51:45Z,,,,,,,,,,,7888.2
2026-07-07T07:51:45Z,,,,,,,,,,,7882.8
2026-07-07T07:51:45Z,,,,,,,,,,,7877.6
2026-07-07T07:51:45Z,,,,,,,,,,,7872.4
2026-07-07T07:51:45Z,,,,,,,,,,,7867.7
2026-07-07T07:51:45Z,,,,,,,,,,,7862.9
2026-07-07T07:51:45Z,,,,,,,,,,,7855.7
2026-07-07T07:51:46Z,,,,,,,,,,,7847.1
2026-07-07T07:51:46Z,51.553455,-0.072064,36.3,1.3,2.1,11,1,3,0.00,182.7,7839.7
2026-07-07T07:51:46Z,,,,,,,,,,,7833.5
2026-07-07T07:51:46Z,,,,,,,,,,,7828.6
2026-07-07T07:51:46Z,,,,,,,,,,,7824.0
2026-07-07T07:51:46Z,,,,,,,,,,,7819.8
2026-07-07T07:51:46Z,,,,,,,,,,,7819.4
2026-07-07T07:51:46Z,,,,,,,,,,,7823.8
2026-07-07T07:51:46Z,,,,,,,,,,,7831.0
2026-07-07T07:51:46Z,,,,,,,,,,,7843.5
2026-07-07T07:51:47Z,,,,,,,,,,,7857.9
2026-07-07T07:51:47Z,51.553452,-0.072068,36.6,1.3,2.1,11,1,3,0.00,182.7,7869.7
2026-07-07T07:51:47Z,,,,,,,,,,,7879.8
2026-07-07T07:51:47Z,,,,,,,,,,,7890.9
2026-07-07T07:51:47Z,,,,,,,,,,,7901.3
2026-07-07T07:51:47Z,,,,,,,,,,,7911.7
2026-07-07T07:51:47Z,,,,,,,,,,,7921.1
2026-07-07T07:51:47Z,,,,,,,,,,,7925.3
2026-07-07T07:51:47Z,,,,,,,,,,,7925.1
2026-07-07T07:51:47Z,,,,,,,,,,,7925.3
2026-07-07T07:51:48Z,,,,,,,,,,,7926.7
2026-07-07T07:51:48Z,51.553448,-0.072070,36.7,1.3,2.1,11,1,3,0.00,182.7,7929.1
2026-07-07T07:51:48Z,,,,,,,,,,,7931.2
2026-07-07T07:51:48Z,,,,,,,,,,,7928.7
2026-07-07T07:51:48Z,,,,,,,,,,,7920.9
2026-07-07T07:51:48Z,,,,,,,,,,,7913.7
2026-07-07T07:51:48Z,,,,,,,,,,,7909.0
2026-07-07T07:51:48Z,,,,,,,,,,,7903.8
2026-07-07T07:51:48Z,,,,,,,,,,,7900.3
2026-07-07T07:51:48Z,,,,,,,,,,,7895.9
2026-07-07T07:51:49Z,,,,,,,,,,,7886.0
2026-07-07T07:51:49Z,51.553448,-0.072072,36.8,1.3,1.9,12,1,3,0.00,182.7,7874.8
2026-07-07T07:51:49Z,,,,,,,,,,,7866.8
2026-07-07T07:51:49Z,,,,,,,,,,,7861.5
2026-07-07T07:51:49Z,,,,,,,,,,,7858.6
2026-07-07T07:51:49Z,,,,,,,,,,,7855.9
2026-07-07T07:51:49Z,,,,,,,,,,,7848.9
2026-07-07T07:51:49Z,,,,,,,,,,,7840.5
2026-07-07T07:51:49Z,,,,,,,,,,,7834.9
2026-07-07T07:51:49Z,,,,,,,,,,,7832.2
2026-07-07T07:51:50Z,,,,,,,,,,,7828.1
2026-07-07T07:51:50Z,51.553448,-0.072088,36.8,1.3,1.9,12,1,3,0.00,182.7,7823.7
2026-07-07T07:51:50Z,,,,,,,,,,,7817.0
2026-07-07T07:51:50Z,,,,,,,,,,,7809.5
2026-07-07T07:51:50Z,,,,,,,,,,,7807.0
2026-07-07T07:51:50Z,,,,,,,,,,,7804.5
2026-07-07T07:51:50Z,,,,,,,,,,,7800.1
2026-07-07T07:51:50Z,,,,,,,,,,,7793.5
2026-07-07T07:51:50Z,,,,,,,,,,,7786.3
2026-07-07T07:51:50Z,,,,,,,,,,,7782.5
2026-07-07T07:51:50Z,,,,,,,,,,,7778.7
2026-07-07T07:51:51Z,51.553440,-0.072110,36.3,1.3,1.9,12,1,3,2.42,279.1,7773.1
2026-07-07T07:51:51Z,,,,,,,,,,,7768.0
2026-07-07T07:51:51Z,,,,,,,,,,,7763.8
2026-07-07T07:51:51Z,,,,,,,,,,,7759.8
2026-07-07T07:51:51Z,,,,,,,,,,,7756.0
2026-07-07T07:51:51Z,,,,,,,,,,,7752.4
2026-07-07T07:51:51Z,,,,,,,,,,,7748.1
2026-07-07T07:51:51Z,,,,,,,,,,,7746.8
2026-07-07T07:51:51Z,,,,,,,,,,,7747.0
2026-07-07T07:51:52Z,,,,,,,,,,,7746.7
2026-07-07T07:51:52Z,51.553436,-0.072127,36.1,1.3,1.9,12,1,3,2.76,252.4,7746.5
2026-07-07T07:51:52Z,,,,,,,,,,,7746.7
2026-07-07T07:51:52Z,,,,,,,,,,,7747.8
2026-07-07T07:51:52Z,,,,,,,,,,,7750.8
2026-07-07T07:51:52Z,,,,,,,,,,,7753.3
2026-07-07T07:51:52Z,,,,,,,,,,,7755.2
2026-07-07T07:51:52Z,,,,,,,,,,,7755.2
2026-07-07T07:51:52Z,,,,,,,,,,,7753.8
2026-07-07T07:51:52Z,,,,,,,,,,,7753.0
2026-07-07T07:51:53Z,,,,,,,,,,,7750.5
2026-07-07T07:51:53Z,51.553429,-0.072138,36.9,1.3,1.9,12,1,3,1.35,252.4,7750.2
2026-07-07T07:51:53Z,,,,,,,,,,,7745.0
2026-07-07T07:51:53Z,,,,,,,,,,,7736.2
2026-07-07T07:51:53Z,,,,,,,,,,,7735.2
2026-07-07T07:51:53Z,,,,,,,,,,,7737.3
2026-07-07T07:51:53Z,,,,,,,,,,,7736.4
2026-07-07T07:51:53Z,,,,,,,,,,,7736.9
2026-07-07T07:51:53Z,,,,,,,,,,,7734.6
2026-07-07T07:51:53Z,,,,,,,,,,,7727.8
2026-07-07T07:51:54Z,,,,,,,,,,,7722.6
2026-07-07T07:51:54Z,51.553429,-0.072152,36.6,1.4,1.9,11,1,3,1.63,252.4,7720.3
2026-07-07T07:51:54Z,,,,,,,,,,,7718.0
2026-07-07T07:51:54Z,,,,,,,,,,,7712.9
2026-07-07T07:51:54Z,,,,,,,,,,,7707.0
2026-07-07T07:51:54Z,,,,,,,,,,,7700.6
2026-07-07T07:51:54Z,,,,,,,,,,,7699.1
2026-07-07T07:51:54Z,,,,,,,,,,,7704.3
2026-07-07T07:51:54Z,,,,,,,,,,,7709.4
2026-07-07T07:51:54Z,,,,,,,,,,,7711.4
2026-07-07T07:51:55Z,,,,,,,,,,,7711.5
2026-07-07T07:51:55Z,51.553432,-0.072166,35.8,1.4,2.5,10,1,3,2.48,309.7,7709.8
2026-07-07T07:51:55Z,,,,,,,,,,,7711.0
2026-07-07T07:51:55Z,,,,,,,,,,,7711.8
2026-07-07T07:51:55Z,,,,,,,,,,,7708.6
2026-07-07T07:51:55Z,,,,,,,,,,,7704.6
2026-07-07T07:51:55Z,,,,,,,,,,,7700.7
2026-07-07T07:51:55Z,,,,,,,,,,,7695.8
2026-07-07T07:51:55Z,,,,,,,,,,,7690.6
2026-07-07T07:51:55Z,,,,,,,,,,,7686.2
2026-07-07T07:51:56Z,,,,,,,,,,,7681.3
2026-07-07T07:51:56Z,51.553432,-0.072169,35.8,1.4,1.9,11,1,3,1.27,309.7,7677.1
2026-07-07T07:51:56Z,,,,,,,,,,,7673.0
2026-07-07T07:51:56Z,,,,,,,,,,,7666.2
2026-07-07T07:51:56Z,,,,,,,,,,,7660.6
2026-07-07T07:51:56Z,,,,,,,,,,,7658.1
2026-07-07T07:51:56Z,,,,,,,,,,,7657.7
2026-07-07T07:51:56Z,,,,,,,,,,,7658.4
2026-07-07T07:51:56Z,,,,,,,,,,,7661.1
2026-07-07T07:51:56Z,,,,,,,,,,,7664.8
2026-07-07T07:51:57Z,,,,,,,,,,,7668.6
2026-07-07T07:51:57Z,51.553429,-0.072173,35.6,1.4,1.9,11,1,3,0.00,309.7,7674.2
2026-07-07T07:51:57Z,,,,,,,,,,,7679.9
2026-07-07T07:51:57Z,,,,,,,,,,,7684.5
2026-07-07T07:51:57Z,,,,,,,,,,,7687.8
2026-07-07T07:51:57Z,,,,,,,,,,,7690.8
2026-07-07T07:51:57Z,,,,,,,,,,,7692.3
2026-07-07T07:51:57Z,,,,,,,,,,,7691.6
2026-07-07T07:51:57Z,,,,,,,,,,,7691.5
2026-07-07T07:51:57Z,,,,,,,,,,,7689.5
2026-07-07T07:51:58Z,,,,,,,,,,,7683.1
2026-07-07T07:51:58Z,51.553429,-0.072174,35.7,1.4,1.9,11,1,3,0.00,309.7,7672.7
2026-07-07T07:51:58Z,,,,,,,,,,,7659.7
2026-07-07T07:51:58Z,,,,,,,,,,,7649.1
2026-07-07T07:51:58Z,,,,,,,,,,,7637.7
2026-07-07T07:51:58Z,,,,,,,,,,,7623.5
2026-07-07T07:51:58Z,,,,,,,,,,,7621.5
2026-07-07T07:51:58Z,,,,,,,,,,,7630.4
2026-07-07T07:51:58Z,,,,,,,,,,,7635.1
2026-07-07T07:51:58Z,,,,,,,,,,,7633.5
2026-07-07T07:51:59Z,,,,,,,,,,,7629.8
2026-07-07T07:51:59Z,51.553425,-0.072177,35.7,1.4,1.9,11,1,3,0.00,309.7,7625.7
2026-07-07T07:51:59Z,,,,,,,,,,,7620.8
2026-07-07T07:51:59Z,,,,,,,,,,,7621.0
2026-07-07T07:51:59Z,,,,,,,,,,,7624.1
2026-07-07T07:51:59Z,,,,,,,,,,,7623.4
2026-07-07T07:51:59Z,,,,,,,,,,,7618.5
2026-07-07T07:51:59Z,,,,,,,,,,,7617.0
2026-07-07T07:51:59Z,,,,,,,,,,,7614.8
2026-07-07T07:51:59Z,,,,,,,,,,,7612.3
2026-07-07T07:52:00Z,,,,,,,,,,,7629.4
2026-07-07T07:52:00Z,51.553425,-0.072181,35.5,1.4,1.9,11,1,3,0.00,309.7,7653.2
2026-07-07T07:52:00Z,,,,,,,,,,,7671.8
2026-07-07T07:52:00Z,,,,,,,,,,,7686.9
2026-07-07T07:52:00Z,,,,,,,,,,,7702.2
2026-07-07T07:52:00Z,,,,,,,,,,,7722.1
2026-07-07T07:52:00Z,,,,,,,,,,,7737.9
2026-07-07T07:52:00Z,,,,,,,,,,,7746.6
2026-07-07T07:52:00Z,,,,,,,,,,,7753.1
2026-07-07T07:52:00Z,,,,,,,,,,,7756.9
2026-07-07T07:52:01Z,,,,,,,,,,,7758.6
2026-07-07T07:52:01Z,51.553421,-0.072192,35.5,1.4,1.9,11,1,3,0.00,309.7,7758.7
2026-07-07T07:52:01Z,,,,,,,,,,,7757.1
2026-07-07T07:52:01Z,,,,,,,,,,,7750.9
2026-07-07T07:52:01Z,,,,,,,,,,,7742.5
2026-07-07T07:52:01Z,,,,,,,,,,,7737.9
2026-07-07T07:52:01Z,,,,,,,,,,,7739.5
2026-07-07T07:52:01Z,,,,,,,,,,,7745.2
2026-07-07T07:52:01Z,,,,,,,,,,,7738.2
2026-07-07T07:52:01Z,,,,,,,,,,,7723.0
2026-07-07T07:52:02Z,,,,,,,,,,,7712.4
2026-07-07T07:52:02Z,51.553417,-0.072201,35.4,1.4,1.9,11,1,3,1.29,309.7,7702.9
2026-07-07T07:52:02Z,,,,,,,,,,,7695.4
2026-07-07T07:52:02Z,,,,,,,,,,,7687.6
2026-07-07T07:52:02Z,,,,,,,,,,,7681.6
2026-07-07T07:52:02Z,,,,,,,,,,,7678.4
2026-07-07T07:52:02Z,,,,,,,,,,,7675.1
2026-07-07T07:52:02Z,,,,,,,,,,,7676.8
2026-07-07T07:52:02Z,,,,,,,,,,,7692.1
2026-07-07T07:52:02Z,,,,,,,,,,,7709.7
2026-07-07T07:52:03Z,,,,,,,,,,,7717.4
2026-07-07T07:52:03Z,51.553413,-0.072206,35.1,1.4,1.9,11,1,3,1.50,309.7,7722.3
2026-07-07T07:52:03Z,,,,,,,,,,,7727.6
2026-07-07T07:52:03Z,,,,,,,,,,,7730.7
2026-07-07T07:52:03Z,,,,,,,,,,,7736.5
2026-07-07T07:52:03Z,,,,,,,,,,,7745.1
2026-07-07T07:52:03Z,,,,,,,,,,,7752.7
2026-07-07T07:52:03Z,,,,,,,,,,,7758.2
2026-07-07T07:52:03Z,,,,,,,,,,,7758.3
2026-07-07T07:52:03Z,,,,,,,,,,,7752.9
2026-07-07T07:52:04Z,,,,,,,,,,,7745.8
2026-07-07T07:52:04Z,51.553413,-0.072210,34.9,1.4,1.9,11,1,3,0.00,309.7,7738.6
2026-07-07T07:52:04Z,,,,,,,,,,,7730.2
2026-07-07T07:52:04Z,,,,,,,,,,,7715.6
2026-07-07T07:52:04Z,,,,,,,,,,,7706.0
2026-07-07T07:52:04Z,,,,,,,,,,,7701.9
2026-07-07T07:52:04Z,,,,,,,,,,,7697.2
2026-07-07T07:52:04Z,,,,,,,,,,,7694.9
2026-07-07T07:52:04Z,,,,,,,,,,,7690.1
2026-07-07T07:52:04Z,,,,,,,,,,,7682.6
2026-07-07T07:52:05Z,,,,,,,,,,,7678.9
2026-07-07T07:52:05Z,51.553410,-0.072213,34.8,1.4,1.9,11,1,3,0.00,309.7,7679.0
2026-07-07T07:52:05Z,,,,,,,,,,,7675.5
2026-07-07T07:52:05Z,,,,,,,,,,,7670.8
2026-07-07T07:52:05Z,,,,,,,,,,,7668.6
2026-07-07T07:52:05Z,,,,,,,,,,,7660.1
2026-07-07T07:52:05Z,,,,,,,,,,,7663.3
2026-07-07T07:52:05Z,,,,,,,,,,,7667.5
2026-07-07T07:52:05Z,,,,,,,,,,,7659.6
2026-07-07T07:52:05Z,,,,,,,,,,,7657.0
2026-07-07T07:52:06Z,,,,,,,,,,,7652.5
2026-07-07T07:52:06Z,51.553413,-0.072224,34.4,1.4,1.9,11,1,3,0.00,309.7,7645.8
2026-07-07T07:52:06Z,,,,,,,,,,,7640.3
2026-07-07T07:52:06Z,,,,,,,,,,,7633.4
2026-07-07T07:52:06Z,,,,,,,,,,,7626.9
2026-07-07T07:52:06Z,,,,,,,,,,,7618.9
2026-07-07T07:52:06Z,,,,,,,,,,,7610.9
2026-07-07T07:52:06Z,,,,,,,,,,,7604.5
2026-07-07T07:52:06Z,,,,,,,,,,,7598.2
2026-07-07T07:52:06Z,,,,,,,,,,,7588.7
2026-07-07T07:52:07Z,,,,,,,,,,,7581.9
2026-07-07T07:52:07Z,51.553413,-0.072236,34.1,1.4,1.9,11,1,3,0.80,309.7,7588.3
2026-07-07T07:52:07Z,,,,,,,,,,,7590.9
2026-07-07T07:52:07Z,,,,,,,,,,,7585.5
2026-07-07T07:52:07Z,,,,,,,,,,,7585.5
2026-07-07T07:52:07Z,,,,,,,,,,,7591.6
2026-07-07T07:52:07Z,,,,,,,,,,,7598.3
2026-07-07T07:52:07Z,,,,,,,,,,,7608.1
2026-07-07T07:52:07Z,,,,,,,,,,,7624.5
2026-07-07T07:52:07Z,,,,,,,,,,,7643.3
2026-07-07T07:52:08Z,,,,,,,,,,,7659.7
2026-07-07T07:52:08Z,51.553413,-0.072242,33.5,1.4,1.9,11,1,3,0.97,309.7,7676.2
2026-07-07T07:52:08Z,,,,,,,,,,,7688.1
2026-07-07T07:52:08Z,,,,,,,,,,,7695.0
2026-07-07T07:52:08Z,,,,,,,,,,,7702.8
2026-07-07T07:52:08Z,,,,,,,,,,,7708.6
2026-07-07T07:52:08Z,,,,,,,,,,,7713.1
2026-07-07T07:52:08Z,,,,,,,,,,,7718.0
2026-07-07T07:52:08Z,,,,,,,,,,,7707.7
2026-07-07T07:52:08Z,,,,,,,,,,,7689.0
2026-07-07T07:52:09Z,,,,,,,,,,,7683.6
2026-07-07T07:52:09Z,51.553410,-0.072247,33.0,1.4,1.9,11,1,3,0.00,309.7,7682.4
2026-07-07T07:52:09Z,,,,,,,,,,,7676.6
2026-07-07T07:52:09Z,,,,,,,,,,,7667.5
2026-07-07T07:52:09Z,,,,,,,,,,,7653.8
2026-07-07T07:52:09Z,,,,,,,,,,,7635.3
2026-07-07T07:52:09Z,,,,,,,,,,,7615.9
2026-07-07T07:52:09Z,,,,,,,,,,,7596.8
2026-07-07T07:52:09Z,,,,,,,,,,,7580.0
2026-07-07T07:52:09Z,,,,,,,,,,,7567.7
2026-07-07T07:52:10Z,,,,,,,,,,,7560.5
2026-07-07T07:52:10Z,51.553410,-0.072252,32.7,1.3,1.9,12,1,3,0.00,309.7,7552.0
2026-07-07T07:52:10Z,,,,,,,,,,,7537.6
2026-07-07T07:52:10Z,,,,,,,,,,,7528.4
2026-07-07T07:52:10Z,,,,,,,,,,,7526.3
2026-07-07T07:52:10Z,,,,,,,,,,,7522.4
2026-07-07T07:52:10Z,,,,,,,,,,,7517.4
2026-07-07T07:52:10Z,,,,,,,,,,,7505.8
2026-07-07T07:52:10Z,,,,,,,,,,,7495.5
2026-07-07T07:52:10Z,,,,,,,,,,,7492.6
2026-07-07T07:52:11Z,,,,,,,,,,,7491.0
2026-07-07T07:52:11Z,51.553406,-0.072256,32.4,1.3,1.9,12,1,3,0.00,309.7,7490.7
2026-07-07T07:52:11Z,,,,,,,,,,,7490.8
2026-07-07T07:52:11Z,,,,,,,,,,,7490.1
2026-07-07T07:52:11Z,,,,,,,,,,,7489.0
2026-07-07T07:52:11Z,,,,,,,,,,,7487.3
2026-07-07T07:52:11Z,,,,,,,,,,,7485.5
2026-07-07T07:52:11Z,,,,,,,,,,,7482.7
2026-07-07T07:52:11Z,,,,,,,,,,,7478.7
2026-07-07T07:52:11Z,,,,,,,,,,,7478.3
2026-07-07T07:52:12Z,,,,,,,,,,,7478.5
2026-07-07T07:52:12Z,51.553402,-0.072260,32.1,1.3,1.9,12,1,3,0.00,309.7,7477.8
2026-07-07T07:52:12Z,,,,,,,,,,,7477.2
2026-07-07T07:52:12Z,,,,,,,,,,,7476.6
2026-07-07T07:52:12Z,,,,,,,,,,,7476.8
2026-07-07T07:52:12Z,,,,,,,,,,,7475.4
2026-07-07T07:52:12Z,,,,,,,,,,,7469.5
2026-07-07T07:52:12Z,,,,,,,,,,,7462.9
2026-07-07T07:52:12Z,,,,,,,,,,,7462.1
2026-07-07T07:52:12Z,,,,,,,,,,,7459.9
2026-07-07T07:52:13Z,,,,,,,,,,,7455.6
2026-07-07T07:52:13Z,51.553398,-0.072264,31.8,1.3,1.9,12,1,3,0.00,309.7,7454.0
2026-07-07T07:52:13Z,,,,,,,,,,,7450.2
2026-07-07T07:52:13Z,,,,,,,,,,,7441.8
2026-07-07T07:52:13Z,,,,,,,,,,,7435.0
2026-07-07T07:52:13Z,,,,,,,,,,,7432.4
2026-07-07T07:52:13Z,,,,,,,,,,,7430.0
2026-07-07T07:52:13Z,,,,,,,,,,,7425.3
2026-07-07T07:52:13Z,,,,,,,,,,,7421.4
2026-07-07T07:52:13Z,,,,,,,,,,,7416.2
2026-07-07T07:52:14Z,,,,,,,,,,,7407.7
2026-07-07T07:52:14Z,51.553398,-0.072267,31.5,1.3,1.9,12,1,3,0.00,309.7,7402.2
2026-07-07T07:52:14Z,,,,,,,,,,,7401.2
2026-07-07T07:52:14Z,,,,,,,,,,,7400.0
2026-07-07T07:52:14Z,,,,,,,,,,,7398.9
2026-07-07T07:52:14Z,,,,,,,,,,,7400.1
2026-07-07T07:52:14Z,,,,,,,,,,,7393.0
2026-07-07T07:52:14Z,,,,,,,,,,,7379.3
2026-07-07T07:52:14Z,,,,,,,,,,,7358.8
2026-07-07T07:52:14Z,,,,,,,,,,,7347.3
2026-07-07T07:52:15Z,,,,,,,,,,,7346.7
2026-07-07T07:52:15Z,51.553394,-0.072270,31.3,1.3,1.9,12,1,3,0.00,309.7,7343.1
2026-07-07T07:52:15Z,,,,,,,,,,,7341.7
2026-07-07T07:52:15Z,,,,,,,,,,,7341.3
2026-07-07T07:52:15Z,,,,,,,,,,,7342.7
2026-07-07T07:52:15Z,,,,,,,,,,,7345.4
2026-07-07T07:52:15Z,,,,,,,,,,,7361.9
2026-07-07T07:52:15Z,,,,,,,,,,,7398.2
2026-07-07T07:52:15Z,,,,,,,,,,,7413.2
2026-07-07T07:52:15Z,,,,,,,,,,,7400.7
2026-07-07T07:52:16Z,,,,,,,,,,,7390.8
2026-07-07T07:52:16Z,51.553394,-0.072272,31.0,1.3,1.9,12,1,3,0.00,309.7,7388.8
2026-07-07T07:52:16Z,,,,,,,,,,,7396.2
2026-07-07T07:52:16Z,,,,,,,,,,,7416.1
2026-07-07T07:52:16Z,,,,,,,,,,,7436.9
2026-07-07T07:52:16Z,,,,,,,,,,,7461.3
2026-07-07T07:52:16Z,,,,,,,,,,,7475.3
2026-07-07T07:52:16Z,,,,,,,,,,,7458.7
2026-07-07T07:52:16Z,,,,,,,,,,,7441.7
2026-07-07T07:52:16Z,,,,,,,,,,,7443.2
2026-07-07T07:52:17Z,,,,,,,,,,,7448.6
2026-07-07T07:52:17Z,51.553391,-0.072274,30.6,1.3,1.9,12,1,3,0.00,309.7,7454.6
2026-07-07T07:52:17Z,,,,,,,,,,,7462.7
2026-07-07T07:52:17Z,,,,,,,,,,,7468.1
2026-07-07T07:52:17Z,,,,,,,,,,,7473.2
2026-07-07T07:52:17Z,,,,,,,,,,,7480.3
2026-07-07T07:52:17Z,,,,,,,,,,,7485.6
2026-07-07T07:52:17Z,,,,,,,,,,,7487.0
2026-07-07T07:52:17Z,,,,,,,,,,,7485.4
2026-07-07T07:52:17Z,,,,,,,,,,,7479.2
2026-07-07T07:52:18Z,,,,,,,,,,,7474.6
2026-07-07T07:52:18Z,51.553391,-0.072275,30.3,1.3,1.9,12,1,3,0.00,309.7,7472.6
2026-07-07T07:52:18Z,,,,,,,,,,,7468.2
2026-07-07T07:52:18Z,,,,,,,,,,,7462.5
2026-07-07T07:52:18Z,,,,,,,,,,,7451.1
2026-07-07T07:52:18Z,,,,,,,,,,,7435.1
2026-07-07T07:52:18Z,,,,,,,,,,,7423.6
2026-07-07T07:52:18Z,,,,,,,,,,,7417.8
2026-07-07T07:52:18Z,,,,,,,,,,,7410.5
2026-07-07T07:52:18Z,,,,,,,,,,,7397.9
2026-07-07T07:52:19Z,,,,,,,,,,,7379.8
2026-07-07T07:52:19Z,51.553387,-0.072277,30.0,1.3,1.9,12,1,3,0.00,309.7,7364.9
2026-07-07T07:52:19Z,,,,,,,,,,,7357.6
2026-07-07T07:52:19Z,,,,,,,,,,,7356.7
2026-07-07T07:52:19Z,,,,,,,,,,,7351.2
2026-07-07T07:52:19Z,,,,,,,,,,,7340.6
2026-07-07T07:52:19Z,,,,,,,,,,,7333.2
2026-07-07T07:52:19Z,,,,,,,,,,,7327.1
2026-07-07T07:52:19Z,,,,,,,,,,,7322.1
2026-07-07T07:52:19Z,,,,,,,,,,,7315.3
2026-07-07T07:52:20Z,,,,,,,,,,,7308.1
2026-07-07T07:52:20Z,51.553387,-0.072276,29.7,1.3,1.9,12,1,3,0.00,309.7,7300.6
2026-07-07T07:52:20Z,,,,,,,,,,,7295.7
2026-07-07T07:52:20Z,,,,,,,,,,,7291.7
2026-07-07T07:52:20Z,,,,,,,,,,,7289.5
2026-07-07T07:52:20Z,,,,,,,,,,,7294.7
2026-07-07T07:52:20Z,,,,,,,,,,,7302.2
2026-07-07T07:52:20Z,,,,,,,,,,,7309.4
2026-07-07T07:52:20Z,,,,,,,,,,,7318.3
2026-07-07T07:52:20Z,,,,,,,,,,,7328.5
2026-07-07T07:52:21Z,,,,,,,,,,,7340.0
2026-07-07T07:52:21Z,51.553387,-0.072276,29.3,1.4,1.9,11,1,3,0.00,309.7,7352.5
2026-07-07T07:52:21Z,,,,,,,,,,,7360.1
2026-07-07T07:52:21Z,,,,,,,,,,,7366.0
2026-07-07T07:52:21Z,,,,,,,,,,,7374.7
2026-07-07T07:52:21Z,,,,,,,,,,,7380.4
2026-07-07T07:52:21Z,,,,,,,,,,,7378.7
2026-07-07T07:52:21Z,,,,,,,,,,,7373.0
2026-07-07T07:52:21Z,,,,,,,,,,,7365.5
2026-07-07T07:52:21Z,,,,,,,,,,,7356.8
2026-07-07T07:52:22Z,,,,,,,,,,,7349.5
2026-07-07T07:52:22Z,51.553387,-0.072275,28.9,1.4,1.9,11,1,3,0.00,309.7,7342.7
2026-07-07T07:52:22Z,,,,,,,,,,,7336.0
2026-07-07T07:52:22Z,,,,,,,,,,,7334.6
2026-07-07T07:52:22Z,,,,,,,,,,,7335.0
2026-07-07T07:52:22Z,,,,,,,,,,,7331.3
2026-07-07T07:52:22Z,,,,,,,,,,,7331.2
2026-07-07T07:52:22Z,,,,,,,,,,,7330.5
2026-07-07T07:52:22Z,,,,,,,,,,,7324.1
2026-07-07T07:52:22Z,,,,,,,,,,,7314.8
2026-07-07T07:52:23Z,,,,,,,,,,,7313.8
2026-07-07T07:52:23Z,51.553387,-0.072274,28.5,1.3,1.9,12,1,3,0.00,309.7,7317.3
2026-07-07T07:52:23Z,,,,,,,,,,,7316.4
2026-07-07T07:52:23Z,,,,,,,,,,,7310.9
2026-07-07T07:52:23Z,,,,,,,,,,,7308.6
2026-07-07T07:52:23Z,,,,,,,,,,,7322.1
2026-07-07T07:52:23Z,,,,,,,,,,,7337.0
2026-07-07T07:52:23Z,,,,,,,,,,,7338.1
2026-07-07T07:52:23Z,,,,,,,,,,,7329.8
2026-07-07T07:52:23Z,,,,,,,,,,,7320.7
2026-07-07T07:52:24Z,,,,,,,,,,,7314.5
2026-07-07T07:52:24Z,51.553387,-0.072274,28.2,1.3,1.9,12,1,3,0.00,309.7,7309.1
2026-07-07T07:52:24Z,,,,,,,,,,,7304.7
2026-07-07T07:52:24Z,,,,,,,,,,,7301.0
2026-07-07T07:52:24Z,,,,,,,,,,,7296.0
2026-07-07T07:52:24Z,,,,,,,,,,,7288.7
2026-07-07T07:52:24Z,,,,,,,,,,,7285.8
2026-07-07T07:52:24Z,,,,,,,,,,,7282.0
2026-07-07T07:52:24Z,,,,,,,,,,,7275.6
2026-07-07T07:52:24Z,,,,,,,,,,,7273.2
2026-07-07T07:52:25Z,,,,,,,,,,,7271.4
2026-07-07T07:52:25Z,51.553387,-0.072273,27.9,1.3,1.9,12,1,3,0.00,309.7,7274.0
2026-07-07T07:52:25Z,,,,,,,,,,,7283.7
2026-07-07T07:52:25Z,,,,,,,,,,,7294.6
2026-07-07T07:52:25Z,,,,,,,,,,,7303.5
2026-07-07T07:52:25Z,,,,,,,,,,,7310.5
2026-07-07T07:52:25Z,,,,,,,,,,,7311.7
2026-07-07T07:52:25Z,,,,,,,,,,,7308.1
2026-07-07T07:52:25Z,,,,,,,,,,,7307.2
2026-07-07T07:52:25Z,,,,,,,,,,,7309.3
2026-07-07T07:52:26Z,,,,,,,,,,,7310.8
2026-07-07T07:52:26Z,51.553383,-0.072272,27.7,1.3,1.9,12,1,3,0.00,309.7,7311.1
2026-07-07T07:52:26Z,,,,,,,,,,,7314.5
2026-07-07T07:52:26Z,,,,,,,,,,,7317.4
2026-07-07T07:52:26Z,,,,,,,,,,,7315.4
2026-07-07T07:52:26Z,,,,,,,,,,,7312.5
2026-07-07T07:52:26Z,,,,,,,,,,,7310.7
2026-07-07T07:52:26Z,,,,,,,,,,,7308.2
2026-07-07T07:52:26Z,,,,,,,,,,,7303.5
2026-07-07T07:52:26Z,,,,,,,,,,,7293.9
2026-07-07T07:52:27Z,,,,,,,,,,,7285.0
2026-07-07T07:52:27Z,51.553383,-0.072272,27.4,1.3,1.9,12,1,3,0.00,309.7,7281.1
2026-07-07T07:52:27Z,,,,,,,,,,,7278.3
2026-07-07T07:52:27Z,,,,,,,,,,,7276.7
2026-07-07T07:52:27Z,,,,,,,,,,,7278.5
2026-07-07T07:52:27Z,,,,,,,,,,,7283.4
2026-07-07T07:52:27Z,,,,,,,,,,,7288.1
2026-07-07T07:52:27Z,,,,,,,,,,,7290.5
2026-07-07T07:52:27Z,,,,,,,,,,,7292.2
2026-07-07T07:52:27Z,,,,,,,,,,,7295.5
2026-07-07T07:52:28Z,,,,,,,,,,,7300.2
2026-07-07T07:52:28Z,51.553383,-0.072272,27.4,1.2,1.9,12,1,3,0.00,309.7,7302.9
2026-07-07T07:52:28Z,,,,,,,,,,,7301.8
2026-07-07T07:52:28Z,,,,,,,,,,,7296.2
2026-07-07T07:52:28Z,,,,,,,,,,,7289.7
2026-07-07T07:52:28Z,,,,,,,,,,,7286.7
2026-07-07T07:52:28Z,,,,,,,,,,,7285.5
2026-07-07T07:52:28Z,,,,,,,,,,,7282.5
2026-07-07T07:52:28Z,,,,,,,,,,,7279.5
2026-07-07T07:52:28Z,,,,,,,,,,,7277.5
2026-07-07T07:52:29Z,,,,,,,,,,,7275.5
2026-07-07T07:52:29Z,51.553383,-0.072273,27.4,1.2,1.9,12,1,3,0.00,309.7,7276.4
2026-07-07T07:52:29Z,,,,,,,,,,,7275.6
2026-07-07T07:52:29Z,,,,,,,,,,,7268.7
2026-07-07T07:52:29Z,,,,,,,,,,,7260.7
2026-07-07T07:52:29Z,,,,,,,,,,,7253.7
2026-07-07T07:52:29Z,,,,,,,,,,,7247.6
2026-07-07T07:52:29Z,,,,,,,,,,,7241.7
2026-07-07T07:52:29Z,,,,,,,,,,,7233.9
2026-07-07T07:52:29Z,,,,,,,,,,,7224.6
2026-07-07T07:52:30Z,,,,,,,,,,,7216.5
2026-07-07T07:52:30Z,51.553383,-0.072274,27.4,1.4,1.9,11,1,3,0.00,309.7,7210.4
2026-07-07T07:52:30Z,,,,,,,,,,,7203.1
2026-07-07T07:52:30Z,,,,,,,,,,,7191.8
2026-07-07T07:52:30Z,,,,,,,,,,,7178.7
2026-07-07T07:52:30Z,,,,,,,,,,,7169.2
2026-07-07T07:52:30Z,,,,,,,,,,,7163.3
2026-07-07T07:52:30Z,,,,,,,,,,,7160.2
2026-07-07T07:52:30Z,,,,,,,,,,,7155.6
2026-07-07T07:52:30Z,,,,,,,,,,,7146.2
2026-07-07T07:52:31Z,,,,,,,,,,,7137.4
2026-07-07T07:52:31Z,51.553383,-0.072275,27.2,1.4,1.9,11,1,3,0.00,309.7,7128.2
2026-07-07T07:52:31Z,,,,,,,,,,,7117.9
2026-07-07T07:52:31Z,,,,,,,,,,,7109.0
2026-07-07T07:52:31Z,,,,,,,,,,,7107.6
2026-07-07T07:52:31Z,,,,,,,,,,,7110.3
2026-07-07T07:52:31Z,,,,,,,,,,,7113.1
2026-07-07T07:52:31Z,,,,,,,,,,,7115.1
2026-07-07T07:52:31Z,,,,,,,,,,,7121.0
2026-07-07T07:52:31Z,,,,,,,,,,,7127.4
2026-07-07T07:52:32Z,,,,,,,,,,,7124.7
2026-07-07T07:52:32Z,51.553379,-0.072278,27.2,1.3,1.9,11,1,3,0.00,309.7,7122.3
2026-07-07T07:52:32Z,,,,,,,,,,,7125.6
2026-07-07T07:52:32Z,,,,,,,,,,,7130.3
2026-07-07T07:52:32Z,,,,,,,,,,,7137.8
2026-07-07T07:52:32Z,,,,,,,,,,,7150.2
2026-07-07T07:52:32Z,,,,,,,,,,,7165.5
2026-07-07T07:52:32Z,,,,,,,,,,,7181.1
2026-07-07T07:52:32Z,,,,,,,,,,,7193.8
2026-07-07T07:52:32Z,,,,,,,,,,,7202.3
2026-07-07T07:52:33Z,,,,,,,,,,,7210.6
2026-07-07T07:52:33Z,51.553379,-0.072279,27.0,1.3,1.9,11,1,3,0.00,309.7,7220.4
2026-07-07T07:52:33Z,,,,,,,,,,,7230.7
2026-07-07T07:52:33Z,,,,,,,,,,,7242.6
2026-07-07T07:52:33Z,,,,,,,,,,,7255.1
2026-07-07T07:52:33Z,,,,,,,,,,,7268.7
2026-07-07T07:52:33Z,,,,,,,,,,,7284.3
2026-07-07T07:52:33Z,,,,,,,,,,,7299.6
2026-07-07T07:52:33Z,,,,,,,,,,,7312.9
2026-07-07T07:52:33Z,,,,,,,,,,,7321.5
2026-07-07T07:52:34Z,,,,,,,,,,,7324.3
2026-07-07T07:52:34Z,51.553379,-0.072280,27.0,1.2,1.9,12,1,3,0.00,309.7,7322.4
2026-07-07T07:52:34Z,,,,,,,,,,,7319.5
2026-07-07T07:52:34Z,,,,,,,,,,,7319.5
2026-07-07T07:52:34Z,,,,,,,,,,,7322.2
2026-07-07T07:52:34Z,,,,,,,,,,,7323.9
2026-07-07T07:52:34Z,,,,,,,,,,,7324.6
2026-07-07T07:52:34Z,,,,,,,,,,,7329.4
2026-07-07T07:52:34Z,,,,,,,,,,,7338.2
2026-07-07T07:52:34Z,,,,,,,,,,,7348.5
2026-07-07T07:52:35Z,,,,,,,,,,,7358.3
2026-07-07T07:52:35Z,51.553379,-0.072280,27.0,1.2,1.9,12,1,3,0.00,309.7,7364.0
2026-07-07T07:52:35Z,,,,,,,,,,,7364.3
2026-07-07T07:52:35Z,,,,,,,,,,,7363.2
2026-07-07T07:52:35Z,,,,,,,,,,,7365.5
2026-07-07T07:52:35Z,,,,,,,,,,,7366.8
2026-07-07T07:52:35Z,,,,,,,,,,,7364.6
2026-07-07T07:52:35Z,,,,,,,,,,,7362.7
2026-07-07T07:52:35Z,,,,,,,,,,,7364.5
2026-07-07T07:52:35Z,,,,,,,,,,,7365.7
2026-07-07T07:52:36Z,,,,,,,,,,,7393.0
2026-07-07T07:52:36Z,51.553375,-0.072280,27.0,1.2,1.9,12,1,3,0.00,309.7,7452.2
2026-07-07T07:52:36Z,,,,,,,,,,,7501.4
2026-07-07T07:52:36Z,,,,,,,,,,,7532.2
2026-07-07T07:52:36Z,,,,,,,,,,,7550.5
2026-07-07T07:52:36Z,,,,,,,,,,,7560.7
2026-07-07T07:52:36Z,,,,,,,,,,,7567.4
2026-07-07T07:52:36Z,,,,,,,,,,,7570.6
2026-07-07T07:52:36Z,,,,,,,,,,,7571.4
2026-07-07T07:52:36Z,,,,,,,,,,,7571.6
2026-07-07T07:52:37Z,,,,,,,,,,,7570.4
2026-07-07T07:52:37Z,51.553375,-0.072280,26.9,1.2,1.9,12,1,3,0.00,309.7,7566.3
2026-07-07T07:52:37Z,,,,,,,,,,,7558.6
2026-07-07T07:52:37Z,,,,,,,,,,,7529.5
2026-07-07T07:52:37Z,,,,,,,,,,,7512.0
2026-07-07T07:52:37Z,,,,,,,,,,,7506.7
2026-07-07T07:52:37Z,,,,,,,,,,,7506.2
2026-07-07T07:52:37Z,,,,,,,,,,,7509.7
2026-07-07T07:52:37Z,,,,,,,,,,,7508.3
2026-07-07T07:52:37Z,,,,,,,,,,,7502.8
2026-07-07T07:52:38Z,,,,,,,,,,,7492.3
2026-07-07T07:52:38Z,51.553375,-0.072280,26.9,1.2,1.9,12,1,3,0.00,309.7,7469.9
2026-07-07T07:52:38Z,,,,,,,,,,,7442.6
2026-07-07T07:52:38Z,,,,,,,,,,,7426.5
2026-07-07T07:52:38Z,,,,,,,,,,,7423.2
2026-07-07T07:52:38Z,,,,,,,,,,,7442.6
2026-07-07T07:52:38Z,,,,,,,,,,,7472.8
2026-07-07T07:52:38Z,,,,,,,,,,,7485.6
2026-07-07T07:52:38Z,,,,,,,,,,,7488.0
2026-07-07T07:52:38Z,,,,,,,,,,,7488.7
2026-07-07T07:52:39Z,,,,,,,,,,,7489.8
2026-07-07T07:52:39Z,51.553375,-0.072280,26.8,1.2,1.9,12,1,3,0.00,309.7,7501.8
2026-07-07T07:52:39Z,,,,,,,,,,,7501.8
2026-07-07T07:52:39Z,,,,,,,,,,,7498.9
2026-07-07T07:52:39Z,,,,,,,,,,,7496.4
2026-07-07T07:52:39Z,,,,,,,,,,,7501.2
2026-07-07T07:52:39Z,,,,,,,,,,,7513.4
2026-07-07T07:52:39Z,,,,,,,,,,,7534.6
2026-07-07T07:52:39Z,,,,,,,,,,,7564.4
2026-07-07T07:52:39Z,,,,,,,,,,,7601.1
2026-07-07T07:52:40Z,,,,,,,,,,,7641.3
2026-07-07T07:52:40Z,51.553375,-0.072281,26.7,1.2,1.9,12,1,3,0.00,309.7,7705.2
2026-07-07T07:52:40Z,,,,,,,,,,,7722.6
2026-07-07T07:52:40Z,,,,,,,,,,,7761.7
2026-07-07T07:52:40Z,,,,,,,,,,,7783.6
2026-07-07T07:52:40Z,,,,,,,,,,,7791.6
2026-07-07T07:52:40Z,,,,,,,,,,,7799.4
2026-07-07T07:52:40Z,,,,,,,,,,,7817.9
2026-07-07T07:52:40Z,,,,,,,,,,,7835.6
2026-07-07T07:52:40Z,,,,,,,,,,,7844.0
2026-07-07T07:52:41Z,,,,,,,,,,,7817.3
2026-07-07T07:52:41Z,51.553368,-0.072299,26.7,1.2,1.9,12,1,3,0.00,309.7,7756.4
2026-07-07T07:52:41Z,,,,,,,,,,,7735.7
2026-07-07T07:52:41Z,,,,,,,,,,,7697.9
2026-07-07T07:52:41Z,,,,,,,,,,,7678.5
2026-07-07T07:52:41Z,,,,,,,,,,,7672.5
2026-07-07T07:52:41Z,,,,,,,,,,,7671.6
2026-07-07T07:52:41Z,,,,,,,,,,,7666.1
2026-07-07T07:52:41Z,,,,,,,,,,,7660.1
2026-07-07T07:52:41Z,,,,,,,,,,,7656.6
2026-07-07T07:52:42Z,,,,,,,,,,,7653.8
2026-07-07T07:52:42Z,51.553352,-0.072313,27.5,1.2,1.9,12,1,3,3.21,234.9,7660.4
2026-07-07T07:52:42Z,,,,,,,,,,,7659.0
2026-07-07T07:52:42Z,,,,,,,,,,,7652.9
2026-07-07T07:52:42Z,,,,,,,,,,,7646.6
2026-07-07T07:52:42Z,,,,,,,,,,,7642.3
2026-07-07T07:52:42Z,,,,,,,,,,,7640.8
2026-07-07T07:52:42Z,,,,,,,,,,,7640.0
2026-07-07T07:52:42Z,,,,,,,,,,,7635.0
2026-07-07T07:52:42Z,,,,,,,,,,,7629.7
2026-07-07T07:52:43Z,,,,,,,,,,,7628.1
2026-07-07T07:52:43Z,51.553345,-0.072332,28.2,1.2,1.9,12,1,3,2.95,210.5,7631.5
2026-07-07T07:52:43Z,,,,,,,,,,,7638.1
2026-07-07T07:52:43Z,,,,,,,,,,,7681.3
2026-07-07T07:52:43Z,,,,,,,,,,,7743.3
2026-07-07T07:52:43Z,,,,,,,,,,,7776.2
2026-07-07T07:52:43Z,,,,,,,,,,,7788.3
2026-07-07T07:52:43Z,,,,,,,,,,,7788.6
2026-07-07T07:52:43Z,,,,,,,,,,,7789.5
2026-07-07T07:52:43Z,,,,,,,,,,,7792.2
2026-07-07T07:52:44Z,,,,,,,,,,,7792.3
2026-07-07T07:52:44Z,51.553329,-0.072345,27.8,1.2,1.9,12,1,3,3.43,235.5,7800.4
2026-07-07T07:52:44Z,,,,,,,,,,,7798.6
2026-07-07T07:52:44Z,,,,,,,,,,,7791.0
2026-07-07T07:52:44Z,,,,,,,,,,,7784.7
2026-07-07T07:52:44Z,,,,,,,,,,,7781.2
2026-07-07T07:52:44Z,,,,,,,,,,,7777.6
2026-07-07T07:52:44Z,,,,,,,,,,,7776.3
2026-07-07T07:52:44Z,,,,,,,,,,,7774.8
2026-07-07T07:52:44Z,,,,,,,,,,,7773.3
2026-07-07T07:52:45Z,,,,,,,,,,,7773.7
2026-07-07T07:52:45Z,51.553318,-0.072360,27.7,1.2,1.9,12,1,3,3.35,205.8,7774.9
2026-07-07T07:52:45Z,,,,,,,,,,,7780.1
2026-07-07T07:52:45Z,,,,,,,,,,,7788.1
2026-07-07T07:52:45Z,,,,,,,,,,,7797.0
2026-07-07T07:52:45Z,,,,,,,,,,,7802.6
2026-07-07T07:52:45Z,,,,,,,,,,,7804.2
2026-07-07T07:52:45Z,,,,,,,,,,,7806.2
2026-07-07T07:52:45Z,,,,,,,,,,,7803.3
2026-07-07T07:52:45Z,,,,,,,,,,,7796.1
2026-07-07T07:52:46Z,,,,,,,,,,,7793.3
2026-07-07T07:52:46Z,51.553314,-0.072375,27.5,1.2,1.9,12,1,3,2.73,228.2,7787.6
2026-07-07T07:52:46Z,,,,,,,,,,,7775.8
2026-07-07T07:52:46Z,,,,,,,,,,,7766.2
2026-07-07T07:52:46Z,,,,,,,,,,,7764.1
2026-07-07T07:52:46Z,,,,,,,,,,,7761.7
2026-07-07T07:52:46Z,,,,,,,,,,,7759.1
2026-07-07T07:52:46Z,,,,,,,,,,,7760.5
2026-07-07T07:52:46Z,,,,,,,,,,,7762.4
2026-07-07T07:52:46Z,,,,,,,,,,,7766.9
2026-07-07T07:52:46Z,,,,,,,,,,,7772.7
2026-07-07T07:52:47Z,51.553303,-0.072384,27.4,1.2,1.9,12,1,3,2.18,233.9,7773.5
2026-07-07T07:52:47Z,,,,,,,,,,,7770.4
2026-07-07T07:52:47Z,,,,,,,,,,,7767.6
2026-07-07T07:52:47Z,,,,,,,,,,,7766.7
2026-07-07T07:52:47Z,,,,,,,,,,,7766.4
2026-07-07T07:52:47Z,,,,,,,,,,,7764.5
2026-07-07T07:52:47Z,,,,,,,,,,,7761.1
2026-07-07T07:52:47Z,,,,,,,,,,,7754.3
2026-07-07T07:52:47Z,,,,,,,,,,,7744.8
2026-07-07T07:52:48Z,,,,,,,,,,,7737.9
2026-07-07T07:52:48Z,51.553288,-0.072396,27.4,1.2,1.9,12,1,3,3.21,193.4,7733.8
2026-07-07T07:52:48Z,,,,,,,,,,,7727.5
2026-07-07T07:52:48Z,,,,,,,,,,,7719.6
2026-07-07T07:52:48Z,,,,,,,,,,,7711.3
2026-07-07T07:52:48Z,,,,,,,,,,,7702.1
2026-07-07T07:52:48Z,,,,,,,,,,,7698.1
2026-07-07T07:52:48Z,,,,,,,,,,,7696.7
2026-07-07T07:52:48Z,,,,,,,,,,,7695.0
2026-07-07T07:52:48Z,,,,,,,,,,,7691.8
2026-07-07T07:52:49Z,,,,,,,,,,,7687.5
2026-07-07T07:52:49Z,51.553284,-0.072413,27.0,1.2,1.9,12,1,3,3.59,213.6,7687.4
2026-07-07T07:52:49Z,,,,,,,,,,,7690.4
2026-07-07T07:52:49Z,,,,,,,,,,,7694.5
2026-07-07T07:52:49Z,,,,,,,,,,,7701.7
2026-07-07T07:52:49Z,,,,,,,,,,,7711.7
2026-07-07T07:52:49Z,,,,,,,,,,,7726.6
2026-07-07T07:52:49Z,,,,,,,,,,,7746.6
2026-07-07T07:52:49Z,,,,,,,,,,,7767.0
2026-07-07T07:52:49Z,,,,,,,,,,,7784.7
2026-07-07T07:52:50Z,,,,,,,,,,,7795.1
2026-07-07T07:52:50Z,51.553284,-0.072436,26.5,1.2,1.9,12,1,3,2.74,264.7,7799.8
2026-07-07T07:52:50Z,,,,,,,,,,,7800.6
2026-07-07T07:52:50Z,,,,,,,,,,,7801.7
2026-07-07T07:52:50Z,,,,,,,,,,,7801.9
2026-07-07T07:52:50Z,,,,,,,,,,,7801.2
2026-07-07T07:52:50Z,,,,,,,,,,,7792.9
2026-07-07T07:52:50Z,,,,,,,,,,,7781.5
2026-07-07T07:52:50Z,,,,,,,,,,,7774.8
2026-07-07T07:52:50Z,,,,,,,,,,,7768.6
2026-07-07T07:52:51Z,,,,,,,,,,,7762.0
2026-07-07T07:52:51Z,51.553280,-0.072454,26.1,1.2,1.9,12,1,3,3.18,270.8,7750.6
2026-07-07T07:52:51Z,,,,,,,,,,,7737.7
2026-07-07T07:52:51Z,,,,,,,,,,,7731.3
2026-07-07T07:52:51Z,,,,,,,,,,,7732.8
2026-07-07T07:52:51Z,,,,,,,,,,,7732.1
2026-07-07T07:52:51Z,,,,,,,,,,,7729.2
2026-07-07T07:52:51Z,,,,,,,,,,,7723.8
2026-07-07T07:52:51Z,,,,,,,,,,,7714.6
2026-07-07T07:52:51Z,,,,,,,,,,,7706.9
2026-07-07T07:52:52Z,,,,,,,,,,,7701.9
2026-07-07T07:52:52Z,51.553276,-0.072466,25.5,1.3,1.9,11,1,3,1.67,270.8,7697.6
2026-07-07T07:52:52Z,,,,,,,,,,,7692.3
2026-07-07T07:52:52Z,,,,,,,,,,,7686.8
2026-07-07T07:52:52Z,,,,,,,,,,,7682.0
2026-07-07T07:52:52Z,,,,,,,,,,,7675.5
2026-07-07T07:52:52Z,,,,,,,,,,,7671.4
2026-07-07T07:52:52Z,,,,,,,,,,,7669.8
2026-07-07T07:52:52Z,,,,,,,,,,,7667.9
2026-07-07T07:52:52Z,,,,,,,,,,,7666.5
2026-07-07T07:52:53Z,,,,,,,,,,,7667.4
2026-07-07T07:52:53Z,51.553272,-0.072478,24.9,1.3,1.9,11,1,3,2.17,230.1,7670.8
2026-07-07T07:52:53Z,,,,,,,,,,,7674.1
2026-07-07T07:52:53Z,,,,,,,,,,,7680.2
2026-07-07T07:52:53Z,,,,,,,,,,,7690.7
2026-07-07T07:52:53Z,,,,,,,,,,,7702.8
2026-07-07T07:52:53Z,,,,,,,,,,,7717.6
2026-07-07T07:52:53Z,,,,,,,,,,,7730.8
2026-07-07T07:52:53Z,,,,,,,,,,,7743.2
2026-07-07T07:52:53Z,,,,,,,,,,,7759.7
2026-07-07T07:52:54Z,,,,,,,,,,,7773.9
2026-07-07T07:52:54Z,51.553272,-0.072485,23.6,1.3,1.9,11,1,3,1.88,230.1,7781.8
2026-07-07T07:52:54Z,,,,,,,,,,,7788.7
2026-07-07T07:52:54Z,,,,,,,,,,,7795.9
2026-07-07T07:52:54Z,,,,,,,,,,,7799.6
2026-07-07T07:52:54Z,,,,,,,,,,,7801.6
2026-07-07T07:52:54Z,,,,,,,,,,,7801.0
2026-07-07T07:52:54Z,,,,,,,,,,,7800.0
2026-07-07T07:52:54Z,,,,,,,,,,,7800.9
2026-07-07T07:52:54Z,,,,,,,,,,,7802.7
2026-07-07T07:52:55Z,,,,,,,,,,,7803.6
2026-07-07T07:52:55Z,51.553272,-0.072496,22.5,1.3,1.9,11,1,3,1.07,230.1,7798.5
2026-07-07T07:52:55Z,,,,,,,,,,,7791.7
2026-07-07T07:52:55Z,,,,,,,,,,,7787.7
2026-07-07T07:52:55Z,,,,,,,,,,,7782.8
2026-07-07T07:52:55Z,,,,,,,,,,,7778.5
2026-07-07T07:52:55Z,,,,,,,,,,,7775.2
2026-07-07T07:52:55Z,,,,,,,,,,,7769.3
2026-07-07T07:52:55Z,,,,,,,,,,,7760.9
2026-07-07T07:52:55Z,,,,,,,,,,,7754.1
2026-07-07T07:52:56Z,,,,,,,,,,,7750.0
2026-07-07T07:52:56Z,51.553280,-0.072507,21.4,1.3,1.9,11,1,3,1.87,230.1,7749.2
2026-07-07T07:52:56Z,,,,,,,,,,,7748.0
2026-07-07T07:52:56Z,,,,,,,,,,,7745.6
2026-07-07T07:52:56Z,,,,,,,,,,,7743.2
2026-07-07T07:52:56Z,,,,,,,,,,,7743.2
2026-07-07T07:52:56Z,,,,,,,,,,,7747.5
2026-07-07T07:52:56Z,,,,,,,,,,,7755.9
2026-07-07T07:52:56Z,,,,,,,,,,,7767.5
2026-07-07T07:52:56Z,,,,,,,,,,,7778.9
2026-07-07T07:52:57Z,,,,,,,,,,,7787.2
2026-07-07T07:52:57Z,51.553280,-0.072517,20.2,1.3,1.9,11,1,3,1.69,230.1,7794.3
2026-07-07T07:52:57Z,,,,,,,,,,,7799.2
2026-07-07T07:52:57Z,,,,,,,,,,,7804.3
2026-07-07T07:52:57Z,,,,,,,,,,,7806.8
2026-07-07T07:52:57Z,,,,,,,,,,,7805.4
2026-07-07T07:52:57Z,,,,,,,,,,,7805.0
2026-07-07T07:52:57Z,,,,,,,,,,,7802.3
2026-07-07T07:52:57Z,,,,,,,,,,,7793.6
2026-07-07T07:52:57Z,,,,,,,,,,,7786.2
2026-07-07T07:52:58Z,,,,,,,,,,,7782.0
2026-07-07T07:52:58Z,51.553280,-0.072528,19.3,1.3,1.9,11,1,3,1.38,230.1,7776.6
2026-07-07T07:52:58Z,,,,,,,,,,,7771.4
2026-07-07T07:52:58Z,,,,,,,,,,,7766.2
2026-07-07T07:52:58Z,,,,,,,,,,,7759.6
2026-07-07T07:52:58Z,,,,,,,,,,,7748.1
2026-07-07T07:52:58Z,,,,,,,,,,,7731.4
2026-07-07T07:52:58Z,,,,,,,,,,,7714.3
2026-07-07T07:52:58Z,,,,,,,,,,,7702.0
2026-07-07T07:52:58Z,,,,,,,,,,,7693.2
2026-07-07T07:52:59Z,,,,,,,,,,,7685.0
2026-07-07T07:52:59Z,51.553280,-0.072539,18.8,1.3,1.9,11,1,3,1.25,230.1,7676.5
2026-07-07T07:52:59Z,,,,,,,,,,,7668.6
2026-07-07T07:52:59Z,,,,,,,,,,,7660.6
2026-07-07T07:52:59Z,,,,,,,,,,,7653.5
2026-07-07T07:52:59Z,,,,,,,,,,,7647.5
2026-07-07T07:52:59Z,,,,,,,,,,,7643.3
2026-07-07T07:52:59Z,,,,,,,,,,,7636.7
2026-07-07T07:52:59Z,,,,,,,,,,,7629.0
2026-07-07T07:52:59Z,,,,,,,,,,,7626.8
2026-07-07T07:53:00Z,,,,,,,,,,,7625.8
2026-07-07T07:53:00Z,51.553276,-0.072551,18.3,1.3,1.9,11,1,3,1.60,230.1,7623.6
2026-07-07T07:53:00Z,,,,,,,,,,,7622.3
2026-07-07T07:53:00Z,,,,,,,,,,,7620.8
2026-07-07T07:53:00Z,,,,,,,,,,,7620.6
2026-07-07T07:53:00Z,,,,,,,,,,,7624.7
2026-07-07T07:53:00Z,,,,,,,,,,,7629.9
2026-07-07T07:53:00Z,,,,,,,,,,,7634.1
2026-07-07T07:53:00Z,,,,,,,,,,,7635.6
2026-07-07T07:53:00Z,,,,,,,,,,,7632.8
2026-07-07T07:53:01Z,,,,,,,,,,,7628.9
2026-07-07T07:53:01Z,51.553276,-0.072561,17.3,1.3,1.9,11,1,3,1.61,230.1,7628.2
2026-07-07T07:53:01Z,,,,,,,,,,,7628.1
2026-07-07T07:53:01Z,,,,,,,,,,,7626.3
2026-07-07T07:53:01Z,,,,,,,,,,,7624.0
2026-07-07T07:53:01Z,,,,,,,,,,,7620.9
2026-07-07T07:53:01Z,,,,,,,,,,,7616.8
2026-07-07T07:53:01Z,,,,,,,,,,,7611.9
2026-07-07T07:53:01Z,,,,,,,,,,,7607.1
2026-07-07T07:53:01Z,,,,,,,,,,,7603.1
2026-07-07T07:53:02Z,,,,,,,,,,,7598.1
2026-07-07T07:53:02Z,51.553276,-0.072572,17.0,1.3,1.9,11,1,3,1.22,230.1,7592.7
2026-07-07T07:53:02Z,,,,,,,,,,,7587.9
2026-07-07T07:53:02Z,,,,,,,,,,,7585.3
2026-07-07T07:53:02Z,,,,,,,,,,,7578.6
2026-07-07T07:53:02Z,,,,,,,,,,,7568.1
2026-07-07T07:53:02Z,,,,,,,,,,,7561.9
2026-07-07T07:53:02Z,,,,,,,,,,,7557.4
2026-07-07T07:53:02Z,,,,,,,,,,,7554.5
2026-07-07T07:53:02Z,,,,,,,,,,,7552.5
2026-07-07T07:53:02Z,,,,,,,,,,,7551.0
2026-07-07T07:53:03Z,51.553276,-0.072585,16.9,1.3,1.9,11,1,3,1.31,230.1,7552.5
2026-07-07T07:53:03Z,,,,,,,,,,,7557.9
2026-07-07T07:53:03Z,,,,,,,,,,,7568.3
2026-07-07T07:53:03Z,,,,,,,,,,,7586.1
2026-07-07T07:53:03Z,,,,,,,,,,,7604.6
2026-07-07T07:53:03Z,,,,,,,,,,,7620.1
2026-07-07T07:53:03Z,,,,,,,,,,,7635.2
2026-07-07T07:53:03Z,,,,,,,,,,,7649.3
2026-07-07T07:53:03Z,,,,,,,,,,,7658.0
2026-07-07T07:53:03Z,,,,,,,,,,,7665.3
2026-07-07T07:53:04Z,51.553276,-0.072598,16.2,1.3,1.9,11,1,3,1.75,230.1,7672.3
2026-07-07T07:53:04Z,,,,,,,,,,,7675.2
2026-07-07T07:53:04Z,,,,,,,,,,,7672.6
2026-07-07T07:53:04Z,,,,,,,,,,,7668.7
2026-07-07T07:53:04Z,,,,,,,,,,,7665.1
2026-07-07T07:53:04Z,,,,,,,,,,,7661.2
2026-07-07T07:53:04Z,,,,,,,,,,,7659.2
2026-07-07T07:53:04Z,,,,,,,,,,,7666.1
2026-07-07T07:53:04Z,,,,,,,,,,,7679.5
2026-07-07T07:53:05Z,,,,,,,,,,,7681.7
2026-07-07T07:53:05Z,51.553280,-0.072610,15.7,1.3,1.9,11,1,3,1.92,230.1,7673.2
2026-07-07T07:53:05Z,,,,,,,,,,,7662.9
2026-07-07T07:53:05Z,,,,,,,,,,,7653.7
2026-07-07T07:53:05Z,,,,,,,,,,,7651.3
2026-07-07T07:53:05Z,,,,,,,,,,,7654.1
2026-07-07T07:53:05Z,,,,,,,,,,,7645.3
2026-07-07T07:53:05Z,,,,,,,,,,,7623.5
2026-07-07T07:53:05Z,,,,,,,,,,,7599.7
2026-07-07T07:53:05Z,,,,,,,,,,,7581.0
2026-07-07T07:53:06Z,,,,,,,,,,,7574.3
2026-07-07T07:53:06Z,51.553280,-0.072621,15.4,1.3,1.9,11,1,3,1.37,230.1,7578.6
2026-07-07T07:53:06Z,,,,,,,,,,,7575.0
2026-07-07T07:53:06Z,,,,,,,,,,,7559.5
2026-07-07T07:53:06Z,,,,,,,,,,,7550.3
2026-07-07T07:53:06Z,,,,,,,,,,,7544.6
2026-07-07T07:53:06Z,,,,,,,,,,,7539.1
2026-07-07T07:53:06Z,,,,,,,,,,,7536.2
2026-07-07T07:53:06Z,,,,,,,,,,,7531.9
2026-07-07T07:53:06Z,,,,,,,,,,,7524.8
2026-07-07T07:53:07Z,,,,,,,,,,,7519.2
2026-07-07T07:53:07Z,51.553280,-0.072632,14.9,1.3,1.9,11,1,3,1.35,230.1,7518.0
2026-07-07T07:53:07Z,,,,,,,,,,,7517.8
2026-07-07T07:53:07Z,,,,,,,,,,,7521.6
2026-07-07T07:53:07Z,,,,,,,,,,,7533.2
2026-07-07T07:53:07Z,,,,,,,,,,,7557.9
2026-07-07T07:53:07Z,,,,,,,,,,,7599.9
2026-07-07T07:53:07Z,,,,,,,,,,,7637.5
2026-07-07T07:53:07Z,,,,,,,,,,,7659.4
2026-07-07T07:53:07Z,,,,,,,,,,,7673.2
2026-07-07T07:53:08Z,,,,,,,,,,,7684.1
2026-07-07T07:53:08Z,51.553280,-0.072644,14.5,1.3,1.9,11,1,3,1.64,230.1,7695.1
2026-07-07T07:53:08Z,,,,,,,,,,,7702.2
2026-07-07T07:53:08Z,,,,,,,,,,,7706.9
2026-07-07T07:53:08Z,,,,,,,,,,,7713.3
2026-07-07T07:53:08Z,,,,,,,,,,,7721.2
2026-07-07T07:53:08Z,,,,,,,,,,,7728.7
2026-07-07T07:53:08Z,,,,,,,,,,,7734.2
2026-07-07T07:53:08Z,,,,,,,,,,,7737.6
2026-07-07T07:53:08Z,,,,,,,,,,,7740.5
2026-07-07T07:53:09Z,,,,,,,,,,,7746.9
2026-07-07T07:53:09Z,51.553280,-0.072657,14.0,1.3,1.9,11,1,3,1.62,230.1,7760.7
2026-07-07T07:53:09Z,,,,,,,,,,,7777.3
2026-07-07T07:53:09Z,,,,,,,,,,,7793.7
2026-07-07T07:53:09Z,,,,,,,,,,,7811.0
2026-07-07T07:53:09Z,,,,,,,,,,,7824.7
2026-07-07T07:53:09Z,,,,,,,,,,,7836.0
2026-07-07T07:53:09Z,,,,,,,,,,,7848.9
2026-07-07T07:53:09Z,,,,,,,,,,,7859.7
2026-07-07T07:53:09Z,,,,,,,,,,,7868.0
2026-07-07T07:53:10Z,,,,,,,,,,,7876.7
2026-07-07T07:53:10Z,51.553280,-0.072662,14.0,1.3,1.9,11,1,3,1.79,230.1,7881.2
2026-07-07T07:53:10Z,,,,,,,,,,,7879.2
2026-07-07T07:53:10Z,,,,,,,,,,,7880.2
2026-07-07T07:53:10Z,,,,,,,,,,,7882.9
2026-07-07T07:53:10Z,,,,,,,,,,,7884.0
2026-07-07T07:53:10Z,,,,,,,,,,,7884.0
2026-07-07T07:53:10Z,,,,,,,,,,,7879.6
2026-07-07T07:53:10Z,,,,,,,,,,,7870.3
2026-07-07T07:53:10Z,,,,,,,,,,,7860.4
2026-07-07T07:53:11Z,,,,,,,,,,,7852.6
2026-07-07T07:53:11Z,51.553276,-0.072665,15.2,1.3,1.9,11,1,3,0.84,230.1,7846.1
2026-07-07T07:53:11Z,,,,,,,,,,,7839.5
2026-07-07T07:53:11Z,,,,,,,,,,,7831.9
2026-07-07T07:53:11Z,,,,,,,,,,,7823.2
2026-07-07T07:53:11Z,,,,,,,,,,,7812.4
2026-07-07T07:53:11Z,,,,,,,,,,,7803.0
2026-07-07T07:53:11Z,,,,,,,,,,,7796.9
2026-07-07T07:53:11Z,,,,,,,,,,,7792.7
2026-07-07T07:53:11Z,,,,,,,,,,,7790.5
2026-07-07T07:53:12Z,,,,,,,,,,,7791.7
2026-07-07T07:53:12Z,51.553268,-0.072675,16.1,1.3,1.9,11,1,3,0.95,230.1,7792.8
2026-07-07T07:53:12Z,,,,,,,,,,,7794.6
2026-07-07T07:53:12Z,,,,,,,,,,,7797.1
2026-07-07T07:53:12Z,,,,,,,,,,,7801.9
2026-07-07T07:53:12Z,,,,,,,,,,,7808.8
2026-07-07T07:53:12Z,,,,,,,,,,,7814.6
2026-07-07T07:53:12Z,,,,,,,,,,,7817.5
2026-07-07T07:53:12Z,,,,,,,,,,,7817.8
2026-07-07T07:53:12Z,,,,,,,,,,,7817.9
2026-07-07T07:53:13Z,,,,,,,,,,,7817.7
2026-07-07T07:53:13Z,51.553268,-0.072690,16.8,1.3,1.9,11,1,3,1.86,230.1,7817.9
2026-07-07T07:53:13Z,,,,,,,,,,,7817.8
2026-07-07T07:53:13Z,,,,,,,,,,,7816.5
2026-07-07T07:53:13Z,,,,,,,,,,,7806.3
2026-07-07T07:53:13Z,,,,,,,,,,,7793.5
2026-07-07T07:53:13Z,,,,,,,,,,,7790.0
2026-07-07T07:53:13Z,,,,,,,,,,,7789.0
2026-07-07T07:53:13Z,,,,,,,,,,,7786.0
2026-07-07T07:53:13Z,,,,,,,,,,,7783.1
2026-07-07T07:53:14Z,,,,,,,,,,,7779.2
2026-07-07T07:53:14Z,51.553268,-0.072704,16.7,1.3,1.9,11,1,3,1.91,230.1,7774.0
2026-07-07T07:53:14Z,,,,,,,,,,,7768.5
2026-07-07T07:53:14Z,,,,,,,,,,,7763.9
2026-07-07T07:53:14Z,,,,,,,,,,,7760.8
2026-07-07T07:53:14Z,,,,,,,,,,,7760.3
2026-07-07T07:53:14Z,,,,,,,,,,,7759.3
2026-07-07T07:53:14Z,,,,,,,,,,,7755.0
2026-07-07T07:53:14Z,,,,,,,,,,,7752.0
2026-07-07T07:53:14Z,,,,,,,,,,,7752.9
2026-07-07T07:53:15Z,,,,,,,,,,,7755.7
2026-07-07T07:53:15Z,51.553265,-0.072720,16.9,1.3,1.9,12,1,3,1.94,230.1,7758.9
2026-07-07T07:53:15Z,,,,,,,,,,,7760.7
2026-07-07T07:53:15Z,,,,,,,,,,,7759.9
2026-07-07T07:53:15Z,,,,,,,,,,,7761.2
2026-07-07T07:53:15Z,,,,,,,,,,,7766.9
2026-07-07T07:53:15Z,,,,,,,,,,,7777.2
2026-07-07T07:53:15Z,,,,,,,,,,,7791.6
2026-07-07T07:53:15Z,,,,,,,,,,,7808.8
2026-07-07T07:53:15Z,,,,,,,,,,,7825.1
2026-07-07T07:53:16Z,,,,,,,,,,,7835.5
2026-07-07T07:53:16Z,51.553265,-0.072738,17.2,1.3,1.9,12,1,3,1.71,230.1,7845.1
2026-07-07T07:53:16Z,,,,,,,,,,,7854.0
2026-07-07T07:53:16Z,,,,,,,,,,,7860.4
2026-07-07T07:53:16Z,,,,,,,,,,,7865.9
2026-07-07T07:53:16Z,,,,,,,,,,,7869.4
2026-07-07T07:53:16Z,,,,,,,,,,,7868.4
2026-07-07T07:53:16Z,,,,,,,,,,,7864.8
2026-07-07T07:53:16Z,,,,,,,,,,,7859.6
2026-07-07T07:53:16Z,,,,,,,,,,,7852.3
2026-07-07T07:53:17Z,,,,,,,,,,,7845.3
2026-07-07T07:53:17Z,51.553265,-0.072756,17.3,1.3,1.9,12,1,3,2.32,261.7,7838.1
2026-07-07T07:53:17Z,,,,,,,,,,,7830.1
2026-07-07T07:53:17Z,,,,,,,,,,,7821.2
2026-07-07T07:53:17Z,,,,,,,,,,,7815.2
2026-07-07T07:53:17Z,,,,,,,,,,,7812.2
2026-07-07T07:53:17Z,,,,,,,,,,,7810.1
2026-07-07T07:53:17Z,,,,,,,,,,,7810.8
2026-07-07T07:53:17Z,,,,,,,,,,,7813.9
2026-07-07T07:53:17Z,,,,,,,,,,,7814.2
2026-07-07T07:53:18Z,,,,,,,,,,,7813.3
2026-07-07T07:53:18Z,51.553268,-0.072776,16.3,1.3,1.9,12,1,3,1.93,261.7,7815.2
2026-07-07T07:53:18Z,,,,,,,,,,,7817.5
2026-07-07T07:53:18Z,,,,,,,,,,,7820.9
2026-07-07T07:53:18Z,,,,,,,,,,,7827.8
2026-07-07T07:53:18Z,,,,,,,,,,,7835.2
2026-07-07T07:53:18Z,,,,,,,,,,,7841.3
2026-07-07T07:53:18Z,,,,,,,,,,,7848.0
2026-07-07T07:53:18Z,,,,,,,,,,,7854.5
2026-07-07T07:53:18Z,,,,,,,,,,,7859.4
2026-07-07T07:53:19Z,,,,,,,,,,,7862.7
2026-07-07T07:53:19Z,51.553268,-0.072794,15.6,1.3,1.9,12,1,3,2.30,258.8,7865.4
2026-07-07T07:53:19Z,,,,,,,,,,,7868.5
2026-07-07T07:53:19Z,,,,,,,,,,,7872.8
2026-07-07T07:53:19Z,,,,,,,,,,,7878.1
2026-07-07T07:53:19Z,,,,,,,,,,,7883.3
2026-07-07T07:53:19Z,,,,,,,,,,,7888.4
2026-07-07T07:53:19Z,,,,,,,,,,,7891.6
2026-07-07T07:53:19Z,,,,,,,,,,,7892.4
2026-07-07T07:53:19Z,,,,,,,,,,,7893.7
2026-07-07T07:53:20Z,,,,,,,,,,,7896.1
2026-07-07T07:53:20Z,51.553265,-0.072810,15.5,1.2,1.8,13,1,3,2.11,235.6,7898.8
2026-07-07T07:53:20Z,,,,,,,,,,,7899.3
2026-07-07T07:53:20Z,,,,,,,,,,,7898.6
2026-07-07T07:53:20Z,,,,,,,,,,,7898.2
2026-07-07T07:53:20Z,,,,,,,,,,,7895.3
2026-07-07T07:53:20Z,,,,,,,,,,,7892.1
2026-07-07T07:53:20Z,,,,,,,,,,,7888.6
2026-07-07T07:53:20Z,,,,,,,,,,,7883.9
2026-07-07T07:53:20Z,,,,,,,,,,,7878.7
2026-07-07T07:53:21Z,,,,,,,,,,,7872.9
2026-07-07T07:53:21Z,51.553265,-0.072827,15.3,1.2,1.8,13,1,3,1.59,235.6,7866.5
2026-07-07T07:53:21Z,,,,,,,,,,,7861.3
2026-07-07T07:53:21Z,,,,,,,,,,,7856.7
2026-07-07T07:53:21Z,,,,,,,,,,,7851.8
2026-07-07T07:53:21Z,,,,,,,,,,,7849.3
2026-07-07T07:53:21Z,,,,,,,,,,,7848.9
2026-07-07T07:53:21Z,,,,,,,,,,,7848.3
2026-07-07T07:53:21Z,,,,,,,,,,,7850.0
2026-07-07T07:53:21Z,,,,,,,,,,,7854.5
2026-07-07T07:53:22Z,,,,,,,,,,,7858.1
2026-07-07T07:53:22Z,51.553272,-0.072843,15.1,1.2,1.8,13,1,3,1.90,235.6,7863.9
2026-07-07T07:53:22Z,,,,,,,,,,,7869.8
2026-07-07T07:53:22Z,,,,,,,,,,,7874.4
2026-07-07T07:53:22Z,,,,,,,,,,,7876.6
2026-07-07T07:53:22Z,,,,,,,,,,,7877.1
2026-07-07T07:53:22Z,,,,,,,,,,,7879.2
2026-07-07T07:53:22Z,,,,,,,,,,,7882.3
2026-07-07T07:53:22Z,,,,,,,,,,,7887.4
2026-07-07T07:53:22Z,,,,,,,,,,,7893.0
2026-07-07T07:53:23Z,,,,,,,,,,,7897.9
2026-07-07T07:53:23Z,51.553280,-0.072853,15.1,1.2,1.8,13,1,3,0.84,235.6,7905.2
2026-07-07T07:53:23Z,,,,,,,,,,,7914.9
2026-07-07T07:53:23Z,,,,,,,,,,,7925.3
2026-07-07T07:53:23Z,,,,,,,,,,,7936.0
2026-07-07T07:53:23Z,,,,,,,,,,,7943.4
2026-07-07T07:53:23Z,,,,,,,,,,,7946.0
2026-07-07T07:53:23Z,,,,,,,,,,,7948.0
2026-07-07T07:53:23Z,,,,,,,,,,,7949.9
2026-07-07T07:53:23Z,,,,,,,,,,,7951.4
2026-07-07T07:53:24Z,,,,,,,,,,,7952.1
2026-07-07T07:53:24Z,51.553284,-0.072866,14.8,1.2,1.8,13,1,3,1.63,235.6,7950.3
2026-07-07T07:53:24Z,,,,,,,,,,,7942.9
2026-07-07T07:53:24Z,,,,,,,,,,,7934.6
2026-07-07T07:53:24Z,,,,,,,,,,,7928.9
2026-07-07T07:53:24Z,,,,,,,,,,,7923.8
2026-07-07T07:53:24Z,,,,,,,,,,,7917.2
2026-07-07T07:53:24Z,,,,,,,,,,,7908.7
2026-07-07T07:53:24Z,,,,,,,,,,,7898.7
2026-07-07T07:53:24Z,,,,,,,,,,,7886.2
2026-07-07T07:53:25Z,,,,,,,,,,,7876.2
2026-07-07T07:53:25Z,51.553284,-0.072882,14.7,1.2,1.8,13,1,3,1.48,235.6,7869.8
2026-07-07T07:53:25Z,,,,,,,,,,,7862.9
2026-07-07T07:53:25Z,,,,,,,,,,,7854.2
2026-07-07T07:53:25Z,,,,,,,,,,,7846.0
2026-07-07T07:53:25Z,,,,,,,,,,,7836.6
2026-07-07T07:53:25Z,,,,,,,,,,,7829.6
2026-07-07T07:53:25Z,,,,,,,,,,,7824.6
2026-07-07T07:53:25Z,,,,,,,,,,,7818.8
2026-07-07T07:53:25Z,,,,,,,,,,,7813.9
2026-07-07T07:53:26Z,,,,,,,,,,,7809.5
2026-07-07T07:53:26Z,51.553284,-0.072899,14.6,1.2,1.8,13,1,3,2.20,242.2,7803.4
2026-07-07T07:53:26Z,,,,,,,,,,,7798.8
2026-07-07T07:53:26Z,,,,,,,,,,,7795.4
2026-07-07T07:53:26Z,,,,,,,,,,,7792.2
2026-07-07T07:53:26Z,,,,,,,,,,,7792.5
2026-07-07T07:53:26Z,,,,,,,,,,,7795.2
2026-07-07T07:53:26Z,,,,,,,,,,,7799.0
2026-07-07T07:53:26Z,,,,,,,,,,,7804.1
2026-07-07T07:53:26Z,,,,,,,,,,,7813.7
2026-07-07T07:53:27Z,,,,,,,,,,,7828.6
2026-07-07T07:53:27Z,51.553284,-0.072913,14.6,1.2,1.8,13,1,3,1.74,242.2,7848.1
2026-07-07T07:53:27Z,,,,,,,,,,,7871.4
2026-07-07T07:53:27Z,,,,,,,,,,,7897.5
2026-07-07T07:53:27Z,,,,,,,,,,,7920.6
2026-07-07T07:53:27Z,,,,,,,,,,,7939.4
2026-07-07T07:53:27Z,,,,,,,,,,,7958.9
2026-07-07T07:53:27Z,,,,,,,,,,,7977.5
2026-07-07T07:53:27Z,,,,,,,,,,,7994.6
2026-07-07T07:53:27Z,,,,,,,,,,,8007.7
2026-07-07T07:53:28Z,,,,,,,,,,,8013.9
2026-07-07T07:53:28Z,51.553280,-0.072929,14.7,1.2,1.8,13,1,3,1.48,242.2,8019.3
2026-07-07T07:53:28Z,,,,,,,,,,,8026.5
2026-07-07T07:53:28Z,,,,,,,,,,,8033.1
2026-07-07T07:53:28Z,,,,,,,,,,,8038.4
2026-07-07T07:53:28Z,,,,,,,,,,,8042.6
2026-07-07T07:53:28Z,,,,,,,,,,,8041.7
2026-07-07T07:53:28Z,,,,,,,,,,,8038.5
2026-07-07T07:53:28Z,,,,,,,,,,,8038.4
2026-07-07T07:53:28Z,,,,,,,,,,,8039.8
2026-07-07T07:53:29Z,,,,,,,,,,,8038.9
2026-07-07T07:53:29Z,51.553280,-0.072948,14.8,1.2,1.8,13,1,3,2.00,250.6,8036.9
2026-07-07T07:53:29Z,,,,,,,,,,,8034.7
2026-07-07T07:53:29Z,,,,,,,,,,,8032.2
2026-07-07T07:53:29Z,,,,,,,,,,,8029.8
2026-07-07T07:53:29Z,,,,,,,,,,,8028.1
2026-07-07T07:53:29Z,,,,,,,,,,,8027.0
2026-07-07T07:53:29Z,,,,,,,,,,,8025.7
2026-07-07T07:53:29Z,,,,,,,,,,,8023.5
2026-07-07T07:53:29Z,,,,,,,,,,,8018.5
2026-07-07T07:53:30Z,,,,,,,,,,,8013.9
2026-07-07T07:53:30Z,51.553268,-0.072960,14.8,1.2,1.8,13,1,3,2.52,233.3,8011.5
2026-07-07T07:53:30Z,,,,,,,,,,,8007.5
2026-07-07T07:53:30Z,,,,,,,,,,,8003.0
2026-07-07T07:53:30Z,,,,,,,,,,,7999.8
2026-07-07T07:53:30Z,,,,,,,,,,,7992.8
2026-07-07T07:53:30Z,,,,,,,,,,,7984.0
2026-07-07T07:53:30Z,,,,,,,,,,,7977.0
2026-07-07T07:53:30Z,,,,,,,,,,,7970.4
2026-07-07T07:53:30Z,,,,,,,,,,,7962.7
2026-07-07T07:53:31Z,,,,,,,,,,,7956.2
2026-07-07T07:53:31Z,51.553261,-0.072973,14.2,1.2,1.8,13,1,3,3.14,190.8,7949.4
2026-07-07T07:53:31Z,,,,,,,,,,,7942.2
2026-07-07T07:53:31Z,,,,,,,,,,,7934.7
2026-07-07T07:53:31Z,,,,,,,,,,,7929.8
2026-07-07T07:53:31Z,,,,,,,,,,,7930.7
2026-07-07T07:53:31Z,,,,,,,,,,,7935.7
2026-07-07T07:53:31Z,,,,,,,,,,,7944.0
2026-07-07T07:53:31Z,,,,,,,,,,,7955.1
2026-07-07T07:53:31Z,,,,,,,,,,,7967.6
2026-07-07T07:53:32Z,,,,,,,,,,,7979.7
2026-07-07T07:53:32Z,51.553261,-0.072991,14.0,1.2,1.8,13,1,3,1.74,190.8,7996.5
2026-07-07T07:53:32Z,,,,,,,,,,,8015.2
2026-07-07T07:53:32Z,,,,,,,,,,,8032.7
2026-07-07T07:53:32Z,,,,,,,,,,,8057.7
2026-07-07T07:53:32Z,,,,,,,,,,,8064.6
2026-07-07T07:53:32Z,,,,,,,,,,,8059.0
2026-07-07T07:53:32Z,,,,,,,,,,,8063.3
2026-07-07T07:53:32Z,,,,,,,,,,,8066.6
2026-07-07T07:53:32Z,,,,,,,,,,,8069.7
2026-07-07T07:53:33Z,,,,,,,,,,,8070.7
2026-07-07T07:53:33Z,51.553265,-0.073009,13.3,1.2,1.8,13,1,3,1.65,190.8,8070.5
2026-07-07T07:53:33Z,,,,,,,,,,,8064.8
2026-07-07T07:53:33Z,,,,,,,,,,,8054.5
2026-07-07T07:53:33Z,,,,,,,,,,,8049.1
2026-07-07T07:53:33Z,,,,,,,,,,,8042.4
2026-07-07T07:53:33Z,,,,,,,,,,,8034.5
2026-07-07T07:53:33Z,,,,,,,,,,,8024.4
2026-07-07T07:53:33Z,,,,,,,,,,,8014.2
2026-07-07T07:53:33Z,,,,,,,,,,,8007.1
2026-07-07T07:53:34Z,,,,,,,,,,,8002.6
2026-07-07T07:53:34Z,51.553265,-0.073022,12.8,1.2,1.8,13,1,3,0.74,190.8,7999.8
2026-07-07T07:53:34Z,,,,,,,,,,,7995.6
2026-07-07T07:53:34Z,,,,,,,,,,,7989.5
2026-07-07T07:53:34Z,,,,,,,,,,,7984.4
2026-07-07T07:53:34Z,,,,,,,,,,,7981.9
2026-07-07T07:53:34Z,,,,,,,,,,,7980.7
2026-07-07T07:53:34Z,,,,,,,,,,,7978.5
2026-07-07T07:53:34Z,,,,,,,,,,,7975.1
2026-07-07T07:53:34Z,,,,,,,,,,,7972.0
2026-07-07T07:53:34Z,,,,,,,,,,,7966.5
2026-07-07T07:53:35Z,51.553261,-0.073033,11.6,1.2,1.8,13,1,3,1.03,190.8,7962.4
2026-07-07T07:53:35Z,,,,,,,,,,,7960.9
2026-07-07T07:53:35Z,,,,,,,,,,,7959.6
2026-07-07T07:53:35Z,,,,,,,,,,,7958.5
2026-07-07T07:53:35Z,,,,,,,,,,,7954.6
2026-07-07T07:53:35Z,,,,,,,,,,,7949.2
2026-07-07T07:53:35Z,,,,,,,,,,,7946.6
2026-07-07T07:53:35Z,,,,,,,,,,,7944.0
2026-07-07T07:53:35Z,,,,,,,,,,,7941.1
2026-07-07T07:53:35Z,,,,,,,,,,,7939.4
2026-07-07T07:53:36Z,51.553253,-0.073049,12.1,1.2,1.8,13,1,3,1.21,190.8,7936.4
2026-07-07T07:53:36Z,,,,,,,,,,,7932.3
2026-07-07T07:53:36Z,,,,,,,,,,,7932.7
2026-07-07T07:53:36Z,,,,,,,,,,,7939.2
2026-07-07T07:53:36Z,,,,,,,,,,,7948.2
2026-07-07T07:53:36Z,,,,,,,,,,,7960.2
2026-07-07T07:53:36Z,,,,,,,,,,,7974.5
2026-07-07T07:53:36Z,,,,,,,,,,,7987.9
2026-07-07T07:53:36Z,,,,,,,,,,,8001.7
2026-07-07T07:53:37Z,,,,,,,,,,,8013.7
2026-07-07T07:53:37Z,51.553253,-0.073066,12.1,1.2,1.8,13,1,3,1.47,190.8,8023.2
2026-07-07T07:53:37Z,,,,,,,,,,,8031.6
2026-07-07T07:53:37Z,,,,,,,,,,,8037.0
2026-07-07T07:53:37Z,,,,,,,,,,,8035.3
2026-07-07T07:53:37Z,,,,,,,,,,,8031.0
2026-07-07T07:53:37Z,,,,,,,,,,,8029.0
2026-07-07T07:53:37Z,,,,,,,,,,,8026.0
2026-07-07T07:53:37Z,,,,,,,,,,,8022.6
2026-07-07T07:53:37Z,,,,,,,,,,,8019.1
2026-07-07T07:53:38Z,,,,,,,,,,,8013.5
2026-07-07T07:53:38Z,51.553257,-0.073075,12.1,1.2,1.8,13,1,3,1.49,190.8,8005.1
2026-07-07T07:53:38Z,,,,,,,,,,,7998.0
2026-07-07T07:53:38Z,,,,,,,,,,,7990.6
2026-07-07T07:53:38Z,,,,,,,,,,,7983.5
2026-07-07T07:53:38Z,,,,,,,,,,,7977.7
2026-07-07T07:53:38Z,,,,,,,,,,,7968.4
2026-07-07T07:53:38Z,,,,,,,,,,,7951.0
2026-07-07T07:53:38Z,,,,,,,,,,,7935.8
2026-07-07T07:53:38Z,,,,,,,,,,,7930.5
2026-07-07T07:53:39Z,,,,,,,,,,,7926.0
2026-07-07T07:53:39Z,51.553257,-0.073082,12.3,1.2,1.8,13,1,3,0.00,190.8,7919.7
2026-07-07T07:53:39Z,,,,,,,,,,,7913.6
2026-07-07T07:53:39Z,,,,,,,,,,,7906.9
2026-07-07T07:53:39Z,,,,,,,,,,,7899.8
2026-07-07T07:53:39Z,,,,,,,,,,,7893.2
2026-07-07T07:53:39Z,,,,,,,,,,,7887.5
2026-07-07T07:53:39Z,,,,,,,,,,,7883.8
2026-07-07T07:53:39Z,,,,,,,,,,,7881.5
2026-07-07T07:53:39Z,,,,,,,,,,,7878.9
2026-07-07T07:53:40Z,,,,,,,,,,,7875.9
2026-07-07T07:53:40Z,51.553257,-0.073090,12.5,1.2,1.8,13,1,3,0.00,190.8,7873.0
2026-07-07T07:53:40Z,,,,,,,,,,,7870.9
2026-07-07T07:53:40Z,,,,,,,,,,,7868.2
2026-07-07T07:53:40Z,,,,,,,,,,,7865.1
2026-07-07T07:53:40Z,,,,,,,,,,,7864.6
2026-07-07T07:53:40Z,,,,,,,,,,,7860.6
2026-07-07T07:53:40Z,,,,,,,,,,,7842.8
2026-07-07T07:53:40Z,,,,,,,,,,,7811.7
2026-07-07T07:53:40Z,,,,,,,,,,,7782.4
2026-07-07T07:53:41Z,,,,,,,,,,,7769.6
2026-07-07T07:53:41Z,51.553261,-0.073098,12.7,1.2,1.8,13,1,3,0.00,190.8,7772.5
2026-07-07T07:53:41Z,,,,,,,,,,,7777.1
2026-07-07T07:53:41Z,,,,,,,,,,,7773.1
2026-07-07T07:53:41Z,,,,,,,,,,,7766.8
2026-07-07T07:53:41Z,,,,,,,,,,,7760.9
2026-07-07T07:53:41Z,,,,,,,,,,,7755.8
2026-07-07T07:53:41Z,,,,,,,,,,,7752.5
2026-07-07T07:53:41Z,,,,,,,,,,,7750.2
2026-07-07T07:53:41Z,,,,,,,,,,,7743.6
2026-07-07T07:53:42Z,,,,,,,,,,,7737.7
2026-07-07T07:53:42Z,51.553261,-0.073106,12.9,1.2,1.8,13,1,3,0.00,190.8,7736.0
2026-07-07T07:53:42Z,,,,,,,,,,,7734.7
2026-07-07T07:53:42Z,,,,,,,,,,,7733.0
2026-07-07T07:53:42Z,,,,,,,,,,,7733.5
2026-07-07T07:53:42Z,,,,,,,,,,,7731.9
2026-07-07T07:53:42Z,,,,,,,,,,,7731.4
2026-07-07T07:53:42Z,,,,,,,,,,,7736.9
2026-07-07T07:53:42Z,,,,,,,,,,,7740.0
2026-07-07T07:53:42Z,,,,,,,,,,,7740.4
2026-07-07T07:53:43Z,,,,,,,,,,,7744.5
2026-07-07T07:53:43Z,51.553261,-0.073110,13.2,1.2,1.8,13,1,3,0.00,190.8,7749.3
2026-07-07T07:53:43Z,,,,,,,,,,,7750.1
2026-07-07T07:53:43Z,,,,,,,,,,,7749.5
2026-07-07T07:53:43Z,,,,,,,,,,,7751.3
2026-07-07T07:53:43Z,,,,,,,,,,,7750.0
2026-07-07T07:53:43Z,,,,,,,,,,,7747.8
2026-07-07T07:53:43Z,,,,,,,,,,,7749.0
2026-07-07T07:53:43Z,,,,,,,,,,,7750.7
2026-07-07T07:53:43Z,,,,,,,,,,,7762.7
2026-07-07T07:53:44Z,,,,,,,,,,,7799.6
2026-07-07T07:53:44Z,51.553265,-0.073116,13.5,1.2,1.8,13,1,3,0.00,190.8,7840.3
2026-07-07T07:53:44Z,,,,,,,,,,,7855.4
2026-07-07T07:53:44Z,,,,,,,,,,,7863.1
2026-07-07T07:53:44Z,,,,,,,,,,,7874.2
2026-07-07T07:53:44Z,,,,,,,,,,,7891.7
2026-07-07T07:53:44Z,,,,,,,,,,,7908.2
2026-07-07T07:53:44Z,,,,,,,,,,,7914.7
2026-07-07T07:53:44Z,,,,,,,,,,,7916.4
2026-07-07T07:53:44Z,,,,,,,,,,,7917.1
2026-07-07T07:53:45Z,,,,,,,,,,,7914.0
2026-07-07T07:53:45Z,51.553272,-0.073122,13.7,1.2,1.8,13,1,3,0.00,190.8,7910.6
2026-07-07T07:53:45Z,,,,,,,,,,,7910.1
2026-07-07T07:53:45Z,,,,,,,,,,,7908.9
2026-07-07T07:53:45Z,,,,,,,,,,,7907.0
2026-07-07T07:53:45Z,,,,,,,,,,,7906.0
2026-07-07T07:53:45Z,,,,,,,,,,,7906.1
2026-07-07T07:53:45Z,,,,,,,,,,,7908.6
2026-07-07T07:53:45Z,,,,,,,,,,,7915.6
2026-07-07T07:53:45Z,,,,,,,,,,,7924.9
2026-07-07T07:53:46Z,,,,,,,,,,,7932.9
2026-07-07T07:53:46Z,51.553280,-0.073130,13.9,1.2,1.8,13,1,3,1.39,190.8,7940.8
2026-07-07T07:53:46Z,,,,,,,,,,,7947.1
2026-07-07T07:53:46Z,,,,,,,,,,,7950.9
2026-07-07T07:53:46Z,,,,,,,,,,,7955.7
2026-07-07T07:53:46Z,,,,,,,,,,,7960.2
2026-07-07T07:53:46Z,,,,,,,,,,,7962.3
2026-07-07T07:53:46Z,,,,,,,,,,,7963.9
2026-07-07T07:53:46Z,,,,,,,,,,,7962.3
2026-07-07T07:53:46Z,,,,,,,,,,,7959.7
2026-07-07T07:53:47Z,,,,,,,,,,,7958.1
2026-07-07T07:53:47Z,51.553288,-0.073127,14.1,1.2,1.8,13,1,3,1.35,190.8,7956.6
2026-07-07T07:53:47Z,,,,,,,,,,,7956.6
2026-07-07T07:53:47Z,,,,,,,,,,,7956.2
2026-07-07T07:53:47Z,,,,,,,,,,,7953.5
2026-07-07T07:53:47Z,,,,,,,,,,,7950.6
2026-07-07T07:53:47Z,,,,,,,,,,,7951.8
2026-07-07T07:53:47Z,,,,,,,,,,,7954.0
2026-07-07T07:53:47Z,,,,,,,,,,,7957.8
2026-07-07T07:53:47Z,,,,,,,,,,,7964.5
2026-07-07T07:53:48Z,,,,,,,,,,,7968.5
2026-07-07T07:53:48Z,51.553291,-0.073126,14.5,1.2,1.8,13,1,3,1.84,190.8,7970.9
2026-07-07T07:53:48Z,,,,,,,,,,,7974.1
2026-07-07T07:53:48Z,,,,,,,,,,,7978.9
2026-07-07T07:53:48Z,,,,,,,,,,,7983.2
2026-07-07T07:53:48Z,,,,,,,,,,,7986.3
2026-07-07T07:53:48Z,,,,,,,,,,,7988.7
2026-07-07T07:53:48Z,,,,,,,,,,,7986.5
2026-07-07T07:53:48Z,,,,,,,,,,,7982.4
2026-07-07T07:53:48Z,,,,,,,,,,,7980.9
2026-07-07T07:53:49Z,,,,,,,,,,,7981.3
2026-07-07T07:53:49Z,51.553291,-0.073127,14.7,1.2,1.8,13,1,3,0.69,190.8,7981.1
2026-07-07T07:53:49Z,,,,,,,,,,,7979.3
2026-07-07T07:53:49Z,,,,,,,,,,,7977.8
2026-07-07T07:53:49Z,,,,,,,,,,,7977.2
2026-07-07T07:53:49Z,,,,,,,,,,,7976.8
2026-07-07T07:53:49Z,,,,,,,,,,,7975.9
2026-07-07T07:53:49Z,,,,,,,,,,,7976.0
2026-07-07T07:53:49Z,,,,,,,,,,,7977.7
2026-07-07T07:53:49Z,,,,,,,,,,,7976.8
2026-07-07T07:53:50Z,,,,,,,,,,,7974.1
2026-07-07T07:53:50Z,51.553295,-0.073133,15.1,1.2,1.8,13,1,3,0.82,190.8,7972.8
2026-07-07T07:53:50Z,,,,,,,,,,,7971.5
2026-07-07T07:53:50Z,,,,,,,,,,,7969.7
2026-07-07T07:53:50Z,,,,,,,,,,,7968.4
2026-07-07T07:53:50Z,,,,,,,,,,,7964.0
2026-07-07T07:53:50Z,,,,,,,,,,,7957.0
2026-07-07T07:53:50Z,,,,,,,,,,,7952.1
2026-07-07T07:53:50Z,,,,,,,,,,,7948.5
2026-07-07T07:53:50Z,,,,,,,,,,,7944.6
2026-07-07T07:53:51Z,,,,,,,,,,,7940.9
2026-07-07T07:53:51Z,51.553295,-0.073140,15.5,1.2,1.8,13,1,3,0.00,190.8,7936.0
2026-07-07T07:53:51Z,,,,,,,,,,,7929.8
2026-07-07T07:53:51Z,,,,,,,,,,,7924.0
2026-07-07T07:53:51Z,,,,,,,,,,,7919.8
2026-07-07T07:53:51Z,,,,,,,,,,,7916.1
2026-07-07T07:53:51Z,,,,,,,,,,,7913.6
2026-07-07T07:53:51Z,,,,,,,,,,,7911.0
2026-07-07T07:53:51Z,,,,,,,,,,,7906.8
2026-07-07T07:53:51Z,,,,,,,,,,,7903.8
2026-07-07T07:53:52Z,,,,,,,,,,,7904.4
2026-07-07T07:53:52Z,51.553295,-0.073146,16.0,1.2,1.8,13,1,3,0.00,190.8,7907.3
2026-07-07T07:53:52Z,,,,,,,,,,,7912.0
2026-07-07T07:53:52Z,,,,,,,,,,,7918.8
2026-07-07T07:53:52Z,,,,,,,,,,,7924.9
2026-07-07T07:53:52Z,,,,,,,,,,,7929.5
2026-07-07T07:53:52Z,,,,,,,,,,,7935.5
2026-07-07T07:53:52Z,,,,,,,,,,,7942.3
2026-07-07T07:53:52Z,,,,,,,,,,,7946.8
2026-07-07T07:53:52Z,,,,,,,,,,,7949.7
2026-07-07T07:53:53Z,,,,,,,,,,,7950.0
2026-07-07T07:53:53Z,51.553295,-0.073155,16.4,1.2,1.8,13,1,3,0.00,190.8,7947.1
2026-07-07T07:53:53Z,,,,,,,,,,,7943.5
2026-07-07T07:53:53Z,,,,,,,,,,,7940.5
2026-07-07T07:53:53Z,,,,,,,,,,,7937.2
2026-07-07T07:53:53Z,,,,,,,,,,,7934.2
2026-07-07T07:53:53Z,,,,,,,,,,,7930.3
2026-07-07T07:53:53Z,,,,,,,,,,,7923.3
2026-07-07T07:53:53Z,,,,,,,,,,,7915.9
2026-07-07T07:53:53Z,,,,,,,,,,,7910.8
2026-07-07T07:53:54Z,,,,,,,,,,,7906.0
2026-07-07T07:53:54Z,51.553291,-0.073160,16.8,1.2,1.8,13,1,3,0.00,190.8,7901.5
2026-07-07T07:53:54Z,,,,,,,,,,,7897.4
2026-07-07T07:53:54Z,,,,,,,,,,,7890.0
2026-07-07T07:53:54Z,,,,,,,,,,,7881.8
2026-07-07T07:53:54Z,,,,,,,,,,,7877.4
2026-07-07T07:53:54Z,,,,,,,,,,,7874.3
2026-07-07T07:53:54Z,,,,,,,,,,,7871.0
2026-07-07T07:53:54Z,,,,,,,,,,,7868.4
2026-07-07T07:53:54Z,,,,,,,,,,,7864.7
2026-07-07T07:53:55Z,,,,,,,,,,,7858.9
2026-07-07T07:53:55Z,51.553291,-0.073163,17.0,1.2,1.8,13,1,3,0.00,190.8,7854.6
2026-07-07T07:53:55Z,,,,,,,,,,,7852.2
2026-07-07T07:53:55Z,,,,,,,,,,,7848.9
2026-07-07T07:53:55Z,,,,,,,,,,,7845.7
2026-07-07T07:53:55Z,,,,,,,,,,,7842.4
2026-07-07T07:53:55Z,,,,,,,,,,,7837.2
2026-07-07T07:53:55Z,,,,,,,,,,,7832.4
2026-07-07T07:53:55Z,,,,,,,,,,,7829.1
2026-07-07T07:53:55Z,,,,,,,,,,,7826.1
2026-07-07T07:53:56Z,,,,,,,,,,,7824.3
2026-07-07T07:53:56Z,51.553288,-0.073167,17.4,1.2,1.8,13,1,3,0.00,190.8,7822.6
2026-07-07T07:53:56Z,,,,,,,,,,,7820.1
2026-07-07T07:53:56Z,,,,,,,,,,,7818.2
2026-07-07T07:53:56Z,,,,,,,,,,,7819.0
2026-07-07T07:53:56Z,,,,,,,,,,,7820.4
2026-07-07T07:53:56Z,,,,,,,,,,,7822.1
2026-07-07T07:53:56Z,,,,,,,,,,,7823.9
2026-07-07T07:53:56Z,,,,,,,,,,,7823.2
2026-07-07T07:53:56Z,,,,,,,,,,,7821.9
2026-07-07T07:53:57Z,,,,,,,,,,,7822.2
2026-07-07T07:53:57Z,51.553284,-0.073168,17.6,1.2,1.8,13,1,3,0.00,190.8,7822.6
2026-07-07T07:53:57Z,,,,,,,,,,,7821.8
2026-07-07T07:53:57Z,,,,,,,,,,,7820.3
2026-07-07T07:53:57Z,,,,,,,,,,,7819.0
2026-07-07T07:53:57Z,,,,,,,,,,,7817.4
2026-07-07T07:53:57Z,,,,,,,,,,,7816.8
2026-07-07T07:53:57Z,,,,,,,,,,,7817.1
2026-07-07T07:53:57Z,,,,,,,,,,,7817.3
2026-07-07T07:53:57Z,,,,,,,,,,,7816.0
2026-07-07T07:53:58Z,,,,,,,,,,,7812.6
2026-07-07T07:53:58Z,51.553280,-0.073168,17.8,1.2,1.8,13,1,3,0.00,190.8,7808.7
2026-07-07T07:53:58Z,,,,,,,,,,,7807.1
2026-07-07T07:53:58Z,,,,,,,,,,,7806.4
2026-07-07T07:53:58Z,,,,,,,,,,,7806.2
2026-07-07T07:53:58Z,,,,,,,,,,,7807.8
2026-07-07T07:53:58Z,,,,,,,,,,,7806.7
2026-07-07T07:53:58Z,,,,,,,,,,,7802.6
2026-07-07T07:53:58Z,,,,,,,,,,,7801.7
2026-07-07T07:53:58Z,,,,,,,,,,,7803.5
2026-07-07T07:53:59Z,,,,,,,,,,,7804.7
2026-07-07T07:53:59Z,51.553276,-0.073166,18.0,1.2,1.8,13,1,3,0.00,190.8,7807.6
2026-07-07T07:53:59Z,,,,,,,,,,,7810.0
2026-07-07T07:53:59Z,,,,,,,,,,,7810.9
2026-07-07T07:53:59Z,,,,,,,,,,,7816.4
2026-07-07T07:53:59Z,,,,,,,,,,,7825.2
2026-07-07T07:53:59Z,,,,,,,,,,,7835.8
2026-07-07T07:53:59Z,,,,,,,,,,,7847.4
2026-07-07T07:53:59Z,,,,,,,,,,,7857.8
2026-07-07T07:53:59Z,,,,,,,,,,,7866.4
2026-07-07T07:54:00Z,,,,,,,,,,,7873.9
2026-07-07T07:54:00Z,51.553284,-0.073160,17.8,1.2,1.8,13,1,3,0.00,190.8,7882.5
2026-07-07T07:54:00Z,,,,,,,,,,,7890.5
2026-07-07T07:54:00Z,,,,,,,,,,,7895.1
2026-07-07T07:54:00Z,,,,,,,,,,,7897.3
2026-07-07T07:54:00Z,,,,,,,,,,,7897.0
2026-07-07T07:54:00Z,,,,,,,,,,,7896.2
2026-07-07T07:54:00Z,,,,,,,,,,,7896.1
2026-07-07T07:54:00Z,,,,,,,,,,,7896.2
2026-07-07T07:54:00Z,,,,,,,,,,,7893.5
2026-07-07T07:54:01Z,,,,,,,,,,,7887.7
2026-07-07T07:54:01Z,51.553291,-0.073152,18.1,1.2,1.8,13,1,3,1.43,190.8,7883.1
2026-07-07T07:54:01Z,,,,,,,,,,,7877.2
2026-07-07T07:54:01Z,,,,,,,,,,,7870.3
2026-07-07T07:54:01Z,,,,,,,,,,,7865.8
2026-07-07T07:54:01Z,,,,,,,,,,,7859.9
2026-07-07T07:54:01Z,,,,,,,,,,,7851.8
2026-07-07T07:54:01Z,,,,,,,,,,,7846.1
2026-07-07T07:54:01Z,,,,,,,,,,,7841.8
2026-07-07T07:54:01Z,,,,,,,,,,,7836.2
2026-07-07T07:54:02Z,,,,,,,,,,,7831.6
2026-07-07T07:54:02Z,51.553295,-0.073145,18.1,1.2,1.8,13,1,3,1.31,190.8,7826.4
2026-07-07T07:54:02Z,,,,,,,,,,,7820.2
2026-07-07T07:54:02Z,,,,,,,,,,,7815.3
2026-07-07T07:54:02Z,,,,,,,,,,,7813.0
2026-07-07T07:54:02Z,,,,,,,,,,,7810.2
2026-07-07T07:54:02Z,,,,,,,,,,,7807.6
2026-07-07T07:54:02Z,,,,,,,,,,,7804.6
2026-07-07T07:54:02Z,,,,,,,,,,,7800.9
2026-07-07T07:54:02Z,,,,,,,,,,,7798.0
2026-07-07T07:54:03Z,,,,,,,,,,,7796.7
2026-07-07T07:54:03Z,51.553299,-0.073135,18.5,1.2,1.8,13,1,3,1.28,190.8,7795.5
2026-07-07T07:54:03Z,,,,,,,,,,,7791.7
2026-07-07T07:54:03Z,,,,,,,,,,,7788.5
2026-07-07T07:54:03Z,,,,,,,,,,,7787.4
2026-07-07T07:54:03Z,,,,,,,,,,,7786.4
2026-07-07T07:54:03Z,,,,,,,,,,,7787.6
2026-07-07T07:54:03Z,,,,,,,,,,,7793.0
2026-07-07T07:54:03Z,,,,,,,,,,,7803.2
2026-07-07T07:54:03Z,,,,,,,,,,,7816.7
2026-07-07T07:54:04Z,,,,,,,,,,,7828.4
2026-07-07T07:54:04Z,51.553299,-0.073135,18.7,1.2,1.8,13,1,3,1.22,190.8,7837.7
2026-07-07T07:54:04Z,,,,,,,,,,,7846.6
2026-07-07T07:54:04Z,,,,,,,,,,,7856.8
2026-07-07T07:54:04Z,,,,,,,,,,,7862.7
2026-07-07T07:54:04Z,,,,,,,,,,,7867.9
2026-07-07T07:54:04Z,,,,,,,,,,,7886.5
2026-07-07T07:54:04Z,,,,,,,,,,,7906.0
2026-07-07T07:54:04Z,,,,,,,,,,,7916.4
2026-07-07T07:54:04Z,,,,,,,,,,,7924.6
2026-07-07T07:54:05Z,,,,,,,,,,,7928.1
2026-07-07T07:54:05Z,51.553299,-0.073133,19.0,1.2,1.8,13,1,3,0.00,190.8,7930.7
2026-07-07T07:54:05Z,,,,,,,,,,,7932.9
2026-07-07T07:54:05Z,,,,,,,,,,,7930.8
2026-07-07T07:54:05Z,,,,,,,,,,,7925.3
2026-07-07T07:54:05Z,,,,,,,,,,,7920.2
2026-07-07T07:54:05Z,,,,,,,,,,,7916.2
2026-07-07T07:54:05Z,,,,,,,,,,,7912.4
2026-07-07T07:54:05Z,,,,,,,,,,,7908.7
2026-07-07T07:54:05Z,,,,,,,,,,,7904.6
2026-07-07T07:54:06Z,,,,,,,,,,,7896.9
2026-07-07T07:54:06Z,51.553299,-0.073133,19.1,1.2,1.8,13,1,3,0.00,190.8,7886.6
2026-07-07T07:54:06Z,,,,,,,,,,,7879.3
2026-07-07T07:54:06Z,,,,,,,,,,,7873.1
2026-07-07T07:54:06Z,,,,,,,,,,,7868.9
2026-07-07T07:54:06Z,,,,,,,,,,,7865.8
2026-07-07T07:54:06Z,,,,,,,,,,,7861.8
2026-07-07T07:54:06Z,,,,,,,,,,,7856.4
2026-07-07T07:54:06Z,,,,,,,,,,,7852.6
2026-07-07T07:54:06Z,,,,,,,,,,,7851.8
2026-07-07T07:54:07Z,,,,,,,,,,,7851.2
2026-07-07T07:54:07Z,51.553303,-0.073132,19.3,1.2,1.8,13,1,3,0.00,190.8,7852.2
2026-07-07T07:54:07Z,,,,,,,,,,,7855.0
2026-07-07T07:54:07Z,,,,,,,,,,,7856.1
2026-07-07T07:54:07Z,,,,,,,,,,,7855.6
2026-07-07T07:54:07Z,,,,,,,,,,,7856.9
2026-07-07T07:54:07Z,,,,,,,,,,,7860.5
2026-07-07T07:54:07Z,,,,,,,,,,,7864.4
2026-07-07T07:54:07Z,,,,,,,,,,,7870.6
2026-07-07T07:54:07Z,,,,,,,,,,,7878.6
2026-07-07T07:54:08Z,,,,,,,,,,,7884.8
2026-07-07T07:54:08Z,51.553303,-0.073131,19.6,1.2,1.8,13,1,3,0.00,190.8,7890.8
2026-07-07T07:54:08Z,,,,,,,,,,,7899.1
2026-07-07T07:54:08Z,,,,,,,,,,,7908.1
2026-07-07T07:54:08Z,,,,,,,,,,,7916.1
2026-07-07T07:54:08Z,,,,,,,,,,,7923.3
2026-07-07T07:54:08Z,,,,,,,,,,,7928.8
2026-07-07T07:54:08Z,,,,,,,,,,,7929.7
2026-07-07T07:54:08Z,,,,,,,,,,,7928.5
2026-07-07T07:54:08Z,,,,,,,,,,,7929.2
2026-07-07T07:54:09Z,,,,,,,,,,,7929.4
2026-07-07T07:54:09Z,51.553303,-0.073131,19.7,1.2,1.8,13,1,3,0.00,190.8,7929.3
2026-07-07T07:54:09Z,,,,,,,,,,,7928.6
2026-07-07T07:54:09Z,,,,,,,,,,,7924.8
2026-07-07T07:54:09Z,,,,,,,,,,,7918.2
2026-07-07T07:54:09Z,,,,,,,,,,,7912.4
2026-07-07T07:54:09Z,,,,,,,,,,,7908.2
2026-07-07T07:54:09Z,,,,,,,,,,,7903.3
2026-07-07T07:54:09Z,,,,,,,,,,,7897.7
2026-07-07T07:54:09Z,,,,,,,,,,,7891.3
2026-07-07T07:54:10Z,,,,,,,,,,,7880.8
2026-07-07T07:54:10Z,51.553303,-0.073131,19.9,1.2,1.8,13,1,3,0.00,190.8,7866.5
2026-07-07T07:54:10Z,,,,,,,,,,,7861.4
2026-07-07T07:54:10Z,,,,,,,,,,,7865.4
2026-07-07T07:54:10Z,,,,,,,,,,,7868.6
2026-07-07T07:54:10Z,,,,,,,,,,,7870.0
2026-07-07T07:54:10Z,,,,,,,,,,,7869.0
2026-07-07T07:54:10Z,,,,,,,,,,,7865.2
2026-07-07T07:54:10Z,,,,,,,,,,,7862.5
2026-07-07T07:54:10Z,,,,,,,,,,,7861.1
2026-07-07T07:54:11Z,,,,,,,,,,,7858.5
2026-07-07T07:54:11Z,51.553303,-0.073130,20.0,1.2,1.8,13,1,3,0.00,190.8,7856.8
2026-07-07T07:54:11Z,,,,,,,,,,,7853.9
2026-07-07T07:54:11Z,,,,,,,,,,,7848.1
2026-07-07T07:54:11Z,,,,,,,,,,,7842.9
2026-07-07T07:54:11Z,,,,,,,,,,,7839.2
2026-07-07T07:54:11Z,,,,,,,,,,,7835.5
2026-07-07T07:54:11Z,,,,,,,,,,,7831.8
2026-07-07T07:54:11Z,,,,,,,,,,,7828.6
2026-07-07T07:54:11Z,,,,,,,,,,,7824.9
2026-07-07T07:54:12Z,,,,,,,,,,,7821.3
2026-07-07T07:54:12Z,51.553303,-0.073130,20.1,1.2,1.8,13,1,3,0.00,190.8,7820.2
2026-07-07T07:54:12Z,,,,,,,,,,,7819.2
2026-07-07T07:54:12Z,,,,,,,,,,,7819.0
2026-07-07T07:54:12Z,,,,,,,,,,,7821.3
2026-07-07T07:54:12Z,,,,,,,,,,,7822.3
2026-07-07T07:54:12Z,,,,,,,,,,,7823.4
2026-07-07T07:54:12Z,,,,,,,,,,,7828.3
2026-07-07T07:54:12Z,,,,,,,,,,,7835.8
2026-07-07T07:54:12Z,,,,,,,,,,,7845.3
2026-07-07T07:54:13Z,,,,,,,,,,,7856.7
2026-07-07T07:54:13Z,51.553303,-0.073129,20.1,1.2,1.8,13,1,3,0.00,190.8,7867.7
2026-07-07T07:54:13Z,,,,,,,,,,,7877.3
2026-07-07T07:54:13Z,,,,,,,,,,,7887.8
2026-07-07T07:54:13Z,,,,,,,,,,,7896.8
2026-07-07T07:54:13Z,,,,,,,,,,,7903.7
2026-07-07T07:54:13Z,,,,,,,,,,,7910.0
2026-07-07T07:54:13Z,,,,,,,,,,,7913.8
2026-07-07T07:54:13Z,,,,,,,,,,,7913.8
2026-07-07T07:54:13Z,,,,,,,,,,,7912.8
2026-07-07T07:54:14Z,,,,,,,,,,,7911.4
2026-07-07T07:54:14Z,51.553303,-0.073129,20.2,1.2,2.5,12,1,3,0.00,190.8,7910.0
2026-07-07T07:54:14Z,,,,,,,,,,,7907.8
2026-07-07T07:54:14Z,,,,,,,,,,,7904.2
2026-07-07T07:54:14Z,,,,,,,,,,,7900.9
2026-07-07T07:54:14Z,,,,,,,,,,,7895.1
2026-07-07T07:54:14Z,,,,,,,,,,,7888.1
2026-07-07T07:54:14Z,,,,,,,,,,,7882.1
2026-07-07T07:54:14Z,,,,,,,,,,,7877.1
2026-07-07T07:54:14Z,,,,,,,,,,,7873.1
2026-07-07T07:54:15Z,,,,,,,,,,,7867.2
2026-07-07T07:54:15Z,51.553303,-0.073128,20.4,1.1,1.4,15,1,3,0.00,190.8,7860.5
2026-07-07T07:54:15Z,,,,,,,,,,,7856.4
2026-07-07T07:54:15Z,,,,,,,,,,,7854.2
2026-07-07T07:54:15Z,,,,,,,,,,,7854.2
2026-07-07T07:54:15Z,,,,,,,,,,,7855.0
2026-07-07T07:54:15Z,,,,,,,,,,,7854.8
2026-07-07T07:54:15Z,,,,,,,,,,,7854.8
2026-07-07T07:54:15Z,,,,,,,,,,,7857.7
2026-07-07T07:54:15Z,,,,,,,,,,,7861.7
2026-07-07T07:54:15Z,,,,,,,,,,,7866.0
2026-07-07T07:54:16Z,51.553303,-0.073124,20.2,1.1,1.4,15,1,3,0.00,190.8,7872.1
2026-07-07T07:54:16Z,,,,,,,,,,,7876.8
2026-07-07T07:54:16Z,,,,,,,,,,,7878.6
2026-07-07T07:54:16Z,,,,,,,,,,,7879.9
2026-07-07T07:54:16Z,,,,,,,,,,,7880.8
2026-07-07T07:54:16Z,,,,,,,,,,,7882.1
2026-07-07T07:54:16Z,,,,,,,,,,,7883.7
2026-07-07T07:54:16Z,,,,,,,,,,,7881.4
2026-07-07T07:54:16Z,,,,,,,,,,,7877.9
2026-07-07T07:54:16Z,,,,,,,,,,,7876.3
2026-07-07T07:54:17Z,51.553295,-0.073120,20.2,1.1,1.4,15,1,3,0.79,190.8,7874.9
2026-07-07T07:54:17Z,,,,,,,,,,,7873.9
2026-07-07T07:54:17Z,,,,,,,,,,,7872.8
2026-07-07T07:54:17Z,,,,,,,,,,,7871.4
2026-07-07T07:54:17Z,,,,,,,,,,,7868.3
2026-07-07T07:54:17Z,,,,,,,,,,,7865.5
2026-07-07T07:54:17Z,,,,,,,,,,,7863.5
2026-07-07T07:54:17Z,,,,,,,,,,,7862.0
2026-07-07T07:54:17Z,,,,,,,,,,,7861.0
2026-07-07T07:54:18Z,,,,,,,,,,,7858.6
2026-07-07T07:54:18Z,51.553295,-0.073119,20.4,1.1,1.4,15,1,3,1.60,190.8,7855.5
2026-07-07T07:54:18Z,,,,,,,,,,,7852.3
2026-07-07T07:54:18Z,,,,,,,,,,,7850.5
2026-07-07T07:54:18Z,,,,,,,,,,,7850.1
2026-07-07T07:54:18Z,,,,,,,,,,,7851.0
2026-07-07T07:54:18Z,,,,,,,,,,,7851.8
2026-07-07T07:54:18Z,,,,,,,,,,,7849.4
2026-07-07T07:54:18Z,,,,,,,,,,,7845.8
2026-07-07T07:54:18Z,,,,,,,,,,,7843.2
2026-07-07T07:54:18Z,,,,,,,,,,,7839.7
2026-07-07T07:54:19Z,51.553295,-0.073118,20.7,1.1,1.4,15,1,3,0.00,190.8,7836.0
2026-07-07T07:54:19Z,,,,,,,,,,,7834.0
2026-07-07T07:54:19Z,,,,,,,,,,,7830.7
2026-07-07T07:54:19Z,,,,,,,,,,,7824.6
2026-07-07T07:54:19Z,,,,,,,,,,,7819.4
2026-07-07T07:54:19Z,,,,,,,,,,,7815.8
2026-07-07T07:54:19Z,,,,,,,,,,,7812.9
2026-07-07T07:54:19Z,,,,,,,,,,,7811.3
2026-07-07T07:54:19Z,,,,,,,,,,,7811.2
2026-07-07T07:54:19Z,,,,,,,,,,,7809.7
2026-07-07T07:54:20Z,51.553295,-0.073117,20.8,1.1,1.4,15,1,3,0.00,190.8,7807.7
2026-07-07T07:54:20Z,,,,,,,,,,,7806.7
2026-07-07T07:54:20Z,,,,,,,,,,,7806.2
2026-07-07T07:54:20Z,,,,,,,,,,,7806.9
2026-07-07T07:54:20Z,,,,,,,,,,,7808.4
2026-07-07T07:54:20Z,,,,,,,,,,,7810.0
2026-07-07T07:54:20Z,,,,,,,,,,,7808.7
2026-07-07T07:54:20Z,,,,,,,,,,,7805.7
2026-07-07T07:54:20Z,,,,,,,,,,,7804.0
2026-07-07T07:54:21Z,,,,,,,,,,,7801.7
2026-07-07T07:54:21Z,51.553295,-0.073118,21.1,1.1,1.4,15,1,3,0.00,190.8,7799.3
2026-07-07T07:54:21Z,,,,,,,,,,,7797.1
2026-07-07T07:54:21Z,,,,,,,,,,,7793.5
2026-07-07T07:54:21Z,,,,,,,,,,,7788.6
2026-07-07T07:54:21Z,,,,,,,,,,,7783.2
2026-07-07T07:54:21Z,,,,,,,,,,,7779.1
2026-07-07T07:54:21Z,,,,,,,,,,,7775.7
2026-07-07T07:54:21Z,,,,,,,,,,,7773.5
2026-07-07T07:54:21Z,,,,,,,,,,,7771.2
2026-07-07T07:54:22Z,,,,,,,,,,,7769.1
2026-07-07T07:54:22Z,51.553295,-0.073118,21.4,1.1,1.4,15,1,3,0.00,190.8,7767.2
2026-07-07T07:54:22Z,,,,,,,,,,,7763.9
2026-07-07T07:54:22Z,,,,,,,,,,,7761.2
2026-07-07T07:54:22Z,,,,,,,,,,,7759.7
2026-07-07T07:54:22Z,,,,,,,,,,,7759.7
2026-07-07T07:54:22Z,,,,,,,,,,,7760.5
2026-07-07T07:54:22Z,,,,,,,,,,,7761.3
2026-07-07T07:54:22Z,,,,,,,,,,,7760.9
2026-07-07T07:54:22Z,,,,,,,,,,,7758.0
2026-07-07T07:54:23Z,,,,,,,,,,,7755.8
2026-07-07T07:54:23Z,51.553295,-0.073117,21.6,1.1,1.4,15,1,3,0.00,190.8,7755.1
2026-07-07T07:54:23Z,,,,,,,,,,,7754.7
2026-07-07T07:54:23Z,,,,,,,,,,,7754.6
2026-07-07T07:54:23Z,,,,,,,,,,,7754.9
2026-07-07T07:54:23Z,,,,,,,,,,,7753.0
2026-07-07T07:54:23Z,,,,,,,,,,,7749.1
2026-07-07T07:54:23Z,,,,,,,,,,,7747.0
2026-07-07T07:54:23Z,,,,,,,,,,,7746.6
2026-07-07T07:54:23Z,,,,,,,,,,,7746.9
2026-07-07T07:54:24Z,,,,,,,,,,,7748.1
2026-07-07T07:54:24Z,51.553295,-0.073117,21.8,1.1,1.4,15,1,3,0.00,190.8,7751.1
2026-07-07T07:54:24Z,,,,,,,,,,,7752.3
2026-07-07T07:54:24Z,,,,,,,,,,,7750.9
2026-07-07T07:54:24Z,,,,,,,,,,,7751.2
2026-07-07T07:54:24Z,,,,,,,,,,,7752.3
2026-07-07T07:54:24Z,,,,,,,,,,,7753.3
2026-07-07T07:54:24Z,,,,,,,,,,,7754.5
2026-07-07T07:54:24Z,,,,,,,,,,,7755.2
2026-07-07T07:54:24Z,,,,,,,,,,,7753.3
2026-07-07T07:54:25Z,,,,,,,,,,,7749.4
2026-07-07T07:54:25Z,51.553295,-0.073117,22.0,1.1,1.4,15,1,3,0.00,190.8,7746.7
2026-07-07T07:54:25Z,,,,,,,,,,,7744.7
2026-07-07T07:54:25Z,,,,,,,,,,,7742.6
2026-07-07T07:54:25Z,,,,,,,,,,,7741.7
2026-07-07T07:54:25Z,,,,,,,,,,,7739.9
2026-07-07T07:54:25Z,,,,,,,,,,,7735.1
2026-07-07T07:54:25Z,,,,,,,,,,,7729.3
2026-07-07T07:54:25Z,,,,,,,,,,,7725.6
2026-07-07T07:54:25Z,,,,,,,,,,,7722.6
2026-07-07T07:54:26Z,,,,,,,,,,,7719.7
2026-07-07T07:54:26Z,51.553295,-0.073117,22.1,1.1,1.4,15,1,3,0.00,190.8,7718.1
2026-07-07T07:54:26Z,,,,,,,,,,,7716.1
2026-07-07T07:54:26Z,,,,,,,,,,,7712.2
2026-07-07T07:54:26Z,,,,,,,,,,,7709.3
2026-07-07T07:54:26Z,,,,,,,,,,,7709.6
2026-07-07T07:54:26Z,,,,,,,,,,,7711.8
2026-07-07T07:54:26Z,,,,,,,,,,,7716.1
2026-07-07T07:54:26Z,,,,,,,,,,,7722.4
2026-07-07T07:54:26Z,,,,,,,,,,,7728.2
2026-07-07T07:54:27Z,,,,,,,,,,,7731.9
2026-07-07T07:54:27Z,51.553295,-0.073116,22.3,1.1,1.4,15,1,3,0.00,190.8,7736.1
2026-07-07T07:54:27Z,,,,,,,,,,,7741.4
2026-07-07T07:54:27Z,,,,,,,,,,,7746.5
2026-07-07T07:54:27Z,,,,,,,,,,,7751.2
2026-07-07T07:54:27Z,,,,,,,,,,,7755.6
2026-07-07T07:54:27Z,,,,,,,,,,,7757.5
2026-07-07T07:54:27Z,,,,,,,,,,,7756.1
2026-07-07T07:54:27Z,,,,,,,,,,,7754.8
2026-07-07T07:54:27Z,,,,,,,,,,,7753.7
2026-07-07T07:54:28Z,,,,,,,,,,,7752.1
2026-07-07T07:54:28Z,51.553291,-0.073116,22.5,1.1,1.4,15,1,3,0.00,190.8,7750.7
2026-07-07T07:54:28Z,,,,,,,,,,,7749.2
2026-07-07T07:54:28Z,,,,,,,,,,,7745.8
2026-07-07T07:54:28Z,,,,,,,,,,,7739.6
2026-07-07T07:54:28Z,,,,,,,,,,,7734.4
2026-07-07T07:54:28Z,,,,,,,,,,,7730.7
2026-07-07T07:54:28Z,,,,,,,,,,,7727.1
2026-07-07T07:54:28Z,,,,,,,,,,,7724.3
2026-07-07T07:54:28Z,,,,,,,,,,,7721.9
2026-07-07T07:54:29Z,,,,,,,,,,,7718.2
2026-07-07T07:54:29Z,51.553291,-0.073115,22.6,1.1,1.4,15,1,3,0.00,190.8,7713.1
2026-07-07T07:54:29Z,,,,,,,,,,,7708.7
2026-07-07T07:54:29Z,,,,,,,,,,,7705.8
2026-07-07T07:54:29Z,,,,,,,,,,,7704.0
2026-07-07T07:54:29Z,,,,,,,,,,,7703.2
2026-07-07T07:54:29Z,,,,,,,,,,,7703.5
2026-07-07T07:54:29Z,,,,,,,,,,,7702.9
2026-07-07T07:54:29Z,,,,,,,,,,,7701.9
2026-07-07T07:54:29Z,,,,,,,,,,,7704.2
2026-07-07T07:54:30Z,,,,,,,,,,,7708.6
2026-07-07T07:54:30Z,51.553291,-0.073114,22.7,1.1,1.4,15,1,3,0.00,190.8,7714.7
2026-07-07T07:54:30Z,,,,,,,,,,,7721.9
2026-07-07T07:54:30Z,,,,,,,,,,,7729.8
2026-07-07T07:54:30Z,,,,,,,,,,,7735.1
2026-07-07T07:54:30Z,,,,,,,,,,,7738.3
2026-07-07T07:54:30Z,,,,,,,,,,,7743.6
2026-07-07T07:54:30Z,,,,,,,,,,,7750.0
2026-07-07T07:54:30Z,,,,,,,,,,,7756.3
2026-07-07T07:54:30Z,,,,,,,,,,,7763.9
2026-07-07T07:54:31Z,,,,,,,,,,,7772.1
2026-07-07T07:54:31Z,51.553291,-0.073114,23.0,1.1,1.2,16,1,3,0.00,190.8,7779.6
2026-07-07T07:54:31Z,,,,,,,,,,,7785.2
2026-07-07T07:54:31Z,,,,,,,,,,,7793.0
2026-07-07T07:54:31Z,,,,,,,,,,,7803.0
2026-07-07T07:54:31Z,,,,,,,,,,,7809.6
2026-07-07T07:54:31Z,,,,,,,,,,,7816.5
2026-07-07T07:54:31Z,,,,,,,,,,,7824.7
2026-07-07T07:54:31Z,,,,,,,,,,,7829.4
2026-07-07T07:54:31Z,,,,,,,,,,,7833.6
2026-07-07T07:54:32Z,,,,,,,,,,,7837.5
2026-07-07T07:54:32Z,51.553291,-0.073112,23.5,1.1,1.2,16,1,3,0.00,190.8,7840.0
2026-07-07T07:54:32Z,,,,,,,,,,,7842.1
2026-07-07T07:54:32Z,,,,,,,,,,,7844.2
2026-07-07T07:54:32Z,,,,,,,,,,,7844.3
2026-07-07T07:54:32Z,,,,,,,,,,,7840.6
2026-07-07T07:54:32Z,,,,,,,,,,,7837.6
2026-07-07T07:54:32Z,,,,,,,,,,,7836.3
2026-07-07T07:54:32Z,,,,,,,,,,,7835.2
2026-07-07T07:54:32Z,,,,,,,,,,,7835.8
2026-07-07T07:54:33Z,,,,,,,,,,,7839.2
2026-07-07T07:54:33Z,51.553291,-0.073112,23.8,1.1,1.2,16,1,3,0.00,190.8,7843.7
2026-07-07T07:54:33Z,,,,,,,,,,,7849.1
2026-07-07T07:54:33Z,,,,,,,,,,,7859.7
2026-07-07T07:54:33Z,,,,,,,,,,,7874.5
2026-07-07T07:54:33Z,,,,,,,,,,,7890.5
2026-07-07T07:54:33Z,,,,,,,,,,,7907.0
2026-07-07T07:54:33Z,,,,,,,,,,,7921.9
2026-07-07T07:54:33Z,,,,,,,,,,,7931.9
2026-07-07T07:54:33Z,,,,,,,,,,,7938.7
2026-07-07T07:54:34Z,,,,,,,,,,,7944.4
2026-07-07T07:54:34Z,51.553291,-0.073112,24.0,1.1,1.2,16,1,3,0.00,190.8,7949.2
2026-07-07T07:54:34Z,,,,,,,,,,,7952.3
2026-07-07T07:54:34Z,,,,,,,,,,,7954.4
2026-07-07T07:54:34Z,,,,,,,,,,,7953.6
2026-07-07T07:54:34Z,,,,,,,,,,,7949.2
2026-07-07T07:54:34Z,,,,,,,,,,,7945.1
2026-07-07T07:54:34Z,,,,,,,,,,,7942.3
2026-07-07T07:54:34Z,,,,,,,,,,,7938.9
2026-07-07T07:54:34Z,,,,,,,,,,,7935.3
2026-07-07T07:54:35Z,,,,,,,,,,,7931.3
2026-07-07T07:54:35Z,51.553291,-0.073111,24.2,1.1,1.2,16,1,3,0.00,190.8,7924.8
2026-07-07T07:54:35Z,,,,,,,,,,,7916.0
2026-07-07T07:54:35Z,,,,,,,,,,,7907.6
2026-07-07T07:54:35Z,,,,,,,,,,,7900.7
2026-07-07T07:54:35Z,,,,,,,,,,,7893.7
2026-07-07T07:54:35Z,,,,,,,,,,,7887.0
2026-07-07T07:54:35Z,,,,,,,,,,,7880.4
2026-07-07T07:54:35Z,,,,,,,,,,,7872.5
2026-07-07T07:54:35Z,,,,,,,,,,,7863.6
2026-07-07T07:54:36Z,,,,,,,,,,,7856.2
2026-07-07T07:54:36Z,51.553291,-0.073111,24.4,1.1,1.2,16,1,3,0.00,190.8,7849.3
2026-07-07T07:54:36Z,,,,,,,,,,,7843.6
2026-07-07T07:54:36Z,,,,,,,,,,,7838.8
2026-07-07T07:54:36Z,,,,,,,,,,,7833.8
2026-07-07T07:54:36Z,,,,,,,,,,,7827.5
2026-07-07T07:54:36Z,,,,,,,,,,,7821.6
2026-07-07T07:54:36Z,,,,,,,,,,,7817.9
2026-07-07T07:54:36Z,,,,,,,,,,,7816.3
2026-07-07T07:54:36Z,,,,,,,,,,,7816.4
2026-07-07T07:54:37Z,,,,,,,,,,,7818.0
2026-07-07T07:54:37Z,51.553291,-0.073110,24.6,1.1,1.2,16,1,3,0.00,190.8,7821.6
2026-07-07T07:54:37Z,,,,,,,,,,,7826.1
2026-07-07T07:54:37Z,,,,,,,,,,,7832.3
2026-07-07T07:54:37Z,,,,,,,,,,,7842.8
2026-07-07T07:54:37Z,,,,,,,,,,,7857.5
2026-07-07T07:54:37Z,,,,,,,,,,,7873.9
2026-07-07T07:54:37Z,,,,,,,,,,,7890.1
2026-07-07T07:54:37Z,,,,,,,,,,,7904.5
2026-07-07T07:54:37Z,,,,,,,,,,,7915.1
2026-07-07T07:54:38Z,,,,,,,,,,,7923.7
2026-07-07T07:54:38Z,51.553291,-0.073110,24.8,1.1,1.2,16,1,3,0.00,190.8,7932.3
2026-07-07T07:54:38Z,,,,,,,,,,,7939.1
2026-07-07T07:54:38Z,,,,,,,,,,,7943.9
2026-07-07T07:54:38Z,,,,,,,,,,,7948.1
2026-07-07T07:54:38Z,,,,,,,,,,,7949.3
2026-07-07T07:54:38Z,,,,,,,,,,,7946.2
2026-07-07T07:54:38Z,,,,,,,,,,,7942.6
2026-07-07T07:54:38Z,,,,,,,,,,,7940.0
2026-07-07T07:54:38Z,,,,,,,,,,,7936.8
2026-07-07T07:54:39Z,,,,,,,,,,,7933.6
2026-07-07T07:54:39Z,51.553291,-0.073109,25.0,1.1,1.2,16,1,3,0.00,190.8,7931.3
2026-07-07T07:54:39Z,,,,,,,,,,,7928.2
2026-07-07T07:54:39Z,,,,,,,,,,,7921.9
2026-07-07T07:54:39Z,,,,,,,,,,,7916.7
2026-07-07T07:54:39Z,,,,,,,,,,,7914.4
2026-07-07T07:54:39Z,,,,,,,,,,,7913.5
2026-07-07T07:54:39Z,,,,,,,,,,,7914.5
2026-07-07T07:54:39Z,,,,,,,,,,,7917.7
2026-07-07T07:54:39Z,,,,,,,,,,,7919.8
2026-07-07T07:54:40Z,,,,,,,,,,,7918.7
2026-07-07T07:54:40Z,51.553291,-0.073108,25.1,1.1,1.2,16,1,3,0.00,190.8,7917.6
2026-07-07T07:54:40Z,,,,,,,,,,,7918.0
2026-07-07T07:54:40Z,,,,,,,,,,,7917.9
2026-07-07T07:54:40Z,,,,,,,,,,,7918.0
2026-07-07T07:54:40Z,,,,,,,,,,,7918.5
2026-07-07T07:54:40Z,,,,,,,,,,,7915.8
2026-07-07T07:54:40Z,,,,,,,,,,,7909.8
2026-07-07T07:54:40Z,,,,,,,,,,,7905.6
2026-07-07T07:54:40Z,,,,,,,,,,,7903.5
2026-07-07T07:54:41Z,,,,,,,,,,,7900.5
2026-07-07T07:54:41Z,51.553295,-0.073100,25.2,1.1,1.2,17,1,3,0.00,190.8,7898.5
2026-07-07T07:54:41Z,,,,,,,,,,,7898.4
2026-07-07T07:54:41Z,,,,,,,,,,,7897.4
2026-07-07T07:54:41Z,,,,,,,,,,,7898.1
2026-07-07T07:54:41Z,,,,,,,,,,,7904.6
2026-07-07T07:54:41Z,,,,,,,,,,,7915.3
2026-07-07T07:54:41Z,,,,,,,,,,,7928.0
2026-07-07T07:54:41Z,,,,,,,,,,,7942.9
2026-07-07T07:54:41Z,,,,,,,,,,,7956.5
2026-07-07T07:54:42Z,,,,,,,,,,,7967.2
2026-07-07T07:54:42Z,51.553299,-0.073090,25.3,1.1,1.2,17,1,3,1.44,190.8,7980.1
2026-07-07T07:54:42Z,,,,,,,,,,,7992.8
2026-07-07T07:54:42Z,,,,,,,,,,,8004.4
2026-07-07T07:54:42Z,,,,,,,,,,,8017.7
2026-07-07T07:54:42Z,,,,,,,,,,,8029.2
2026-07-07T07:54:42Z,,,,,,,,,,,8034.9
2026-07-07T07:54:42Z,,,,,,,,,,,8040.6
2026-07-07T07:54:42Z,,,,,,,,,,,8048.6
2026-07-07T07:54:42Z,,,,,,,,,,,8055.4
2026-07-07T07:54:43Z,,,,,,,,,,,8061.6
2026-07-07T07:54:43Z,51.553299,-0.073090,25.4,1.1,1.2,17,1,3,1.93,190.8,8069.5
2026-07-07T07:54:43Z,,,,,,,,,,,8073.7
2026-07-07T07:54:43Z,,,,,,,,,,,8076.3
2026-07-07T07:54:43Z,,,,,,,,,,,8083.4
2026-07-07T07:54:43Z,,,,,,,,,,,8091.9
2026-07-07T07:54:43Z,,,,,,,,,,,8100.3
2026-07-07T07:54:43Z,,,,,,,,,,,8107.4
2026-07-07T07:54:43Z,,,,,,,,,,,8109.2
2026-07-07T07:54:43Z,,,,,,,,,,,8107.8
2026-07-07T07:54:44Z,,,,,,,,,,,8107.4
2026-07-07T07:54:44Z,51.553299,-0.073087,25.5,1.1,1.2,17,1,3,0.00,190.8,8107.8
2026-07-07T07:54:44Z,,,,,,,,,,,8107.8
2026-07-07T07:54:44Z,,,,,,,,,,,8110.1
2026-07-07T07:54:44Z,,,,,,,,,,,8109.7
2026-07-07T07:54:44Z,,,,,,,,,,,8102.8
2026-07-07T07:54:44Z,,,,,,,,,,,8096.2
2026-07-07T07:54:44Z,,,,,,,,,,,8091.7
2026-07-07T07:54:44Z,,,,,,,,,,,8088.3
2026-07-07T07:54:44Z,,,,,,,,,,,8087.7
2026-07-07T07:54:45Z,,,,,,,,,,,8087.3
2026-07-07T07:54:45Z,51.553299,-0.073087,25.6,1.1,1.2,17,1,3,0.00,190.8,8085.8
2026-07-07T07:54:45Z,,,,,,,,,,,8084.1
2026-07-07T07:54:45Z,,,,,,,,,,,8085.3
2026-07-07T07:54:45Z,,,,,,,,,,,8090.5
2026-07-07T07:54:45Z,,,,,,,,,,,8098.9
2026-07-07T07:54:45Z,,,,,,,,,,,8106.2
2026-07-07T07:54:45Z,,,,,,,,,,,8111.0
2026-07-07T07:54:45Z,,,,,,,,,,,8115.1
2026-07-07T07:54:45Z,,,,,,,,,,,8116.9
2026-07-07T07:54:46Z,,,,,,,,,,,8118.1
2026-07-07T07:54:46Z,51.553299,-0.073087,25.6,1.1,1.2,17,1,3,0.00,190.8,8120.1
2026-07-07T07:54:46Z,,,,,,,,,,,8120.9
2026-07-07T07:54:46Z,,,,,,,,,,,8118.8
2026-07-07T07:54:46Z,,,,,,,,,,,8115.5
2026-07-07T07:54:46Z,,,,,,,,,,,8110.9
2026-07-07T07:54:46Z,,,,,,,,,,,8104.9
2026-07-07T07:54:46Z,,,,,,,,,,,8103.0
2026-07-07T07:54:46Z,,,,,,,,,,,8101.7
2026-07-07T07:54:46Z,,,,,,,,,,,8098.0
2026-07-07T07:54:47Z,,,,,,,,,,,8097.9
2026-07-07T07:54:47Z,51.553307,-0.073080,25.2,1.1,1.2,17,1,3,0.00,190.8,8101.6
2026-07-07T07:54:47Z,,,,,,,,,,,8107.5
2026-07-07T07:54:47Z,,,,,,,,,,,8117.2
2026-07-07T07:54:47Z,,,,,,,,,,,8130.7
2026-07-07T07:54:47Z,,,,,,,,,,,8144.5
2026-07-07T07:54:47Z,,,,,,,,,,,8161.2
2026-07-07T07:54:47Z,,,,,,,,,,,8179.2
2026-07-07T07:54:47Z,,,,,,,,,,,8194.2
2026-07-07T07:54:47Z,,,,,,,,,,,8207.0
2026-07-07T07:54:48Z,,,,,,,,,,,8214.1
2026-07-07T07:54:48Z,51.553314,-0.073070,25.1,1.1,1.2,17,1,3,1.72,190.8,8218.4
2026-07-07T07:54:48Z,,,,,,,,,,,8223.4
2026-07-07T07:54:48Z,,,,,,,,,,,8226.8
2026-07-07T07:54:48Z,,,,,,,,,,,8229.7
2026-07-07T07:54:48Z,,,,,,,,,,,8230.9
2026-07-07T07:54:48Z,,,,,,,,,,,8227.3
2026-07-07T07:54:48Z,,,,,,,,,,,8220.0
2026-07-07T07:54:48Z,,,,,,,,,,,8214.9
2026-07-07T07:54:48Z,,,,,,,,,,,8209.4
2026-07-07T07:54:49Z,,,,,,,,,,,8203.5
2026-07-07T07:54:49Z,51.553322,-0.073060,25.2,1.1,1.2,17,1,3,1.64,190.8,8198.0
2026-07-07T07:54:49Z,,,,,,,,,,,8193.0
2026-07-07T07:54:49Z,,,,,,,,,,,8185.2
2026-07-07T07:54:49Z,,,,,,,,,,,8176.7
2026-07-07T07:54:49Z,,,,,,,,,,,8170.6
2026-07-07T07:54:49Z,,,,,,,,,,,8169.1
2026-07-07T07:54:49Z,,,,,,,,,,,8171.1
2026-07-07T07:54:49Z,,,,,,,,,,,8175.8
2026-07-07T07:54:49Z,,,,,,,,,,,8185.2
2026-07-07T07:54:50Z,,,,,,,,,,,8197.6
2026-07-07T07:54:50Z,51.553329,-0.073050,25.1,1.1,1.2,17,1,3,1.35,190.8,8211.1
2026-07-07T07:54:50Z,,,,,,,,,,,8226.4
2026-07-07T07:54:50Z,,,,,,,,,,,8241.0
2026-07-07T07:54:50Z,,,,,,,,,,,8252.8
2026-07-07T07:54:50Z,,,,,,,,,,,8264.6
2026-07-07T07:54:50Z,,,,,,,,,,,8274.8
2026-07-07T07:54:50Z,,,,,,,,,,,8280.3
2026-07-07T07:54:50Z,,,,,,,,,,,8281.8
2026-07-07T07:54:50Z,,,,,,,,,,,8280.4
2026-07-07T07:54:51Z,,,,,,,,,,,8276.7
2026-07-07T07:54:51Z,51.553337,-0.073037,25.0,1.1,1.2,17,1,3,1.68,190.8,8273.5
2026-07-07T07:54:51Z,,,,,,,,,,,8269.8
2026-07-07T07:54:51Z,,,,,,,,,,,8264.9
2026-07-07T07:54:51Z,,,,,,,,,,,8258.0
2026-07-07T07:54:51Z,,,,,,,,,,,8247.4
2026-07-07T07:54:51Z,,,,,,,,,,,8236.7
2026-07-07T07:54:51Z,,,,,,,,,,,8228.1
2026-07-07T07:54:51Z,,,,,,,,,,,8219.9
2026-07-07T07:54:51Z,,,,,,,,,,,8213.4
2026-07-07T07:54:52Z,,,,,,,,,,,8208.5
2026-07-07T07:54:52Z,51.553345,-0.073021,25.0,1.1,1.2,17,1,3,2.11,49.4,8204.6
2026-07-07T07:54:52Z,,,,,,,,,,,8202.0
2026-07-07T07:54:52Z,,,,,,,,,,,8198.8
2026-07-07T07:54:52Z,,,,,,,,,,,8195.8
2026-07-07T07:54:52Z,,,,,,,,,,,8194.3
2026-07-07T07:54:52Z,,,,,,,,,,,8193.0
2026-07-07T07:54:52Z,,,,,,,,,,,8191.2
2026-07-07T07:54:52Z,,,,,,,,,,,8190.6
2026-07-07T07:54:52Z,,,,,,,,,,,8188.6
2026-07-07T07:54:53Z,,,,,,,,,,,8184.8
2026-07-07T07:54:53Z,51.553349,-0.073007,24.9,1.1,1.2,17,1,3,1.84,49.4,8181.6
2026-07-07T07:54:53Z,,,,,,,,,,,8179.5
2026-07-07T07:54:53Z,,,,,,,,,,,8175.6
2026-07-07T07:54:53Z,,,,,,,,,,,8173.4
2026-07-07T07:54:53Z,,,,,,,,,,,8173.1
2026-07-07T07:54:53Z,,,,,,,,,,,8174.0
2026-07-07T07:54:53Z,,,,,,,,,,,8172.1
2026-07-07T07:54:53Z,,,,,,,,,,,8166.2
2026-07-07T07:54:53Z,,,,,,,,,,,8162.8
2026-07-07T07:54:54Z,,,,,,,,,,,8161.1
2026-07-07T07:54:54Z,51.553352,-0.072989,25.0,1.2,1.3,16,1,3,2.11,65.7,8161.6
2026-07-07T07:54:54Z,,,,,,,,,,,8164.8
2026-07-07T07:54:54Z,,,,,,,,,,,8169.0
2026-07-07T07:54:54Z,,,,,,,,,,,8171.6
2026-07-07T07:54:54Z,,,,,,,,,,,8175.1
2026-07-07T07:54:54Z,,,,,,,,,,,8179.8
2026-07-07T07:54:54Z,,,,,,,,,,,8186.7
2026-07-07T07:54:54Z,,,,,,,,,,,8193.4
2026-07-07T07:54:54Z,,,,,,,,,,,8199.0
2026-07-07T07:54:55Z,,,,,,,,,,,8207.3
2026-07-07T07:54:55Z,51.553364,-0.072973,24.2,1.2,1.3,16,1,3,2.21,72.8,8213.2
2026-07-07T07:54:55Z,,,,,,,,,,,8216.4
2026-07-07T07:54:55Z,,,,,,,,,,,8220.6
2026-07-07T07:54:55Z,,,,,,,,,,,8224.5
2026-07-07T07:54:55Z,,,,,,,,,,,8227.3
2026-07-07T07:54:55Z,,,,,,,,,,,8231.8
2026-07-07T07:54:55Z,,,,,,,,,,,8235.3
2026-07-07T07:54:55Z,,,,,,,,,,,8236.5
2026-07-07T07:54:55Z,,,,,,,,,,,8234.3
2026-07-07T07:54:56Z,,,,,,,,,,,8231.5
2026-07-07T07:54:56Z,51.553368,-0.072954,24.0,1.2,1.3,16,1,3,2.78,57.9,8232.1
2026-07-07T07:54:56Z,,,,,,,,,,,8232.6
2026-07-07T07:54:56Z,,,,,,,,,,,8234.4
2026-07-07T07:54:56Z,,,,,,,,,,,8236.9
2026-07-07T07:54:56Z,,,,,,,,,,,8235.6
2026-07-07T07:54:56Z,,,,,,,,,,,8233.8
2026-07-07T07:54:56Z,,,,,,,,,,,8235.7
2026-07-07T07:54:56Z,,,,,,,,,,,8239.7
2026-07-07T07:54:56Z,,,,,,,,,,,8246.2
2026-07-07T07:54:57Z,,,,,,,,,,,8254.6
2026-07-07T07:54:57Z,51.553371,-0.072935,23.9,1.2,1.3,16,1,3,2.12,69.1,8261.9
2026-07-07T07:54:57Z,,,,,,,,,,,8269.6
2026-07-07T07:54:57Z,,,,,,,,,,,8278.8
2026-07-07T07:54:57Z,,,,,,,,,,,8292.3
2026-07-07T07:54:57Z,,,,,,,,,,,8307.8
2026-07-07T07:54:57Z,,,,,,,,,,,8321.9
2026-07-07T07:54:57Z,,,,,,,,,,,8335.5
2026-07-07T07:54:57Z,,,,,,,,,,,8348.3
2026-07-07T07:54:57Z,,,,,,,,,,,8358.4
2026-07-07T07:54:58Z,,,,,,,,,,,8367.6
2026-07-07T07:54:58Z,51.553375,-0.072922,23.7,1.2,1.3,16,1,3,2.19,73.3,8376.9
2026-07-07T07:54:58Z,,,,,,,,,,,8385.2
2026-07-07T07:54:58Z,,,,,,,,,,,8393.8
2026-07-07T07:54:58Z,,,,,,,,,,,8398.4
2026-07-07T07:54:58Z,,,,,,,,,,,8399.2
2026-07-07T07:54:58Z,,,,,,,,,,,8400.7
2026-07-07T07:54:58Z,,,,,,,,,,,8401.6
2026-07-07T07:54:58Z,,,,,,,,,,,8401.0
2026-07-07T07:54:58Z,,,,,,,,,,,8403.7
2026-07-07T07:54:59Z,,,,,,,,,,,8408.4
2026-07-07T07:54:59Z,51.553375,-0.072907,23.6,1.2,1.3,16,1,3,1.83,73.3,8414.2
2026-07-07T07:54:59Z,,,,,,,,,,,8418.9
2026-07-07T07:54:59Z,,,,,,,,,,,8422.3
2026-07-07T07:54:59Z,,,,,,,,,,,8429.9
2026-07-07T07:54:59Z,,,,,,,,,,,8438.3
2026-07-07T07:54:59Z,,,,,,,,,,,8447.5
2026-07-07T07:54:59Z,,,,,,,,,,,8457.1
2026-07-07T07:54:59Z,,,,,,,,,,,8463.1
2026-07-07T07:54:59Z,,,,,,,,,,,8465.9
2026-07-07T07:55:00Z,,,,,,,,,,,8468.0
2026-07-07T07:55:00Z,51.553375,-0.072889,23.6,1.2,1.3,16,1,3,2.25,76.3,8470.6
2026-07-07T07:55:00Z,,,,,,,,,,,8472.2
2026-07-07T07:55:00Z,,,,,,,,,,,8471.8
2026-07-07T07:55:00Z,,,,,,,,,,,8468.3
2026-07-07T07:55:00Z,,,,,,,,,,,8464.1
2026-07-07T07:55:00Z,,,,,,,,,,,8459.4
2026-07-07T07:55:00Z,,,,,,,,,,,8457.2
2026-07-07T07:55:00Z,,,,,,,,,,,8455.9
2026-07-07T07:55:00Z,,,,,,,,,,,8452.4
2026-07-07T07:55:01Z,,,,,,,,,,,8450.3
2026-07-07T07:55:01Z,51.553379,-0.072872,23.3,1.2,1.3,16,1,3,2.43,82.4,8451.7
2026-07-07T07:55:01Z,,,,,,,,,,,8451.6
2026-07-07T07:55:01Z,,,,,,,,,,,8451.2
2026-07-07T07:55:01Z,,,,,,,,,,,8451.2
2026-07-07T07:55:01Z,,,,,,,,,,,8448.2
2026-07-07T07:55:01Z,,,,,,,,,,,8448.5
2026-07-07T07:55:01Z,,,,,,,,,,,8450.3
2026-07-07T07:55:01Z,,,,,,,,,,,8451.1
2026-07-07T07:55:01Z,,,,,,,,,,,8451.2
2026-07-07T07:55:02Z,,,,,,,,,,,8448.2
2026-07-07T07:55:02Z,51.553379,-0.072856,23.2,1.2,1.3,16,1,3,2.04,86.4,8441.6
2026-07-07T07:55:02Z,,,,,,,,,,,8435.4
2026-07-07T07:55:02Z,,,,,,,,,,,8430.4
2026-07-07T07:55:02Z,,,,,,,,,,,8427.2
2026-07-07T07:55:02Z,,,,,,,,,,,8421.6
2026-07-07T07:55:02Z,,,,,,,,,,,8409.8
2026-07-07T07:55:02Z,,,,,,,,,,,8398.5
2026-07-07T07:55:02Z,,,,,,,,,,,8389.2
2026-07-07T07:55:02Z,,,,,,,,,,,8380.8
2026-07-07T07:55:03Z,,,,,,,,,,,8373.0
2026-07-07T07:55:03Z,51.553383,-0.072839,23.2,1.2,1.3,16,1,3,1.89,86.4,8364.9
2026-07-07T07:55:03Z,,,,,,,,,,,8355.0
2026-07-07T07:55:03Z,,,,,,,,,,,8344.0
2026-07-07T07:55:03Z,,,,,,,,,,,8333.8
2026-07-07T07:55:03Z,,,,,,,,,,,8326.8
2026-07-07T07:55:03Z,,,,,,,,,,,8320.1
2026-07-07T07:55:03Z,,,,,,,,,,,8312.2
2026-07-07T07:55:03Z,,,,,,,,,,,8308.4
2026-07-07T07:55:03Z,,,,,,,,,,,8307.3
2026-07-07T07:55:04Z,,,,,,,,,,,8308.7
2026-07-07T07:55:04Z,51.553383,-0.072824,23.1,1.2,1.3,16,1,3,1.98,76.0,8311.7
2026-07-07T07:55:04Z,,,,,,,,,,,8314.6
2026-07-07T07:55:04Z,,,,,,,,,,,8318.1
2026-07-07T07:55:04Z,,,,,,,,,,,8325.9
2026-07-07T07:55:04Z,,,,,,,,,,,8334.6
2026-07-07T07:55:04Z,,,,,,,,,,,8344.4
2026-07-07T07:55:04Z,,,,,,,,,,,8353.5
2026-07-07T07:55:04Z,,,,,,,,,,,8358.8
2026-07-07T07:55:04Z,,,,,,,,,,,8365.3
2026-07-07T07:55:05Z,,,,,,,,,,,8371.8
2026-07-07T07:55:05Z,51.553387,-0.072807,22.8,1.2,1.3,16,1,3,2.06,64.6,8379.0
2026-07-07T07:55:05Z,,,,,,,,,,,8385.0
2026-07-07T07:55:05Z,,,,,,,,,,,8387.9
2026-07-07T07:55:05Z,,,,,,,,,,,8386.2
2026-07-07T07:55:05Z,,,,,,,,,,,8382.1
2026-07-07T07:55:05Z,,,,,,,,,,,8377.9
2026-07-07T07:55:05Z,,,,,,,,,,,8373.6
2026-07-07T07:55:05Z,,,,,,,,,,,8368.2
2026-07-07T07:55:05Z,,,,,,,,,,,8362.6
2026-07-07T07:55:06Z,,,,,,,,,,,8359.5
2026-07-07T07:55:06Z,51.553387,-0.072793,22.5,1.2,1.3,16,1,3,2.02,75.4,8355.5
2026-07-07T07:55:06Z,,,,,,,,,,,8352.0
2026-07-07T07:55:06Z,,,,,,,,,,,8351.7
2026-07-07T07:55:06Z,,,,,,,,,,,8352.4
2026-07-07T07:55:06Z,,,,,,,,,,,8355.5
2026-07-07T07:55:06Z,,,,,,,,,,,8362.5
2026-07-07T07:55:06Z,,,,,,,,,,,8371.2
2026-07-07T07:55:06Z,,,,,,,,,,,8379.1
2026-07-07T07:55:06Z,,,,,,,,,,,8385.1
2026-07-07T07:55:07Z,,,,,,,,,,,8390.8
2026-07-07T07:55:07Z,51.553391,-0.072776,22.1,1.2,1.3,16,1,3,1.61,75.4,8399.1
2026-07-07T07:55:07Z,,,,,,,,,,,8407.1
2026-07-07T07:55:07Z,,,,,,,,,,,8416.2
2026-07-07T07:55:07Z,,,,,,,,,,,8426.2
2026-07-07T07:55:07Z,,,,,,,,,,,8432.1
2026-07-07T07:55:07Z,,,,,,,,,,,8436.3
2026-07-07T07:55:07Z,,,,,,,,,,,8438.0
2026-07-07T07:55:07Z,,,,,,,,,,,8439.5
2026-07-07T07:55:07Z,,,,,,,,,,,8440.3
2026-07-07T07:55:08Z,,,,,,,,,,,8437.8
2026-07-07T07:55:08Z,51.553391,-0.072760,21.7,1.2,1.3,16,1,3,2.57,58.5,8436.6
2026-07-07T07:55:08Z,,,,,,,,,,,8433.7
2026-07-07T07:55:08Z,,,,,,,,,,,8425.8
2026-07-07T07:55:08Z,,,,,,,,,,,8418.4
2026-07-07T07:55:08Z,,,,,,,,,,,8411.6
2026-07-07T07:55:08Z,,,,,,,,,,,8402.2
2026-07-07T07:55:08Z,,,,,,,,,,,8393.7
2026-07-07T07:55:08Z,,,,,,,,,,,8387.2
2026-07-07T07:55:08Z,,,,,,,,,,,8383.0
2026-07-07T07:55:09Z,,,,,,,,,,,8377.5
2026-07-07T07:55:09Z,51.553394,-0.072741,21.8,1.2,1.3,16,1,3,1.74,58.5,8369.5
2026-07-07T07:55:09Z,,,,,,,,,,,8365.6
2026-07-07T07:55:09Z,,,,,,,,,,,8364.5
2026-07-07T07:55:09Z,,,,,,,,,,,8365.8
2026-07-07T07:55:09Z,,,,,,,,,,,8368.8
2026-07-07T07:55:09Z,,,,,,,,,,,8370.3
2026-07-07T07:55:09Z,,,,,,,,,,,8371.6
2026-07-07T07:55:09Z,,,,,,,,,,,8377.0
2026-07-07T07:55:09Z,,,,,,,,,,,8386.2
2026-07-07T07:55:10Z,,,,,,,,,,,8396.8
2026-07-07T07:55:10Z,51.553398,-0.072723,21.7,1.2,1.3,16,1,3,2.19,71.6,8407.6
2026-07-07T07:55:10Z,,,,,,,,,,,8418.2
2026-07-07T07:55:10Z,,,,,,,,,,,8427.9
2026-07-07T07:55:10Z,,,,,,,,,,,8435.3
2026-07-07T07:55:10Z,,,,,,,,,,,8444.7
2026-07-07T07:55:10Z,,,,,,,,,,,8454.6
2026-07-07T07:55:10Z,,,,,,,,,,,8462.7
2026-07-07T07:55:10Z,,,,,,,,,,,8470.6
2026-07-07T07:55:10Z,,,,,,,,,,,8476.7
2026-07-07T07:55:11Z,,,,,,,,,,,8480.4
2026-07-07T07:55:11Z,51.553398,-0.072702,21.5,1.2,1.3,16,1,3,2.48,74.3,8484.8
2026-07-07T07:55:11Z,,,,,,,,,,,8488.3
2026-07-07T07:55:11Z,,,,,,,,,,,8490.1
2026-07-07T07:55:11Z,,,,,,,,,,,8493.3
2026-07-07T07:55:11Z,,,,,,,,,,,8494.8
2026-07-07T07:55:11Z,,,,,,,,,,,8493.3
2026-07-07T07:55:11Z,,,,,,,,,,,8488.9
2026-07-07T07:55:11Z,,,,,,,,,,,8483.0
2026-07-07T07:55:11Z,,,,,,,,,,,8475.9
2026-07-07T07:55:12Z,,,,,,,,,,,8468.9
2026-07-07T07:55:12Z,51.553406,-0.072686,21.2,1.2,1.3,16,1,3,2.72,77.2,8463.6
2026-07-07T07:55:12Z,,,,,,,,,,,8457.1
2026-07-07T07:55:12Z,,,,,,,,,,,8444.8
2026-07-07T07:55:12Z,,,,,,,,,,,8432.6
2026-07-07T07:55:12Z,,,,,,,,,,,8427.5
2026-07-07T07:55:12Z,,,,,,,,,,,8426.6
2026-07-07T07:55:12Z,,,,,,,,,,,8431.8
2026-07-07T07:55:12Z,,,,,,,,,,,8439.7
2026-07-07T07:55:12Z,,,,,,,,,,,8444.8
2026-07-07T07:55:13Z,,,,,,,,,,,8452.6
2026-07-07T07:55:13Z,51.553410,-0.072670,20.9,1.2,1.3,16,1,3,2.13,65.1,8464.2
2026-07-07T07:55:13Z,,,,,,,,,,,8479.3
2026-07-07T07:55:13Z,,,,,,,,,,,8490.2
2026-07-07T07:55:13Z,,,,,,,,,,,8496.8
2026-07-07T07:55:13Z,,,,,,,,,,,8501.2
2026-07-07T07:55:13Z,,,,,,,,,,,8502.1
2026-07-07T07:55:13Z,,,,,,,,,,,8503.6
2026-07-07T07:55:13Z,,,,,,,,,,,8506.4
2026-07-07T07:55:13Z,,,,,,,,,,,8505.4
2026-07-07T07:55:14Z,,,,,,,,,,,8499.9
2026-07-07T07:55:14Z,51.553410,-0.072654,20.8,1.2,1.3,16,1,3,2.07,70.8,8495.5
2026-07-07T07:55:14Z,,,,,,,,,,,8489.0
2026-07-07T07:55:14Z,,,,,,,,,,,8481.5
2026-07-07T07:55:14Z,,,,,,,,,,,8474.5
2026-07-07T07:55:14Z,,,,,,,,,,,8465.9
2026-07-07T07:55:14Z,,,,,,,,,,,8461.2
2026-07-07T07:55:14Z,,,,,,,,,,,8460.4
2026-07-07T07:55:14Z,,,,,,,,,,,8461.9
2026-07-07T07:55:14Z,,,,,,,,,,,8467.2
2026-07-07T07:55:15Z,,,,,,,,,,,8474.7
2026-07-07T07:55:15Z,51.553410,-0.072636,20.8,1.2,1.3,16,1,3,1.97,89.9,8482.0
2026-07-07T07:55:15Z,,,,,,,,,,,8493.1
2026-07-07T07:55:15Z,,,,,,,,,,,8506.4
2026-07-07T07:55:15Z,,,,,,,,,,,8518.6
2026-07-07T07:55:15Z,,,,,,,,,,,8525.3
2026-07-07T07:55:15Z,,,,,,,,,,,8527.7
2026-07-07T07:55:15Z,,,,,,,,,,,8532.9
2026-07-07T07:55:15Z,,,,,,,,,,,8538.0
2026-07-07T07:55:15Z,,,,,,,,,,,8542.5
2026-07-07T07:55:16Z,,,,,,,,,,,8544.1
2026-07-07T07:55:16Z,51.553410,-0.072617,20.8,1.2,1.3,16,1,3,2.41,83.3,8539.0
2026-07-07T07:55:16Z,,,,,,,,,,,8528.6
2026-07-07T07:55:16Z,,,,,,,,,,,8521.6
2026-07-07T07:55:16Z,,,,,,,,,,,8515.7
2026-07-07T07:55:16Z,,,,,,,,,,,8510.5
2026-07-07T07:55:16Z,,,,,,,,,,,8504.3
2026-07-07T07:55:16Z,,,,,,,,,,,8493.5
2026-07-07T07:55:16Z,,,,,,,,,,,8486.3
2026-07-07T07:55:16Z,,,,,,,,,,,8481.4
2026-07-07T07:55:17Z,,,,,,,,,,,8478.7
2026-07-07T07:55:17Z,51.553406,-0.072600,20.8,1.2,1.3,16,1,3,2.29,93.5,8478.1
2026-07-07T07:55:17Z,,,,,,,,,,,8478.2
2026-07-07T07:55:17Z,,,,,,,,,,,8476.8
2026-07-07T07:55:17Z,,,,,,,,,,,8479.4
2026-07-07T07:55:17Z,,,,,,,,,,,8486.1
2026-07-07T07:55:17Z,,,,,,,,,,,8496.2
2026-07-07T07:55:17Z,,,,,,,,,,,8503.8
2026-07-07T07:55:17Z,,,,,,,,,,,8507.4
2026-07-07T07:55:17Z,,,,,,,,,,,8512.0
2026-07-07T07:55:18Z,,,,,,,,,,,8513.8
2026-07-07T07:55:18Z,51.553410,-0.072582,20.8,1.2,1.3,16,1,3,2.00,84.7,8517.6
2026-07-07T07:55:18Z,,,,,,,,,,,8522.0
2026-07-07T07:55:18Z,,,,,,,,,,,8523.6
2026-07-07T07:55:18Z,,,,,,,,,,,8526.2
2026-07-07T07:55:18Z,,,,,,,,,,,8532.2
2026-07-07T07:55:18Z,,,,,,,,,,,8538.0
2026-07-07T07:55:18Z,,,,,,,,,,,8543.9
2026-07-07T07:55:18Z,,,,,,,,,,,8549.2
2026-07-07T07:55:18Z,,,,,,,,,,,8553.8
2026-07-07T07:55:19Z,,,,,,,,,,,8561.8
2026-07-07T07:55:19Z,51.553413,-0.072563,20.6,1.2,1.3,16,1,3,2.38,73.0,8569.4
2026-07-07T07:55:19Z,,,,,,,,,,,8576.8
2026-07-07T07:55:19Z,,,,,,,,,,,8580.3
2026-07-07T07:55:19Z,,,,,,,,,,,8579.4
2026-07-07T07:55:19Z,,,,,,,,,,,8580.6
2026-07-07T07:55:19Z,,,,,,,,,,,8586.5
2026-07-07T07:55:19Z,,,,,,,,,,,8597.1
2026-07-07T07:55:19Z,,,,,,,,,,,8608.3
2026-07-07T07:55:19Z,,,,,,,,,,,8615.8
2026-07-07T07:55:20Z,,,,,,,,,,,8621.8
2026-07-07T07:55:20Z,51.553413,-0.072549,20.2,1.2,1.3,16,1,3,2.46,79.1,8632.0
2026-07-07T07:55:20Z,,,,,,,,,,,8642.7
2026-07-07T07:55:20Z,,,,,,,,,,,8653.4
2026-07-07T07:55:20Z,,,,,,,,,,,8662.9
2026-07-07T07:55:20Z,,,,,,,,,,,8663.1
2026-07-07T07:55:20Z,,,,,,,,,,,8660.9
2026-07-07T07:55:20Z,,,,,,,,,,,8659.4
2026-07-07T07:55:20Z,,,,,,,,,,,8659.2
2026-07-07T07:55:20Z,,,,,,,,,,,8657.2
2026-07-07T07:55:21Z,,,,,,,,,,,8651.7
2026-07-07T07:55:21Z,51.553413,-0.072535,19.9,1.2,1.3,16,1,3,1.79,79.1,8644.4
2026-07-07T07:55:21Z,,,,,,,,,,,8635.4
2026-07-07T07:55:21Z,,,,,,,,,,,8626.2
2026-07-07T07:55:21Z,,,,,,,,,,,8621.1
2026-07-07T07:55:21Z,,,,,,,,,,,8614.1
2026-07-07T07:55:21Z,,,,,,,,,,,8600.5
2026-07-07T07:55:21Z,,,,,,,,,,,8588.7
2026-07-07T07:55:21Z,,,,,,,,,,,8576.5
2026-07-07T07:55:21Z,,,,,,,,,,,8565.3
2026-07-07T07:55:22Z,,,,,,,,,,,8555.4
2026-07-07T07:55:22Z,51.553413,-0.072520,19.7,1.2,1.3,16,1,3,1.74,79.1,8544.1
2026-07-07T07:55:22Z,,,,,,,,,,,8534.5
2026-07-07T07:55:22Z,,,,,,,,,,,8527.6
2026-07-07T07:55:22Z,,,,,,,,,,,8521.8
2026-07-07T07:55:22Z,,,,,,,,,,,8515.9
2026-07-07T07:55:22Z,,,,,,,,,,,8510.0
2026-07-07T07:55:22Z,,,,,,,,,,,8502.6
2026-07-07T07:55:22Z,,,,,,,,,,,8498.6
2026-07-07T07:55:22Z,,,,,,,,,,,8496.7
2026-07-07T07:55:23Z,,,,,,,,,,,8498.6
2026-07-07T07:55:23Z,51.553417,-0.072503,19.5,1.2,1.3,16,1,3,1.85,79.1,8498.0
2026-07-07T07:55:23Z,,,,,,,,,,,8493.7
2026-07-07T07:55:23Z,,,,,,,,,,,8494.3
2026-07-07T07:55:23Z,,,,,,,,,,,8497.2
2026-07-07T07:55:23Z,,,,,,,,,,,8501.1
2026-07-07T07:55:23Z,,,,,,,,,,,8506.7
2026-07-07T07:55:23Z,,,,,,,,,,,8509.1
2026-07-07T07:55:23Z,,,,,,,,,,,8506.9
2026-07-07T07:55:23Z,,,,,,,,,,,8507.7
2026-07-07T07:55:23Z,,,,,,,,,,,8511.0
2026-07-07T07:55:24Z,51.553417,-0.072484,19.4,1.1,1.2,17,1,3,2.30,70.6,8514.7
2026-07-07T07:55:24Z,,,,,,,,,,,8515.9
2026-07-07T07:55:24Z,,,,,,,,,,,8513.7
2026-07-07T07:55:24Z,,,,,,,,,,,8511.8
2026-07-07T07:55:24Z,,,,,,,,,,,8508.7
2026-07-07T07:55:24Z,,,,,,,,,,,8509.6
2026-07-07T07:55:24Z,,,,,,,,,,,8512.9
2026-07-07T07:55:24Z,,,,,,,,,,,8512.1
2026-07-07T07:55:24Z,,,,,,,,,,,8508.3
2026-07-07T07:55:25Z,,,,,,,,,,,8504.2
2026-07-07T07:55:25Z,51.553421,-0.072468,19.2,1.1,1.2,17,1,3,2.52,77.3,8498.7
2026-07-07T07:55:25Z,,,,,,,,,,,8494.2
2026-07-07T07:55:25Z,,,,,,,,,,,8490.8
2026-07-07T07:55:25Z,,,,,,,,,,,8487.1
2026-07-07T07:55:25Z,,,,,,,,,,,8488.4
2026-07-07T07:55:25Z,,,,,,,,,,,8493.5
2026-07-07T07:55:25Z,,,,,,,,,,,8504.1
2026-07-07T07:55:25Z,,,,,,,,,,,8518.2
2026-07-07T07:55:25Z,,,,,,,,,,,8531.9
2026-07-07T07:55:26Z,,,,,,,,,,,8547.1
2026-07-07T07:55:26Z,51.553425,-0.072455,18.8,1.1,1.2,17,1,3,2.15,69.1,8566.8
2026-07-07T07:55:26Z,,,,,,,,,,,8584.7
2026-07-07T07:55:26Z,,,,,,,,,,,8598.2
2026-07-07T07:55:26Z,,,,,,,,,,,8604.1
2026-07-07T07:55:26Z,,,,,,,,,,,8604.9
2026-07-07T07:55:26Z,,,,,,,,,,,8608.6
2026-07-07T07:55:26Z,,,,,,,,,,,8610.2
2026-07-07T07:55:26Z,,,,,,,,,,,8611.9
2026-07-07T07:55:26Z,,,,,,,,,,,8613.7
2026-07-07T07:55:27Z,,,,,,,,,,,8607.7
2026-07-07T07:55:27Z,51.553425,-0.072439,18.5,1.1,1.2,17,1,3,1.81,69.1,8597.2
2026-07-07T07:55:27Z,,,,,,,,,,,8589.6
2026-07-07T07:55:27Z,,,,,,,,,,,8584.9
2026-07-07T07:55:27Z,,,,,,,,,,,8581.0
2026-07-07T07:55:27Z,,,,,,,,,,,8576.1
2026-07-07T07:55:27Z,,,,,,,,,,,8567.6
2026-07-07T07:55:27Z,,,,,,,,,,,8559.8
2026-07-07T07:55:27Z,,,,,,,,,,,8553.4
2026-07-07T07:55:27Z,,,,,,,,,,,8551.1
2026-07-07T07:55:27Z,,,,,,,,,,,8550.3
2026-07-07T07:55:28Z,51.553421,-0.072422,18.5,1.1,1.2,17,1,3,2.19,105.5,8545.8
2026-07-07T07:55:28Z,,,,,,,,,,,8537.7
2026-07-07T07:55:28Z,,,,,,,,,,,8529.4
2026-07-07T07:55:28Z,,,,,,,,,,,8522.1
2026-07-07T07:55:28Z,,,,,,,,,,,8518.8
2026-07-07T07:55:28Z,,,,,,,,,,,8515.3
2026-07-07T07:55:28Z,,,,,,,,,,,8507.8
2026-07-07T07:55:28Z,,,,,,,,,,,8502.8
2026-07-07T07:55:28Z,,,,,,,,,,,8497.1
2026-07-07T07:55:29Z,,,,,,,,,,,8490.5
2026-07-07T07:55:29Z,51.553425,-0.072404,18.5,1.1,1.2,17,1,3,2.19,83.2,8486.8
2026-07-07T07:55:29Z,,,,,,,,,,,8482.1
2026-07-07T07:55:29Z,,,,,,,,,,,8478.6
2026-07-07T07:55:29Z,,,,,,,,,,,8482.2
2026-07-07T07:55:29Z,,,,,,,,,,,8489.4
2026-07-07T07:55:29Z,,,,,,,,,,,8496.8
2026-07-07T07:55:29Z,,,,,,,,,,,8502.4
2026-07-07T07:55:29Z,,,,,,,,,,,8509.1
2026-07-07T07:55:29Z,,,,,,,,,,,8521.8
2026-07-07T07:55:29Z,,,,,,,,,,,8534.7
2026-07-07T07:55:30Z,51.553429,-0.072392,18.3,1.1,1.2,17,1,3,2.63,70.7,8551.4
2026-07-07T07:55:30Z,,,,,,,,,,,8564.9
2026-07-07T07:55:30Z,,,,,,,,,,,8569.5
2026-07-07T07:55:30Z,,,,,,,,,,,8577.0
2026-07-07T07:55:30Z,,,,,,,,,,,8586.7
2026-07-07T07:55:30Z,,,,,,,,,,,8594.8
2026-07-07T07:55:30Z,,,,,,,,,,,8602.4
2026-07-07T07:55:30Z,,,,,,,,,,,8605.6
2026-07-07T07:55:30Z,,,,,,,,,,,8601.8
2026-07-07T07:55:30Z,,,,,,,,,,,8598.0
2026-07-07T07:55:31Z,51.553429,-0.072380,18.0,1.1,1.2,17,1,3,1.67,70.7,8596.2
2026-07-07T07:55:31Z,,,,,,,,,,,8596.4
2026-07-07T07:55:31Z,,,,,,,,,,,8594.1
2026-07-07T07:55:31Z,,,,,,,,,,,8585.3
2026-07-07T07:55:31Z,,,,,,,,,,,8574.5
2026-07-07T07:55:31Z,,,,,,,,,,,8562.1
2026-07-07T07:55:31Z,,,,,,,,,,,8553.9
2026-07-07T07:55:31Z,,,,,,,,,,,8549.4
2026-07-07T07:55:31Z,,,,,,,,,,,8542.5
2026-07-07T07:55:31Z,,,,,,,,,,,8533.6
2026-07-07T07:55:32Z,51.553432,-0.072367,17.9,1.1,1.2,17,1,3,1.91,70.7,8524.8
2026-07-07T07:55:32Z,,,,,,,,,,,8516.0
2026-07-07T07:55:32Z,,,,,,,,,,,8509.9
2026-07-07T07:55:32Z,,,,,,,,,,,8505.8
2026-07-07T07:55:32Z,,,,,,,,,,,8498.7
2026-07-07T07:55:32Z,,,,,,,,,,,8493.4
2026-07-07T07:55:32Z,,,,,,,,,,,8492.4
2026-07-07T07:55:32Z,,,,,,,,,,,8491.2
2026-07-07T07:55:32Z,,,,,,,,,,,8490.6
2026-07-07T07:55:32Z,,,,,,,,,,,8491.6
2026-07-07T07:55:33Z,51.553432,-0.072355,17.8,1.1,1.2,17,1,3,1.42,70.7,8491.7
2026-07-07T07:55:33Z,,,,,,,,,,,8494.1
2026-07-07T07:55:33Z,,,,,,,,,,,8496.4
2026-07-07T07:55:33Z,,,,,,,,,,,8497.7
2026-07-07T07:55:33Z,,,,,,,,,,,8497.0
2026-07-07T07:55:33Z,,,,,,,,,,,8493.5
2026-07-07T07:55:33Z,,,,,,,,,,,8489.0
2026-07-07T07:55:33Z,,,,,,,,,,,8486.9
2026-07-07T07:55:33Z,,,,,,,,,,,8485.1
2026-07-07T07:55:33Z,,,,,,,,,,,8484.8
2026-07-07T07:55:34Z,51.553429,-0.072335,18.2,1.1,1.2,17,1,3,1.79,70.7,8482.9
2026-07-07T07:55:34Z,,,,,,,,,,,8476.7
2026-07-07T07:55:34Z,,,,,,,,,,,8477.2
2026-07-07T07:55:34Z,,,,,,,,,,,8479.5
2026-07-07T07:55:34Z,,,,,,,,,,,8480.0
2026-07-07T07:55:34Z,,,,,,,,,,,8480.4
2026-07-07T07:55:34Z,,,,,,,,,,,8476.6
2026-07-07T07:55:34Z,,,,,,,,,,,8469.1
2026-07-07T07:55:34Z,,,,,,,,,,,8463.9
2026-07-07T07:55:34Z,,,,,,,,,,,8460.5
2026-07-07T07:55:35Z,51.553432,-0.072327,17.8,1.1,1.2,17,1,3,2.59,94.4,8458.8
2026-07-07T07:55:35Z,,,,,,,,,,,8454.8
2026-07-07T07:55:35Z,,,,,,,,,,,8447.1
2026-07-07T07:55:35Z,,,,,,,,,,,8438.9
2026-07-07T07:55:35Z,,,,,,,,,,,8432.5
2026-07-07T07:55:35Z,,,,,,,,,,,8432.1
2026-07-07T07:55:35Z,,,,,,,,,,,8430.0
2026-07-07T07:55:35Z,,,,,,,,,,,8424.5
2026-07-07T07:55:35Z,,,,,,,,,,,8419.6
2026-07-07T07:55:35Z,,,,,,,,,,,8416.3
2026-07-07T07:55:36Z,51.553432,-0.072316,17.7,1.1,1.2,17,1,3,1.62,94.4,8418.6
2026-07-07T07:55:36Z,,,,,,,,,,,8419.0
2026-07-07T07:55:36Z,,,,,,,,,,,8419.3
2026-07-07T07:55:36Z,,,,,,,,,,,8426.1
2026-07-07T07:55:36Z,,,,,,,,,,,8433.6
2026-07-07T07:55:36Z,,,,,,,,,,,8445.4
2026-07-07T07:55:36Z,,,,,,,,,,,8462.4
2026-07-07T07:55:36Z,,,,,,,,,,,8480.4
2026-07-07T07:55:36Z,,,,,,,,,,,8499.5
2026-07-07T07:55:36Z,,,,,,,,,,,8519.4
2026-07-07T07:55:37Z,51.553436,-0.072298,18.2,1.1,1.2,17,1,3,1.58,94.4,8540.1
2026-07-07T07:55:37Z,,,,,,,,,,,8557.4
2026-07-07T07:55:37Z,,,,,,,,,,,8571.7
2026-07-07T07:55:37Z,,,,,,,,,,,8586.7
2026-07-07T07:55:37Z,,,,,,,,,,,8597.6
2026-07-07T07:55:37Z,,,,,,,,,,,8604.7
2026-07-07T07:55:37Z,,,,,,,,,,,8613.5
2026-07-07T07:55:37Z,,,,,,,,,,,8619.0
2026-07-07T07:55:37Z,,,,,,,,,,,8620.2
2026-07-07T07:55:37Z,,,,,,,,,,,8618.5
2026-07-07T07:55:38Z,51.553436,-0.072293,18.5,1.1,1.2,17,1,3,1.82,94.4,8614.6
2026-07-07T07:55:38Z,,,,,,,,,,,8607.9
2026-07-07T07:55:38Z,,,,,,,,,,,8602.1
2026-07-07T07:55:38Z,,,,,,,,,,,8596.2
2026-07-07T07:55:38Z,,,,,,,,,,,8587.9
2026-07-07T07:55:38Z,,,,,,,,,,,8579.7
2026-07-07T07:55:38Z,,,,,,,,,,,8573.8
2026-07-07T07:55:38Z,,,,,,,,,,,8571.4
2026-07-07T07:55:38Z,,,,,,,,,,,8571.9
2026-07-07T07:55:38Z,,,,,,,,,,,8575.8
2026-07-07T07:55:39Z,51.553444,-0.072300,18.6,1.1,1.2,17,1,3,0.72,94.4,8579.4
2026-07-07T07:55:39Z,,,,,,,,,,,8579.1
2026-07-07T07:55:39Z,,,,,,,,,,,8578.6
2026-07-07T07:55:39Z,,,,,,,,,,,8581.9
2026-07-07T07:55:39Z,,,,,,,,,,,8586.0
2026-07-07T07:55:39Z,,,,,,,,,,,8588.8
2026-07-07T07:55:39Z,,,,,,,,,,,8588.2
2026-07-07T07:55:39Z,,,,,,,,,,,8585.0
2026-07-07T07:55:39Z,,,,,,,,,,,8583.5
2026-07-07T07:55:40Z,,,,,,,,,,,8582.0
2026-07-07T07:55:40Z,51.553452,-0.072309,18.8,1.1,1.4,16,1,3,2.52,339.1,8579.1
2026-07-07T07:55:40Z,,,,,,,,,,,8574.8
2026-07-07T07:55:40Z,,,,,,,,,,,8567.6
2026-07-07T07:55:40Z,,,,,,,,,,,8558.7
2026-07-07T07:55:40Z,,,,,,,,,,,8550.9
2026-07-07T07:55:40Z,,,,,,,,,,,8544.9
2026-07-07T07:55:40Z,,,,,,,,,,,8537.9
2026-07-07T07:55:40Z,,,,,,,,,,,8531.3
2026-07-07T07:55:40Z,,,,,,,,,,,8526.8
2026-07-07T07:55:41Z,,,,,,,,,,,8520.4
2026-07-07T07:55:41Z,51.553455,-0.072314,18.8,1.1,1.4,16,1,3,1.70,339.1,8514.4
2026-07-07T07:55:41Z,,,,,,,,,,,8512.2
2026-07-07T07:55:41Z,,,,,,,,,,,8512.6
2026-07-07T07:55:41Z,,,,,,,,,,,8515.0
2026-07-07T07:55:41Z,,,,,,,,,,,8520.5
2026-07-07T07:55:41Z,,,,,,,,,,,8526.2
2026-07-07T07:55:41Z,,,,,,,,,,,8529.0
2026-07-07T07:55:41Z,,,,,,,,,,,8531.4
2026-07-07T07:55:41Z,,,,,,,,,,,8534.3
2026-07-07T07:55:41Z,,,,,,,,,,,8536.5
2026-07-07T07:55:42Z,51.553463,-0.072316,18.7,1.1,1.4,16,1,3,1.44,339.1,8538.3
2026-07-07T07:55:42Z,,,,,,,,,,,8538.7
2026-07-07T07:55:42Z,,,,,,,,,,,8534.6
2026-07-07T07:55:42Z,,,,,,,,,,,8528.3
2026-07-07T07:55:42Z,,,,,,,,,,,8524.0
2026-07-07T07:55:42Z,,,,,,,,,,,8520.1
2026-07-07T07:55:42Z,,,,,,,,,,,8516.6
2026-07-07T07:55:42Z,,,,,,,,,,,8511.9
2026-07-07T07:55:42Z,,,,,,,,,,,8503.7
2026-07-07T07:55:42Z,,,,,,,,,,,8495.4
2026-07-07T07:55:43Z,51.553463,-0.072312,18.7,1.1,1.4,16,1,3,1.68,339.1,8490.9
2026-07-07T07:55:43Z,,,,,,,,,,,8488.9
2026-07-07T07:55:43Z,,,,,,,,,,,8487.3
2026-07-07T07:55:43Z,,,,,,,,,,,8484.7
2026-07-07T07:55:43Z,,,,,,,,,,,8479.1
2026-07-07T07:55:43Z,,,,,,,,,,,8473.4
2026-07-07T07:55:43Z,,,,,,,,,,,8471.1
2026-07-07T07:55:43Z,,,,,,,,,,,8469.1
2026-07-07T07:55:43Z,,,,,,,,,,,8466.5
2026-07-07T07:55:43Z,,,,,,,,,,,8463.9
2026-07-07T07:55:44Z,51.553467,-0.072306,18.5,1.1,1.4,16,1,3,0.74,339.1,8459.8
2026-07-07T07:55:44Z,,,,,,,,,,,8454.1
2026-07-07T07:55:44Z,,,,,,,,,,,8451.3
2026-07-07T07:55:44Z,,,,,,,,,,,8451.9
2026-07-07T07:55:44Z,,,,,,,,,,,8454.9
2026-07-07T07:55:44Z,,,,,,,,,,,8461.1
2026-07-07T07:55:44Z,,,,,,,,,,,8470.4
2026-07-07T07:55:44Z,,,,,,,,,,,8480.7
2026-07-07T07:55:44Z,,,,,,,,,,,8491.7
2026-07-07T07:55:45Z,,,,,,,,,,,8503.7
2026-07-07T07:55:45Z,51.553474,-0.072293,18.5,1.1,1.4,16,1,3,1.99,46.2,8515.5
2026-07-07T07:55:45Z,,,,,,,,,,,8526.7
2026-07-07T07:55:45Z,,,,,,,,,,,8535.2
2026-07-07T07:55:45Z,,,,,,,,,,,8540.0
2026-07-07T07:55:45Z,,,,,,,,,,,8542.3
2026-07-07T07:55:45Z,,,,,,,,,,,8543.9
2026-07-07T07:55:45Z,,,,,,,,,,,8544.4
2026-07-07T07:55:45Z,,,,,,,,,,,8544.5
2026-07-07T07:55:45Z,,,,,,,,,,,8544.8
2026-07-07T07:55:45Z,,,,,,,,,,,8540.4
2026-07-07T07:55:46Z,51.553474,-0.072281,18.4,1.1,1.4,16,1,3,2.19,43.4,8532.5
2026-07-07T07:55:46Z,,,,,,,,,,,8525.3
2026-07-07T07:55:46Z,,,,,,,,,,,8519.8
2026-07-07T07:55:46Z,,,,,,,,,,,8516.5
2026-07-07T07:55:46Z,,,,,,,,,,,8514.1
2026-07-07T07:55:46Z,,,,,,,,,,,8508.4
2026-07-07T07:55:46Z,,,,,,,,,,,8499.8
2026-07-07T07:55:46Z,,,,,,,,,,,8493.6
2026-07-07T07:55:46Z,,,,,,,,,,,8490.4
2026-07-07T07:55:46Z,,,,,,,,,,,8488.7
2026-07-07T07:55:47Z,51.553478,-0.072273,18.5,1.3,1.6,15,1,3,1.50,43.4,8487.1
2026-07-07T07:55:47Z,,,,,,,,,,,8484.2
2026-07-07T07:55:47Z,,,,,,,,,,,8478.6
2026-07-07T07:55:47Z,,,,,,,,,,,8473.4
2026-07-07T07:55:47Z,,,,,,,,,,,8471.9
2026-07-07T07:55:47Z,,,,,,,,,,,8471.5
2026-07-07T07:55:47Z,,,,,,,,,,,8470.6
2026-07-07T07:55:47Z,,,,,,,,,,,8468.4
2026-07-07T07:55:47Z,,,,,,,,,,,8463.7
2026-07-07T07:55:48Z,,,,,,,,,,,8459.0
2026-07-07T07:55:48Z,51.553474,-0.072278,18.7,1.3,1.6,15,1,3,1.31,43.4,8456.7
2026-07-07T07:55:48Z,,,,,,,,,,,8455.0
2026-07-07T07:55:48Z,,,,,,,,,,,8453.0
2026-07-07T07:55:48Z,,,,,,,,,,,8450.2
2026-07-07T07:55:48Z,,,,,,,,,,,8445.2
2026-07-07T07:55:48Z,,,,,,,,,,,8438.0
2026-07-07T07:55:48Z,,,,,,,,,,,8432.4
2026-07-07T07:55:48Z,,,,,,,,,,,8428.1
2026-07-07T07:55:48Z,,,,,,,,,,,8422.6
2026-07-07T07:55:49Z,,,,,,,,,,,8417.1
2026-07-07T07:55:49Z,51.553474,-0.072276,19.9,1.3,1.6,15,1,3,1.43,43.4,8410.7
2026-07-07T07:55:49Z,,,,,,,,,,,8402.4
2026-07-07T07:55:49Z,,,,,,,,,,,8395.3
2026-07-07T07:55:49Z,,,,,,,,,,,8390.3
2026-07-07T07:55:49Z,,,,,,,,,,,8385.5
2026-07-07T07:55:49Z,,,,,,,,,,,8381.7
2026-07-07T07:55:49Z,,,,,,,,,,,8377.5
2026-07-07T07:55:49Z,,,,,,,,,,,8372.6
2026-07-07T07:55:49Z,,,,,,,,,,,8368.8
2026-07-07T07:55:50Z,,,,,,,,,,,8367.7
2026-07-07T07:55:50Z,51.553474,-0.072276,19.7,1.3,1.6,15,1,3,0.46,43.4,8370.0
2026-07-07T07:55:50Z,,,,,,,,,,,8375.5
2026-07-07T07:55:50Z,,,,,,,,,,,8384.4
2026-07-07T07:55:50Z,,,,,,,,,,,8392.9
2026-07-07T07:55:50Z,,,,,,,,,,,8398.8
2026-07-07T07:55:50Z,,,,,,,,,,,8404.7
2026-07-07T07:55:50Z,,,,,,,,,,,8410.9
2026-07-07T07:55:50Z,,,,,,,,,,,8417.0
2026-07-07T07:55:50Z,,,,,,,,,,,8422.1
2026-07-07T07:55:50Z,,,,,,,,,,,8425.2
2026-07-07T07:55:51Z,51.553474,-0.072258,20.6,1.3,1.6,15,1,3,0.00,43.4,8424.0
2026-07-07T07:55:51Z,,,,,,,,,,,8419.8
2026-07-07T07:55:51Z,,,,,,,,,,,8416.4
2026-07-07T07:55:51Z,,,,,,,,,,,8413.8
2026-07-07T07:55:51Z,,,,,,,,,,,8412.1
2026-07-07T07:55:51Z,,,,,,,,,,,8408.8
2026-07-07T07:55:51Z,,,,,,,,,,,8401.3
2026-07-07T07:55:51Z,,,,,,,,,,,8393.7
2026-07-07T07:55:51Z,,,,,,,,,,,8389.0
2026-07-07T07:55:51Z,,,,,,,,,,,8386.2
2026-07-07T07:55:52Z,51.553474,-0.072238,21.4,1.1,1.4,16,1,3,2.72,98.1,8385.1
2026-07-07T07:55:52Z,,,,,,,,,,,8384.2
2026-07-07T07:55:52Z,,,,,,,,,,,8381.6
2026-07-07T07:55:52Z,,,,,,,,,,,8382.1
2026-07-07T07:55:52Z,,,,,,,,,,,8388.7
2026-07-07T07:55:52Z,,,,,,,,,,,8398.7
2026-07-07T07:55:52Z,,,,,,,,,,,8407.9
2026-07-07T07:55:52Z,,,,,,,,,,,8417.3
2026-07-07T07:55:52Z,,,,,,,,,,,8424.9
2026-07-07T07:55:52Z,,,,,,,,,,,8428.5
2026-07-07T07:55:53Z,51.553471,-0.072223,21.7,1.1,1.4,16,1,3,3.04,98.4,8433.8
2026-07-07T07:55:53Z,,,,,,,,,,,8439.5
2026-07-07T07:55:53Z,,,,,,,,,,,8443.1
2026-07-07T07:55:53Z,,,,,,,,,,,8445.1
2026-07-07T07:55:53Z,,,,,,,,,,,8444.4
2026-07-07T07:55:53Z,,,,,,,,,,,8440.8
2026-07-07T07:55:53Z,,,,,,,,,,,8437.1
2026-07-07T07:55:53Z,,,,,,,,,,,8434.6
2026-07-07T07:55:53Z,,,,,,,,,,,8432.1
2026-07-07T07:55:53Z,,,,,,,,,,,8429.3
2026-07-07T07:55:54Z,51.553474,-0.072222,21.6,1.1,1.4,16,1,3,2.04,109.0,8425.3
2026-07-07T07:55:54Z,,,,,,,,,,,8419.9
2026-07-07T07:55:54Z,,,,,,,,,,,8415.2
2026-07-07T07:55:54Z,,,,,,,,,,,8412.8
2026-07-07T07:55:54Z,,,,,,,,,,,8410.2
2026-07-07T07:55:54Z,,,,,,,,,,,8405.8
2026-07-07T07:55:54Z,,,,,,,,,,,8401.9
2026-07-07T07:55:54Z,,,,,,,,,,,8399.9
2026-07-07T07:55:54Z,,,,,,,,,,,8398.9
2026-07-07T07:55:55Z,,,,,,,,,,,8398.6
2026-07-07T07:55:55Z,51.553474,-0.072224,21.2,1.1,1.4,16,1,3,0.38,109.0,8399.0
2026-07-07T07:55:55Z,,,,,,,,,,,8400.0
2026-07-07T07:55:55Z,,,,,,,,,,,8403.3
2026-07-07T07:55:55Z,,,,,,,,,,,8408.6
2026-07-07T07:55:55Z,,,,,,,,,,,8411.4
2026-07-07T07:55:55Z,,,,,,,,,,,8413.4
2026-07-07T07:55:55Z,,,,,,,,,,,8416.2
2026-07-07T07:55:55Z,,,,,,,,,,,8420.6
2026-07-07T07:55:55Z,,,,,,,,,,,8426.3
2026-07-07T07:55:56Z,,,,,,,,,,,8431.0
2026-07-07T07:55:56Z,51.553478,-0.072223,21.2,1.1,1.2,17,1,3,0.00,109.0,8432.3
2026-07-07T07:55:56Z,,,,,,,,,,,8431.2
2026-07-07T07:55:56Z,,,,,,,,,,,8431.9
2026-07-07T07:55:56Z,,,,,,,,,,,8434.1
2026-07-07T07:55:56Z,,,,,,,,,,,8437.0
2026-07-07T07:55:56Z,,,,,,,,,,,8440.5
2026-07-07T07:55:56Z,,,,,,,,,,,8441.2
2026-07-07T07:55:56Z,,,,,,,,,,,8438.7
2026-07-07T07:55:56Z,,,,,,,,,,,8437.7
2026-07-07T07:55:57Z,,,,,,,,,,,8439.0
2026-07-07T07:55:57Z,51.553478,-0.072223,21.2,1.1,1.2,17,1,3,0.00,109.0,8442.3
2026-07-07T07:55:57Z,,,,,,,,,,,8444.6
2026-07-07T07:55:57Z,,,,,,,,,,,8445.6
2026-07-07T07:55:57Z,,,,,,,,,,,8445.1
2026-07-07T07:55:57Z,,,,,,,,,,,8443.1
2026-07-07T07:55:57Z,,,,,,,,,,,8443.1
2026-07-07T07:55:57Z,,,,,,,,,,,8444.4
2026-07-07T07:55:57Z,,,,,,,,,,,8444.4
2026-07-07T07:55:57Z,,,,,,,,,,,8441.7
2026-07-07T07:55:58Z,,,,,,,,,,,8437.1
2026-07-07T07:55:58Z,51.553482,-0.072207,21.4,1.1,1.2,17,1,3,0.00,109.0,8431.6
2026-07-07T07:55:58Z,,,,,,,,,,,8428.2
2026-07-07T07:55:58Z,,,,,,,,,,,8424.3
2026-07-07T07:55:58Z,,,,,,,,,,,8418.5
2026-07-07T07:55:58Z,,,,,,,,,,,8414.0
2026-07-07T07:55:58Z,,,,,,,,,,,8410.6
2026-07-07T07:55:58Z,,,,,,,,,,,8406.1
2026-07-07T07:55:58Z,,,,,,,,,,,8401.6
2026-07-07T07:55:58Z,,,,,,,,,,,8398.8
2026-07-07T07:55:59Z,,,,,,,,,,,8395.6
2026-07-07T07:55:59Z,51.553486,-0.072197,20.6,1.1,1.2,17,1,3,2.72,88.3,8394.3
2026-07-07T07:55:59Z,,,,,,,,,,,8396.3
2026-07-07T07:55:59Z,,,,,,,,,,,8398.7
2026-07-07T07:55:59Z,,,,,,,,,,,8400.2
2026-07-07T07:55:59Z,,,,,,,,,,,8402.4
2026-07-07T07:55:59Z,,,,,,,,,,,8407.9
2026-07-07T07:55:59Z,,,,,,,,,,,8415.1
2026-07-07T07:55:59Z,,,,,,,,,,,8424.7
2026-07-07T07:55:59Z,,,,,,,,,,,8434.6
2026-07-07T07:55:59Z,,,,,,,,,,,8439.9
2026-07-07T07:56:00Z,51.553486,-0.072183,20.3,1.1,1.2,17,1,3,1.57,88.3,8443.2
2026-07-07T07:56:00Z,,,,,,,,,,,8447.7
2026-07-07T07:56:00Z,,,,,,,,,,,8452.5
2026-07-07T07:56:00Z,,,,,,,,,,,8455.5
2026-07-07T07:56:00Z,,,,,,,,,,,8457.6
2026-07-07T07:56:00Z,,,,,,,,,,,8457.7
2026-07-07T07:56:00Z,,,,,,,,,,,8453.6
2026-07-07T07:56:00Z,,,,,,,,,,,8450.2
2026-07-07T07:56:00Z,,,,,,,,,,,8449.7
2026-07-07T07:56:01Z,,,,,,,,,,,8447.8
2026-07-07T07:56:01Z,51.553486,-0.072167,20.1,1.1,1.2,17,1,3,2.00,96.8,8444.0
2026-07-07T07:56:01Z,,,,,,,,,,,8439.9
2026-07-07T07:56:01Z,,,,,,,,,,,8434.5
2026-07-07T07:56:01Z,,,,,,,,,,,8430.6
2026-07-07T07:56:01Z,,,,,,,,,,,8427.5
2026-07-07T07:56:01Z,,,,,,,,,,,8423.8
2026-07-07T07:56:01Z,,,,,,,,,,,8423.0
2026-07-07T07:56:01Z,,,,,,,,,,,8425.8
2026-07-07T07:56:01Z,,,,,,,,,,,8427.2
2026-07-07T07:56:01Z,,,,,,,,,,,8424.0
2026-07-07T07:56:02Z,51.553490,-0.072150,20.0,1.1,1.2,17,1,3,2.00,111.6,8418.8
2026-07-07T07:56:02Z,,,,,,,,,,,8415.5
2026-07-07T07:56:02Z,,,,,,,,,,,8414.6
2026-07-07T07:56:02Z,,,,,,,,,,,8416.2
2026-07-07T07:56:02Z,,,,,,,,,,,8420.1
2026-07-07T07:56:02Z,,,,,,,,,,,8421.4
2026-07-07T07:56:02Z,,,,,,,,,,,8420.3
2026-07-07T07:56:02Z,,,,,,,,,,,8421.4
2026-07-07T07:56:02Z,,,,,,,,,,,8424.6
2026-07-07T07:56:02Z,,,,,,,,,,,8429.0
2026-07-07T07:56:03Z,51.553490,-0.072132,20.0,1.1,1.2,17,1,3,2.11,88.1,8433.4
2026-07-07T07:56:03Z,,,,,,,,,,,8435.2
2026-07-07T07:56:03Z,,,,,,,,,,,8433.5
2026-07-07T07:56:03Z,,,,,,,,,,,8433.4
2026-07-07T07:56:03Z,,,,,,,,,,,8436.4
2026-07-07T07:56:03Z,,,,,,,,,,,8438.5
2026-07-07T07:56:03Z,,,,,,,,,,,8438.1
2026-07-07T07:56:03Z,,,,,,,,,,,8436.4
2026-07-07T07:56:03Z,,,,,,,,,,,8432.7
2026-07-07T07:56:03Z,,,,,,,,,,,8427.6
2026-07-07T07:56:04Z,51.553493,-0.072112,19.9,1.1,1.2,17,1,3,2.50,88.2,8424.9
2026-07-07T07:56:04Z,,,,,,,,,,,8422.2
2026-07-07T07:56:04Z,,,,,,,,,,,8418.3
2026-07-07T07:56:04Z,,,,,,,,,,,8414.4
2026-07-07T07:56:04Z,,,,,,,,,,,8408.9
2026-07-07T07:56:04Z,,,,,,,,,,,8403.5
2026-07-07T07:56:04Z,,,,,,,,,,,8400.0
2026-07-07T07:56:04Z,,,,,,,,,,,8397.0
2026-07-07T07:56:04Z,,,,,,,,,,,8393.3
2026-07-07T07:56:04Z,,,,,,,,,,,8390.7
2026-07-07T07:56:05Z,51.553497,-0.072096,19.7,1.1,1.2,17,1,3,2.67,90.0,8388.7
2026-07-07T07:56:05Z,,,,,,,,,,,8386.0
2026-07-07T07:56:05Z,,,,,,,,,,,8383.2
2026-07-07T07:56:05Z,,,,,,,,,,,8381.7
2026-07-07T07:56:05Z,,,,,,,,,,,8381.1
2026-07-07T07:56:05Z,,,,,,,,,,,8381.4
2026-07-07T07:56:05Z,,,,,,,,,,,8383.6
2026-07-07T07:56:05Z,,,,,,,,,,,8383.5
2026-07-07T07:56:05Z,,,,,,,,,,,8378.4
2026-07-07T07:56:05Z,,,,,,,,,,,8373.5
2026-07-07T07:56:06Z,51.553501,-0.072082,19.3,1.1,1.2,17,1,3,1.93,90.0,8371.8
2026-07-07T07:56:06Z,,,,,,,,,,,8373.1
2026-07-07T07:56:06Z,,,,,,,,,,,8377.1
2026-07-07T07:56:06Z,,,,,,,,,,,8380.0
2026-07-07T07:56:06Z,,,,,,,,,,,8380.4
2026-07-07T07:56:06Z,,,,,,,,,,,8383.4
2026-07-07T07:56:06Z,,,,,,,,,,,8391.3
2026-07-07T07:56:06Z,,,,,,,,,,,8402.7
2026-07-07T07:56:06Z,,,,,,,,,,,8414.5
2026-07-07T07:56:06Z,,,,,,,,,,,8420.9
2026-07-07T07:56:07Z,51.553501,-0.072068,18.9,1.1,1.2,17,1,3,2.37,84.4,8422.9
2026-07-07T07:56:07Z,,,,,,,,,,,8427.8
2026-07-07T07:56:07Z,,,,,,,,,,,8434.3
2026-07-07T07:56:07Z,,,,,,,,,,,8438.4
2026-07-07T07:56:07Z,,,,,,,,,,,8439.6
2026-07-07T07:56:07Z,,,,,,,,,,,8437.7
2026-07-07T07:56:07Z,,,,,,,,,,,8433.3
2026-07-07T07:56:07Z,,,,,,,,,,,8430.0
2026-07-07T07:56:07Z,,,,,,,,,,,8429.7
2026-07-07T07:56:07Z,,,,,,,,,,,8427.1
2026-07-07T07:56:08Z,51.553505,-0.072057,18.5,1.1,1.2,17,1,3,1.83,84.4,8421.5
2026-07-07T07:56:08Z,,,,,,,,,,,8415.8
2026-07-07T07:56:08Z,,,,,,,,,,,8408.2
2026-07-07T07:56:08Z,,,,,,,,,,,8401.1
2026-07-07T07:56:08Z,,,,,,,,,,,8396.9
2026-07-07T07:56:08Z,,,,,,,,,,,8392.0
2026-07-07T07:56:08Z,,,,,,,,,,,8385.2
2026-07-07T07:56:08Z,,,,,,,,,,,8380.1
2026-07-07T07:56:08Z,,,,,,,,,,,8375.7
2026-07-07T07:56:08Z,,,,,,,,,,,8372.3
2026-07-07T07:56:09Z,51.553509,-0.072043,18.1,1.1,1.2,17,1,3,1.51,84.4,8369.6
2026-07-07T07:56:09Z,,,,,,,,,,,8367.6
2026-07-07T07:56:09Z,,,,,,,,,,,8368.3
2026-07-07T07:56:09Z,,,,,,,,,,,8373.1
2026-07-07T07:56:09Z,,,,,,,,,,,8380.7
2026-07-07T07:56:09Z,,,,,,,,,,,8386.9
2026-07-07T07:56:09Z,,,,,,,,,,,8391.5
2026-07-07T07:56:09Z,,,,,,,,,,,8395.8
2026-07-07T07:56:09Z,,,,,,,,,,,8401.3
2026-07-07T07:56:09Z,,,,,,,,,,,8408.3
2026-07-07T07:56:10Z,51.553513,-0.072028,17.7,1.1,1.2,17,1,3,1.98,78.3,8415.5
2026-07-07T07:56:10Z,,,,,,,,,,,8416.5
2026-07-07T07:56:10Z,,,,,,,,,,,8412.0
2026-07-07T07:56:10Z,,,,,,,,,,,8410.5
2026-07-07T07:56:10Z,,,,,,,,,,,8411.4
2026-07-07T07:56:10Z,,,,,,,,,,,8413.4
2026-07-07T07:56:10Z,,,,,,,,,,,8417.6
2026-07-07T07:56:10Z,,,,,,,,,,,8420.6
2026-07-07T07:56:10Z,,,,,,,,,,,8420.8
2026-07-07T07:56:10Z,,,,,,,,,,,8422.7
2026-07-07T07:56:11Z,51.553520,-0.072013,16.9,1.1,1.2,17,1,3,1.97,88.0,8426.7
2026-07-07T07:56:11Z,,,,,,,,,,,8431.4
2026-07-07T07:56:11Z,,,,,,,,,,,8436.6
2026-07-07T07:56:11Z,,,,,,,,,,,8440.6
2026-07-07T07:56:11Z,,,,,,,,,,,8441.6
2026-07-07T07:56:11Z,,,,,,,,,,,8442.2
2026-07-07T07:56:11Z,,,,,,,,,,,8443.5
2026-07-07T07:56:11Z,,,,,,,,,,,8444.3
2026-07-07T07:56:11Z,,,,,,,,,,,8443.5
2026-07-07T07:56:11Z,,,,,,,,,,,8440.3
2026-07-07T07:56:12Z,51.553528,-0.071999,16.4,1.1,1.2,17,1,3,2.02,75.6,8434.6
2026-07-07T07:56:12Z,,,,,,,,,,,8427.0
2026-07-07T07:56:12Z,,,,,,,,,,,8422.4
2026-07-07T07:56:12Z,,,,,,,,,,,8419.0
2026-07-07T07:56:12Z,,,,,,,,,,,8413.6
2026-07-07T07:56:12Z,,,,,,,,,,,8409.4
2026-07-07T07:56:12Z,,,,,,,,,,,8405.3
2026-07-07T07:56:12Z,,,,,,,,,,,8399.6
2026-07-07T07:56:12Z,,,,,,,,,,,8394.1
2026-07-07T07:56:12Z,,,,,,,,,,,8388.8
2026-07-07T07:56:13Z,51.553535,-0.071982,16.3,1.1,1.2,17,1,3,1.90,75.6,8382.6
2026-07-07T07:56:13Z,,,,,,,,,,,8378.1
2026-07-07T07:56:13Z,,,,,,,,,,,8375.9
2026-07-07T07:56:13Z,,,,,,,,,,,8372.1
2026-07-07T07:56:13Z,,,,,,,,,,,8365.2
2026-07-07T07:56:13Z,,,,,,,,,,,8358.9
2026-07-07T07:56:13Z,,,,,,,,,,,8355.5
2026-07-07T07:56:13Z,,,,,,,,,,,8353.0
2026-07-07T07:56:13Z,,,,,,,,,,,8351.2
2026-07-07T07:56:13Z,,,,,,,,,,,8347.9
2026-07-07T07:56:14Z,51.553543,-0.071969,16.2,1.1,1.2,17,1,3,1.75,75.6,8341.0
2026-07-07T07:56:14Z,,,,,,,,,,,8333.6
2026-07-07T07:56:14Z,,,,,,,,,,,8328.5
2026-07-07T07:56:14Z,,,,,,,,,,,8325.8
2026-07-07T07:56:14Z,,,,,,,,,,,8323.9
2026-07-07T07:56:14Z,,,,,,,,,,,8319.5
2026-07-07T07:56:14Z,,,,,,,,,,,8311.7
2026-07-07T07:56:14Z,,,,,,,,,,,8306.8
2026-07-07T07:56:14Z,,,,,,,,,,,8306.4
2026-07-07T07:56:15Z,,,,,,,,,,,8307.2
2026-07-07T07:56:15Z,51.553547,-0.071966,16.2,1.1,1.2,17,1,3,1.52,75.6,8309.3
2026-07-07T07:56:15Z,,,,,,,,,,,8310.1
2026-07-07T07:56:15Z,,,,,,,,,,,8307.3
2026-07-07T07:56:15Z,,,,,,,,,,,8305.6
2026-07-07T07:56:15Z,,,,,,,,,,,8307.4
2026-07-07T07:56:15Z,,,,,,,,,,,8311.0
2026-07-07T07:56:15Z,,,,,,,,,,,8313.7
2026-07-07T07:56:15Z,,,,,,,,,,,8314.5
2026-07-07T07:56:15Z,,,,,,,,,,,8313.2
2026-07-07T07:56:15Z,,,,,,,,,,,8311.1
2026-07-07T07:56:16Z,51.553551,-0.071964,16.2,1.1,1.2,17,1,3,0.00,75.6,8311.0
2026-07-07T07:56:16Z,,,,,,,,,,,8311.8
2026-07-07T07:56:16Z,,,,,,,,,,,8310.8
2026-07-07T07:56:16Z,,,,,,,,,,,8307.3
2026-07-07T07:56:16Z,,,,,,,,,,,8303.0
2026-07-07T07:56:16Z,,,,,,,,,,,8299.1
2026-07-07T07:56:16Z,,,,,,,,,,,8295.6
2026-07-07T07:56:16Z,,,,,,,,,,,8292.8
2026-07-07T07:56:16Z,,,,,,,,,,,8292.6
2026-07-07T07:56:17Z,,,,,,,,,,,8297.6
2026-07-07T07:56:17Z,51.553555,-0.071961,16.2,1.1,1.2,17,1,3,0.00,75.6,8309.3
2026-07-07T07:56:17Z,,,,,,,,,,,8324.5
2026-07-07T07:56:17Z,,,,,,,,,,,8342.9
2026-07-07T07:56:17Z,,,,,,,,,,,8364.7
2026-07-07T07:56:17Z,,,,,,,,,,,8385.6
2026-07-07T07:56:17Z,,,,,,,,,,,8408.1
2026-07-07T07:56:17Z,,,,,,,,,,,8431.7
2026-07-07T07:56:17Z,,,,,,,,,,,8450.2
2026-07-07T07:56:17Z,,,,,,,,,,,8461.7
2026-07-07T07:56:17Z,,,,,,,,,,,8471.3
2026-07-07T07:56:18Z,51.553558,-0.071942,16.6,1.1,1.2,17,1,3,0.00,75.6,8482.0
2026-07-07T07:56:18Z,,,,,,,,,,,8491.3
2026-07-07T07:56:18Z,,,,,,,,,,,8499.4
2026-07-07T07:56:18Z,,,,,,,,,,,8501.8
2026-07-07T07:56:18Z,,,,,,,,,,,8496.7
2026-07-07T07:56:18Z,,,,,,,,,,,8490.4
2026-07-07T07:56:18Z,,,,,,,,,,,8484.9
2026-07-07T07:56:18Z,,,,,,,,,,,8480.7
2026-07-07T07:56:18Z,,,,,,,,,,,8476.5
2026-07-07T07:56:18Z,,,,,,,,,,,8468.7
2026-07-07T07:56:19Z,51.553566,-0.071920,16.9,1.1,1.2,17,1,3,2.28,70.5,8457.4
2026-07-07T07:56:19Z,,,,,,,,,,,8446.9
2026-07-07T07:56:19Z,,,,,,,,,,,8441.0
2026-07-07T07:56:19Z,,,,,,,,,,,8438.3
2026-07-07T07:56:19Z,,,,,,,,,,,8437.7
2026-07-07T07:56:19Z,,,,,,,,,,,8438.7
2026-07-07T07:56:19Z,,,,,,,,,,,8439.1
2026-07-07T07:56:19Z,,,,,,,,,,,8441.3
2026-07-07T07:56:19Z,,,,,,,,,,,8447.9
2026-07-07T07:56:19Z,,,,,,,,,,,8455.5
2026-07-07T07:56:20Z,51.553570,-0.071901,16.8,1.1,1.2,17,1,3,2.54,84.4,8463.5
2026-07-07T07:56:20Z,,,,,,,,,,,8469.4
2026-07-07T07:56:20Z,,,,,,,,,,,8471.2
2026-07-07T07:56:20Z,,,,,,,,,,,8471.5
2026-07-07T07:56:20Z,,,,,,,,,,,8473.2
2026-07-07T07:56:20Z,,,,,,,,,,,8473.5
2026-07-07T07:56:20Z,,,,,,,,,,,8469.1
2026-07-07T07:56:20Z,,,,,,,,,,,8463.5
2026-07-07T07:56:20Z,,,,,,,,,,,8458.6
2026-07-07T07:56:20Z,,,,,,,,,,,8451.2
2026-07-07T07:56:21Z,51.553577,-0.071884,16.6,1.1,1.2,17,1,3,2.04,71.1,8441.0
2026-07-07T07:56:21Z,,,,,,,,,,,8431.0
2026-07-07T07:56:21Z,,,,,,,,,,,8423.0
2026-07-07T07:56:21Z,,,,,,,,,,,8416.5
2026-07-07T07:56:21Z,,,,,,,,,,,8410.7
2026-07-07T07:56:21Z,,,,,,,,,,,8404.7
2026-07-07T07:56:21Z,,,,,,,,,,,8398.9
2026-07-07T07:56:21Z,,,,,,,,,,,8395.3
2026-07-07T07:56:21Z,,,,,,,,,,,8394.7
2026-07-07T07:56:21Z,,,,,,,,,,,8397.6
2026-07-07T07:56:22Z,51.553589,-0.071869,16.5,1.1,1.2,17,1,3,1.91,71.1,8401.9
2026-07-07T07:56:22Z,,,,,,,,,,,8404.8
2026-07-07T07:56:22Z,,,,,,,,,,,8405.7
2026-07-07T07:56:22Z,,,,,,,,,,,8407.4
2026-07-07T07:56:22Z,,,,,,,,,,,8411.2
2026-07-07T07:56:22Z,,,,,,,,,,,8415.1
2026-07-07T07:56:22Z,,,,,,,,,,,8418.6
2026-07-07T07:56:22Z,,,,,,,,,,,8418.8
2026-07-07T07:56:22Z,,,,,,,,,,,8414.5
2026-07-07T07:56:22Z,,,,,,,,,,,8409.6
2026-07-07T07:56:23Z,51.553596,-0.071861,15.8,1.1,1.2,17,1,3,2.23,39.7,8406.2
2026-07-07T07:56:23Z,,,,,,,,,,,8403.3
2026-07-07T07:56:23Z,,,,,,,,,,,8400.7
2026-07-07T07:56:23Z,,,,,,,,,,,8396.2
2026-07-07T07:56:23Z,,,,,,,,,,,8388.1
2026-07-07T07:56:23Z,,,,,,,,,,,8381.0
2026-07-07T07:56:23Z,,,,,,,,,,,8376.5
2026-07-07T07:56:23Z,,,,,,,,,,,8374.5
2026-07-07T07:56:23Z,,,,,,,,,,,8372.9
2026-07-07T07:56:23Z,,,,,,,,,,,8371.2
2026-07-07T07:56:24Z,51.553608,-0.071855,15.2,1.1,1.2,17,1,3,1.35,39.7,8371.0
2026-07-07T07:56:24Z,,,,,,,,,,,8375.9
2026-07-07T07:56:24Z,,,,,,,,,,,8388.7
2026-07-07T07:56:24Z,,,,,,,,,,,8405.4
2026-07-07T07:56:24Z,,,,,,,,,,,8424.8
2026-07-07T07:56:24Z,,,,,,,,,,,8446.7
2026-07-07T07:56:24Z,,,,,,,,,,,8467.9
2026-07-07T07:56:24Z,,,,,,,,,,,8489.4
2026-07-07T07:56:24Z,,,,,,,,,,,8511.2
2026-07-07T07:56:24Z,,,,,,,,,,,8528.7
2026-07-07T07:56:25Z,51.553623,-0.071848,15.1,1.1,1.2,17,1,3,2.65,3.0,8542.3
2026-07-07T07:56:25Z,,,,,,,,,,,8554.1
2026-07-07T07:56:25Z,,,,,,,,,,,8562.9
2026-07-07T07:56:25Z,,,,,,,,,,,8569.2
2026-07-07T07:56:25Z,,,,,,,,,,,8573.7
2026-07-07T07:56:25Z,,,,,,,,,,,8575.9
2026-07-07T07:56:25Z,,,,,,,,,,,8577.6
2026-07-07T07:56:25Z,,,,,,,,,,,8579.8
2026-07-07T07:56:25Z,,,,,,,,,,,8579.8
2026-07-07T07:56:25Z,,,,,,,,,,,8578.9
2026-07-07T07:56:26Z,51.553638,-0.071842,14.6,1.1,1.2,17,1,3,2.42,348.5,8580.0
2026-07-07T07:56:26Z,,,,,,,,,,,8582.3
2026-07-07T07:56:26Z,,,,,,,,,,,8587.8
2026-07-07T07:56:26Z,,,,,,,,,,,8596.2
2026-07-07T07:56:26Z,,,,,,,,,,,8602.0
2026-07-07T07:56:26Z,,,,,,,,,,,8605.1
2026-07-07T07:56:26Z,,,,,,,,,,,8607.7
2026-07-07T07:56:26Z,,,,,,,,,,,8610.8
2026-07-07T07:56:26Z,,,,,,,,,,,8614.8
2026-07-07T07:56:26Z,,,,,,,,,,,8619.5
2026-07-07T07:56:27Z,51.553654,-0.071833,14.1,1.1,1.2,17,1,3,2.96,10.7,8620.8
2026-07-07T07:56:27Z,,,,,,,,,,,8615.9
2026-07-07T07:56:27Z,,,,,,,,,,,8610.4
2026-07-07T07:56:27Z,,,,,,,,,,,8608.0
2026-07-07T07:56:27Z,,,,,,,,,,,8606.1
2026-07-07T07:56:27Z,,,,,,,,,,,8603.4
2026-07-07T07:56:27Z,,,,,,,,,,,8598.8
2026-07-07T07:56:27Z,,,,,,,,,,,8591.1
2026-07-07T07:56:27Z,,,,,,,,,,,8585.9
2026-07-07T07:56:27Z,,,,,,,,,,,8587.0
2026-07-07T07:56:28Z,51.553665,-0.071828,13.6,1.1,1.2,17,1,3,2.37,7.1,8593.7
2026-07-07T07:56:28Z,,,,,,,,,,,8602.5
2026-07-07T07:56:28Z,,,,,,,,,,,8613.4
2026-07-07T07:56:28Z,,,,,,,,,,,8624.4
2026-07-07T07:56:28Z,,,,,,,,,,,8637.6
2026-07-07T07:56:28Z,,,,,,,,,,,8654.9
2026-07-07T07:56:28Z,,,,,,,,,,,8671.0
2026-07-07T07:56:28Z,,,,,,,,,,,8684.4
2026-07-07T07:56:28Z,,,,,,,,,,,8696.9
2026-07-07T07:56:28Z,,,,,,,,,,,8704.1
2026-07-07T07:56:29Z,51.553677,-0.071822,12.8,1.1,1.2,17,1,3,2.07,353.1,8708.7
2026-07-07T07:56:29Z,,,,,,,,,,,8714.0
2026-07-07T07:56:29Z,,,,,,,,,,,8715.5
2026-07-07T07:56:29Z,,,,,,,,,,,8714.7
2026-07-07T07:56:29Z,,,,,,,,,,,8713.4
2026-07-07T07:56:29Z,,,,,,,,,,,8708.1
2026-07-07T07:56:29Z,,,,,,,,,,,8700.9
2026-07-07T07:56:29Z,,,,,,,,,,,8694.3
2026-07-07T07:56:29Z,,,,,,,,,,,8689.5
2026-07-07T07:56:29Z,,,,,,,,,,,8688.3
2026-07-07T07:56:30Z,51.553684,-0.071817,12.0,1.1,1.2,17,1,3,1.64,353.1,8691.9
2026-07-07T07:56:30Z,,,,,,,,,,,8699.3
2026-07-07T07:56:30Z,,,,,,,,,,,8709.1
2026-07-07T07:56:30Z,,,,,,,,,,,8719.4
2026-07-07T07:56:30Z,,,,,,,,,,,8730.0
2026-07-07T07:56:30Z,,,,,,,,,,,8741.8
2026-07-07T07:56:30Z,,,,,,,,,,,8753.9
2026-07-07T07:56:30Z,,,,,,,,,,,8763.7
2026-07-07T07:56:30Z,,,,,,,,,,,8767.6
2026-07-07T07:56:30Z,,,,,,,,,,,8768.0
2026-07-07T07:56:31Z,51.553699,-0.071811,11.0,1.1,1.2,17,1,3,1.34,353.1,8769.8
2026-07-07T07:56:31Z,,,,,,,,,,,8772.3
2026-07-07T07:56:31Z,,,,,,,,,,,8775.8
2026-07-07T07:56:31Z,,,,,,,,,,,8777.4
2026-07-07T07:56:31Z,,,,,,,,,,,8771.7
2026-07-07T07:56:31Z,,,,,,,,,,,8763.3
2026-07-07T07:56:31Z,,,,,,,,,,,8757.4
2026-07-07T07:56:31Z,,,,,,,,,,,8753.2
2026-07-07T07:56:31Z,,,,,,,,,,,8746.9
2026-07-07T07:56:31Z,,,,,,,,,,,8737.7
2026-07-07T07:56:32Z,51.553719,-0.071805,10.3,1.1,1.2,17,1,3,2.68,6.7,8725.3
2026-07-07T07:56:32Z,,,,,,,,,,,8711.8
2026-07-07T07:56:32Z,,,,,,,,,,,8701.6
2026-07-07T07:56:32Z,,,,,,,,,,,8694.1
2026-07-07T07:56:32Z,,,,,,,,,,,8683.1
2026-07-07T07:56:32Z,,,,,,,,,,,8669.7
2026-07-07T07:56:32Z,,,,,,,,,,,8655.6
2026-07-07T07:56:32Z,,,,,,,,,,,8642.4
2026-07-07T07:56:32Z,,,,,,,,,,,8633.2
2026-07-07T07:56:32Z,,,,,,,,,,,8623.7
2026-07-07T07:56:33Z,51.553738,-0.071792,10.0,1.1,1.2,17,1,3,3.88,6.9,8613.5
2026-07-07T07:56:33Z,,,,,,,,,,,8606.0
2026-07-07T07:56:33Z,,,,,,,,,,,8598.4
2026-07-07T07:56:33Z,,,,,,,,,,,8592.1
2026-07-07T07:56:33Z,,,,,,,,,,,8590.4
2026-07-07T07:56:33Z,,,,,,,,,,,8588.5
2026-07-07T07:56:33Z,,,,,,,,,,,8585.3
2026-07-07T07:56:33Z,,,,,,,,,,,8582.7
2026-07-07T07:56:33Z,,,,,,,,,,,8579.0
2026-07-07T07:56:33Z,,,,,,,,,,,8576.9
2026-07-07T07:56:34Z,51.553753,-0.071781,10.4,1.1,1.2,17,1,3,4.23,27.4,8576.0
2026-07-07T07:56:34Z,,,,,,,,,,,8573.6
2026-07-07T07:56:34Z,,,,,,,,,,,8571.5
2026-07-07T07:56:34Z,,,,,,,,,,,8571.0
2026-07-07T07:56:34Z,,,,,,,,,,,8568.8
2026-07-07T07:56:34Z,,,,,,,,,,,8565.3
2026-07-07T07:56:34Z,,,,,,,,,,,8561.4
2026-07-07T07:56:34Z,,,,,,,,,,,8557.1
2026-07-07T07:56:34Z,,,,,,,,,,,8554.6
2026-07-07T07:56:34Z,,,,,,,,,,,8552.0
2026-07-07T07:56:35Z,51.553753,-0.071779,10.7,1.1,1.2,17,1,3,0.94,27.4,8548.2
2026-07-07T07:56:35Z,,,,,,,,,,,8542.2
2026-07-07T07:56:35Z,,,,,,,,,,,8536.7
2026-07-07T07:56:35Z,,,,,,,,,,,8533.7
2026-07-07T07:56:35Z,,,,,,,,,,,8533.3
2026-07-07T07:56:35Z,,,,,,,,,,,8535.4
2026-07-07T07:56:35Z,,,,,,,,,,,8535.5
2026-07-07T07:56:35Z,,,,,,,,,,,8535.7
2026-07-07T07:56:35Z,,,,,,,,,,,8540.3
2026-07-07T07:56:35Z,,,,,,,,,,,8548.1
2026-07-07T07:56:35Z,51.553753,-0.071779,10.7,1.1,1.2,17,1,3,1.29,27.4,8556.9
2026-07-07T07:56:36Z,,,,,,,,,,,8562.9
2026-07-07T07:56:36Z,,,,,,,,,,,8566.5
2026-07-07T07:56:36Z,,,,,,,,,,,8570.4
2026-07-07T07:56:36Z,,,,,,,,,,,8576.1
2026-07-07T07:56:36Z,,,,,,,,,,,8579.9
2026-07-07T07:56:36Z,,,,,,,,,,,8583.1
2026-07-07T07:56:36Z,,,,,,,,,,,8589.3
2026-07-07T07:56:36Z,,,,,,,,,,,8595.7
2026-07-07T07:56:36Z,,,,,,,,,,,8602.1
2026-07-07T07:56:37Z,51.553764,-0.071768,10.3,1.1,1.2,17,1,3,0.15,27.4,8609.7
2026-07-07T07:56:37Z,,,,,,,,,,,8617.6
2026-07-07T07:56:37Z,,,,,,,,,,,8626.6
2026-07-07T07:56:37Z,,,,,,,,,,,8637.4
2026-07-07T07:56:37Z,,,,,,,,,,,8645.8
2026-07-07T07:56:37Z,,,,,,,,,,,8652.5
2026-07-07T07:56:37Z,,,,,,,,,,,8660.0
2026-07-07T07:56:37Z,,,,,,,,,,,8667.8
2026-07-07T07:56:37Z,,,,,,,,,,,8675.6
2026-07-07T07:56:37Z,,,,,,,,,,,8681.6
2026-07-07T07:56:38Z,51.553776,-0.071763,9.5,1.1,1.2,17,1,3,2.24,69.7,8683.0
2026-07-07T07:56:38Z,,,,,,,,,,,8678.6
2026-07-07T07:56:38Z,,,,,,,,,,,8675.0
2026-07-07T07:56:38Z,,,,,,,,,,,8673.6
2026-07-07T07:56:38Z,,,,,,,,,,,8669.7
2026-07-07T07:56:38Z,,,,,,,,,,,8664.4
2026-07-07T07:56:38Z,,,,,,,,,,,8656.5
2026-07-07T07:56:38Z,,,,,,,,,,,8648.3
2026-07-07T07:56:38Z,,,,,,,,,,,8645.6
2026-07-07T07:56:38Z,,,,,,,,,,,8646.4
2026-07-07T07:56:39Z,51.553791,-0.071753,10.2,1.1,1.2,17,1,3,1.74,69.7,8647.7
2026-07-07T07:56:39Z,,,,,,,,,,,8649.7
2026-07-07T07:56:39Z,,,,,,,,,,,8651.6
2026-07-07T07:56:39Z,,,,,,,,,,,8653.5
2026-07-07T07:56:39Z,,,,,,,,,,,8657.1
2026-07-07T07:56:39Z,,,,,,,,,,,8660.4
2026-07-07T07:56:39Z,,,,,,,,,,,8662.6
2026-07-07T07:56:39Z,,,,,,,,,,,8664.1
2026-07-07T07:56:39Z,,,,,,,,,,,8664.1
2026-07-07T07:56:39Z,,,,,,,,,,,8661.1
2026-07-07T07:56:40Z,51.553806,-0.071746,10.4,1.1,1.2,17,1,3,2.85,6.1,8657.1
2026-07-07T07:56:40Z,,,,,,,,,,,8652.8
2026-07-07T07:56:40Z,,,,,,,,,,,8646.7
2026-07-07T07:56:40Z,,,,,,,,,,,8641.6
2026-07-07T07:56:40Z,,,,,,,,,,,8638.1
2026-07-07T07:56:40Z,,,,,,,,,,,8632.0
2026-07-07T07:56:40Z,,,,,,,,,,,8623.5
2026-07-07T07:56:40Z,,,,,,,,,,,8617.4
2026-07-07T07:56:40Z,,,,,,,,,,,8612.7
2026-07-07T07:56:40Z,,,,,,,,,,,8608.2
2026-07-07T07:56:41Z,51.553825,-0.071737,10.5,1.1,1.2,17,1,3,2.46,9.6,8605.7
2026-07-07T07:56:41Z,,,,,,,,,,,8601.9
2026-07-07T07:56:41Z,,,,,,,,,,,8595.1
2026-07-07T07:56:41Z,,,,,,,,,,,8588.3
2026-07-07T07:56:41Z,,,,,,,,,,,8583.0
2026-07-07T07:56:41Z,,,,,,,,,,,8579.0
2026-07-07T07:56:41Z,,,,,,,,,,,8574.7
2026-07-07T07:56:41Z,,,,,,,,,,,8567.5
2026-07-07T07:56:41Z,,,,,,,,,,,8558.2
2026-07-07T07:56:41Z,,,,,,,,,,,8550.9
2026-07-07T07:56:42Z,51.553841,-0.071729,10.5,1.1,1.2,17,1,3,2.46,20.1,8548.8
2026-07-07T07:56:42Z,,,,,,,,,,,8547.3
2026-07-07T07:56:42Z,,,,,,,,,,,8543.7
2026-07-07T07:56:42Z,,,,,,,,,,,8537.1
2026-07-07T07:56:42Z,,,,,,,,,,,8528.2
2026-07-07T07:56:42Z,,,,,,,,,,,8523.6
2026-07-07T07:56:42Z,,,,,,,,,,,8525.2
2026-07-07T07:56:42Z,,,,,,,,,,,8529.3
2026-07-07T07:56:42Z,,,,,,,,,,,8533.2
2026-07-07T07:56:42Z,,,,,,,,,,,8536.4
2026-07-07T07:56:43Z,51.553852,-0.071721,10.7,1.1,1.2,17,1,3,2.21,10.5,8540.0
2026-07-07T07:56:43Z,,,,,,,,,,,8546.5
2026-07-07T07:56:43Z,,,,,,,,,,,8556.9
2026-07-07T07:56:43Z,,,,,,,,,,,8567.1
2026-07-07T07:56:43Z,,,,,,,,,,,8574.6
2026-07-07T07:56:43Z,,,,,,,,,,,8579.3
2026-07-07T07:56:43Z,,,,,,,,,,,8580.7
2026-07-07T07:56:43Z,,,,,,,,,,,8583.8
2026-07-07T07:56:43Z,,,,,,,,,,,8589.7
2026-07-07T07:56:43Z,,,,,,,,,,,8594.2
2026-07-07T07:56:44Z,51.553867,-0.071718,10.4,1.1,1.2,17,1,3,2.02,4.2,8597.4
2026-07-07T07:56:44Z,,,,,,,,,,,8599.3
2026-07-07T07:56:44Z,,,,,,,,,,,8598.9
2026-07-07T07:56:44Z,,,,,,,,,,,8599.3
2026-07-07T07:56:44Z,,,,,,,,,,,8601.3
2026-07-07T07:56:44Z,,,,,,,,,,,8602.3
2026-07-07T07:56:44Z,,,,,,,,,,,8603.7
2026-07-07T07:56:44Z,,,,,,,,,,,8605.8
2026-07-07T07:56:44Z,,,,,,,,,,,8606.8
2026-07-07T07:56:44Z,,,,,,,,,,,8606.8
2026-07-07T07:56:45Z,51.553879,-0.071714,10.4,1.1,1.2,17,1,3,1.98,3.4,8606.9
2026-07-07T07:56:45Z,,,,,,,,,,,8605.7
2026-07-07T07:56:45Z,,,,,,,,,,,8604.3
2026-07-07T07:56:45Z,,,,,,,,,,,8602.5
2026-07-07T07:56:45Z,,,,,,,,,,,8598.3
2026-07-07T07:56:45Z,,,,,,,,,,,8593.1
2026-07-07T07:56:45Z,,,,,,,,,,,8587.4
2026-07-07T07:56:45Z,,,,,,,,,,,8580.7
2026-07-07T07:56:45Z,,,,,,,,,,,8574.8
2026-07-07T07:56:45Z,,,,,,,,,,,8570.4
2026-07-07T07:56:46Z,51.553894,-0.071710,10.5,1.1,1.2,17,1,3,1.59,3.4,8564.1
2026-07-07T07:56:46Z,,,,,,,,,,,8555.7
2026-07-07T07:56:46Z,,,,,,,,,,,8548.1
2026-07-07T07:56:46Z,,,,,,,,,,,8542.7
2026-07-07T07:56:46Z,,,,,,,,,,,8538.7
2026-07-07T07:56:46Z,,,,,,,,,,,8534.3
2026-07-07T07:56:46Z,,,,,,,,,,,8527.8
2026-07-07T07:56:46Z,,,,,,,,,,,8519.1
2026-07-07T07:56:46Z,,,,,,,,,,,8509.3
2026-07-07T07:56:46Z,,,,,,,,,,,8502.3
2026-07-07T07:56:46Z,51.553894,-0.071710,10.5,1.1,1.2,17,1,3,2.69,0.4,8498.4
2026-07-07T07:56:47Z,,,,,,,,,,,8494.9
2026-07-07T07:56:47Z,,,,,,,,,,,8488.7
2026-07-07T07:56:47Z,,,,,,,,,,,8480.7
2026-07-07T07:56:47Z,,,,,,,,,,,8476.2
2026-07-07T07:56:47Z,,,,,,,,,,,8475.1
2026-07-07T07:56:47Z,,,,,,,,,,,8477.0
2026-07-07T07:56:47Z,,,,,,,,,,,8481.7
2026-07-07T07:56:47Z,,,,,,,,,,,8486.5
2026-07-07T07:56:47Z,,,,,,,,,,,8491.8
2026-07-07T07:56:48Z,51.553925,-0.071704,10.1,1.1,1.2,17,1,3,2.76,344.5,8502.4
2026-07-07T07:56:48Z,,,,,,,,,,,8516.3
2026-07-07T07:56:48Z,,,,,,,,,,,8532.6
2026-07-07T07:56:48Z,,,,,,,,,,,8549.7
2026-07-07T07:56:48Z,,,,,,,,,,,8561.6
2026-07-07T07:56:48Z,,,,,,,,,,,8571.4
2026-07-07T07:56:48Z,,,,,,,,,,,8583.8
2026-07-07T07:56:48Z,,,,,,,,,,,8596.5
2026-07-07T07:56:48Z,,,,,,,,,,,8606.4
2026-07-07T07:56:48Z,,,,,,,,,,,8612.1
2026-07-07T07:56:49Z,51.553936,-0.071702,9.8,1.1,1.2,17,1,3,1.75,344.5,8610.0
2026-07-07T07:56:49Z,,,,,,,,,,,8605.2
2026-07-07T07:56:49Z,,,,,,,,,,,8604.1
2026-07-07T07:56:49Z,,,,,,,,,,,8603.5
2026-07-07T07:56:49Z,,,,,,,,,,,8600.1
2026-07-07T07:56:49Z,,,,,,,,,,,8596.2
2026-07-07T07:56:49Z,,,,,,,,,,,8591.2
2026-07-07T07:56:49Z,,,,,,,,,,,8584.4
2026-07-07T07:56:49Z,,,,,,,,,,,8579.6
2026-07-07T07:56:49Z,,,,,,,,,,,8575.3
2026-07-07T07:56:50Z,51.553947,-0.071698,9.4,1.1,1.2,17,1,3,2.18,344.2,8569.6
2026-07-07T07:56:50Z,,,,,,,,,,,8565.7
2026-07-07T07:56:50Z,,,,,,,,,,,8563.4
2026-07-07T07:56:50Z,,,,,,,,,,,8560.4
2026-07-07T07:56:50Z,,,,,,,,,,,8556.5
2026-07-07T07:56:50Z,,,,,,,,,,,8554.1
2026-07-07T07:56:50Z,,,,,,,,,,,8553.2
2026-07-07T07:56:50Z,,,,,,,,,,,8552.3
2026-07-07T07:56:50Z,,,,,,,,,,,8552.3
2026-07-07T07:56:50Z,,,,,,,,,,,8549.5
2026-07-07T07:56:51Z,51.553959,-0.071691,8.9,1.1,1.2,17,1,3,2.43,19.0,8543.2
2026-07-07T07:56:51Z,,,,,,,,,,,8536.3
2026-07-07T07:56:51Z,,,,,,,,,,,8530.6
2026-07-07T07:56:51Z,,,,,,,,,,,8528.8
2026-07-07T07:56:51Z,,,,,,,,,,,8529.8
2026-07-07T07:56:51Z,,,,,,,,,,,8527.8
2026-07-07T07:56:51Z,,,,,,,,,,,8522.8
2026-07-07T07:56:51Z,,,,,,,,,,,8521.6
2026-07-07T07:56:51Z,,,,,,,,,,,8525.9
2026-07-07T07:56:51Z,,,,,,,,,,,8533.5
2026-07-07T07:56:52Z,51.553967,-0.071685,8.4,1.1,1.2,17,1,3,1.06,19.0,8545.5
2026-07-07T07:56:52Z,,,,,,,,,,,8555.4
2026-07-07T07:56:52Z,,,,,,,,,,,8560.3
2026-07-07T07:56:52Z,,,,,,,,,,,8566.8
2026-07-07T07:56:52Z,,,,,,,,,,,8577.2
2026-07-07T07:56:52Z,,,,,,,,,,,8588.1
2026-07-07T07:56:52Z,,,,,,,,,,,8596.1
2026-07-07T07:56:52Z,,,,,,,,,,,8600.4
2026-07-07T07:56:52Z,,,,,,,,,,,8601.0
2026-07-07T07:56:52Z,,,,,,,,,,,8600.3
2026-07-07T07:56:53Z,51.553974,-0.071681,8.4,1.1,1.2,17,1,3,1.14,19.0,8602.0
2026-07-07T07:56:53Z,,,,,,,,,,,8604.3
2026-07-07T07:56:53Z,,,,,,,,,,,8605.1
2026-07-07T07:56:53Z,,,,,,,,,,,8602.4
2026-07-07T07:56:53Z,,,,,,,,,,,8596.7
2026-07-07T07:56:53Z,,,,,,,,,,,8593.2
2026-07-07T07:56:53Z,,,,,,,,,,,8593.0
2026-07-07T07:56:53Z,,,,,,,,,,,8590.6
2026-07-07T07:56:53Z,,,,,,,,,,,8586.7
2026-07-07T07:56:53Z,,,,,,,,,,,8583.7
2026-07-07T07:56:54Z,51.553982,-0.071680,8.5,1.1,1.2,17,1,3,0.81,19.0,8580.0
2026-07-07T07:56:54Z,,,,,,,,,,,8576.8
2026-07-07T07:56:54Z,,,,,,,,,,,8575.2
2026-07-07T07:56:54Z,,,,,,,,,,,8574.1
2026-07-07T07:56:54Z,,,,,,,,,,,8572.9
2026-07-07T07:56:54Z,,,,,,,,,,,8573.1
2026-07-07T07:56:54Z,,,,,,,,,,,8574.5
2026-07-07T07:56:54Z,,,,,,,,,,,8578.9
2026-07-07T07:56:54Z,,,,,,,,,,,8586.6
2026-07-07T07:56:54Z,,,,,,,,,,,8596.5
2026-07-07T07:56:55Z,51.553997,-0.071681,7.5,1.1,1.2,17,1,3,1.71,19.0,8610.0
2026-07-07T07:56:55Z,,,,,,,,,,,8626.0
2026-07-07T07:56:55Z,,,,,,,,,,,8640.5
2026-07-07T07:56:55Z,,,,,,,,,,,8651.5
2026-07-07T07:56:55Z,,,,,,,,,,,8660.6
2026-07-07T07:56:55Z,,,,,,,,,,,8668.4
2026-07-07T07:56:55Z,,,,,,,,,,,8676.9
2026-07-07T07:56:55Z,,,,,,,,,,,8686.8
2026-07-07T07:56:55Z,,,,,,,,,,,8692.5
2026-07-07T07:56:55Z,,,,,,,,,,,8691.1
2026-07-07T07:56:56Z,51.554005,-0.071680,6.6,1.1,1.2,17,1,3,2.39,347.1,8689.3
2026-07-07T07:56:56Z,,,,,,,,,,,8689.4
2026-07-07T07:56:56Z,,,,,,,,,,,8690.4
2026-07-07T07:56:56Z,,,,,,,,,,,8693.2
2026-07-07T07:56:56Z,,,,,,,,,,,8693.4
2026-07-07T07:56:56Z,,,,,,,,,,,8688.3
2026-07-07T07:56:56Z,,,,,,,,,,,8682.4
2026-07-07T07:56:56Z,,,,,,,,,,,8680.9
2026-07-07T07:56:56Z,,,,,,,,,,,8682.5
2026-07-07T07:56:56Z,,,,,,,,,,,8684.3
2026-07-07T07:56:57Z,51.554016,-0.071672,5.8,1.1,1.2,17,1,3,1.48,347.1,8686.3
2026-07-07T07:56:57Z,,,,,,,,,,,8684.7
2026-07-07T07:56:57Z,,,,,,,,,,,8679.9
2026-07-07T07:56:57Z,,,,,,,,,,,8678.8
2026-07-07T07:56:57Z,,,,,,,,,,,8680.2
2026-07-07T07:56:57Z,,,,,,,,,,,8678.8
2026-07-07T07:56:57Z,,,,,,,,,,,8674.0
2026-07-07T07:56:57Z,,,,,,,,,,,8667.5
2026-07-07T07:56:57Z,,,,,,,,,,,8659.9
2026-07-07T07:56:57Z,,,,,,,,,,,8653.0
2026-07-07T07:56:58Z,51.554024,-0.071659,5.1,1.1,1.2,17,1,3,1.86,347.1,8647.3
2026-07-07T07:56:58Z,,,,,,,,,,,8640.3
2026-07-07T07:56:58Z,,,,,,,,,,,8631.3
2026-07-07T07:56:58Z,,,,,,,,,,,8625.0
2026-07-07T07:56:58Z,,,,,,,,,,,8621.2
2026-07-07T07:56:58Z,,,,,,,,,,,8619.3
2026-07-07T07:56:58Z,,,,,,,,,,,8620.3
2026-07-07T07:56:58Z,,,,,,,,,,,8623.5
2026-07-07T07:56:58Z,,,,,,,,,,,8630.0
2026-07-07T07:56:58Z,,,,,,,,,,,8640.2
2026-07-07T07:56:59Z,51.554028,-0.071645,4.6,1.1,1.2,17,1,3,2.17,73.4,8651.7
2026-07-07T07:56:59Z,,,,,,,,,,,8660.3
2026-07-07T07:56:59Z,,,,,,,,,,,8666.8
2026-07-07T07:56:59Z,,,,,,,,,,,8672.8
2026-07-07T07:56:59Z,,,,,,,,,,,8677.0
2026-07-07T07:56:59Z,,,,,,,,,,,8680.7
2026-07-07T07:56:59Z,,,,,,,,,,,8684.4
2026-07-07T07:56:59Z,,,,,,,,,,,8682.3
2026-07-07T07:56:59Z,,,,,,,,,,,8675.3
2026-07-07T07:56:59Z,,,,,,,,,,,8669.2
2026-07-07T07:57:00Z,51.554028,-0.071631,4.2,1.1,1.2,17,1,3,2.03,92.4,8664.7
2026-07-07T07:57:00Z,,,,,,,,,,,8660.2
2026-07-07T07:57:00Z,,,,,,,,,,,8654.9
2026-07-07T07:57:00Z,,,,,,,,,,,8646.5
2026-07-07T07:57:00Z,,,,,,,,,,,8634.9
2026-07-07T07:57:00Z,,,,,,,,,,,8626.3
2026-07-07T07:57:00Z,,,,,,,,,,,8622.3
2026-07-07T07:57:00Z,,,,,,,,,,,8619.1
2026-07-07T07:57:00Z,,,,,,,,,,,8614.4
2026-07-07T07:57:00Z,,,,,,,,,,,8608.7
2026-07-07T07:57:01Z,51.554035,-0.071619,4.1,1.1,1.2,17,1,3,1.98,86.3,8603.1
2026-07-07T07:57:01Z,,,,,,,,,,,8599.2
2026-07-07T07:57:01Z,,,,,,,,,,,8598.0
2026-07-07T07:57:01Z,,,,,,,,,,,8596.8
2026-07-07T07:57:01Z,,,,,,,,,,,8593.5
2026-07-07T07:57:01Z,,,,,,,,,,,8588.2
2026-07-07T07:57:01Z,,,,,,,,,,,8581.8
2026-07-07T07:57:01Z,,,,,,,,,,,8577.3
2026-07-07T07:57:01Z,,,,,,,,,,,8575.3
2026-07-07T07:57:01Z,,,,,,,,,,,8571.0
2026-07-07T07:57:02Z,51.554039,-0.071621,4.2,1.1,1.2,17,1,3,1.47,86.3,8564.1
2026-07-07T07:57:02Z,,,,,,,,,,,8558.1
2026-07-07T07:57:02Z,,,,,,,,,,,8553.6
2026-07-07T07:57:02Z,,,,,,,,,,,8551.6
2026-07-07T07:57:02Z,,,,,,,,,,,8552.2
2026-07-07T07:57:02Z,,,,,,,,,,,8554.0
2026-07-07T07:57:02Z,,,,,,,,,,,8558.2
2026-07-07T07:57:02Z,,,,,,,,,,,8567.9
2026-07-07T07:57:02Z,,,,,,,,,,,8582.0
2026-07-07T07:57:02Z,,,,,,,,,,,8595.4
2026-07-07T07:57:03Z,51.554039,-0.071622,4.3,1.1,1.2,17,1,3,0.00,86.3,8607.0
2026-07-07T07:57:03Z,,,,,,,,,,,8617.1
2026-07-07T07:57:03Z,,,,,,,,,,,8628.2
2026-07-07T07:57:03Z,,,,,,,,,,,8639.4
2026-07-07T07:57:03Z,,,,,,,,,,,8649.8
2026-07-07T07:57:03Z,,,,,,,,,,,8657.6
2026-07-07T07:57:03Z,,,,,,,,,,,8662.0
2026-07-07T07:57:03Z,,,,,,,,,,,8667.5
2026-07-07T07:57:03Z,,,,,,,,,,,8673.6
2026-07-07T07:57:04Z,,,,,,,,,,,8678.6
2026-07-07T07:57:04Z,51.554047,-0.071623,4.4,1.1,1.2,17,1,3,0.00,86.3,8683.9
2026-07-07T07:57:04Z,,,,,,,,,,,8685.9
2026-07-07T07:57:04Z,,,,,,,,,,,8684.2
2026-07-07T07:57:04Z,,,,,,,,,,,8683.3
2026-07-07T07:57:04Z,,,,,,,,,,,8685.7
2026-07-07T07:57:04Z,,,,,,,,,,,8688.2
2026-07-07T07:57:04Z,,,,,,,,,,,8689.7
2026-07-07T07:57:04Z,,,,,,,,,,,8691.0
2026-07-07T07:57:04Z,,,,,,,,,,,8689.1
2026-07-07T07:57:04Z,,,,,,,,,,,8686.3
2026-07-07T07:57:05Z,51.554050,-0.071609,4.1,1.1,1.2,17,1,3,0.00,86.3,8687.5
2026-07-07T07:57:05Z,,,,,,,,,,,8689.3
2026-07-07T07:57:05Z,,,,,,,,,,,8688.5
2026-07-07T07:57:05Z,,,,,,,,,,,8687.4
2026-07-07T07:57:05Z,,,,,,,,,,,8687.4
2026-07-07T07:57:05Z,,,,,,,,,,,8685.5
2026-07-07T07:57:05Z,,,,,,,,,,,8683.8
2026-07-07T07:57:05Z,,,,,,,,,,,8683.6
2026-07-07T07:57:05Z,,,,,,,,,,,8682.8
2026-07-07T07:57:05Z,,,,,,,,,,,8682.4
2026-07-07T07:57:06Z,51.554054,-0.071586,4.1,1.1,1.2,17,1,3,2.00,91.0,8683.5
2026-07-07T07:57:06Z,,,,,,,,,,,8684.8
2026-07-07T07:57:06Z,,,,,,,,,,,8684.9
2026-07-07T07:57:06Z,,,,,,,,,,,8684.3
2026-07-07T07:57:06Z,,,,,,,,,,,8683.8
2026-07-07T07:57:06Z,,,,,,,,,,,8685.6
2026-07-07T07:57:06Z,,,,,,,,,,,8689.8
2026-07-07T07:57:06Z,,,,,,,,,,,8693.1
2026-07-07T07:57:06Z,,,,,,,,,,,8693.4
2026-07-07T07:57:06Z,,,,,,,,,,,8694.1
2026-07-07T07:57:07Z,51.554062,-0.071567,4.1,1.1,1.2,17,1,3,3.06,94.2,8698.5
2026-07-07T07:57:07Z,,,,,,,,,,,8705.3
2026-07-07T07:57:07Z,,,,,,,,,,,8714.0
2026-07-07T07:57:07Z,,,,,,,,,,,8721.9
2026-07-07T07:57:07Z,,,,,,,,,,,8723.7
2026-07-07T07:57:07Z,,,,,,,,,,,8723.0
2026-07-07T07:57:07Z,,,,,,,,,,,8724.8
2026-07-07T07:57:07Z,,,,,,,,,,,8726.7
2026-07-07T07:57:07Z,,,,,,,,,,,8727.2
2026-07-07T07:57:07Z,,,,,,,,,,,8724.5
2026-07-07T07:57:08Z,51.554062,-0.071548,4.4,1.1,1.2,17,1,3,2.13,98.5,8718.6
2026-07-07T07:57:08Z,,,,,,,,,,,8714.2
2026-07-07T07:57:08Z,,,,,,,,,,,8714.3
2026-07-07T07:57:08Z,,,,,,,,,,,8720.6
2026-07-07T07:57:08Z,,,,,,,,,,,8729.9
2026-07-07T07:57:08Z,,,,,,,,,,,8740.8
2026-07-07T07:57:08Z,,,,,,,,,,,8754.3
2026-07-07T07:57:08Z,,,,,,,,,,,8769.4
2026-07-07T07:57:08Z,,,,,,,,,,,8786.0
2026-07-07T07:57:08Z,,,,,,,,,,,8802.4
2026-07-07T07:57:09Z,51.554062,-0.071534,4.6,1.1,1.2,17,1,3,2.49,131.6,8813.9
2026-07-07T07:57:09Z,,,,,,,,,,,8821.6
2026-07-07T07:57:09Z,,,,,,,,,,,8828.8
2026-07-07T07:57:09Z,,,,,,,,,,,8833.0
2026-07-07T07:57:09Z,,,,,,,,,,,8833.9
2026-07-07T07:57:09Z,,,,,,,,,,,8832.5
2026-07-07T07:57:09Z,,,,,,,,,,,8827.5
2026-07-07T07:57:09Z,,,,,,,,,,,8821.0
2026-07-07T07:57:09Z,,,,,,,,,,,8814.6
2026-07-07T07:57:09Z,,,,,,,,,,,8806.8
2026-07-07T07:57:10Z,51.554070,-0.071522,4.8,1.1,1.2,17,1,3,1.49,131.6,8795.2
2026-07-07T07:57:10Z,,,,,,,,,,,8783.9
2026-07-07T07:57:10Z,,,,,,,,,,,8773.9
2026-07-07T07:57:10Z,,,,,,,,,,,8764.2
2026-07-07T07:57:10Z,,,,,,,,,,,8756.2
2026-07-07T07:57:10Z,,,,,,,,,,,8746.6
2026-07-07T07:57:10Z,,,,,,,,,,,8732.9
2026-07-07T07:57:10Z,,,,,,,,,,,8719.6
2026-07-07T07:57:10Z,,,,,,,,,,,8708.9
2026-07-07T07:57:10Z,,,,,,,,,,,8699.0
2026-07-07T07:57:11Z,51.554077,-0.071506,4.8,1.1,1.2,17,1,3,1.88,131.6,8690.0
2026-07-07T07:57:11Z,,,,,,,,,,,8680.7
2026-07-07T07:57:11Z,,,,,,,,,,,8667.7
2026-07-07T07:57:11Z,,,,,,,,,,,8654.5
2026-07-07T07:57:11Z,,,,,,,,,,,8644.0
2026-07-07T07:57:11Z,,,,,,,,,,,8637.1
2026-07-07T07:57:11Z,,,,,,,,,,,8630.5
2026-07-07T07:57:11Z,,,,,,,,,,,8623.7
2026-07-07T07:57:11Z,,,,,,,,,,,8616.9
2026-07-07T07:57:11Z,,,,,,,,,,,8609.6
2026-07-07T07:57:12Z,51.554081,-0.071478,5.7,1.1,1.2,17,1,3,2.45,67.5,8603.8
2026-07-07T07:57:12Z,,,,,,,,,,,8598.9
2026-07-07T07:57:12Z,,,,,,,,,,,8593.4
2026-07-07T07:57:12Z,,,,,,,,,,,8590.9
2026-07-07T07:57:12Z,,,,,,,,,,,8589.8
2026-07-07T07:57:12Z,,,,,,,,,,,8588.4
2026-07-07T07:57:12Z,,,,,,,,,,,8587.6
2026-07-07T07:57:12Z,,,,,,,,,,,8587.2
2026-07-07T07:57:12Z,,,,,,,,,,,8585.9
2026-07-07T07:57:12Z,,,,,,,,,,,8583.7
2026-07-07T07:57:13Z,51.554081,-0.071451,6.3,1.1,1.2,17,1,3,3.10,86.3,8583.7
2026-07-07T07:57:13Z,,,,,,,,,,,8584.5
2026-07-07T07:57:13Z,,,,,,,,,,,8581.6
2026-07-07T07:57:13Z,,,,,,,,,,,8578.3
2026-07-07T07:57:13Z,,,,,,,,,,,8578.2
2026-07-07T07:57:13Z,,,,,,,,,,,8579.6
2026-07-07T07:57:13Z,,,,,,,,,,,8582.0
2026-07-07T07:57:13Z,,,,,,,,,,,8584.4
2026-07-07T07:57:13Z,,,,,,,,,,,8585.6
2026-07-07T07:57:13Z,,,,,,,,,,,8587.6
2026-07-07T07:57:14Z,51.554085,-0.071426,6.7,1.1,1.2,17,1,3,3.22,93.8,8592.4
2026-07-07T07:57:14Z,,,,,,,,,,,8600.0
2026-07-07T07:57:14Z,,,,,,,,,,,8609.6
2026-07-07T07:57:14Z,,,,,,,,,,,8617.6
2026-07-07T07:57:14Z,,,,,,,,,,,8624.0
2026-07-07T07:57:14Z,,,,,,,,,,,8628.8
2026-07-07T07:57:14Z,,,,,,,,,,,8633.7
2026-07-07T07:57:14Z,,,,,,,,,,,8640.3
2026-07-07T07:57:14Z,,,,,,,,,,,8645.1
2026-07-07T07:57:14Z,,,,,,,,,,,8646.2
2026-07-07T07:57:15Z,51.554089,-0.071425,6.9,1.1,1.2,17,1,3,3.41,88.0,8645.6
2026-07-07T07:57:15Z,,,,,,,,,,,8643.2
2026-07-07T07:57:15Z,,,,,,,,,,,8641.3
2026-07-07T07:57:15Z,,,,,,,,,,,8640.1
2026-07-07T07:57:15Z,,,,,,,,,,,8637.4
2026-07-07T07:57:15Z,,,,,,,,,,,8635.3
2026-07-07T07:57:15Z,,,,,,,,,,,8633.4
2026-07-07T07:57:15Z,,,,,,,,,,,8628.9
2026-07-07T07:57:15Z,,,,,,,,,,,8623.2
2026-07-07T07:57:15Z,,,,,,,,,,,8618.7
2026-07-07T07:57:16Z,51.554089,-0.071424,7.1,1.1,1.2,17,1,3,0.00,88.0,8613.2
2026-07-07T07:57:16Z,,,,,,,,,,,8607.3
2026-07-07T07:57:16Z,,,,,,,,,,,8604.8
2026-07-07T07:57:16Z,,,,,,,,,,,8601.4
2026-07-07T07:57:16Z,,,,,,,,,,,8595.3
2026-07-07T07:57:16Z,,,,,,,,,,,8590.0
2026-07-07T07:57:16Z,,,,,,,,,,,8586.7
2026-07-07T07:57:16Z,,,,,,,,,,,8586.4
2026-07-07T07:57:16Z,,,,,,,,,,,8587.0
2026-07-07T07:57:16Z,,,,,,,,,,,8585.8
2026-07-07T07:57:17Z,51.554092,-0.071422,7.3,1.1,1.2,17,1,3,0.00,88.0,8581.5
2026-07-07T07:57:17Z,,,,,,,,,,,8578.5
2026-07-07T07:57:17Z,,,,,,,,,,,8579.6
2026-07-07T07:57:17Z,,,,,,,,,,,8581.7
2026-07-07T07:57:17Z,,,,,,,,,,,8583.6
2026-07-07T07:57:17Z,,,,,,,,,,,8587.1
2026-07-07T07:57:17Z,,,,,,,,,,,8591.3
2026-07-07T07:57:17Z,,,,,,,,,,,8596.6
2026-07-07T07:57:17Z,,,,,,,,,,,8605.6
2026-07-07T07:57:17Z,,,,,,,,,,,8615.9
2026-07-07T07:57:18Z,51.554100,-0.071402,8.1,1.1,1.2,17,1,3,0.00,88.0,8627.3
2026-07-07T07:57:18Z,,,,,,,,,,,8636.4
2026-07-07T07:57:18Z,,,,,,,,,,,8642.3
2026-07-07T07:57:18Z,,,,,,,,,,,8647.9
2026-07-07T07:57:18Z,,,,,,,,,,,8655.0
2026-07-07T07:57:18Z,,,,,,,,,,,8660.9
2026-07-07T07:57:18Z,,,,,,,,,,,8664.9
2026-07-07T07:57:18Z,,,,,,,,,,,8669.0
2026-07-07T07:57:18Z,,,,,,,,,,,8672.3
2026-07-07T07:57:18Z,,,,,,,,,,,8673.2
2026-07-07T07:57:18Z,51.554100,-0.071402,8.1,1.1,1.2,17,1,3,3.48,67.5,8673.8
2026-07-07T07:57:19Z,,,,,,,,,,,8673.6
2026-07-07T07:57:19Z,,,,,,,,,,,8672.5
2026-07-07T07:57:19Z,,,,,,,,,,,8673.8
2026-07-07T07:57:19Z,,,,,,,,,,,8676.6
2026-07-07T07:57:19Z,,,,,,,,,,,8675.4
2026-07-07T07:57:19Z,,,,,,,,,,,8671.6
2026-07-07T07:57:19Z,,,,,,,,,,,8669.4
2026-07-07T07:57:19Z,,,,,,,,,,,8668.2
2026-07-07T07:57:19Z,,,,,,,,,,,8668.3
2026-07-07T07:57:20Z,51.554123,-0.071366,7.6,1.1,1.2,17,1,3,3.22,67.1,8668.9
2026-07-07T07:57:20Z,,,,,,,,,,,8664.3
2026-07-07T07:57:20Z,,,,,,,,,,,8656.0
2026-07-07T07:57:20Z,,,,,,,,,,,8651.0
2026-07-07T07:57:20Z,,,,,,,,,,,8647.5
2026-07-07T07:57:20Z,,,,,,,,,,,8644.6
2026-07-07T07:57:20Z,,,,,,,,,,,8641.5
2026-07-07T07:57:20Z,,,,,,,,,,,8636.4
2026-07-07T07:57:20Z,,,,,,,,,,,8629.0
2026-07-07T07:57:20Z,,,,,,,,,,,8623.1
2026-07-07T07:57:21Z,51.554131,-0.071343,7.8,1.1,1.2,17,1,3,2.44,56.0,8621.3
2026-07-07T07:57:21Z,,,,,,,,,,,8619.0
2026-07-07T07:57:21Z,,,,,,,,,,,8615.3
2026-07-07T07:57:21Z,,,,,,,,,,,8610.0
2026-07-07T07:57:21Z,,,,,,,,,,,8601.9
2026-07-07T07:57:21Z,,,,,,,,,,,8596.1
2026-07-07T07:57:21Z,,,,,,,,,,,8592.8
2026-07-07T07:57:21Z,,,,,,,,,,,8588.4
2026-07-07T07:57:21Z,,,,,,,,,,,8583.3
2026-07-07T07:57:21Z,,,,,,,,,,,8578.5
2026-07-07T07:57:22Z,51.554142,-0.071317,8.1,1.1,1.2,17,1,3,3.12,71.8,8573.5
2026-07-07T07:57:22Z,,,,,,,,,,,8570.5
2026-07-07T07:57:22Z,,,,,,,,,,,8569.9
2026-07-07T07:57:22Z,,,,,,,,,,,8569.4
2026-07-07T07:57:22Z,,,,,,,,,,,8569.9
2026-07-07T07:57:22Z,,,,,,,,,,,8571.9
2026-07-07T07:57:22Z,,,,,,,,,,,8574.2
2026-07-07T07:57:22Z,,,,,,,,,,,8576.0
2026-07-07T07:57:22Z,,,,,,,,,,,8577.3
2026-07-07T07:57:22Z,,,,,,,,,,,8579.0
2026-07-07T07:57:23Z,51.554146,-0.071284,9.3,1.1,1.2,17,1,3,2.90,78.7,8583.4
2026-07-07T07:57:23Z,,,,,,,,,,,8589.2
2026-07-07T07:57:23Z,,,,,,,,,,,8593.9
2026-07-07T07:57:23Z,,,,,,,,,,,8596.8
2026-07-07T07:57:23Z,,,,,,,,,,,8600.0
2026-07-07T07:57:23Z,,,,,,,,,,,8606.5
2026-07-07T07:57:23Z,,,,,,,,,,,8615.2
2026-07-07T07:57:23Z,,,,,,,,,,,8627.0
2026-07-07T07:57:23Z,,,,,,,,,,,8638.3
2026-07-07T07:57:23Z,,,,,,,,,,,8644.8
2026-07-07T07:57:24Z,51.554153,-0.071255,10.0,1.1,1.2,17,1,3,3.70,83.4,8651.3
2026-07-07T07:57:24Z,,,,,,,,,,,8659.2
2026-07-07T07:57:24Z,,,,,,,,,,,8666.5
2026-07-07T07:57:24Z,,,,,,,,,,,8673.0
2026-07-07T07:57:24Z,,,,,,,,,,,8675.6
2026-07-07T07:57:24Z,,,,,,,,,,,8673.5
2026-07-07T07:57:24Z,,,,,,,,,,,8670.3
2026-07-07T07:57:24Z,,,,,,,,,,,8668.4
2026-07-07T07:57:24Z,,,,,,,,,,,8666.4
2026-07-07T07:57:24Z,,,,,,,,,,,8664.1
2026-07-07T07:57:25Z,51.554157,-0.071231,10.3,1.1,1.2,17,1,3,3.41,88.9,8663.1
2026-07-07T07:57:25Z,,,,,,,,,,,8661.1
2026-07-07T07:57:25Z,,,,,,,,,,,8658.8
2026-07-07T07:57:25Z,,,,,,,,,,,8661.6
2026-07-07T07:57:25Z,,,,,,,,,,,8666.9
2026-07-07T07:57:25Z,,,,,,,,,,,8671.7
2026-07-07T07:57:25Z,,,,,,,,,,,8677.3
2026-07-07T07:57:25Z,,,,,,,,,,,8681.8
2026-07-07T07:57:25Z,,,,,,,,,,,8686.8
2026-07-07T07:57:25Z,,,,,,,,,,,8693.9
2026-07-07T07:57:26Z,51.554161,-0.071208,10.7,1.1,1.2,17,1,3,2.89,88.8,8702.3
2026-07-07T07:57:26Z,,,,,,,,,,,8711.0
2026-07-07T07:57:26Z,,,,,,,,,,,8719.6
2026-07-07T07:57:26Z,,,,,,,,,,,8726.3
2026-07-07T07:57:26Z,,,,,,,,,,,8730.2
2026-07-07T07:57:26Z,,,,,,,,,,,8732.8
2026-07-07T07:57:26Z,,,,,,,,,,,8734.5
2026-07-07T07:57:26Z,,,,,,,,,,,8735.5
2026-07-07T07:57:26Z,,,,,,,,,,,8736.1
2026-07-07T07:57:26Z,,,,,,,,,,,8734.2
2026-07-07T07:57:27Z,51.554165,-0.071194,10.3,1.1,1.2,17,1,3,2.75,91.0,8727.2
2026-07-07T07:57:27Z,,,,,,,,,,,8719.1
2026-07-07T07:57:27Z,,,,,,,,,,,8713.9
2026-07-07T07:57:27Z,,,,,,,,,,,8709.2
2026-07-07T07:57:27Z,,,,,,,,,,,8704.2
2026-07-07T07:57:27Z,,,,,,,,,,,8697.9
2026-07-07T07:57:27Z,,,,,,,,,,,8688.2
2026-07-07T07:57:27Z,,,,,,,,,,,8677.6
2026-07-07T07:57:27Z,,,,,,,,,,,8668.9
2026-07-07T07:57:27Z,,,,,,,,,,,8661.3
2026-07-07T07:57:28Z,51.554165,-0.071176,10.3,1.1,1.2,17,1,3,1.70,91.0,8653.6
2026-07-07T07:57:28Z,,,,,,,,,,,8645.0
2026-07-07T07:57:28Z,,,,,,,,,,,8634.2
2026-07-07T07:57:28Z,,,,,,,,,,,8625.5
2026-07-07T07:57:28Z,,,,,,,,,,,8622.7
2026-07-07T07:57:28Z,,,,,,,,,,,8623.8
2026-07-07T07:57:28Z,,,,,,,,,,,8627.1
2026-07-07T07:57:28Z,,,,,,,,,,,8633.2
2026-07-07T07:57:28Z,,,,,,,,,,,8641.7
2026-07-07T07:57:28Z,,,,,,,,,,,8651.1
2026-07-07T07:57:29Z,51.554165,-0.071160,10.1,1.1,1.2,17,1,3,2.23,87.9,8663.9
2026-07-07T07:57:29Z,,,,,,,,,,,8675.8
2026-07-07T07:57:29Z,,,,,,,,,,,8685.4
2026-07-07T07:57:29Z,,,,,,,,,,,8693.0
2026-07-07T07:57:29Z,,,,,,,,,,,8697.4
2026-07-07T07:57:29Z,,,,,,,,,,,8700.7
2026-07-07T07:57:29Z,,,,,,,,,,,8703.9
2026-07-07T07:57:29Z,,,,,,,,,,,8704.0
2026-07-07T07:57:29Z,,,,,,,,,,,8701.6
2026-07-07T07:57:29Z,,,,,,,,,,,8699.8
2026-07-07T07:57:30Z,51.554169,-0.071144,10.2,1.1,1.2,17,1,3,1.58,87.9,8698.1
2026-07-07T07:57:30Z,,,,,,,,,,,8693.3
2026-07-07T07:57:30Z,,,,,,,,,,,8684.9
2026-07-07T07:57:30Z,,,,,,,,,,,8676.4
2026-07-07T07:57:30Z,,,,,,,,,,,8668.6
2026-07-07T07:57:30Z,,,,,,,,,,,8663.0
2026-07-07T07:57:30Z,,,,,,,,,,,8659.1
2026-07-07T07:57:30Z,,,,,,,,,,,8653.6
2026-07-07T07:57:30Z,,,,,,,,,,,8646.2
2026-07-07T07:57:30Z,,,,,,,,,,,8638.6
2026-07-07T07:57:31Z,51.554173,-0.071128,10.2,1.1,1.2,17,1,3,1.77,87.9,8633.9
2026-07-07T07:57:31Z,,,,,,,,,,,8632.7
2026-07-07T07:57:31Z,,,,,,,,,,,8633.1
2026-07-07T07:57:31Z,,,,,,,,,,,8632.8
2026-07-07T07:57:31Z,,,,,,,,,,,8631.5
2026-07-07T07:57:31Z,,,,,,,,,,,8632.1
2026-07-07T07:57:31Z,,,,,,,,,,,8634.7
2026-07-07T07:57:31Z,,,,,,,,,,,8638.0
2026-07-07T07:57:31Z,,,,,,,,,,,8641.7
2026-07-07T07:57:31Z,,,,,,,,,,,8643.1
2026-07-07T07:57:32Z,51.554176,-0.071114,10.2,1.1,1.2,17,1,3,2.27,64.8,8641.4
2026-07-07T07:57:32Z,,,,,,,,,,,8639.8
2026-07-07T07:57:32Z,,,,,,,,,,,8639.0
2026-07-07T07:57:32Z,,,,,,,,,,,8638.1
2026-07-07T07:57:32Z,,,,,,,,,,,8635.7
2026-07-07T07:57:32Z,,,,,,,,,,,8631.9
2026-07-07T07:57:32Z,,,,,,,,,,,8628.2
2026-07-07T07:57:32Z,,,,,,,,,,,8626.5
2026-07-07T07:57:32Z,,,,,,,,,,,8628.1
2026-07-07T07:57:32Z,,,,,,,,,,,8632.4
2026-07-07T07:57:33Z,51.554176,-0.071097,10.4,1.1,1.2,17,1,3,1.69,64.8,8639.5
2026-07-07T07:57:33Z,,,,,,,,,,,8648.6
2026-07-07T07:57:33Z,,,,,,,,,,,8660.3
2026-07-07T07:57:33Z,,,,,,,,,,,8676.2
2026-07-07T07:57:33Z,,,,,,,,,,,8693.3
2026-07-07T07:57:33Z,,,,,,,,,,,8708.0
2026-07-07T07:57:33Z,,,,,,,,,,,8719.1
2026-07-07T07:57:33Z,,,,,,,,,,,8728.2
2026-07-07T07:57:33Z,,,,,,,,,,,8735.4
2026-07-07T07:57:33Z,,,,,,,,,,,8741.8
2026-07-07T07:57:34Z,51.554180,-0.071081,10.4,1.1,1.2,17,1,3,2.32,83.2,8746.6
2026-07-07T07:57:34Z,,,,,,,,,,,8746.6
2026-07-07T07:57:34Z,,,,,,,,,,,8743.2
2026-07-07T07:57:34Z,,,,,,,,,,,8739.3
2026-07-07T07:57:34Z,,,,,,,,,,,8734.7
2026-07-07T07:57:34Z,,,,,,,,,,,8729.9
2026-07-07T07:57:34Z,,,,,,,,,,,8722.2
2026-07-07T07:57:34Z,,,,,,,,,,,8712.5
2026-07-07T07:57:34Z,,,,,,,,,,,8704.9
2026-07-07T07:57:34Z,,,,,,,,,,,8699.3
2026-07-07T07:57:35Z,51.554180,-0.071062,10.7,1.1,1.2,17,1,3,1.85,83.2,8693.5
2026-07-07T07:57:35Z,,,,,,,,,,,8684.5
2026-07-07T07:57:35Z,,,,,,,,,,,8674.7
2026-07-07T07:57:35Z,,,,,,,,,,,8667.4
2026-07-07T07:57:35Z,,,,,,,,,,,8661.8
2026-07-07T07:57:35Z,,,,,,,,,,,8657.3
2026-07-07T07:57:35Z,,,,,,,,,,,8650.5
2026-07-07T07:57:35Z,,,,,,,,,,,8641.0
2026-07-07T07:57:35Z,,,,,,,,,,,8633.0
2026-07-07T07:57:35Z,,,,,,,,,,,8628.9
2026-07-07T07:57:36Z,51.554184,-0.071041,10.9,1.1,1.2,17,1,3,2.56,86.6,8626.8
2026-07-07T07:57:36Z,,,,,,,,,,,8624.8
2026-07-07T07:57:36Z,,,,,,,,,,,8620.9
2026-07-07T07:57:36Z,,,,,,,,,,,8615.2
2026-07-07T07:57:36Z,,,,,,,,,,,8610.4
2026-07-07T07:57:36Z,,,,,,,,,,,8607.0
2026-07-07T07:57:36Z,,,,,,,,,,,8604.4
2026-07-07T07:57:36Z,,,,,,,,,,,8602.9
2026-07-07T07:57:36Z,,,,,,,,,,,8600.3
2026-07-07T07:57:36Z,,,,,,,,,,,8596.9
2026-07-07T07:57:37Z,51.554184,-0.071017,11.1,1.1,1.2,17,1,3,2.60,83.2,8594.8
2026-07-07T07:57:37Z,,,,,,,,,,,8593.7
2026-07-07T07:57:37Z,,,,,,,,,,,8592.1
2026-07-07T07:57:37Z,,,,,,,,,,,8589.6
2026-07-07T07:57:37Z,,,,,,,,,,,8585.9
2026-07-07T07:57:37Z,,,,,,,,,,,8582.4
2026-07-07T07:57:37Z,,,,,,,,,,,8581.6
2026-07-07T07:57:37Z,,,,,,,,,,,8582.5
2026-07-07T07:57:37Z,,,,,,,,,,,8581.8
2026-07-07T07:57:37Z,,,,,,,,,,,8579.4
2026-07-07T07:57:38Z,51.554184,-0.070996,11.3,1.1,1.2,17,1,3,2.79,88.2,8577.3
2026-07-07T07:57:38Z,,,,,,,,,,,8575.7
2026-07-07T07:57:38Z,,,,,,,,,,,8575.0
2026-07-07T07:57:38Z,,,,,,,,,,,8575.8
2026-07-07T07:57:38Z,,,,,,,,,,,8576.2
2026-07-07T07:57:38Z,,,,,,,,,,,8574.8
2026-07-07T07:57:38Z,,,,,,,,,,,8572.8
2026-07-07T07:57:38Z,,,,,,,,,,,8572.3
2026-07-07T07:57:38Z,,,,,,,,,,,8573.2
2026-07-07T07:57:38Z,,,,,,,,,,,8573.2
2026-07-07T07:57:39Z,51.554180,-0.070968,11.8,1.1,1.2,17,1,3,2.70,90.9,8571.1
2026-07-07T07:57:39Z,,,,,,,,,,,8569.0
2026-07-07T07:57:39Z,,,,,,,,,,,8568.8
2026-07-07T07:57:39Z,,,,,,,,,,,8569.6
2026-07-07T07:57:39Z,,,,,,,,,,,8569.5
2026-07-07T07:57:39Z,,,,,,,,,,,8568.0
2026-07-07T07:57:39Z,,,,,,,,,,,8564.7
2026-07-07T07:57:39Z,,,,,,,,,,,8561.2
2026-07-07T07:57:39Z,,,,,,,,,,,8560.5
2026-07-07T07:57:39Z,,,,,,,,,,,8560.5
2026-07-07T07:57:40Z,51.554180,-0.070951,11.9,1.1,1.2,17,1,3,3.30,91.8,8558.8
2026-07-07T07:57:40Z,,,,,,,,,,,8558.9
2026-07-07T07:57:40Z,,,,,,,,,,,8562.3
2026-07-07T07:57:40Z,,,,,,,,,,,8566.5
2026-07-07T07:57:40Z,,,,,,,,,,,8571.9
2026-07-07T07:57:40Z,,,,,,,,,,,8578.1
2026-07-07T07:57:40Z,,,,,,,,,,,8583.2
2026-07-07T07:57:40Z,,,,,,,,,,,8588.9
2026-07-07T07:57:40Z,,,,,,,,,,,8596.4
2026-07-07T07:57:40Z,,,,,,,,,,,8603.0
2026-07-07T07:57:41Z,51.554184,-0.070935,11.9,1.1,1.2,17,1,3,1.88,91.8,8610.4
2026-07-07T07:57:41Z,,,,,,,,,,,8617.5
2026-07-07T07:57:41Z,,,,,,,,,,,8622.4
2026-07-07T07:57:41Z,,,,,,,,,,,8627.9
2026-07-07T07:57:41Z,,,,,,,,,,,8635.6
2026-07-07T07:57:41Z,,,,,,,,,,,8644.1
2026-07-07T07:57:41Z,,,,,,,,,,,8652.2
2026-07-07T07:57:41Z,,,,,,,,,,,8658.8
2026-07-07T07:57:41Z,,,,,,,,,,,8661.9
2026-07-07T07:57:41Z,,,,,,,,,,,8663.9
2026-07-07T07:57:42Z,51.554180,-0.070918,12.1,1.1,1.2,17,1,3,2.15,85.9,8669.8
2026-07-07T07:57:42Z,,,,,,,,,,,8675.5
2026-07-07T07:57:42Z,,,,,,,,,,,8678.8
2026-07-07T07:57:42Z,,,,,,,,,,,8679.6
2026-07-07T07:57:42Z,,,,,,,,,,,8676.8
2026-07-07T07:57:42Z,,,,,,,,,,,8674.0
2026-07-07T07:57:42Z,,,,,,,,,,,8672.5
2026-07-07T07:57:42Z,,,,,,,,,,,8670.7
2026-07-07T07:57:42Z,,,,,,,,,,,8665.9
2026-07-07T07:57:42Z,,,,,,,,,,,8660.2
2026-07-07T07:57:43Z,51.554180,-0.070900,12.1,1.1,1.2,17,1,3,1.65,85.9,8655.1
2026-07-07T07:57:43Z,,,,,,,,,,,8649.6
2026-07-07T07:57:43Z,,,,,,,,,,,8642.7
2026-07-07T07:57:43Z,,,,,,,,,,,8635.0
2026-07-07T07:57:43Z,,,,,,,,,,,8628.6
2026-07-07T07:57:43Z,,,,,,,,,,,8623.0
2026-07-07T07:57:43Z,,,,,,,,,,,8618.3
2026-07-07T07:57:43Z,,,,,,,,,,,8613.2
2026-07-07T07:57:43Z,,,,,,,,,,,8607.5
2026-07-07T07:57:43Z,,,,,,,,,,,8602.4
2026-07-07T07:57:44Z,51.554180,-0.070886,11.4,1.1,1.2,17,1,3,2.20,88.2,8597.9
2026-07-07T07:57:44Z,,,,,,,,,,,8595.1
2026-07-07T07:57:44Z,,,,,,,,,,,8591.0
2026-07-07T07:57:44Z,,,,,,,,,,,8584.6
2026-07-07T07:57:44Z,,,,,,,,,,,8579.7
2026-07-07T07:57:44Z,,,,,,,,,,,8577.9
2026-07-07T07:57:44Z,,,,,,,,,,,8578.0
2026-07-07T07:57:44Z,,,,,,,,,,,8580.0
2026-07-07T07:57:44Z,,,,,,,,,,,8580.3
2026-07-07T07:57:44Z,,,,,,,,,,,8577.5
2026-07-07T07:57:45Z,51.554180,-0.070869,11.0,1.0,1.2,18,1,3,1.77,88.2,8576.5
2026-07-07T07:57:45Z,,,,,,,,,,,8578.3
2026-07-07T07:57:45Z,,,,,,,,,,,8580.9
2026-07-07T07:57:45Z,,,,,,,,,,,8581.6
2026-07-07T07:57:45Z,,,,,,,,,,,8578.7
2026-07-07T07:57:45Z,,,,,,,,,,,8573.1
2026-07-07T07:57:45Z,,,,,,,,,,,8569.0
2026-07-07T07:57:45Z,,,,,,,,,,,8568.1
2026-07-07T07:57:45Z,,,,,,,,,,,8566.9
2026-07-07T07:57:45Z,,,,,,,,,,,8563.5
2026-07-07T07:57:46Z,51.554184,-0.070852,10.8,1.0,1.2,18,1,3,1.99,87.5,8557.7
2026-07-07T07:57:46Z,,,,,,,,,,,8550.8
2026-07-07T07:57:46Z,,,,,,,,,,,8546.7
2026-07-07T07:57:46Z,,,,,,,,,,,8545.3
2026-07-07T07:57:46Z,,,,,,,,,,,8541.7
2026-07-07T07:57:46Z,,,,,,,,,,,8536.7
2026-07-07T07:57:46Z,,,,,,,,,,,8532.0
2026-07-07T07:57:46Z,,,,,,,,,,,8528.2
2026-07-07T07:57:46Z,,,,,,,,,,,8526.2
2026-07-07T07:57:46Z,,,,,,,,,,,8525.1
2026-07-07T07:57:47Z,51.554184,-0.070834,10.7,1.0,1.2,18,1,3,2.01,86.8,8522.7
2026-07-07T07:57:47Z,,,,,,,,,,,8518.7
2026-07-07T07:57:47Z,,,,,,,,,,,8515.3
2026-07-07T07:57:47Z,,,,,,,,,,,8513.3
2026-07-07T07:57:47Z,,,,,,,,,,,8513.4
2026-07-07T07:57:47Z,,,,,,,,,,,8514.0
2026-07-07T07:57:47Z,,,,,,,,,,,8514.7
2026-07-07T07:57:47Z,,,,,,,,,,,8518.9
2026-07-07T07:57:47Z,,,,,,,,,,,8525.5
2026-07-07T07:57:47Z,,,,,,,,,,,8533.4
2026-07-07T07:57:48Z,51.554184,-0.070818,10.7,1.0,1.2,18,1,3,2.06,86.1,8541.8
2026-07-07T07:57:48Z,,,,,,,,,,,8550.0
2026-07-07T07:57:48Z,,,,,,,,,,,8558.7
2026-07-07T07:57:48Z,,,,,,,,,,,8570.7
2026-07-07T07:57:48Z,,,,,,,,,,,8584.4
2026-07-07T07:57:48Z,,,,,,,,,,,8593.4
2026-07-07T07:57:48Z,,,,,,,,,,,8599.0
2026-07-07T07:57:48Z,,,,,,,,,,,8606.1
2026-07-07T07:57:48Z,,,,,,,,,,,8615.3
2026-07-07T07:57:48Z,,,,,,,,,,,8626.4
2026-07-07T07:57:49Z,51.554188,-0.070800,10.7,1.0,1.2,18,1,3,1.91,86.1,8637.7
2026-07-07T07:57:49Z,,,,,,,,,,,8642.9
2026-07-07T07:57:49Z,,,,,,,,,,,8645.6
2026-07-07T07:57:49Z,,,,,,,,,,,8651.7
2026-07-07T07:57:49Z,,,,,,,,,,,8659.0
2026-07-07T07:57:49Z,,,,,,,,,,,8668.0
2026-07-07T07:57:49Z,,,,,,,,,,,8679.4
2026-07-07T07:57:49Z,,,,,,,,,,,8690.6
2026-07-07T07:57:49Z,,,,,,,,,,,8703.8
2026-07-07T07:57:49Z,,,,,,,,,,,8721.6
2026-07-07T07:57:50Z,51.554192,-0.070783,10.5,1.0,1.2,18,1,3,2.22,79.8,8745.1
2026-07-07T07:57:50Z,,,,,,,,,,,8768.8
2026-07-07T07:57:50Z,,,,,,,,,,,8790.8
2026-07-07T07:57:50Z,,,,,,,,,,,8806.6
2026-07-07T07:57:50Z,,,,,,,,,,,8819.1
2026-07-07T07:57:50Z,,,,,,,,,,,8834.0
2026-07-07T07:57:50Z,,,,,,,,,,,8848.1
2026-07-07T07:57:50Z,,,,,,,,,,,8857.2
2026-07-07T07:57:50Z,,,,,,,,,,,8863.3
2026-07-07T07:57:50Z,,,,,,,,,,,8865.5
2026-07-07T07:57:51Z,51.554192,-0.070765,10.4,1.0,1.2,18,1,3,2.14,83.5,8866.6
2026-07-07T07:57:51Z,,,,,,,,,,,8869.8
2026-07-07T07:57:51Z,,,,,,,,,,,8872.7
2026-07-07T07:57:51Z,,,,,,,,,,,8871.5
2026-07-07T07:57:51Z,,,,,,,,,,,8866.8
2026-07-07T07:57:51Z,,,,,,,,,,,8859.8
2026-07-07T07:57:51Z,,,,,,,,,,,8852.3
2026-07-07T07:57:51Z,,,,,,,,,,,8849.9
2026-07-07T07:57:51Z,,,,,,,,,,,8851.2
2026-07-07T07:57:51Z,,,,,,,,,,,8853.1
2026-07-07T07:57:52Z,51.554195,-0.070748,10.3,1.0,1.2,18,1,3,2.15,78.0,8857.1
2026-07-07T07:57:52Z,,,,,,,,,,,8862.7
2026-07-07T07:57:52Z,,,,,,,,,,,8869.9
2026-07-07T07:57:52Z,,,,,,,,,,,8880.8
2026-07-07T07:57:52Z,,,,,,,,,,,8893.2
2026-07-07T07:57:52Z,,,,,,,,,,,8905.1
2026-07-07T07:57:52Z,,,,,,,,,,,8917.8
2026-07-07T07:57:52Z,,,,,,,,,,,8928.3
2026-07-07T07:57:52Z,,,,,,,,,,,8934.7
2026-07-07T07:57:52Z,,,,,,,,,,,8938.9
2026-07-07T07:57:53Z,51.554199,-0.070731,10.1,1.0,1.2,18,1,3,2.18,84.9,8942.5
2026-07-07T07:57:53Z,,,,,,,,,,,8944.7
2026-07-07T07:57:53Z,,,,,,,,,,,8945.2
2026-07-07T07:57:53Z,,,,,,,,,,,8944.4
2026-07-07T07:57:53Z,,,,,,,,,,,8941.4
2026-07-07T07:57:53Z,,,,,,,,,,,8936.6
2026-07-07T07:57:53Z,,,,,,,,,,,8928.5
2026-07-07T07:57:53Z,,,,,,,,,,,8916.6
2026-07-07T07:57:53Z,,,,,,,,,,,8901.1
2026-07-07T07:57:53Z,,,,,,,,,,,8875.1
2026-07-07T07:57:54Z,51.554203,-0.070715,10.1,1.0,1.2,18,1,3,2.29,75.6,8839.8
2026-07-07T07:57:54Z,,,,,,,,,,,8805.8
2026-07-07T07:57:54Z,,,,,,,,,,,8798.5
2026-07-07T07:57:54Z,,,,,,,,,,,8813.9
2026-07-07T07:57:54Z,,,,,,,,,,,8822.3
2026-07-07T07:57:54Z,,,,,,,,,,,8824.8
2026-07-07T07:57:54Z,,,,,,,,,,,8832.1
2026-07-07T07:57:54Z,,,,,,,,,,,8847.9
2026-07-07T07:57:54Z,,,,,,,,,,,8860.6
2026-07-07T07:57:54Z,,,,,,,,,,,8864.0
2026-07-07T07:57:55Z,51.554207,-0.070703,9.6,1.0,1.2,18,1,3,1.76,75.6,8869.1
2026-07-07T07:57:55Z,,,,,,,,,,,8870.6
2026-07-07T07:57:55Z,,,,,,,,,,,8857.1
2026-07-07T07:57:55Z,,,,,,,,,,,8818.1
2026-07-07T07:57:55Z,,,,,,,,,,,8775.1
2026-07-07T07:57:55Z,,,,,,,,,,,8746.9
2026-07-07T07:57:55Z,,,,,,,,,,,8729.3
2026-07-07T07:57:55Z,,,,,,,,,,,8718.1
2026-07-07T07:57:55Z,,,,,,,,,,,8703.8
2026-07-07T07:57:55Z,,,,,,,,,,,8705.6
2026-07-07T07:57:56Z,51.554211,-0.070688,9.0,1.0,1.2,18,1,3,1.50,75.6,8710.3
2026-07-07T07:57:56Z,,,,,,,,,,,8709.6
2026-07-07T07:57:56Z,,,,,,,,,,,8707.4
2026-07-07T07:57:56Z,,,,,,,,,,,8700.0
2026-07-07T07:57:56Z,,,,,,,,,,,8690.5
2026-07-07T07:57:56Z,,,,,,,,,,,8673.1
2026-07-07T07:57:56Z,,,,,,,,,,,8647.8
2026-07-07T07:57:56Z,,,,,,,,,,,8620.9
2026-07-07T07:57:56Z,,,,,,,,,,,8608.5
2026-07-07T07:57:56Z,,,,,,,,,,,8627.2
2026-07-07T07:57:57Z,51.554207,-0.070668,8.9,1.0,1.2,18,1,3,1.80,75.6,8666.2
2026-07-07T07:57:57Z,,,,,,,,,,,8704.9
2026-07-07T07:57:57Z,,,,,,,,,,,8737.3
2026-07-07T07:57:57Z,,,,,,,,,,,8760.0
2026-07-07T07:57:57Z,,,,,,,,,,,8782.2
2026-07-07T07:57:57Z,,,,,,,,,,,8812.9
2026-07-07T07:57:57Z,,,,,,,,,,,8831.9
2026-07-07T07:57:57Z,,,,,,,,,,,8839.4
2026-07-07T07:57:57Z,,,,,,,,,,,8853.8
2026-07-07T07:57:57Z,,,,,,,,,,,8870.0
2026-07-07T07:57:58Z,51.554207,-0.070647,9.0,1.0,1.2,18,1,3,2.18,88.6,8883.2
2026-07-07T07:57:58Z,,,,,,,,,,,8896.9
2026-07-07T07:57:58Z,,,,,,,,,,,8905.3
2026-07-07T07:57:58Z,,,,,,,,,,,8908.6
2026-07-07T07:57:58Z,,,,,,,,,,,8912.6
2026-07-07T07:57:58Z,,,,,,,,,,,8919.2
2026-07-07T07:57:58Z,,,,,,,,,,,8931.0
2026-07-07T07:57:58Z,,,,,,,,,,,8946.0
2026-07-07T07:57:58Z,,,,,,,,,,,8959.7
2026-07-07T07:57:58Z,,,,,,,,,,,8973.0
2026-07-07T07:57:59Z,51.554207,-0.070638,9.2,1.0,1.2,18,1,3,1.83,88.6,8991.9
2026-07-07T07:57:59Z,,,,,,,,,,,9017.1
2026-07-07T07:57:59Z,,,,,,,,,,,9041.7
2026-07-07T07:57:59Z,,,,,,,,,,,9056.6
2026-07-07T07:57:59Z,,,,,,,,,,,9066.0
2026-07-07T07:57:59Z,,,,,,,,,,,9074.8
2026-07-07T07:57:59Z,,,,,,,,,,,9086.2
2026-07-07T07:57:59Z,,,,,,,,,,,9096.9
2026-07-07T07:57:59Z,,,,,,,,,,,9105.3
2026-07-07T07:57:59Z,,,,,,,,,,,9107.6
2026-07-07T07:58:00Z,51.554207,-0.070632,9.6,1.0,1.2,18,1,3,0.79,88.6,9108.7
2026-07-07T07:58:00Z,,,,,,,,,,,9114.0
2026-07-07T07:58:00Z,,,,,,,,,,,9117.8
2026-07-07T07:58:00Z,,,,,,,,,,,9119.5
2026-07-07T07:58:00Z,,,,,,,,,,,9124.0
2026-07-07T07:58:00Z,,,,,,,,,,,9134.0
2026-07-07T07:58:00Z,,,,,,,,,,,9147.1
2026-07-07T07:58:00Z,,,,,,,,,,,9153.6
2026-07-07T07:58:00Z,,,,,,,,,,,9161.1
2026-07-07T07:58:00Z,,,,,,,,,,,9177.7
2026-07-07T07:58:01Z,51.554207,-0.070626,9.8,1.0,1.2,18,1,3,0.00,88.6,9200.0
2026-07-07T07:58:01Z,,,,,,,,,,,9220.9
2026-07-07T07:58:01Z,,,,,,,,,,,9233.1
2026-07-07T07:58:01Z,,,,,,,,,,,9238.2
2026-07-07T07:58:01Z,,,,,,,,,,,9242.2
2026-07-07T07:58:01Z,,,,,,,,,,,9248.0
2026-07-07T07:58:01Z,,,,,,,,,,,9252.4
2026-07-07T07:58:01Z,,,,,,,,,,,9254.5
2026-07-07T07:58:01Z,,,,,,,,,,,9248.5
2026-07-07T07:58:01Z,,,,,,,,,,,9231.1
2026-07-07T07:58:02Z,51.554207,-0.070622,10.0,1.0,1.2,18,1,3,0.00,88.6,9223.0
2026-07-07T07:58:02Z,,,,,,,,,,,9232.6
2026-07-07T07:58:02Z,,,,,,,,,,,9236.6
2026-07-07T07:58:02Z,,,,,,,,,,,9226.2
2026-07-07T07:58:02Z,,,,,,,,,,,9222.9
2026-07-07T07:58:02Z,,,,,,,,,,,9230.9
2026-07-07T07:58:02Z,,,,,,,,,,,9233.6
2026-07-07T07:58:02Z,,,,,,,,,,,9229.8
2026-07-07T07:58:02Z,,,,,,,,,,,9219.4
2026-07-07T07:58:02Z,,,,,,,,,,,9211.3
2026-07-07T07:58:03Z,51.554207,-0.070619,10.1,1.0,1.2,18,1,3,0.00,88.6,9210.8
2026-07-07T07:58:03Z,,,,,,,,,,,9208.1
2026-07-07T07:58:03Z,,,,,,,,,,,9199.9
2026-07-07T07:58:03Z,,,,,,,,,,,9193.7
2026-07-07T07:58:03Z,,,,,,,,,,,9188.4
2026-07-07T07:58:03Z,,,,,,,,,,,9180.8
2026-07-07T07:58:03Z,,,,,,,,,,,9177.5
2026-07-07T07:58:03Z,,,,,,,,,,,9175.0
2026-07-07T07:58:03Z,,,,,,,,,,,9172.7
2026-07-07T07:58:03Z,,,,,,,,,,,9165.9
2026-07-07T07:58:04Z,51.554207,-0.070615,10.3,1.0,1.2,18,1,3,0.00,88.6,9143.6
2026-07-07T07:58:04Z,,,,,,,,,,,9120.2
2026-07-07T07:58:04Z,,,,,,,,,,,9118.0
2026-07-07T07:58:04Z,,,,,,,,,,,9120.1
2026-07-07T07:58:04Z,,,,,,,,,,,9113.0
2026-07-07T07:58:04Z,,,,,,,,,,,9111.0
2026-07-07T07:58:04Z,,,,,,,,,,,9105.4
2026-07-07T07:58:04Z,,,,,,,,,,,9099.8
2026-07-07T07:58:04Z,,,,,,,,,,,9092.2
2026-07-07T07:58:04Z,,,,,,,,,,,9085.4
2026-07-07T07:58:05Z,51.554211,-0.070609,10.5,1.0,1.2,18,1,3,0.00,88.6,9078.4
2026-07-07T07:58:05Z,,,,,,,,,,,9073.2
2026-07-07T07:58:05Z,,,,,,,,,,,9069.1
2026-07-07T07:58:05Z,,,,,,,,,,,9063.1
2026-07-07T07:58:05Z,,,,,,,,,,,9056.2
2026-07-07T07:58:05Z,,,,,,,,,,,9048.8
2026-07-07T07:58:05Z,,,,,,,,,,,9040.5
2026-07-07T07:58:05Z,,,,,,,,,,,9033.9
2026-07-07T07:58:05Z,,,,,,,,,,,9029.2
2026-07-07T07:58:05Z,,,,,,,,,,,9025.9
2026-07-07T07:58:06Z,51.554211,-0.070605,10.6,1.0,1.2,18,1,3,0.00,88.6,9028.1
2026-07-07T07:58:06Z,,,,,,,,,,,9036.6
2026-07-07T07:58:06Z,,,,,,,,,,,9050.1
2026-07-07T07:58:06Z,,,,,,,,,,,9068.1
2026-07-07T07:58:06Z,,,,,,,,,,,9090.6
2026-07-07T07:58:06Z,,,,,,,,,,,9114.2
2026-07-07T07:58:06Z,,,,,,,,,,,9127.2
2026-07-07T07:58:06Z,,,,,,,,,,,9141.4
2026-07-07T07:58:06Z,,,,,,,,,,,9163.9
2026-07-07T07:58:06Z,,,,,,,,,,,9195.8
2026-07-07T07:58:07Z,51.554211,-0.070581,10.9,1.0,1.2,18,1,3,0.00,88.6,9234.1
2026-07-07T07:58:07Z,,,,,,,,,,,9228.9
2026-07-07T07:58:07Z,,,,,,,,,,,9210.3
2026-07-07T07:58:07Z,,,,,,,,,,,9224.0
2026-07-07T07:58:07Z,,,,,,,,,,,9233.4
2026-07-07T07:58:07Z,,,,,,,,,,,9220.5
2026-07-07T07:58:07Z,,,,,,,,,,,9202.4
2026-07-07T07:58:07Z,,,,,,,,,,,9202.3
2026-07-07T07:58:07Z,,,,,,,,,,,9204.6
2026-07-07T07:58:07Z,,,,,,,,,,,9202.4
2026-07-07T07:58:08Z,51.554211,-0.070563,11.0,1.0,1.2,18,1,3,2.69,85.4,9202.2
2026-07-07T07:58:08Z,,,,,,,,,,,9202.7
2026-07-07T07:58:08Z,,,,,,,,,,,9205.6
2026-07-07T07:58:08Z,,,,,,,,,,,9211.6
2026-07-07T07:58:08Z,,,,,,,,,,,9212.2
2026-07-07T07:58:08Z,,,,,,,,,,,9210.5
2026-07-07T07:58:08Z,,,,,,,,,,,9211.5
2026-07-07T07:58:08Z,,,,,,,,,,,9211.4
2026-07-07T07:58:08Z,,,,,,,,,,,9211.0
2026-07-07T07:58:08Z,,,,,,,,,,,9211.7
2026-07-07T07:58:09Z,51.554211,-0.070542,11.4,1.0,1.2,18,1,3,2.14,84.3,9210.8
2026-07-07T07:58:09Z,,,,,,,,,,,9207.5
2026-07-07T07:58:09Z,,,,,,,,,,,9204.1
2026-07-07T07:58:09Z,,,,,,,,,,,9204.1
2026-07-07T07:58:09Z,,,,,,,,,,,9203.4
2026-07-07T07:58:09Z,,,,,,,,,,,9199.4
2026-07-07T07:58:09Z,,,,,,,,,,,9189.2
2026-07-07T07:58:09Z,,,,,,,,,,,9179.6
2026-07-07T07:58:09Z,,,,,,,,,,,9176.2
2026-07-07T07:58:09Z,,,,,,,,,,,9172.3
2026-07-07T07:58:10Z,51.554211,-0.070521,11.2,1.0,1.2,18,1,3,1.76,84.3,9167.5
2026-07-07T07:58:10Z,,,,,,,,,,,9161.7
2026-07-07T07:58:10Z,,,,,,,,,,,9154.6
2026-07-07T07:58:10Z,,,,,,,,,,,9146.7
2026-07-07T07:58:10Z,,,,,,,,,,,9139.3
2026-07-07T07:58:10Z,,,,,,,,,,,9133.4
2026-07-07T07:58:10Z,,,,,,,,,,,9126.8
2026-07-07T07:58:10Z,,,,,,,,,,,9120.0
2026-07-07T07:58:10Z,,,,,,,,,,,9112.5
2026-07-07T07:58:10Z,,,,,,,,,,,9104.2
2026-07-07T07:58:11Z,51.554211,-0.070496,11.5,1.0,1.2,18,1,3,2.24,93.0,9099.8
2026-07-07T07:58:11Z,,,,,,,,,,,9096.4
2026-07-07T07:58:11Z,,,,,,,,,,,9092.0
2026-07-07T07:58:11Z,,,,,,,,,,,9088.7
2026-07-07T07:58:11Z,,,,,,,,,,,9082.7
2026-07-07T07:58:11Z,,,,,,,,,,,9076.5
2026-07-07T07:58:11Z,,,,,,,,,,,9073.2
2026-07-07T07:58:11Z,,,,,,,,,,,9076.2
2026-07-07T07:58:11Z,,,,,,,,,,,9083.6
2026-07-07T07:58:11Z,,,,,,,,,,,9089.7
2026-07-07T07:58:12Z,51.554211,-0.070478,11.3,1.0,1.2,18,1,3,2.23,102.7,9094.8
2026-07-07T07:58:12Z,,,,,,,,,,,9100.6
2026-07-07T07:58:12Z,,,,,,,,,,,9109.7
2026-07-07T07:58:12Z,,,,,,,,,,,9119.1
2026-07-07T07:58:12Z,,,,,,,,,,,9126.7
2026-07-07T07:58:12Z,,,,,,,,,,,9132.6
2026-07-07T07:58:12Z,,,,,,,,,,,9138.5
2026-07-07T07:58:12Z,,,,,,,,,,,9142.9
2026-07-07T07:58:12Z,,,,,,,,,,,9145.1
2026-07-07T07:58:12Z,,,,,,,,,,,9145.9
2026-07-07T07:58:13Z,51.554214,-0.070462,10.2,1.0,1.2,18,1,3,1.24,102.7,9144.6
2026-07-07T07:58:13Z,,,,,,,,,,,9143.6
2026-07-07T07:58:13Z,,,,,,,,,,,9140.5
2026-07-07T07:58:13Z,,,,,,,,,,,9134.1
2026-07-07T07:58:13Z,,,,,,,,,,,9126.6
2026-07-07T07:58:13Z,,,,,,,,,,,9121.6
2026-07-07T07:58:13Z,,,,,,,,,,,9117.6
2026-07-07T07:58:13Z,,,,,,,,,,,9113.9
2026-07-07T07:58:13Z,,,,,,,,,,,9110.5
2026-07-07T07:58:13Z,,,,,,,,,,,9104.1
2026-07-07T07:58:14Z,51.554218,-0.070442,9.5,1.0,1.2,18,1,3,1.62,102.7,9096.6
2026-07-07T07:58:14Z,,,,,,,,,,,9091.7
2026-07-07T07:58:14Z,,,,,,,,,,,9089.7
2026-07-07T07:58:14Z,,,,,,,,,,,9089.9
2026-07-07T07:58:14Z,,,,,,,,,,,9090.7
2026-07-07T07:58:14Z,,,,,,,,,,,9090.5
2026-07-07T07:58:14Z,,,,,,,,,,,9089.1
2026-07-07T07:58:14Z,,,,,,,,,,,9088.5
2026-07-07T07:58:14Z,,,,,,,,,,,9090.7
2026-07-07T07:58:14Z,,,,,,,,,,,9093.2
2026-07-07T07:58:15Z,51.554222,-0.070423,8.7,1.0,1.2,18,1,3,1.91,102.7,9095.0
2026-07-07T07:58:15Z,,,,,,,,,,,9096.1
2026-07-07T07:58:15Z,,,,,,,,,,,9093.2
2026-07-07T07:58:15Z,,,,,,,,,,,9090.3
2026-07-07T07:58:15Z,,,,,,,,,,,9091.1
2026-07-07T07:58:15Z,,,,,,,,,,,9091.3
2026-07-07T07:58:15Z,,,,,,,,,,,9090.9
2026-07-07T07:58:15Z,,,,,,,,,,,9090.1
2026-07-07T07:58:15Z,,,,,,,,,,,9088.9
2026-07-07T07:58:15Z,,,,,,,,,,,9086.2
2026-07-07T07:58:16Z,51.554222,-0.070401,8.8,1.0,1.2,18,1,3,1.86,102.7,9082.8
2026-07-07T07:58:16Z,,,,,,,,,,,9078.2
2026-07-07T07:58:16Z,,,,,,,,,,,9070.6
2026-07-07T07:58:16Z,,,,,,,,,,,9064.7
2026-07-07T07:58:16Z,,,,,,,,,,,9060.4
2026-07-07T07:58:16Z,,,,,,,,,,,9054.0
2026-07-07T07:58:16Z,,,,,,,,,,,9046.0
2026-07-07T07:58:16Z,,,,,,,,,,,9039.4
2026-07-07T07:58:16Z,,,,,,,,,,,9033.7
2026-07-07T07:58:16Z,,,,,,,,,,,9029.8
2026-07-07T07:58:17Z,51.554226,-0.070382,8.9,1.0,1.2,18,1,3,1.68,102.7,9027.3
2026-07-07T07:58:17Z,,,,,,,,,,,9022.9
2026-07-07T07:58:17Z,,,,,,,,,,,9015.3
2026-07-07T07:58:17Z,,,,,,,,,,,9007.7
2026-07-07T07:58:17Z,,,,,,,,,,,9005.3
2026-07-07T07:58:17Z,,,,,,,,,,,9006.6
2026-07-07T07:58:17Z,,,,,,,,,,,9008.4
2026-07-07T07:58:17Z,,,,,,,,,,,9011.8
2026-07-07T07:58:17Z,,,,,,,,,,,9015.4
2026-07-07T07:58:17Z,,,,,,,,,,,9018.3
2026-07-07T07:58:18Z,51.554226,-0.070360,9.4,1.0,1.2,18,1,3,2.16,76.6,9025.2
2026-07-07T07:58:18Z,,,,,,,,,,,9035.7
2026-07-07T07:58:18Z,,,,,,,,,,,9044.9
2026-07-07T07:58:18Z,,,,,,,,,,,9051.8
2026-07-07T07:58:18Z,,,,,,,,,,,9056.4
2026-07-07T07:58:18Z,,,,,,,,,,,9058.8
2026-07-07T07:58:18Z,,,,,,,,,,,9061.1
2026-07-07T07:58:18Z,,,,,,,,,,,9064.6
2026-07-07T07:58:18Z,,,,,,,,,,,9067.9
2026-07-07T07:58:18Z,,,,,,,,,,,9070.2
2026-07-07T07:58:19Z,51.554226,-0.070340,9.7,1.0,1.2,18,1,3,2.09,92.1,9075.7
2026-07-07T07:58:19Z,,,,,,,,,,,9079.5
2026-07-07T07:58:19Z,,,,,,,,,,,9078.6
2026-07-07T07:58:19Z,,,,,,,,,,,9076.2
2026-07-07T07:58:19Z,,,,,,,,,,,9072.5
2026-07-07T07:58:19Z,,,,,,,,,,,9069.6
2026-07-07T07:58:19Z,,,,,,,,,,,9068.9
2026-07-07T07:58:19Z,,,,,,,,,,,9066.9
2026-07-07T07:58:19Z,,,,,,,,,,,9060.2
2026-07-07T07:58:19Z,,,,,,,,,,,9050.8
2026-07-07T07:58:20Z,51.554222,-0.070321,10.0,1.0,1.2,18,1,3,1.92,92.1,9042.9
2026-07-07T07:58:20Z,,,,,,,,,,,9037.7
2026-07-07T07:58:20Z,,,,,,,,,,,9033.7
2026-07-07T07:58:20Z,,,,,,,,,,,9029.9
2026-07-07T07:58:20Z,,,,,,,,,,,9026.2
2026-07-07T07:58:20Z,,,,,,,,,,,9026.3
2026-07-07T07:58:20Z,,,,,,,,,,,9030.2
2026-07-07T07:58:20Z,,,,,,,,,,,9031.8
2026-07-07T07:58:20Z,,,,,,,,,,,9029.4
2026-07-07T07:58:20Z,,,,,,,,,,,9026.5
2026-07-07T07:58:21Z,51.554222,-0.070301,9.8,1.0,1.2,18,1,3,2.44,93.9,9020.7
2026-07-07T07:58:21Z,,,,,,,,,,,9012.7
2026-07-07T07:58:21Z,,,,,,,,,,,9007.8
2026-07-07T07:58:21Z,,,,,,,,,,,9004.7
2026-07-07T07:58:21Z,,,,,,,,,,,8998.7
2026-07-07T07:58:21Z,,,,,,,,,,,8990.4
2026-07-07T07:58:21Z,,,,,,,,,,,8982.2
2026-07-07T07:58:21Z,,,,,,,,,,,8975.2
2026-07-07T07:58:21Z,,,,,,,,,,,8970.0
2026-07-07T07:58:21Z,,,,,,,,,,,8965.6
2026-07-07T07:58:22Z,51.554222,-0.070276,10.1,1.0,1.2,18,1,3,2.49,99.8,8960.2
2026-07-07T07:58:22Z,,,,,,,,,,,8954.9
2026-07-07T07:58:22Z,,,,,,,,,,,8949.9
2026-07-07T07:58:22Z,,,,,,,,,,,8945.0
2026-07-07T07:58:22Z,,,,,,,,,,,8940.0
2026-07-07T07:58:22Z,,,,,,,,,,,8933.8
2026-07-07T07:58:22Z,,,,,,,,,,,8926.5
2026-07-07T07:58:22Z,,,,,,,,,,,8921.7
2026-07-07T07:58:22Z,,,,,,,,,,,8918.2
2026-07-07T07:58:22Z,,,,,,,,,,,8912.7
2026-07-07T07:58:22Z,51.554222,-0.070276,10.1,1.0,1.2,18,1,3,3.19,81.1,8907.4
2026-07-07T07:58:23Z,,,,,,,,,,,8902.4
2026-07-07T07:58:23Z,,,,,,,,,,,8898.2
2026-07-07T07:58:23Z,,,,,,,,,,,8895.8
2026-07-07T07:58:23Z,,,,,,,,,,,8893.8
2026-07-07T07:58:23Z,,,,,,,,,,,8889.7
2026-07-07T07:58:23Z,,,,,,,,,,,8885.5
2026-07-07T07:58:23Z,,,,,,,,,,,8886.1
2026-07-07T07:58:23Z,,,,,,,,,,,8890.4
2026-07-07T07:58:23Z,,,,,,,,,,,8896.0
2026-07-07T07:58:24Z,51.554230,-0.070246,9.0,1.0,1.2,18,1,3,2.13,79.7,8902.8
2026-07-07T07:58:24Z,,,,,,,,,,,8906.5
2026-07-07T07:58:24Z,,,,,,,,,,,8910.2
2026-07-07T07:58:24Z,,,,,,,,,,,8918.2
2026-07-07T07:58:24Z,,,,,,,,,,,8924.8
2026-07-07T07:58:24Z,,,,,,,,,,,8926.9
2026-07-07T07:58:24Z,,,,,,,,,,,8926.1
2026-07-07T07:58:24Z,,,,,,,,,,,8922.1
2026-07-07T07:58:24Z,,,,,,,,,,,8918.1
2026-07-07T07:58:24Z,,,,,,,,,,,8916.6
2026-07-07T07:58:24Z,51.554230,-0.070246,9.0,1.0,1.2,18,1,3,1.58,79.7,8916.9
2026-07-07T07:58:25Z,,,,,,,,,,,8912.5
2026-07-07T07:58:25Z,,,,,,,,,,,8907.4
2026-07-07T07:58:25Z,,,,,,,,,,,8905.4
2026-07-07T07:58:25Z,,,,,,,,,,,8901.5
2026-07-07T07:58:25Z,,,,,,,,,,,8898.4
2026-07-07T07:58:25Z,,,,,,,,,,,8896.4
2026-07-07T07:58:25Z,,,,,,,,,,,8894.3
2026-07-07T07:58:25Z,,,,,,,,,,,8894.8
2026-07-07T07:58:25Z,,,,,,,,,,,8895.3
2026-07-07T07:58:26Z,51.554230,-0.070218,8.0,1.0,1.2,18,1,3,1.53,79.7,8893.1
2026-07-07T07:58:26Z,,,,,,,,,,,8889.9
2026-07-07T07:58:26Z,,,,,,,,,,,8887.2
2026-07-07T07:58:26Z,,,,,,,,,,,8886.2
2026-07-07T07:58:26Z,,,,,,,,,,,8885.8
2026-07-07T07:58:26Z,,,,,,,,,,,8884.4
2026-07-07T07:58:26Z,,,,,,,,,,,8879.9
2026-07-07T07:58:26Z,,,,,,,,,,,8874.2
2026-07-07T07:58:26Z,,,,,,,,,,,8872.8
2026-07-07T07:58:26Z,,,,,,,,,,,8873.7
2026-07-07T07:58:27Z,51.554234,-0.070206,7.6,1.0,1.2,18,1,3,1.86,79.7,8875.0
2026-07-07T07:58:27Z,,,,,,,,,,,8877.2
2026-07-07T07:58:27Z,,,,,,,,,,,8876.2
2026-07-07T07:58:27Z,,,,,,,,,,,8874.0
2026-07-07T07:58:27Z,,,,,,,,,,,8876.4
2026-07-07T07:58:27Z,,,,,,,,,,,8880.8
2026-07-07T07:58:27Z,,,,,,,,,,,8884.1
2026-07-07T07:58:27Z,,,,,,,,,,,8887.2
2026-07-07T07:58:27Z,,,,,,,,,,,8889.1
2026-07-07T07:58:27Z,,,,,,,,,,,8891.1
2026-07-07T07:58:28Z,51.554234,-0.070191,7.4,1.0,1.2,18,1,3,1.19,79.7,8896.7
2026-07-07T07:58:28Z,,,,,,,,,,,8902.6
2026-07-07T07:58:28Z,,,,,,,,,,,8906.8
2026-07-07T07:58:28Z,,,,,,,,,,,8909.2
2026-07-07T07:58:28Z,,,,,,,,,,,8909.1
2026-07-07T07:58:28Z,,,,,,,,,,,8906.2
2026-07-07T07:58:28Z,,,,,,,,,,,8902.7
2026-07-07T07:58:28Z,,,,,,,,,,,8899.1
2026-07-07T07:58:28Z,,,,,,,,,,,8893.1
2026-07-07T07:58:28Z,,,,,,,,,,,8887.7
2026-07-07T07:58:29Z,51.554237,-0.070178,7.0,1.0,1.2,18,1,3,1.68,79.7,8884.1
2026-07-07T07:58:29Z,,,,,,,,,,,8877.9
2026-07-07T07:58:29Z,,,,,,,,,,,8869.0
2026-07-07T07:58:29Z,,,,,,,,,,,8861.9
2026-07-07T07:58:29Z,,,,,,,,,,,8854.4
2026-07-07T07:58:29Z,,,,,,,,,,,8846.8
2026-07-07T07:58:29Z,,,,,,,,,,,8842.2
2026-07-07T07:58:29Z,,,,,,,,,,,8836.7
2026-07-07T07:58:29Z,,,,,,,,,,,8827.4
2026-07-07T07:58:29Z,,,,,,,,,,,8820.0
2026-07-07T07:58:30Z,51.554237,-0.070166,6.8,1.0,1.2,18,1,3,1.71,79.7,8818.0
2026-07-07T07:58:30Z,,,,,,,,,,,8817.5
2026-07-07T07:58:30Z,,,,,,,,,,,8817.5
2026-07-07T07:58:30Z,,,,,,,,,,,8818.9
2026-07-07T07:58:30Z,,,,,,,,,,,8818.1
2026-07-07T07:58:30Z,,,,,,,,,,,8819.8
2026-07-07T07:58:30Z,,,,,,,,,,,8828.7
2026-07-07T07:58:30Z,,,,,,,,,,,8840.2
2026-07-07T07:58:30Z,,,,,,,,,,,8849.7
2026-07-07T07:58:30Z,,,,,,,,,,,8857.1
2026-07-07T07:58:31Z,51.554234,-0.070158,6.1,1.0,1.2,18,1,3,1.13,79.7,8860.8
2026-07-07T07:58:31Z,,,,,,,,,,,8861.9
2026-07-07T07:58:31Z,,,,,,,,,,,8865.2
2026-07-07T07:58:31Z,,,,,,,,,,,8869.6
2026-07-07T07:58:31Z,,,,,,,,,,,8872.2
2026-07-07T07:58:31Z,,,,,,,,,,,8872.4
2026-07-07T07:58:31Z,,,,,,,,,,,8871.2
2026-07-07T07:58:31Z,,,,,,,,,,,8869.3
2026-07-07T07:58:31Z,,,,,,,,,,,8867.5
2026-07-07T07:58:31Z,,,,,,,,,,,8865.4
2026-07-07T07:58:32Z,51.554234,-0.070150,5.2,1.0,1.2,18,1,3,1.09,79.7,8861.4
2026-07-07T07:58:32Z,,,,,,,,,,,8858.7
2026-07-07T07:58:32Z,,,,,,,,,,,8857.7
2026-07-07T07:58:32Z,,,,,,,,,,,8854.5
2026-07-07T07:58:32Z,,,,,,,,,,,8850.9
2026-07-07T07:58:32Z,,,,,,,,,,,8850.1
2026-07-07T07:58:32Z,,,,,,,,,,,8850.4
2026-07-07T07:58:32Z,,,,,,,,,,,8851.9
2026-07-07T07:58:32Z,,,,,,,,,,,8854.4
2026-07-07T07:58:32Z,,,,,,,,,,,8854.7
2026-07-07T07:58:33Z,51.554237,-0.070140,4.5,1.0,1.2,18,1,3,1.12,79.7,8853.9
2026-07-07T07:58:33Z,,,,,,,,,,,8855.4
2026-07-07T07:58:33Z,,,,,,,,,,,8861.8
2026-07-07T07:58:33Z,,,,,,,,,,,8870.8
2026-07-07T07:58:33Z,,,,,,,,,,,8880.7
2026-07-07T07:58:33Z,,,,,,,,,,,8890.9
2026-07-07T07:58:33Z,,,,,,,,,,,8897.5
2026-07-07T07:58:33Z,,,,,,,,,,,8904.6
2026-07-07T07:58:33Z,,,,,,,,,,,8914.5
2026-07-07T07:58:33Z,,,,,,,,,,,8921.7
2026-07-07T07:58:34Z,51.554241,-0.070128,3.6,1.0,1.2,18,1,3,1.29,79.7,8926.1
2026-07-07T07:58:34Z,,,,,,,,,,,8925.6
2026-07-07T07:58:34Z,,,,,,,,,,,8920.2
2026-07-07T07:58:34Z,,,,,,,,,,,8918.0
2026-07-07T07:58:34Z,,,,,,,,,,,8920.7
2026-07-07T07:58:34Z,,,,,,,,,,,8923.9
2026-07-07T07:58:34Z,,,,,,,,,,,8928.3
2026-07-07T07:58:34Z,,,,,,,,,,,8933.0
2026-07-07T07:58:34Z,,,,,,,,,,,8934.1
2026-07-07T07:58:34Z,,,,,,,,,,,8934.4
2026-07-07T07:58:35Z,51.554245,-0.070118,2.6,1.0,1.2,18,1,3,1.51,79.7,8937.0
2026-07-07T07:58:35Z,,,,,,,,,,,8938.3
2026-07-07T07:58:35Z,,,,,,,,,,,8936.5
2026-07-07T07:58:35Z,,,,,,,,,,,8933.0
2026-07-07T07:58:35Z,,,,,,,,,,,8926.6
2026-07-07T07:58:35Z,,,,,,,,,,,8918.5
2026-07-07T07:58:35Z,,,,,,,,,,,8913.4
2026-07-07T07:58:35Z,,,,,,,,,,,8908.7
2026-07-07T07:58:35Z,,,,,,,,,,,8904.3
2026-07-07T07:58:35Z,,,,,,,,,,,8903.0
2026-07-07T07:58:36Z,51.554249,-0.070109,1.3,1.0,1.2,18,1,3,1.21,79.7,8902.6
2026-07-07T07:58:36Z,,,,,,,,,,,8901.8
2026-07-07T07:58:36Z,,,,,,,,,,,8903.3
2026-07-07T07:58:36Z,,,,,,,,,,,8907.5
2026-07-07T07:58:36Z,,,,,,,,,,,8912.4
2026-07-07T07:58:36Z,,,,,,,,,,,8917.8
2026-07-07T07:58:36Z,,,,,,,,,,,8920.2
2026-07-07T07:58:36Z,,,,,,,,,,,8918.8
2026-07-07T07:58:36Z,,,,,,,,,,,8916.6
2026-07-07T07:58:36Z,,,,,,,,,,,8914.6
2026-07-07T07:58:37Z,51.554253,-0.070093,0.1,1.0,1.2,18,1,3,1.46,79.7,8913.3
2026-07-07T07:58:37Z,,,,,,,,,,,8911.5
2026-07-07T07:58:37Z,,,,,,,,,,,8906.5
2026-07-07T07:58:37Z,,,,,,,,,,,8897.5
2026-07-07T07:58:37Z,,,,,,,,,,,8889.2
2026-07-07T07:58:37Z,,,,,,,,,,,8884.5
2026-07-07T07:58:37Z,,,,,,,,,,,8879.6
2026-07-07T07:58:37Z,,,,,,,,,,,8873.7
2026-07-07T07:58:37Z,,,,,,,,,,,8866.9
2026-07-07T07:58:37Z,,,,,,,,,,,8856.3
2026-07-07T07:58:38Z,51.554253,-0.070078,-1.1,1.0,1.2,18,1,3,1.76,79.7,8845.5
2026-07-07T07:58:38Z,,,,,,,,,,,8838.7
2026-07-07T07:58:38Z,,,,,,,,,,,8833.0
2026-07-07T07:58:38Z,,,,,,,,,,,8828.0
2026-07-07T07:58:38Z,,,,,,,,,,,8823.5
2026-07-07T07:58:38Z,,,,,,,,,,,8814.6
2026-07-07T07:58:38Z,,,,,,,,,,,8803.5
2026-07-07T07:58:38Z,,,,,,,,,,,8797.1
2026-07-07T07:58:38Z,,,,,,,,,,,8793.5
2026-07-07T07:58:38Z,,,,,,,,,,,8790.1
2026-07-07T07:58:38Z,51.554253,-0.070078,-1.1,1.0,1.2,18,1,3,1.46,79.7,8786.8
2026-07-07T07:58:39Z,,,,,,,,,,,8781.4
2026-07-07T07:58:39Z,,,,,,,,,,,8774.7
2026-07-07T07:58:39Z,,,,,,,,,,,8771.5
2026-07-07T07:58:39Z,,,,,,,,,,,8769.7
2026-07-07T07:58:39Z,,,,,,,,,,,8767.5
2026-07-07T07:58:39Z,,,,,,,,,,,8768.0
2026-07-07T07:58:39Z,,,,,,,,,,,8769.6
2026-07-07T07:58:39Z,,,,,,,,,,,8768.8
2026-07-07T07:58:39Z,,,,,,,,,,,8767.7
2026-07-07T07:58:40Z,51.554256,-0.070039,-2.4,1.0,1.2,18,1,3,1.59,79.7,8767.7
2026-07-07T07:58:40Z,,,,,,,,,,,8767.5
2026-07-07T07:58:40Z,,,,,,,,,,,8768.5
2026-07-07T07:58:40Z,,,,,,,,,,,8772.0
2026-07-07T07:58:40Z,,,,,,,,,,,8773.3
2026-07-07T07:58:40Z,,,,,,,,,,,8773.3
2026-07-07T07:58:40Z,,,,,,,,,,,8776.7
2026-07-07T07:58:40Z,,,,,,,,,,,8782.7
2026-07-07T07:58:40Z,,,,,,,,,,,8791.8
2026-07-07T07:58:40Z,,,,,,,,,,,8802.7
2026-07-07T07:58:41Z,51.554256,-0.070020,-2.9,1.0,1.2,18,1,3,2.33,60.6,8811.0
2026-07-07T07:58:41Z,,,,,,,,,,,8816.5
2026-07-07T07:58:41Z,,,,,,,,,,,8821.6
2026-07-07T07:58:41Z,,,,,,,,,,,8828.3
2026-07-07T07:58:41Z,,,,,,,,,,,8836.2
2026-07-07T07:58:41Z,,,,,,,,,,,8842.3
2026-07-07T07:58:41Z,,,,,,,,,,,8845.2
2026-07-07T07:58:41Z,,,,,,,,,,,8842.3
2026-07-07T07:58:41Z,,,,,,,,,,,8839.0
2026-07-07T07:58:41Z,,,,,,,,,,,8840.6
2026-07-07T07:58:42Z,51.554256,-0.070000,-2.5,1.0,1.2,18,1,3,1.46,60.6,8841.4
2026-07-07T07:58:42Z,,,,,,,,,,,8840.9
2026-07-07T07:58:42Z,,,,,,,,,,,8840.2
2026-07-07T07:58:42Z,,,,,,,,,,,8835.9
2026-07-07T07:58:42Z,,,,,,,,,,,8829.1
2026-07-07T07:58:42Z,,,,,,,,,,,8825.3
2026-07-07T07:58:42Z,,,,,,,,,,,8823.1
2026-07-07T07:58:42Z,,,,,,,,,,,8818.9
2026-07-07T07:58:42Z,,,,,,,,,,,8813.4
2026-07-07T07:58:42Z,,,,,,,,,,,8809.3
2026-07-07T07:58:43Z,51.554256,-0.069990,-3.2,1.0,1.2,18,1,3,1.46,60.6,8804.1
2026-07-07T07:58:43Z,,,,,,,,,,,8798.6
2026-07-07T07:58:43Z,,,,,,,,,,,8797.2
2026-07-07T07:58:43Z,,,,,,,,,,,8797.0
2026-07-07T07:58:43Z,,,,,,,,,,,8796.5
2026-07-07T07:58:43Z,,,,,,,,,,,8799.0
2026-07-07T07:58:43Z,,,,,,,,,,,8801.0
2026-07-07T07:58:43Z,,,,,,,,,,,8798.1
2026-07-07T07:58:43Z,,,,,,,,,,,8794.9
2026-07-07T07:58:43Z,,,,,,,,,,,8794.2
2026-07-07T07:58:44Z,51.554256,-0.069977,-4.0,1.0,1.2,18,1,3,1.29,60.6,8794.2
2026-07-07T07:58:44Z,,,,,,,,,,,8794.5
2026-07-07T07:58:44Z,,,,,,,,,,,8792.8
2026-07-07T07:58:44Z,,,,,,,,,,,8787.8
2026-07-07T07:58:44Z,,,,,,,,,,,8780.2
2026-07-07T07:58:44Z,,,,,,,,,,,8776.3
2026-07-07T07:58:44Z,,,,,,,,,,,8775.9
2026-07-07T07:58:44Z,,,,,,,,,,,8775.3
2026-07-07T07:58:44Z,,,,,,,,,,,8774.3
2026-07-07T07:58:44Z,,,,,,,,,,,8771.9
2026-07-07T07:58:45Z,51.554256,-0.069965,-4.6,1.0,1.2,18,1,3,1.19,60.6,8769.6
2026-07-07T07:58:45Z,,,,,,,,,,,8771.8
2026-07-07T07:58:45Z,,,,,,,,,,,8779.7
2026-07-07T07:58:45Z,,,,,,,,,,,8788.1
2026-07-07T07:58:45Z,,,,,,,,,,,8797.1
2026-07-07T07:58:45Z,,,,,,,,,,,8805.9
2026-07-07T07:58:45Z,,,,,,,,,,,8809.6
2026-07-07T07:58:45Z,,,,,,,,,,,8810.9
2026-07-07T07:58:45Z,,,,,,,,,,,8814.4
2026-07-07T07:58:45Z,,,,,,,,,,,8817.5
2026-07-07T07:58:46Z,51.554256,-0.069955,-5.3,1.0,1.2,18,1,3,0.83,60.6,8818.3
2026-07-07T07:58:46Z,,,,,,,,,,,8819.7
2026-07-07T07:58:46Z,,,,,,,,,,,8821.7
2026-07-07T07:58:46Z,,,,,,,,,,,8819.8
2026-07-07T07:58:46Z,,,,,,,,,,,8817.3
2026-07-07T07:58:46Z,,,,,,,,,,,8818.0
2026-07-07T07:58:46Z,,,,,,,,,,,8818.2
2026-07-07T07:58:46Z,,,,,,,,,,,8818.3
2026-07-07T07:58:46Z,,,,,,,,,,,8820.7
2026-07-07T07:58:46Z,,,,,,,,,,,8819.7
2026-07-07T07:58:47Z,51.554256,-0.069945,-5.7,1.0,1.2,18,1,3,0.78,60.6,8816.1
2026-07-07T07:58:47Z,,,,,,,,,,,8815.0
2026-07-07T07:58:47Z,,,,,,,,,,,8818.0
2026-07-07T07:58:47Z,,,,,,,,,,,8825.0
2026-07-07T07:58:47Z,,,,,,,,,,,8832.1
2026-07-07T07:58:47Z,,,,,,,,,,,8836.3
2026-07-07T07:58:47Z,,,,,,,,,,,8835.8
2026-07-07T07:58:47Z,,,,,,,,,,,8835.7
2026-07-07T07:58:47Z,,,,,,,,,,,8838.1
2026-07-07T07:58:47Z,,,,,,,,,,,8839.3
2026-07-07T07:58:48Z,51.554256,-0.069933,-6.1,1.0,1.2,18,1,3,0.57,60.6,8839.6
2026-07-07T07:58:48Z,,,,,,,,,,,8837.9
2026-07-07T07:58:48Z,,,,,,,,,,,8831.6
2026-07-07T07:58:48Z,,,,,,,,,,,8824.6
2026-07-07T07:58:48Z,,,,,,,,,,,8822.0
2026-07-07T07:58:48Z,,,,,,,,,,,8820.6
2026-07-07T07:58:48Z,,,,,,,,,,,8819.6
2026-07-07T07:58:48Z,,,,,,,,,,,8818.9
2026-07-07T07:58:48Z,,,,,,,,,,,8814.4
2026-07-07T07:58:48Z,,,,,,,,,,,8809.3
2026-07-07T07:58:49Z,51.554256,-0.069920,-6.3,1.0,1.2,18,1,3,1.01,60.6,8809.4
2026-07-07T07:58:49Z,,,,,,,,,,,8811.8
2026-07-07T07:58:49Z,,,,,,,,,,,8814.0
2026-07-07T07:58:49Z,,,,,,,,,,,8817.9
2026-07-07T07:58:49Z,,,,,,,,,,,8823.0
2026-07-07T07:58:49Z,,,,,,,,,,,8825.9
2026-07-07T07:58:49Z,,,,,,,,,,,8828.3
2026-07-07T07:58:49Z,,,,,,,,,,,8833.4
2026-07-07T07:58:49Z,,,,,,,,,,,8836.2
2026-07-07T07:58:49Z,,,,,,,,,,,8838.1
2026-07-07T07:58:50Z,51.554256,-0.069905,-6.7,1.0,1.2,18,1,3,1.16,60.6,8842.1
2026-07-07T07:58:50Z,,,,,,,,,,,8841.2
2026-07-07T07:58:50Z,,,,,,,,,,,8835.9
2026-07-07T07:58:50Z,,,,,,,,,,,8832.1
2026-07-07T07:58:50Z,,,,,,,,,,,8829.8
2026-07-07T07:58:50Z,,,,,,,,,,,8829.1
2026-07-07T07:58:50Z,,,,,,,,,,,8830.6
2026-07-07T07:58:50Z,,,,,,,,,,,8833.6
2026-07-07T07:58:50Z,,,,,,,,,,,8836.0
2026-07-07T07:58:50Z,,,,,,,,,,,8840.3
2026-07-07T07:58:51Z,51.554256,-0.069890,-7.2,1.0,1.2,18,1,3,1.55,60.6,8850.5
2026-07-07T07:58:51Z,,,,,,,,,,,8863.6
2026-07-07T07:58:51Z,,,,,,,,,,,8876.3
2026-07-07T07:58:51Z,,,,,,,,,,,8887.0
2026-07-07T07:58:51Z,,,,,,,,,,,8892.8
2026-07-07T07:58:51Z,,,,,,,,,,,8897.3
2026-07-07T07:58:51Z,,,,,,,,,,,8904.5
2026-07-07T07:58:51Z,,,,,,,,,,,8910.0
2026-07-07T07:58:51Z,,,,,,,,,,,8913.6
2026-07-07T07:58:51Z,,,,,,,,,,,8916.9
2026-07-07T07:58:52Z,51.554256,-0.069873,-7.7,1.0,1.2,18,1,3,1.61,60.6,8915.5
2026-07-07T07:58:52Z,,,,,,,,,,,8909.9
2026-07-07T07:58:52Z,,,,,,,,,,,8904.8
2026-07-07T07:58:52Z,,,,,,,,,,,8900.2
2026-07-07T07:58:52Z,,,,,,,,,,,8894.9
2026-07-07T07:58:52Z,,,,,,,,,,,8890.6
2026-07-07T07:58:52Z,,,,,,,,,,,8884.8
2026-07-07T07:58:52Z,,,,,,,,,,,8873.1
2026-07-07T07:58:52Z,,,,,,,,,,,8860.6
2026-07-07T07:58:52Z,,,,,,,,,,,8851.6
2026-07-07T07:58:53Z,51.554256,-0.069855,-8.2,1.0,1.2,18,1,3,1.80,60.6,8843.7
2026-07-07T07:58:53Z,,,,,,,,,,,8834.9
2026-07-07T07:58:53Z,,,,,,,,,,,8826.8
2026-07-07T07:58:53Z,,,,,,,,,,,8817.7
2026-07-07T07:58:53Z,,,,,,,,,,,8806.3
2026-07-07T07:58:53Z,,,,,,,,,,,8797.2
2026-07-07T07:58:53Z,,,,,,,,,,,8790.9
2026-07-07T07:58:53Z,,,,,,,,,,,8786.8
2026-07-07T07:58:53Z,,,,,,,,,,,8784.9
2026-07-07T07:58:53Z,,,,,,,,,,,8783.6
2026-07-07T07:58:54Z,51.554256,-0.069844,-9.0,1.0,1.2,18,1,3,1.55,60.6,8781.3
2026-07-07T07:58:54Z,,,,,,,,,,,8780.8
2026-07-07T07:58:54Z,,,,,,,,,,,8783.6
2026-07-07T07:58:54Z,,,,,,,,,,,8788.5
2026-07-07T07:58:54Z,,,,,,,,,,,8794.9
2026-07-07T07:58:54Z,,,,,,,,,,,8800.0
2026-07-07T07:58:54Z,,,,,,,,,,,8799.4
2026-07-07T07:58:54Z,,,,,,,,,,,8795.9
2026-07-07T07:58:54Z,,,,,,,,,,,8795.2
2026-07-07T07:58:54Z,,,,,,,,,,,8795.5
2026-07-07T07:58:55Z,51.554256,-0.069834,-9.5,1.0,1.2,18,1,3,0.53,60.6,8795.3
2026-07-07T07:58:55Z,,,,,,,,,,,8795.0
2026-07-07T07:58:55Z,,,,,,,,,,,8790.5
2026-07-07T07:58:55Z,,,,,,,,,,,8782.6
2026-07-07T07:58:55Z,,,,,,,,,,,8777.6
2026-07-07T07:58:55Z,,,,,,,,,,,8774.1
2026-07-07T07:58:55Z,,,,,,,,,,,8769.2
2026-07-07T07:58:55Z,,,,,,,,,,,8763.5
2026-07-07T07:58:55Z,,,,,,,,,,,8756.7
2026-07-07T07:58:55Z,,,,,,,,,,,8748.7
2026-07-07T07:58:56Z,51.554256,-0.069815,-9.6,1.0,1.2,18,1,3,1.30,60.6,8742.0
2026-07-07T07:58:56Z,,,,,,,,,,,8737.3
2026-07-07T07:58:56Z,,,,,,,,,,,8732.1
2026-07-07T07:58:56Z,,,,,,,,,,,8726.7
2026-07-07T07:58:56Z,,,,,,,,,,,8722.6
2026-07-07T07:58:56Z,,,,,,,,,,,8716.9
2026-07-07T07:58:56Z,,,,,,,,,,,8709.6
2026-07-07T07:58:56Z,,,,,,,,,,,8704.1
2026-07-07T07:58:56Z,,,,,,,,,,,8699.5
2026-07-07T07:58:56Z,,,,,,,,,,,8695.5
2026-07-07T07:58:57Z,51.554256,-0.069793,-9.7,1.0,1.2,18,1,3,2.14,64.4,8692.2
2026-07-07T07:58:57Z,,,,,,,,,,,8688.7
2026-07-07T07:58:57Z,,,,,,,,,,,8685.3
2026-07-07T07:58:57Z,,,,,,,,,,,8682.6
2026-07-07T07:58:57Z,,,,,,,,,,,8681.6
2026-07-07T07:58:57Z,,,,,,,,,,,8681.8
2026-07-07T07:58:57Z,,,,,,,,,,,8682.5
2026-07-07T07:58:57Z,,,,,,,,,,,8682.9
2026-07-07T07:58:57Z,,,,,,,,,,,8679.9
2026-07-07T07:58:57Z,,,,,,,,,,,8676.8
2026-07-07T07:58:58Z,51.554256,-0.069775,-10.0,1.0,1.2,18,1,3,2.11,75.5,8678.0
2026-07-07T07:58:58Z,,,,,,,,,,,8676.9
2026-07-07T07:58:58Z,,,,,,,,,,,8673.2
2026-07-07T07:58:58Z,,,,,,,,,,,8673.8
2026-07-07T07:58:58Z,,,,,,,,,,,8672.8
2026-07-07T07:58:58Z,,,,,,,,,,,8667.9
2026-07-07T07:58:58Z,,,,,,,,,,,8666.0
2026-07-07T07:58:58Z,,,,,,,,,,,8666.4
2026-07-07T07:58:58Z,,,,,,,,,,,8667.9
2026-07-07T07:58:58Z,,,,,,,,,,,8674.6
2026-07-07T07:58:59Z,51.554256,-0.069757,-10.3,1.0,1.2,18,1,3,1.84,75.5,8684.7
2026-07-07T07:58:59Z,,,,,,,,,,,8696.7
2026-07-07T07:58:59Z,,,,,,,,,,,8712.2
2026-07-07T07:58:59Z,,,,,,,,,,,8733.6
2026-07-07T07:58:59Z,,,,,,,,,,,8757.5
2026-07-07T07:58:59Z,,,,,,,,,,,8780.5
2026-07-07T07:58:59Z,,,,,,,,,,,8801.1
2026-07-07T07:58:59Z,,,,,,,,,,,8817.4
2026-07-07T07:58:59Z,,,,,,,,,,,8829.1
2026-07-07T07:58:59Z,,,,,,,,,,,8838.8
2026-07-07T07:59:00Z,51.554253,-0.069738,-10.4,1.0,1.2,18,1,3,1.70,75.5,8845.6
2026-07-07T07:59:00Z,,,,,,,,,,,8850.2
2026-07-07T07:59:00Z,,,,,,,,,,,8853.9
2026-07-07T07:59:00Z,,,,,,,,,,,8853.8
2026-07-07T07:59:00Z,,,,,,,,,,,8847.8
2026-07-07T07:59:00Z,,,,,,,,,,,8842.7
2026-07-07T07:59:00Z,,,,,,,,,,,8839.2
2026-07-07T07:59:00Z,,,,,,,,,,,8834.3
2026-07-07T07:59:00Z,,,,,,,,,,,8830.0
2026-07-07T07:59:00Z,,,,,,,,,,,8825.9
2026-07-07T07:59:01Z,51.554253,-0.069719,-10.8,1.0,1.2,18,1,3,2.00,97.6,8818.7
2026-07-07T07:59:01Z,,,,,,,,,,,8811.0
2026-07-07T07:59:01Z,,,,,,,,,,,8806.9
2026-07-07T07:59:01Z,,,,,,,,,,,8806.0
2026-07-07T07:59:01Z,,,,,,,,,,,8805.6
2026-07-07T07:59:01Z,,,,,,,,,,,8805.4
2026-07-07T07:59:01Z,,,,,,,,,,,8803.1
2026-07-07T07:59:01Z,,,,,,,,,,,8799.5
2026-07-07T07:59:01Z,,,,,,,,,,,8798.6
2026-07-07T07:59:01Z,,,,,,,,,,,8798.8
2026-07-07T07:59:02Z,51.554249,-0.069706,-10.8,1.0,1.2,18,1,3,1.85,97.6,8799.0
2026-07-07T07:59:02Z,,,,,,,,,,,8798.2
2026-07-07T07:59:02Z,,,,,,,,,,,8792.2
2026-07-07T07:59:02Z,,,,,,,,,,,8783.1
2026-07-07T07:59:02Z,,,,,,,,,,,8777.0
2026-07-07T07:59:02Z,,,,,,,,,,,8774.1
2026-07-07T07:59:02Z,,,,,,,,,,,8770.3
2026-07-07T07:59:02Z,,,,,,,,,,,8767.2
2026-07-07T07:59:02Z,,,,,,,,,,,8762.9
2026-07-07T07:59:02Z,,,,,,,,,,,8752.9
2026-07-07T07:59:03Z,51.554249,-0.069699,-11.5,1.0,1.2,18,1,3,0.84,97.6,8744.3
2026-07-07T07:59:03Z,,,,,,,,,,,8740.1
2026-07-07T07:59:03Z,,,,,,,,,,,8736.0
2026-07-07T07:59:03Z,,,,,,,,,,,8729.8
2026-07-07T07:59:03Z,,,,,,,,,,,8723.5
2026-07-07T07:59:03Z,,,,,,,,,,,8715.3
2026-07-07T07:59:03Z,,,,,,,,,,,8707.4
2026-07-07T07:59:03Z,,,,,,,,,,,8704.1
2026-07-07T07:59:03Z,,,,,,,,,,,8703.6
2026-07-07T07:59:03Z,,,,,,,,,,,8703.0
2026-07-07T07:59:04Z,51.554245,-0.069689,-11.7,1.0,1.2,18,1,3,0.89,97.6,8702.4
2026-07-07T07:59:04Z,,,,,,,,,,,8700.7
2026-07-07T07:59:04Z,,,,,,,,,,,8699.1
2026-07-07T07:59:04Z,,,,,,,,,,,8700.2
2026-07-07T07:59:04Z,,,,,,,,,,,8701.6
2026-07-07T07:59:04Z,,,,,,,,,,,8703.0
2026-07-07T07:59:04Z,,,,,,,,,,,8704.1
2026-07-07T07:59:04Z,,,,,,,,,,,8703.4
2026-07-07T07:59:04Z,,,,,,,,,,,8701.5
2026-07-07T07:59:04Z,,,,,,,,,,,8701.4
2026-07-07T07:59:05Z,51.554241,-0.069685,-12.4,1.0,1.2,18,1,3,1.25,97.6,8702.3
2026-07-07T07:59:05Z,,,,,,,,,,,8702.9
2026-07-07T07:59:05Z,,,,,,,,,,,8704.8
2026-07-07T07:59:05Z,,,,,,,,,,,8706.4
2026-07-07T07:59:05Z,,,,,,,,,,,8703.8
2026-07-07T07:59:05Z,,,,,,,,,,,8699.8
2026-07-07T07:59:05Z,,,,,,,,,,,8698.4
2026-07-07T07:59:05Z,,,,,,,,,,,8697.5
2026-07-07T07:59:05Z,,,,,,,,,,,8696.6
2026-07-07T07:59:05Z,,,,,,,,,,,8696.2
2026-07-07T07:59:06Z,51.554241,-0.069675,-12.7,1.0,1.2,18,1,3,0.59,97.6,8694.4
2026-07-07T07:59:06Z,,,,,,,,,,,8692.6
2026-07-07T07:59:06Z,,,,,,,,,,,8694.6
2026-07-07T07:59:06Z,,,,,,,,,,,8698.5
2026-07-07T07:59:06Z,,,,,,,,,,,8702.9
2026-07-07T07:59:06Z,,,,,,,,,,,8707.6
2026-07-07T07:59:06Z,,,,,,,,,,,8708.7
2026-07-07T07:59:06Z,,,,,,,,,,,8708.3
2026-07-07T07:59:06Z,,,,,,,,,,,8710.8
2026-07-07T07:59:06Z,,,,,,,,,,,8713.9
2026-07-07T07:59:07Z,51.554237,-0.069664,-13.2,1.0,1.2,18,1,3,0.56,97.6,8715.6
2026-07-07T07:59:07Z,,,,,,,,,,,8716.6
2026-07-07T07:59:07Z,,,,,,,,,,,8714.5
2026-07-07T07:59:07Z,,,,,,,,,,,8711.3
2026-07-07T07:59:07Z,,,,,,,,,,,8711.3
2026-07-07T07:59:07Z,,,,,,,,,,,8713.2
2026-07-07T07:59:07Z,,,,,,,,,,,8715.2
2026-07-07T07:59:07Z,,,,,,,,,,,8717.7
2026-07-07T07:59:07Z,,,,,,,,,,,8719.8
2026-07-07T07:59:07Z,,,,,,,,,,,8719.8
2026-07-07T07:59:08Z,51.554237,-0.069654,-14.3,1.0,1.2,18,1,3,1.41,97.6,8720.0
2026-07-07T07:59:08Z,,,,,,,,,,,8723.7
2026-07-07T07:59:08Z,,,,,,,,,,,8729.8
2026-07-07T07:59:08Z,,,,,,,,,,,8734.8
2026-07-07T07:59:08Z,,,,,,,,,,,8737.5
2026-07-07T07:59:08Z,,,,,,,,,,,8737.2
2026-07-07T07:59:08Z,,,,,,,,,,,8736.0
2026-07-07T07:59:08Z,,,,,,,,,,,8735.6
2026-07-07T07:59:08Z,,,,,,,,,,,8735.2
2026-07-07T07:59:08Z,,,,,,,,,,,8735.3
2026-07-07T07:59:09Z,51.554237,-0.069646,-15.3,1.0,1.2,18,1,3,0.68,97.6,8735.8
2026-07-07T07:59:09Z,,,,,,,,,,,8732.4
2026-07-07T07:59:09Z,,,,,,,,,,,8727.1
2026-07-07T07:59:09Z,,,,,,,,,,,8722.8
2026-07-07T07:59:09Z,,,,,,,,,,,8719.2
2026-07-07T07:59:09Z,,,,,,,,,,,8717.2
2026-07-07T07:59:09Z,,,,,,,,,,,8715.9
2026-07-07T07:59:09Z,,,,,,,,,,,8711.2
2026-07-07T07:59:09Z,,,,,,,,,,,8702.7
2026-07-07T07:59:09Z,,,,,,,,,,,8696.1
2026-07-07T07:59:10Z,51.554234,-0.069634,-16.0,1.0,1.2,18,1,3,0.69,97.6,8692.5
2026-07-07T07:59:10Z,,,,,,,,,,,8688.8
2026-07-07T07:59:10Z,,,,,,,,,,,8684.1
2026-07-07T07:59:10Z,,,,,,,,,,,8678.2
2026-07-07T07:59:10Z,,,,,,,,,,,8669.3
2026-07-07T07:59:10Z,,,,,,,,,,,8661.7
2026-07-07T07:59:10Z,,,,,,,,,,,8659.0
2026-07-07T07:59:10Z,,,,,,,,,,,8656.6
2026-07-07T07:59:10Z,,,,,,,,,,,8653.4
2026-07-07T07:59:10Z,,,,,,,,,,,8650.0
2026-07-07T07:59:11Z,51.554234,-0.069624,-16.8,1.0,1.2,18,1,3,0.94,97.6,8646.6
2026-07-07T07:59:11Z,,,,,,,,,,,8645.6
2026-07-07T07:59:11Z,,,,,,,,,,,8651.1
2026-07-07T07:59:11Z,,,,,,,,,,,8663.9
2026-07-07T07:59:11Z,,,,,,,,,,,8681.9
2026-07-07T07:59:11Z,,,,,,,,,,,8704.7
2026-07-07T07:59:11Z,,,,,,,,,,,8728.0
2026-07-07T07:59:11Z,,,,,,,,,,,8752.7
2026-07-07T07:59:11Z,,,,,,,,,,,8780.3
2026-07-07T07:59:11Z,,,,,,,,,,,8804.7
2026-07-07T07:59:11Z,51.554234,-0.069624,-16.8,1.0,1.2,18,1,3,0.73,97.6,8826.2
2026-07-07T07:59:12Z,,,,,,,,,,,8845.6
2026-07-07T07:59:12Z,,,,,,,,,,,8860.3
2026-07-07T07:59:12Z,,,,,,,,,,,8868.5
2026-07-07T07:59:12Z,,,,,,,,,,,8874.9
2026-07-07T07:59:12Z,,,,,,,,,,,8879.5
2026-07-07T07:59:12Z,,,,,,,,,,,8881.4
2026-07-07T07:59:12Z,,,,,,,,,,,8883.3
2026-07-07T07:59:12Z,,,,,,,,,,,8884.3
2026-07-07T07:59:12Z,,,,,,,,,,,8878.8
2026-07-07T07:59:13Z,51.554237,-0.069599,-18.2,1.0,1.2,18,1,3,0.84,97.6,8869.9
2026-07-07T07:59:13Z,,,,,,,,,,,8863.3
2026-07-07T07:59:13Z,,,,,,,,,,,8858.6
2026-07-07T07:59:13Z,,,,,,,,,,,8855.4
2026-07-07T07:59:13Z,,,,,,,,,,,8852.0
2026-07-07T07:59:13Z,,,,,,,,,,,8845.8
2026-07-07T07:59:13Z,,,,,,,,,,,8840.2
2026-07-07T07:59:13Z,,,,,,,,,,,8840.4
2026-07-07T07:59:13Z,,,,,,,,,,,8845.4
2026-07-07T07:59:13Z,,,,,,,,,,,8853.2
2026-07-07T07:59:14Z,51.554237,-0.069586,-18.5,1.0,1.2,18,1,3,1.08,97.6,8860.1
2026-07-07T07:59:14Z,,,,,,,,,,,8862.3
2026-07-07T07:59:14Z,,,,,,,,,,,8864.9
2026-07-07T07:59:14Z,,,,,,,,,,,8871.6
2026-07-07T07:59:14Z,,,,,,,,,,,8880.0
2026-07-07T07:59:14Z,,,,,,,,,,,8886.4
2026-07-07T07:59:14Z,,,,,,,,,,,8891.3
2026-07-07T07:59:14Z,,,,,,,,,,,8892.9
2026-07-07T07:59:14Z,,,,,,,,,,,8891.9
2026-07-07T07:59:14Z,,,,,,,,,,,8894.9
2026-07-07T07:59:15Z,51.554237,-0.069571,-18.7,1.0,1.2,18,1,3,0.74,97.6,8899.5
2026-07-07T07:59:15Z,,,,,,,,,,,8902.6
2026-07-07T07:59:15Z,,,,,,,,,,,8904.9
2026-07-07T07:59:15Z,,,,,,,,,,,8904.4
2026-07-07T07:59:15Z,,,,,,,,,,,8901.7
2026-07-07T07:59:15Z,,,,,,,,,,,8902.2
2026-07-07T07:59:15Z,,,,,,,,,,,8905.3
2026-07-07T07:59:15Z,,,,,,,,,,,8908.0
2026-07-07T07:59:15Z,,,,,,,,,,,8911.3
2026-07-07T07:59:15Z,,,,,,,,,,,8914.1
2026-07-07T07:59:16Z,51.554237,-0.069554,-19.1,1.0,1.2,18,1,3,1.40,97.6,8913.4
2026-07-07T07:59:16Z,,,,,,,,,,,8911.8
2026-07-07T07:59:16Z,,,,,,,,,,,8910.4
2026-07-07T07:59:16Z,,,,,,,,,,,8907.6
2026-07-07T07:59:16Z,,,,,,,,,,,8904.1
2026-07-07T07:59:16Z,,,,,,,,,,,8899.6
2026-07-07T07:59:16Z,,,,,,,,,,,8892.2
2026-07-07T07:59:16Z,,,,,,,,,,,8884.7
2026-07-07T07:59:16Z,,,,,,,,,,,8878.6
2026-07-07T07:59:16Z,,,,,,,,,,,8874.0
2026-07-07T07:59:17Z,51.554237,-0.069535,-19.5,1.0,1.2,18,1,3,1.63,97.6,8871.4
2026-07-07T07:59:17Z,,,,,,,,,,,8868.4
2026-07-07T07:59:17Z,,,,,,,,,,,8862.5
2026-07-07T07:59:17Z,,,,,,,,,,,8857.2
2026-07-07T07:59:17Z,,,,,,,,,,,8855.9
2026-07-07T07:59:17Z,,,,,,,,,,,8858.3
2026-07-07T07:59:17Z,,,,,,,,,,,8863.5
2026-07-07T07:59:17Z,,,,,,,,,,,8868.4
2026-07-07T07:59:17Z,,,,,,,,,,,8869.6
2026-07-07T07:59:17Z,,,,,,,,,,,8869.2
2026-07-07T07:59:18Z,51.554237,-0.069518,-19.7,1.0,1.2,18,1,3,1.95,84.1,8870.9
2026-07-07T07:59:18Z,,,,,,,,,,,8873.8
2026-07-07T07:59:18Z,,,,,,,,,,,8874.7
2026-07-07T07:59:18Z,,,,,,,,,,,8873.9
2026-07-07T07:59:18Z,,,,,,,,,,,8869.8
2026-07-07T07:59:18Z,,,,,,,,,,,8864.1
2026-07-07T07:59:18Z,,,,,,,,,,,8861.3
2026-07-07T07:59:18Z,,,,,,,,,,,8858.3
2026-07-07T07:59:18Z,,,,,,,,,,,8855.0
2026-07-07T07:59:18Z,,,,,,,,,,,8851.8
2026-07-07T07:59:19Z,51.554237,-0.069513,-19.5,1.0,1.2,18,1,3,1.11,84.1,8845.3
2026-07-07T07:59:19Z,,,,,,,,,,,8838.8
2026-07-07T07:59:19Z,,,,,,,,,,,8836.6
2026-07-07T07:59:19Z,,,,,,,,,,,8840.2
2026-07-07T07:59:19Z,,,,,,,,,,,8847.9
2026-07-07T07:59:19Z,,,,,,,,,,,8862.4
2026-07-07T07:59:19Z,,,,,,,,,,,8881.4
2026-07-07T07:59:19Z,,,,,,,,,,,8902.7
2026-07-07T07:59:19Z,,,,,,,,,,,8928.9
2026-07-07T07:59:19Z,,,,,,,,,,,8957.2
2026-07-07T07:59:20Z,51.554234,-0.069507,-19.3,1.0,1.2,18,1,3,0.00,84.1,8983.5
2026-07-07T07:59:20Z,,,,,,,,,,,9008.5
2026-07-07T07:59:20Z,,,,,,,,,,,9029.7
2026-07-07T07:59:20Z,,,,,,,,,,,9041.4
2026-07-07T07:59:20Z,,,,,,,,,,,9048.3
2026-07-07T07:59:20Z,,,,,,,,,,,9055.6
2026-07-07T07:59:20Z,,,,,,,,,,,9061.7
2026-07-07T07:59:20Z,,,,,,,,,,,9066.0
2026-07-07T07:59:20Z,,,,,,,,,,,9066.4
2026-07-07T07:59:20Z,,,,,,,,,,,9061.3
2026-07-07T07:59:21Z,51.554234,-0.069503,-19.1,1.0,1.2,18,1,3,0.00,84.1,9055.0
2026-07-07T07:59:21Z,,,,,,,,,,,9051.2
2026-07-07T07:59:21Z,,,,,,,,,,,9048.5
2026-07-07T07:59:21Z,,,,,,,,,,,9045.5
2026-07-07T07:59:21Z,,,,,,,,,,,9040.1
2026-07-07T07:59:21Z,,,,,,,,,,,9029.4
2026-07-07T07:59:21Z,,,,,,,,,,,9018.0
2026-07-07T07:59:21Z,,,,,,,,,,,9011.9
2026-07-07T07:59:21Z,,,,,,,,,,,9007.5
2026-07-07T07:59:21Z,,,,,,,,,,,9000.9
2026-07-07T07:59:22Z,51.554234,-0.069490,-18.5,1.0,1.2,18,1,3,0.00,84.1,8997.1
2026-07-07T07:59:22Z,,,,,,,,,,,8993.5
2026-07-07T07:59:22Z,,,,,,,,,,,8991.7
2026-07-07T07:59:22Z,,,,,,,,,,,9002.8
2026-07-07T07:59:22Z,,,,,,,,,,,9023.4
2026-07-07T07:59:22Z,,,,,,,,,,,9046.7
2026-07-07T07:59:22Z,,,,,,,,,,,9072.0
2026-07-07T07:59:22Z,,,,,,,,,,,9096.0
2026-07-07T07:59:22Z,,,,,,,,,,,9117.4
2026-07-07T07:59:22Z,,,,,,,,,,,9139.9
2026-07-07T07:59:23Z,51.554237,-0.069476,-18.1,1.0,1.2,18,1,3,1.20,84.1,9159.8
2026-07-07T07:59:23Z,,,,,,,,,,,9174.9
2026-07-07T07:59:23Z,,,,,,,,,,,9188.4
2026-07-07T07:59:23Z,,,,,,,,,,,9196.4
2026-07-07T07:59:23Z,,,,,,,,,,,9198.3
2026-07-07T07:59:23Z,,,,,,,,,,,9199.5
2026-07-07T07:59:23Z,,,,,,,,,,,9202.6
2026-07-07T07:59:23Z,,,,,,,,,,,9203.7
2026-07-07T07:59:23Z,,,,,,,,,,,9205.5
2026-07-07T07:59:23Z,,,,,,,,,,,9205.5
2026-07-07T07:59:24Z,51.554237,-0.069454,-18.2,1.0,1.2,18,1,3,1.76,84.1,9200.3
2026-07-07T07:59:24Z,,,,,,,,,,,9195.0
2026-07-07T07:59:24Z,,,,,,,,,,,9190.0
2026-07-07T07:59:24Z,,,,,,,,,,,9184.1
2026-07-07T07:59:24Z,,,,,,,,,,,9178.0
2026-07-07T07:59:24Z,,,,,,,,,,,9171.5
2026-07-07T07:59:24Z,,,,,,,,,,,9159.6
2026-07-07T07:59:24Z,,,,,,,,,,,9145.4
2026-07-07T07:59:24Z,,,,,,,,,,,9134.3
2026-07-07T07:59:24Z,,,,,,,,,,,9126.0
2026-07-07T07:59:25Z,51.554237,-0.069431,-18.4,1.0,1.2,18,1,3,2.61,83.8,9120.0
2026-07-07T07:59:25Z,,,,,,,,,,,9113.7
2026-07-07T07:59:25Z,,,,,,,,,,,9104.8
2026-07-07T07:59:25Z,,,,,,,,,,,9096.3
2026-07-07T07:59:25Z,,,,,,,,,,,9093.5
2026-07-07T07:59:25Z,,,,,,,,,,,9094.6
2026-07-07T07:59:25Z,,,,,,,,,,,9098.2
2026-07-07T07:59:25Z,,,,,,,,,,,9101.3
2026-07-07T07:59:25Z,,,,,,,,,,,9098.8
2026-07-07T07:59:25Z,,,,,,,,,,,9094.0
2026-07-07T07:59:26Z,51.554237,-0.069415,-18.5,1.0,1.2,18,1,3,2.21,83.8,9093.4
2026-07-07T07:59:26Z,,,,,,,,,,,9093.6
2026-07-07T07:59:26Z,,,,,,,,,,,9091.7
2026-07-07T07:59:26Z,,,,,,,,,,,9090.1
2026-07-07T07:59:26Z,,,,,,,,,,,9083.7
2026-07-07T07:59:26Z,,,,,,,,,,,9074.1
2026-07-07T07:59:26Z,,,,,,,,,,,9069.1
2026-07-07T07:59:26Z,,,,,,,,,,,9066.6
2026-07-07T07:59:26Z,,,,,,,,,,,9061.3
2026-07-07T07:59:26Z,,,,,,,,,,,9055.0
2026-07-07T07:59:27Z,51.554237,-0.069398,-18.2,1.0,1.2,18,1,3,0.87,83.8,9048.4
2026-07-07T07:59:27Z,,,,,,,,,,,9041.5
2026-07-07T07:59:27Z,,,,,,,,,,,9040.0
2026-07-07T07:59:27Z,,,,,,,,,,,9044.5
2026-07-07T07:59:27Z,,,,,,,,,,,9054.1
2026-07-07T07:59:27Z,,,,,,,,,,,9066.3
2026-07-07T07:59:27Z,,,,,,,,,,,9078.9
2026-07-07T07:59:27Z,,,,,,,,,,,9093.1
2026-07-07T07:59:27Z,,,,,,,,,,,9112.8
2026-07-07T07:59:27Z,,,,,,,,,,,9134.1
2026-07-07T07:59:28Z,51.554241,-0.069382,-18.7,1.0,1.2,18,1,3,1.65,83.8,9154.1
2026-07-07T07:59:28Z,,,,,,,,,,,9174.0
2026-07-07T07:59:28Z,,,,,,,,,,,9191.8
2026-07-07T07:59:28Z,,,,,,,,,,,9202.6
2026-07-07T07:59:28Z,,,,,,,,,,,9210.7
2026-07-07T07:59:28Z,,,,,,,,,,,9219.4
2026-07-07T07:59:28Z,,,,,,,,,,,9225.5
2026-07-07T07:59:28Z,,,,,,,,,,,9229.5
2026-07-07T07:59:28Z,,,,,,,,,,,9231.3
2026-07-07T07:59:28Z,,,,,,,,,,,9227.0
2026-07-07T07:59:29Z,51.554237,-0.069373,-18.5,1.0,1.2,18,1,3,1.82,83.8,9220.3
2026-07-07T07:59:29Z,,,,,,,,,,,9213.5
2026-07-07T07:59:29Z,,,,,,,,,,,9205.9
2026-07-07T07:59:29Z,,,,,,,,,,,9199.4
2026-07-07T07:59:29Z,,,,,,,,,,,9193.1
2026-07-07T07:59:29Z,,,,,,,,,,,9182.5
2026-07-07T07:59:29Z,,,,,,,,,,,9172.2
2026-07-07T07:59:29Z,,,,,,,,,,,9165.3
2026-07-07T07:59:29Z,,,,,,,,,,,9159.6
2026-07-07T07:59:29Z,,,,,,,,,,,9156.6
2026-07-07T07:59:30Z,51.554237,-0.069367,-18.3,1.0,1.2,18,1,3,0.00,83.8,9156.8
2026-07-07T07:59:30Z,,,,,,,,,,,9151.9
2026-07-07T07:59:30Z,,,,,,,,,,,9144.6
2026-07-07T07:59:30Z,,,,,,,,,,,9142.6
2026-07-07T07:59:30Z,,,,,,,,,,,9142.9
2026-07-07T07:59:30Z,,,,,,,,,,,9144.3
2026-07-07T07:59:30Z,,,,,,,,,,,9147.7
2026-07-07T07:59:30Z,,,,,,,,,,,9151.1
2026-07-07T07:59:30Z,,,,,,,,,,,9153.7
2026-07-07T07:59:30Z,,,,,,,,,,,9160.4
2026-07-07T07:59:31Z,51.554237,-0.069358,-18.1,1.0,1.2,18,1,3,0.00,83.8,9170.8
2026-07-07T07:59:31Z,,,,,,,,,,,9181.0
2026-07-07T07:59:31Z,,,,,,,,,,,9189.2
2026-07-07T07:59:31Z,,,,,,,,,,,9190.9
2026-07-07T07:59:31Z,,,,,,,,,,,9187.4
2026-07-07T07:59:31Z,,,,,,,,,,,9185.5
2026-07-07T07:59:31Z,,,,,,,,,,,9185.5
2026-07-07T07:59:31Z,,,,,,,,,,,9184.1
2026-07-07T07:59:31Z,,,,,,,,,,,9181.7
2026-07-07T07:59:31Z,,,,,,,,,,,9175.4
2026-07-07T07:59:32Z,51.554237,-0.069352,-18.0,1.0,1.2,18,1,3,0.00,83.8,9166.2
2026-07-07T07:59:32Z,,,,,,,,,,,9159.8
2026-07-07T07:59:32Z,,,,,,,,,,,9157.3
2026-07-07T07:59:32Z,,,,,,,,,,,9154.4
2026-07-07T07:59:32Z,,,,,,,,,,,9150.6
2026-07-07T07:59:32Z,,,,,,,,,,,9145.9
2026-07-07T07:59:32Z,,,,,,,,,,,9140.8
2026-07-07T07:59:32Z,,,,,,,,,,,9140.2
2026-07-07T07:59:32Z,,,,,,,,,,,9142.2
2026-07-07T07:59:32Z,,,,,,,,,,,9144.3
2026-07-07T07:59:33Z,51.554245,-0.069343,-18.9,1.0,1.2,18,1,3,0.00,83.8,9146.5
2026-07-07T07:59:33Z,,,,,,,,,,,9146.8
2026-07-07T07:59:33Z,,,,,,,,,,,9144.9
2026-07-07T07:59:33Z,,,,,,,,,,,9146.1
2026-07-07T07:59:33Z,,,,,,,,,,,9150.1
2026-07-07T07:59:33Z,,,,,,,,,,,9152.1
2026-07-07T07:59:33Z,,,,,,,,,,,9153.4
2026-07-07T07:59:33Z,,,,,,,,,,,9153.6
2026-07-07T07:59:33Z,,,,,,,,,,,9150.8
2026-07-07T07:59:33Z,,,,,,,,,,,9147.4
2026-07-07T07:59:34Z,51.554256,-0.069335,-19.7,1.0,1.2,18,1,3,1.82,83.8,9146.5
2026-07-07T07:59:34Z,,,,,,,,,,,9143.4
2026-07-07T07:59:34Z,,,,,,,,,,,9139.3
2026-07-07T07:59:34Z,,,,,,,,,,,9138.1
2026-07-07T07:59:34Z,,,,,,,,,,,9136.0
2026-07-07T07:59:34Z,,,,,,,,,,,9134.7
2026-07-07T07:59:34Z,,,,,,,,,,,9136.5
2026-07-07T07:59:34Z,,,,,,,,,,,9140.1
2026-07-07T07:59:34Z,,,,,,,,,,,9145.0
2026-07-07T07:59:34Z,,,,,,,,,,,9151.9
2026-07-07T07:59:35Z,51.554264,-0.069318,-20.5,1.0,1.2,18,1,3,1.78,83.8,9155.4
2026-07-07T07:59:35Z,,,,,,,,,,,9155.5
2026-07-07T07:59:35Z,,,,,,,,,,,9156.7
2026-07-07T07:59:35Z,,,,,,,,,,,9158.9
2026-07-07T07:59:35Z,,,,,,,,,,,9160.7
2026-07-07T07:59:35Z,,,,,,,,,,,9162.9
2026-07-07T07:59:35Z,,,,,,,,,,,9158.7
2026-07-07T07:59:35Z,,,,,,,,,,,9150.2
2026-07-07T07:59:35Z,,,,,,,,,,,9144.9
2026-07-07T07:59:35Z,,,,,,,,,,,9140.2
2026-07-07T07:59:36Z,51.554272,-0.069305,-21.1,1.0,1.2,18,1,3,2.59,37.4,9135.0
2026-07-07T07:59:36Z,,,,,,,,,,,9128.2
2026-07-07T07:59:36Z,,,,,,,,,,,9117.4
2026-07-07T07:59:36Z,,,,,,,,,,,9105.3
2026-07-07T07:59:36Z,,,,,,,,,,,9096.5
2026-07-07T07:59:36Z,,,,,,,,,,,9090.6
2026-07-07T07:59:36Z,,,,,,,,,,,9084.6
2026-07-07T07:59:36Z,,,,,,,,,,,9080.2
2026-07-07T07:59:36Z,,,,,,,,,,,9073.1
2026-07-07T07:59:36Z,,,,,,,,,,,9066.0
2026-07-07T07:59:37Z,51.554276,-0.069294,-20.7,1.0,1.2,18,1,3,1.17,37.4,9064.0
2026-07-07T07:59:37Z,,,,,,,,,,,9067.1
2026-07-07T07:59:37Z,,,,,,,,,,,9073.1
2026-07-07T07:59:37Z,,,,,,,,,,,9081.7
2026-07-07T07:59:37Z,,,,,,,,,,,9089.2
2026-07-07T07:59:37Z,,,,,,,,,,,9094.6
2026-07-07T07:59:37Z,,,,,,,,,,,9103.9
2026-07-07T07:59:37Z,,,,,,,,,,,9112.9
2026-07-07T07:59:37Z,,,,,,,,,,,9118.5
2026-07-07T07:59:37Z,,,,,,,,,,,9120.9
2026-07-07T07:59:38Z,51.554279,-0.069283,-19.9,1.0,1.2,18,1,3,1.01,37.4,9119.4
2026-07-07T07:59:38Z,,,,,,,,,,,9115.0
2026-07-07T07:59:38Z,,,,,,,,,,,9111.9
2026-07-07T07:59:38Z,,,,,,,,,,,9112.1
2026-07-07T07:59:38Z,,,,,,,,,,,9112.9
2026-07-07T07:59:38Z,,,,,,,,,,,9114.7
2026-07-07T07:59:38Z,,,,,,,,,,,9117.3
2026-07-07T07:59:38Z,,,,,,,,,,,9120.2
2026-07-07T07:59:38Z,,,,,,,,,,,9124.9
2026-07-07T07:59:38Z,,,,,,,,,,,9131.9
2026-07-07T07:59:39Z,51.554287,-0.069269,-20.2,1.0,1.2,18,1,3,0.73,37.4,9139.2
2026-07-07T07:59:39Z,,,,,,,,,,,9147.0
2026-07-07T07:59:39Z,,,,,,,,,,,9154.0
2026-07-07T07:59:39Z,,,,,,,,,,,9155.9
2026-07-07T07:59:39Z,,,,,,,,,,,9156.8
2026-07-07T07:59:39Z,,,,,,,,,,,9160.4
2026-07-07T07:59:39Z,,,,,,,,,,,9164.4
2026-07-07T07:59:39Z,,,,,,,,,,,9170.8
2026-07-07T07:59:39Z,,,,,,,,,,,9179.6
2026-07-07T07:59:39Z,,,,,,,,,,,9182.9
2026-07-07T07:59:40Z,51.554295,-0.069255,-20.5,1.0,1.2,18,1,3,2.52,35.0,9184.0
2026-07-07T07:59:40Z,,,,,,,,,,,9190.2
2026-07-07T07:59:40Z,,,,,,,,,,,9198.6
2026-07-07T07:59:40Z,,,,,,,,,,,9207.4
2026-07-07T07:59:40Z,,,,,,,,,,,9214.7
2026-07-07T07:59:40Z,,,,,,,,,,,9218.3
2026-07-07T07:59:40Z,,,,,,,,,,,9219.5
2026-07-07T07:59:40Z,,,,,,,,,,,9223.8
2026-07-07T07:59:40Z,,,,,,,,,,,9230.9
2026-07-07T07:59:40Z,,,,,,,,,,,9237.1
2026-07-07T07:59:41Z,51.554306,-0.069247,-20.6,1.0,1.2,18,1,3,1.79,35.0,9242.0
2026-07-07T07:59:41Z,,,,,,,,,,,9240.6
2026-07-07T07:59:41Z,,,,,,,,,,,9235.8
2026-07-07T07:59:41Z,,,,,,,,,,,9234.6
2026-07-07T07:59:41Z,,,,,,,,,,,9234.3
2026-07-07T07:59:41Z,,,,,,,,,,,9231.7
2026-07-07T07:59:41Z,,,,,,,,,,,9229.3
2026-07-07T07:59:41Z,,,,,,,,,,,9222.8
2026-07-07T07:59:41Z,,,,,,,,,,,9211.7
2026-07-07T07:59:41Z,,,,,,,,,,,9204.9
2026-07-07T07:59:42Z,51.554317,-0.069240,-20.8,1.0,1.2,18,1,3,2.19,347.0,9200.6
2026-07-07T07:59:42Z,,,,,,,,,,,9195.4
2026-07-07T07:59:42Z,,,,,,,,,,,9189.4
2026-07-07T07:59:42Z,,,,,,,,,,,9182.8
2026-07-07T07:59:42Z,,,,,,,,,,,9175.0
2026-07-07T07:59:42Z,,,,,,,,,,,9169.6
2026-07-07T07:59:42Z,,,,,,,,,,,9166.5
2026-07-07T07:59:42Z,,,,,,,,,,,9163.4
2026-07-07T07:59:42Z,,,,,,,,,,,9160.5
2026-07-07T07:59:42Z,,,,,,,,,,,9156.7
2026-07-07T07:59:42Z,51.554317,-0.069240,-20.8,1.0,1.2,18,1,3,1.97,4.0,9151.5
2026-07-07T07:59:43Z,,,,,,,,,,,9145.0
2026-07-07T07:59:43Z,,,,,,,,,,,9138.5
2026-07-07T07:59:43Z,,,,,,,,,,,9132.3
2026-07-07T07:59:43Z,,,,,,,,,,,9126.3
2026-07-07T07:59:43Z,,,,,,,,,,,9121.5
2026-07-07T07:59:43Z,,,,,,,,,,,9113.6
2026-07-07T07:59:43Z,,,,,,,,,,,9104.9
2026-07-07T07:59:43Z,,,,,,,,,,,9099.0
2026-07-07T07:59:43Z,,,,,,,,,,,9093.7
2026-07-07T07:59:44Z,51.554337,-0.069219,-21.8,1.0,1.2,18,1,3,1.80,4.0,9090.2
2026-07-07T07:59:44Z,,,,,,,,,,,9090.8
2026-07-07T07:59:44Z,,,,,,,,,,,9092.6
2026-07-07T07:59:44Z,,,,,,,,,,,9097.4
2026-07-07T07:59:44Z,,,,,,,,,,,9110.3
2026-07-07T07:59:44Z,,,,,,,,,,,9131.8
2026-07-07T07:59:44Z,,,,,,,,,,,9157.1
2026-07-07T07:59:44Z,,,,,,,,,,,9182.2
2026-07-07T07:59:44Z,,,,,,,,,,,9204.1
2026-07-07T07:59:44Z,,,,,,,,,,,9221.8
2026-07-07T07:59:45Z,51.554344,-0.069204,-22.3,1.0,1.2,18,1,3,1.96,14.3,9239.4
2026-07-07T07:59:45Z,,,,,,,,,,,9253.9
2026-07-07T07:59:45Z,,,,,,,,,,,9266.4
2026-07-07T07:59:45Z,,,,,,,,,,,9276.2
2026-07-07T07:59:45Z,,,,,,,,,,,9279.7
2026-07-07T07:59:45Z,,,,,,,,,,,9278.0
2026-07-07T07:59:45Z,,,,,,,,,,,9277.6
2026-07-07T07:59:45Z,,,,,,,,,,,9279.2
2026-07-07T07:59:45Z,,,,,,,,,,,9277.4
2026-07-07T07:59:45Z,,,,,,,,,,,9275.2
2026-07-07T07:59:46Z,51.554352,-0.069191,-22.8,1.0,1.2,18,1,3,1.77,14.3,9272.7
2026-07-07T07:59:46Z,,,,,,,,,,,9265.8
2026-07-07T07:59:46Z,,,,,,,,,,,9259.8
2026-07-07T07:59:46Z,,,,,,,,,,,9261.3
2026-07-07T07:59:46Z,,,,,,,,,,,9265.0
2026-07-07T07:59:46Z,,,,,,,,,,,9269.3
2026-07-07T07:59:46Z,,,,,,,,,,,9277.2
2026-07-07T07:59:46Z,,,,,,,,,,,9284.1
2026-07-07T07:59:46Z,,,,,,,,,,,9292.3
2026-07-07T07:59:46Z,,,,,,,,,,,9302.3
2026-07-07T07:59:47Z,51.554356,-0.069176,-22.8,1.0,1.2,18,1,3,1.40,14.3,9311.8
2026-07-07T07:59:47Z,,,,,,,,,,,9319.4
2026-07-07T07:59:47Z,,,,,,,,,,,9323.6
2026-07-07T07:59:47Z,,,,,,,,,,,9323.6
2026-07-07T07:59:47Z,,,,,,,,,,,9319.7
2026-07-07T07:59:47Z,,,,,,,,,,,9316.2
2026-07-07T07:59:47Z,,,,,,,,,,,9310.7
2026-07-07T07:59:47Z,,,,,,,,,,,9304.8
2026-07-07T07:59:47Z,,,,,,,,,,,9299.7
2026-07-07T07:59:47Z,,,,,,,,,,,9290.7
2026-07-07T07:59:48Z,51.554363,-0.069162,-22.8,1.0,1.2,18,1,3,1.51,14.3,9278.2
2026-07-07T07:59:48Z,,,,,,,,,,,9268.1
2026-07-07T07:59:48Z,,,,,,,,,,,9259.3
2026-07-07T07:59:48Z,,,,,,,,,,,9251.1
2026-07-07T07:59:48Z,,,,,,,,,,,9246.1
2026-07-07T07:59:48Z,,,,,,,,,,,9238.8
2026-07-07T07:59:48Z,,,,,,,,,,,9229.9
2026-07-07T07:59:48Z,,,,,,,,,,,9225.7
2026-07-07T07:59:48Z,,,,,,,,,,,9225.7
2026-07-07T07:59:48Z,,,,,,,,,,,9227.4
2026-07-07T07:59:49Z,51.554367,-0.069147,-22.8,1.0,1.2,18,1,3,1.00,14.3,9228.9
2026-07-07T07:59:49Z,,,,,,,,,,,9227.1
2026-07-07T07:59:49Z,,,,,,,,,,,9221.8
2026-07-07T07:59:49Z,,,,,,,,,,,9217.6
2026-07-07T07:59:49Z,,,,,,,,,,,9215.3
2026-07-07T07:59:49Z,,,,,,,,,,,9214.8
2026-07-07T07:59:49Z,,,,,,,,,,,9211.7
2026-07-07T07:59:49Z,,,,,,,,,,,9204.4
2026-07-07T07:59:49Z,,,,,,,,,,,9195.8
2026-07-07T07:59:49Z,,,,,,,,,,,9189.8
2026-07-07T07:59:50Z,51.554371,-0.069136,-22.9,1.0,1.2,18,1,3,1.85,14.3,9187.0
2026-07-07T07:59:50Z,,,,,,,,,,,9184.9
2026-07-07T07:59:50Z,,,,,,,,,,,9185.5
2026-07-07T07:59:50Z,,,,,,,,,,,9185.7
2026-07-07T07:59:50Z,,,,,,,,,,,9184.9
2026-07-07T07:59:50Z,,,,,,,,,,,9189.5
2026-07-07T07:59:50Z,,,,,,,,,,,9198.8
2026-07-07T07:59:50Z,,,,,,,,,,,9209.3
2026-07-07T07:59:50Z,,,,,,,,,,,9219.8
2026-07-07T07:59:50Z,,,,,,,,,,,9229.2
2026-07-07T07:59:51Z,51.554379,-0.069133,-22.9,1.0,1.2,18,1,3,0.74,14.3,9236.2
2026-07-07T07:59:51Z,,,,,,,,,,,9242.9
2026-07-07T07:59:51Z,,,,,,,,,,,9250.3
2026-07-07T07:59:51Z,,,,,,,,,,,9256.5
2026-07-07T07:59:51Z,,,,,,,,,,,9260.3
2026-07-07T07:59:51Z,,,,,,,,,,,9262.1
2026-07-07T07:59:51Z,,,,,,,,,,,9261.0
2026-07-07T07:59:51Z,,,,,,,,,,,9257.9
2026-07-07T07:59:51Z,,,,,,,,,,,9256.9
2026-07-07T07:59:51Z,,,,,,,,,,,9256.6
2026-07-07T07:59:52Z,51.554390,-0.069132,-22.8,1.0,1.2,18,1,3,2.07,333.6,9258.3
2026-07-07T07:59:52Z,,,,,,,,,,,9262.1
2026-07-07T07:59:52Z,,,,,,,,,,,9264.9
2026-07-07T07:59:52Z,,,,,,,,,,,9269.4
2026-07-07T07:59:52Z,,,,,,,,,,,9277.8
2026-07-07T07:59:52Z,,,,,,,,,,,9286.9
2026-07-07T07:59:52Z,,,,,,,,,,,9296.3
2026-07-07T07:59:52Z,,,,,,,,,,,9307.0
2026-07-07T07:59:52Z,,,,,,,,,,,9311.8
2026-07-07T07:59:52Z,,,,,,,,,,,9309.8
2026-07-07T07:59:53Z,51.554401,-0.069130,-22.9,1.0,1.2,18,1,3,1.99,337.0,9310.3
2026-07-07T07:59:53Z,,,,,,,,,,,9311.7
2026-07-07T07:59:53Z,,,,,,,,,,,9310.9
2026-07-07T07:59:53Z,,,,,,,,,,,9306.9
2026-07-07T07:59:53Z,,,,,,,,,,,9299.3
2026-07-07T07:59:53Z,,,,,,,,,,,9289.5
2026-07-07T07:59:53Z,,,,,,,,,,,9283.9
2026-07-07T07:59:53Z,,,,,,,,,,,9281.1
2026-07-07T07:59:53Z,,,,,,,,,,,9276.2
2026-07-07T07:59:53Z,,,,,,,,,,,9269.8
2026-07-07T07:59:54Z,51.554413,-0.069127,-22.8,1.0,1.2,18,1,3,2.11,352.6,9260.6
2026-07-07T07:59:54Z,,,,,,,,,,,9248.3
2026-07-07T07:59:54Z,,,,,,,,,,,9236.4
2026-07-07T07:59:54Z,,,,,,,,,,,9229.2
2026-07-07T07:59:54Z,,,,,,,,,,,9222.7
2026-07-07T07:59:54Z,,,,,,,,,,,9217.8
2026-07-07T07:59:54Z,,,,,,,,,,,9212.4
2026-07-07T07:59:54Z,,,,,,,,,,,9201.8
2026-07-07T07:59:54Z,,,,,,,,,,,9191.9
2026-07-07T07:59:54Z,,,,,,,,,,,9186.7
2026-07-07T07:59:55Z,51.554424,-0.069119,-22.5,1.0,1.2,18,1,3,2.35,336.1,9182.7
2026-07-07T07:59:55Z,,,,,,,,,,,9177.5
2026-07-07T07:59:55Z,,,,,,,,,,,9174.3
2026-07-07T07:59:55Z,,,,,,,,,,,9170.7
2026-07-07T07:59:55Z,,,,,,,,,,,9168.0
2026-07-07T07:59:55Z,,,,,,,,,,,9171.0
2026-07-07T07:59:55Z,,,,,,,,,,,9177.9
2026-07-07T07:59:55Z,,,,,,,,,,,9188.2
2026-07-07T07:59:55Z,,,,,,,,,,,9203.4
2026-07-07T07:59:55Z,,,,,,,,,,,9221.5
2026-07-07T07:59:56Z,51.554436,-0.069121,-22.9,1.0,1.2,18,1,3,2.18,10.4,9238.6
2026-07-07T07:59:56Z,,,,,,,,,,,9255.7
2026-07-07T07:59:56Z,,,,,,,,,,,9275.7
2026-07-07T07:59:56Z,,,,,,,,,,,9296.0
2026-07-07T07:59:56Z,,,,,,,,,,,9313.5
2026-07-07T07:59:56Z,,,,,,,,,,,9326.7
2026-07-07T07:59:56Z,,,,,,,,,,,9334.4
2026-07-07T07:59:56Z,,,,,,,,,,,9339.9
2026-07-07T07:59:56Z,,,,,,,,,,,9347.8
2026-07-07T07:59:56Z,,,,,,,,,,,9356.3
2026-07-07T07:59:57Z,51.554443,-0.069123,-23.0,1.0,1.2,18,1,3,2.13,332.4,9364.4
2026-07-07T07:59:57Z,,,,,,,,,,,9369.9
2026-07-07T07:59:57Z,,,,,,,,,,,9369.9
2026-07-07T07:59:57Z,,,,,,,,,,,9366.7
2026-07-07T07:59:57Z,,,,,,,,,,,9367.0
2026-07-07T07:59:57Z,,,,,,,,,,,9370.2
2026-07-07T07:59:57Z,,,,,,,,,,,9372.5
2026-07-07T07:59:57Z,,,,,,,,,,,9374.5
2026-07-07T07:59:57Z,,,,,,,,,,,9372.5
2026-07-07T07:59:57Z,,,,,,,,,,,9364.7
2026-07-07T07:59:58Z,51.554455,-0.069124,-23.3,1.0,1.2,18,1,3,1.76,332.4,9358.6
2026-07-07T07:59:58Z,,,,,,,,,,,9355.7
2026-07-07T07:59:58Z,,,,,,,,,,,9350.8
2026-07-07T07:59:58Z,,,,,,,,,,,9344.2
2026-07-07T07:59:58Z,,,,,,,,,,,9335.6
2026-07-07T07:59:58Z,,,,,,,,,,,9324.4
2026-07-07T07:59:58Z,,,,,,,,,,,9315.4
2026-07-07T07:59:58Z,,,,,,,,,,,9309.7
2026-07-07T07:59:58Z,,,,,,,,,,,9306.5
2026-07-07T07:59:58Z,,,,,,,,,,,9307.3
2026-07-07T07:59:58Z,51.554455,-0.069124,-23.3,1.0,1.2,18,1,3,2.57,338.6,9311.8
2026-07-07T07:59:59Z,,,,,,,,,,,9317.9
2026-07-07T07:59:59Z,,,,,,,,,,,9330.1
2026-07-07T07:59:59Z,,,,,,,,,,,9350.2
2026-07-07T07:59:59Z,,,,,,,,,,,9372.9
2026-07-07T07:59:59Z,,,,,,,,,,,9395.3
2026-07-07T07:59:59Z,,,,,,,,,,,9415.8
2026-07-07T07:59:59Z,,,,,,,,,,,9430.5
2026-07-07T07:59:59Z,,,,,,,,,,,9437.6
2026-07-07T07:59:59Z,,,,,,,,,,,9444.1
2026-07-07T08:00:00Z,51.554474,-0.069122,-24.3,1.0,1.2,18,1,3,2.39,340.1,9451.0
2026-07-07T08:00:00Z,,,,,,,,,,,9454.1
2026-07-07T08:00:00Z,,,,,,,,,,,9458.1
2026-07-07T08:00:00Z,,,,,,,,,,,9459.5
2026-07-07T08:00:00Z,,,,,,,,,,,9456.4
2026-07-07T08:00:00Z,,,,,,,,,,,9457.0
2026-07-07T08:00:00Z,,,,,,,,,,,9462.0
2026-07-07T08:00:00Z,,,,,,,,,,,9468.2
2026-07-07T08:00:00Z,,,,,,,,,,,9473.9
2026-07-07T08:00:00Z,,,,,,,,,,,9477.3
2026-07-07T08:00:01Z,51.554485,-0.069118,-24.3,1.0,1.2,18,1,3,1.76,340.1,9477.6
2026-07-07T08:00:01Z,,,,,,,,,,,9478.2
2026-07-07T08:00:01Z,,,,,,,,,,,9481.4
2026-07-07T08:00:01Z,,,,,,,,,,,9482.1
2026-07-07T08:00:01Z,,,,,,,,,,,9477.8
2026-07-07T08:00:01Z,,,,,,,,,,,9468.9
2026-07-07T08:00:01Z,,,,,,,,,,,9455.3
2026-07-07T08:00:01Z,,,,,,,,,,,9443.7
2026-07-07T08:00:01Z,,,,,,,,,,,9435.7
2026-07-07T08:00:01Z,,,,,,,,,,,9426.0
2026-07-07T08:00:02Z,51.554497,-0.069117,-24.3,1.0,1.2,18,1,3,2.96,343.6,9417.1
2026-07-07T08:00:02Z,,,,,,,,,,,9407.3
2026-07-07T08:00:02Z,,,,,,,,,,,9393.7
2026-07-07T08:00:02Z,,,,,,,,,,,9386.2
2026-07-07T08:00:02Z,,,,,,,,,,,9388.4
2026-07-07T08:00:02Z,,,,,,,,,,,9395.3
2026-07-07T08:00:02Z,,,,,,,,,,,9405.4
2026-07-07T08:00:02Z,,,,,,,,,,,9418.9
2026-07-07T08:00:02Z,,,,,,,,,,,9432.9
2026-07-07T08:00:02Z,,,,,,,,,,,9449.6
2026-07-07T08:00:03Z,51.554504,-0.069114,-24.3,1.0,1.2,18,1,3,1.95,307.9,9470.0
2026-07-07T08:00:03Z,,,,,,,,,,,9489.5
2026-07-07T08:00:03Z,,,,,,,,,,,9508.0
2026-07-07T08:00:03Z,,,,,,,,,,,9524.4
2026-07-07T08:00:03Z,,,,,,,,,,,9534.7
2026-07-07T08:00:03Z,,,,,,,,,,,9538.8
2026-07-07T08:00:03Z,,,,,,,,,,,9542.6
2026-07-07T08:00:03Z,,,,,,,,,,,9543.4
2026-07-07T08:00:03Z,,,,,,,,,,,9541.8
2026-07-07T08:00:03Z,,,,,,,,,,,9539.9
2026-07-07T08:00:04Z,51.554512,-0.069109,-23.8,1.0,1.2,18,1,3,2.24,330.9,9533.4
2026-07-07T08:00:04Z,,,,,,,,,,,9523.3
2026-07-07T08:00:04Z,,,,,,,,,,,9514.7
2026-07-07T08:00:04Z,,,,,,,,,,,9509.5
2026-07-07T08:00:04Z,,,,,,,,,,,9505.0
2026-07-07T08:00:04Z,,,,,,,,,,,9500.7
2026-07-07T08:00:04Z,,,,,,,,,,,9492.2
2026-07-07T08:00:04Z,,,,,,,,,,,9480.3
2026-07-07T08:00:04Z,,,,,,,,,,,9473.3
2026-07-07T08:00:04Z,,,,,,,,,,,9471.3
2026-07-07T08:00:05Z,51.554527,-0.069099,-23.1,1.0,1.2,18,1,3,2.25,326.4,9471.9
2026-07-07T08:00:05Z,,,,,,,,,,,9475.3
2026-07-07T08:00:05Z,,,,,,,,,,,9481.1
2026-07-07T08:00:05Z,,,,,,,,,,,9485.6
2026-07-07T08:00:05Z,,,,,,,,,,,9493.6
2026-07-07T08:00:05Z,,,,,,,,,,,9509.7
2026-07-07T08:00:05Z,,,,,,,,,,,9526.9
2026-07-07T08:00:05Z,,,,,,,,,,,9542.5
2026-07-07T08:00:05Z,,,,,,,,,,,9554.7
2026-07-07T08:00:05Z,,,,,,,,,,,9561.9
2026-07-07T08:00:06Z,51.554535,-0.069089,-22.9,1.0,1.2,18,1,3,1.95,345.3,9568.8
2026-07-07T08:00:06Z,,,,,,,,,,,9575.7
2026-07-07T08:00:06Z,,,,,,,,,,,9582.0
2026-07-07T08:00:06Z,,,,,,,,,,,9586.3
2026-07-07T08:00:06Z,,,,,,,,,,,9587.7
2026-07-07T08:00:06Z,,,,,,,,,,,9581.2
2026-07-07T08:00:06Z,,,,,,,,,,,9571.5
2026-07-07T08:00:06Z,,,,,,,,,,,9564.5
2026-07-07T08:00:06Z,,,,,,,,,,,9555.3
2026-07-07T08:00:06Z,,,,,,,,,,,9544.9
2026-07-07T08:00:07Z,51.554546,-0.069078,-22.1,1.0,1.2,18,1,3,2.25,345.2,9536.2
2026-07-07T08:00:07Z,,,,,,,,,,,9525.1
2026-07-07T08:00:07Z,,,,,,,,,,,9510.4
2026-07-07T08:00:07Z,,,,,,,,,,,9498.4
2026-07-07T08:00:07Z,,,,,,,,,,,9490.4
2026-07-07T08:00:07Z,,,,,,,,,,,9482.1
2026-07-07T08:00:07Z,,,,,,,,,,,9475.1
2026-07-07T08:00:07Z,,,,,,,,,,,9465.4
2026-07-07T08:00:07Z,,,,,,,,,,,9452.2
2026-07-07T08:00:07Z,,,,,,,,,,,9442.1
2026-07-07T08:00:08Z,51.554554,-0.069071,-21.7,1.0,1.2,18,1,3,2.22,339.1,9438.0
2026-07-07T08:00:08Z,,,,,,,,,,,9437.2
2026-07-07T08:00:08Z,,,,,,,,,,,9437.4
2026-07-07T08:00:08Z,,,,,,,,,,,9437.8
2026-07-07T08:00:08Z,,,,,,,,,,,9436.7
2026-07-07T08:00:08Z,,,,,,,,,,,9436.8
2026-07-07T08:00:08Z,,,,,,,,,,,9441.4
2026-07-07T08:00:08Z,,,,,,,,,,,9447.3
2026-07-07T08:00:08Z,,,,,,,,,,,9452.3
2026-07-07T08:00:08Z,,,,,,,,,,,9454.0
2026-07-07T08:00:09Z,51.554558,-0.069061,-21.5,1.0,1.2,18,1,3,1.42,339.1,9450.8
2026-07-07T08:00:09Z,,,,,,,,,,,9446.8
2026-07-07T08:00:09Z,,,,,,,,,,,9446.1
2026-07-07T08:00:09Z,,,,,,,,,,,9447.0
2026-07-07T08:00:09Z,,,,,,,,,,,9445.8
2026-07-07T08:00:09Z,,,,,,,,,,,9445.1
2026-07-07T08:00:09Z,,,,,,,,,,,9441.0
2026-07-07T08:00:09Z,,,,,,,,,,,9433.7
2026-07-07T08:00:09Z,,,,,,,,,,,9431.5
2026-07-07T08:00:09Z,,,,,,,,,,,9431.0
2026-07-07T08:00:10Z,51.554558,-0.069054,-21.3,1.0,1.2,18,1,3,0.24,339.1,9427.9
2026-07-07T08:00:10Z,,,,,,,,,,,9423.2
2026-07-07T08:00:10Z,,,,,,,,,,,9416.1
2026-07-07T08:00:10Z,,,,,,,,,,,9407.5
2026-07-07T08:00:10Z,,,,,,,,,,,9401.0
2026-07-07T08:00:10Z,,,,,,,,,,,9398.2
2026-07-07T08:00:10Z,,,,,,,,,,,9396.4
2026-07-07T08:00:10Z,,,,,,,,,,,9394.2
2026-07-07T08:00:10Z,,,,,,,,,,,9390.9
2026-07-07T08:00:10Z,,,,,,,,,,,9387.0
2026-07-07T08:00:11Z,51.554562,-0.069048,-21.2,1.0,1.2,18,1,3,0.44,339.1,9384.9
2026-07-07T08:00:11Z,,,,,,,,,,,9387.2
2026-07-07T08:00:11Z,,,,,,,,,,,9392.4
2026-07-07T08:00:11Z,,,,,,,,,,,9401.0
2026-07-07T08:00:11Z,,,,,,,,,,,9412.0
2026-07-07T08:00:11Z,,,,,,,,,,,9418.8
2026-07-07T08:00:11Z,,,,,,,,,,,9423.3
2026-07-07T08:00:11Z,,,,,,,,,,,9429.8
2026-07-07T08:00:11Z,,,,,,,,,,,9436.9
2026-07-07T08:00:11Z,,,,,,,,,,,9445.2
2026-07-07T08:00:12Z,51.554573,-0.069043,-20.3,1.0,1.2,18,1,3,2.19,331.3,9454.5
2026-07-07T08:00:12Z,,,,,,,,,,,9459.0
2026-07-07T08:00:12Z,,,,,,,,,,,9459.2
2026-07-07T08:00:12Z,,,,,,,,,,,9462.0
2026-07-07T08:00:12Z,,,,,,,,,,,9467.1
2026-07-07T08:00:12Z,,,,,,,,,,,9473.2
2026-07-07T08:00:12Z,,,,,,,,,,,9478.0
2026-07-07T08:00:12Z,,,,,,,,,,,9479.8
2026-07-07T08:00:12Z,,,,,,,,,,,9479.3
2026-07-07T08:00:12Z,,,,,,,,,,,9481.8
2026-07-07T08:00:13Z,51.554585,-0.069041,-19.8,1.0,1.2,18,1,3,2.95,326.5,9488.3
2026-07-07T08:00:13Z,,,,,,,,,,,9495.4
2026-07-07T08:00:13Z,,,,,,,,,,,9501.0
2026-07-07T08:00:13Z,,,,,,,,,,,9503.0
2026-07-07T08:00:13Z,,,,,,,,,,,9500.5
2026-07-07T08:00:13Z,,,,,,,,,,,9500.1
2026-07-07T08:00:13Z,,,,,,,,,,,9502.1
2026-07-07T08:00:13Z,,,,,,,,,,,9500.7
2026-07-07T08:00:13Z,,,,,,,,,,,9499.6
2026-07-07T08:00:13Z,,,,,,,,,,,9496.5
2026-07-07T08:00:14Z,51.554585,-0.069036,-19.3,1.0,1.2,18,1,3,2.15,324.4,9486.7
2026-07-07T08:00:14Z,,,,,,,,,,,9476.4
2026-07-07T08:00:14Z,,,,,,,,,,,9469.7
2026-07-07T08:00:14Z,,,,,,,,,,,9461.9
2026-07-07T08:00:14Z,,,,,,,,,,,9453.0
2026-07-07T08:00:14Z,,,,,,,,,,,9447.3
2026-07-07T08:00:14Z,,,,,,,,,,,9443.3
2026-07-07T08:00:14Z,,,,,,,,,,,9448.0
2026-07-07T08:00:14Z,,,,,,,,,,,9464.2
2026-07-07T08:00:14Z,,,,,,,,,,,9487.5
2026-07-07T08:00:14Z,51.554585,-0.069036,-19.3,1.0,1.2,18,1,3,1.38,324.4,9515.5
2026-07-07T08:00:15Z,,,,,,,,,,,9543.3
2026-07-07T08:00:15Z,,,,,,,,,,,9568.4
2026-07-07T08:00:15Z,,,,,,,,,,,9591.8
2026-07-07T08:00:15Z,,,,,,,,,,,9614.8
2026-07-07T08:00:15Z,,,,,,,,,,,9632.4
2026-07-07T08:00:15Z,,,,,,,,,,,9646.5
2026-07-07T08:00:15Z,,,,,,,,,,,9658.5
2026-07-07T08:00:15Z,,,,,,,,,,,9662.1
2026-07-07T08:00:15Z,,,,,,,,,,,9660.1
2026-07-07T08:00:15Z,51.554585,-0.069033,-19.3,1.0,1.2,18,1,3,1.27,324.4,9658.7
2026-07-07T08:00:16Z,,,,,,,,,,,9656.1
2026-07-07T08:00:16Z,,,,,,,,,,,9653.4
2026-07-07T08:00:16Z,,,,,,,,,,,9649.7
2026-07-07T08:00:16Z,,,,,,,,,,,9638.6
2026-07-07T08:00:16Z,,,,,,,,,,,9624.6
2026-07-07T08:00:16Z,,,,,,,,,,,9612.2
2026-07-07T08:00:16Z,,,,,,,,,,,9601.6
2026-07-07T08:00:16Z,,,,,,,,,,,9593.5
2026-07-07T08:00:16Z,,,,,,,,,,,9587.7
2026-07-07T08:00:17Z,51.554585,-0.069032,-18.3,1.0,1.2,18,1,3,1.87,324.4,9583.8
2026-07-07T08:00:17Z,,,,,,,,,,,9581.8
2026-07-07T08:00:17Z,,,,,,,,,,,9584.9
2026-07-07T08:00:17Z,,,,,,,,,,,9593.0
2026-07-07T08:00:17Z,,,,,,,,,,,9603.4
2026-07-07T08:00:17Z,,,,,,,,,,,9612.7
2026-07-07T08:00:17Z,,,,,,,,,,,9618.0
2026-07-07T08:00:17Z,,,,,,,,,,,9621.3
2026-07-07T08:00:17Z,,,,,,,,,,,9626.8
2026-07-07T08:00:17Z,,,,,,,,,,,9632.3
2026-07-07T08:00:18Z,51.554581,-0.069026,-16.7,1.0,1.2,18,1,3,1.89,324.4,9634.3
2026-07-07T08:00:18Z,,,,,,,,,,,9634.6
2026-07-07T08:00:18Z,,,,,,,,,,,9629.9
2026-07-07T08:00:18Z,,,,,,,,,,,9621.2
2026-07-07T08:00:18Z,,,,,,,,,,,9616.0
2026-07-07T08:00:18Z,,,,,,,,,,,9611.7
2026-07-07T08:00:18Z,,,,,,,,,,,9604.9
2026-07-07T08:00:18Z,,,,,,,,,,,9598.8
2026-07-07T08:00:18Z,,,,,,,,,,,9592.2
2026-07-07T08:00:18Z,,,,,,,,,,,9586.5
2026-07-07T08:00:19Z,51.554581,-0.069018,-15.8,1.0,1.2,18,1,3,1.10,324.4,9588.6
2026-07-07T08:00:19Z,,,,,,,,,,,9593.9
2026-07-07T08:00:19Z,,,,,,,,,,,9601.1
2026-07-07T08:00:19Z,,,,,,,,,,,9609.9
2026-07-07T08:00:19Z,,,,,,,,,,,9615.1
2026-07-07T08:00:19Z,,,,,,,,,,,9616.6
2026-07-07T08:00:19Z,,,,,,,,,,,9619.6
2026-07-07T08:00:19Z,,,,,,,,,,,9621.7
2026-07-07T08:00:19Z,,,,,,,,,,,9619.1
2026-07-07T08:00:19Z,,,,,,,,,,,9615.3
2026-07-07T08:00:19Z,51.554581,-0.069018,-15.8,1.0,1.2,18,1,3,1.31,324.4,9610.8
2026-07-07T08:00:20Z,,,,,,,,,,,9602.7
2026-07-07T08:00:20Z,,,,,,,,,,,9592.8
2026-07-07T08:00:20Z,,,,,,,,,,,9585.1
2026-07-07T08:00:20Z,,,,,,,,,,,9576.0
2026-07-07T08:00:20Z,,,,,,,,,,,9566.2
2026-07-07T08:00:20Z,,,,,,,,,,,9557.4
2026-07-07T08:00:20Z,,,,,,,,,,,9546.5
2026-07-07T08:00:20Z,,,,,,,,,,,9533.3
2026-07-07T08:00:20Z,,,,,,,,,,,9521.1
2026-07-07T08:00:21Z,51.554581,-0.069005,-14.3,1.0,1.2,18,1,3,0.71,324.4,9510.0
2026-07-07T08:00:21Z,,,,,,,,,,,9500.1
2026-07-07T08:00:21Z,,,,,,,,,,,9490.6
2026-07-07T08:00:21Z,,,,,,,,,,,9479.3
2026-07-07T08:00:21Z,,,,,,,,,,,9467.4
2026-07-07T08:00:21Z,,,,,,,,,,,9458.8
2026-07-07T08:00:21Z,,,,,,,,,,,9453.1
2026-07-07T08:00:21Z,,,,,,,,,,,9450.5
2026-07-07T08:00:21Z,,,,,,,,,,,9449.7
2026-07-07T08:00:21Z,,,,,,,,,,,9447.5
2026-07-07T08:00:22Z,51.554588,-0.068998,-13.5,1.0,1.2,18,1,3,1.16,324.4,9446.3
2026-07-07T08:00:22Z,,,,,,,,,,,9451.3
2026-07-07T08:00:22Z,,,,,,,,,,,9462.1
2026-07-07T08:00:22Z,,,,,,,,,,,9475.8
2026-07-07T08:00:22Z,,,,,,,,,,,9491.7
2026-07-07T08:00:22Z,,,,,,,,,,,9505.9
2026-07-07T08:00:22Z,,,,,,,,,,,9516.9
2026-07-07T08:00:22Z,,,,,,,,,,,9529.1
2026-07-07T08:00:22Z,,,,,,,,,,,9541.6
2026-07-07T08:00:22Z,,,,,,,,,,,9549.8
2026-07-07T08:00:23Z,51.554596,-0.068990,-12.8,1.0,1.2,18,1,3,1.48,324.4,9553.2
2026-07-07T08:00:23Z,,,,,,,,,,,9550.8
2026-07-07T08:00:23Z,,,,,,,,,,,9545.1
2026-07-07T08:00:23Z,,,,,,,,,,,9541.9
2026-07-07T08:00:23Z,,,,,,,,,,,9539.8
2026-07-07T08:00:23Z,,,,,,,,,,,9537.0
2026-07-07T08:00:23Z,,,,,,,,,,,9533.4
2026-07-07T08:00:23Z,,,,,,,,,,,9527.5
2026-07-07T08:00:23Z,,,,,,,,,,,9520.1
2026-07-07T08:00:23Z,,,,,,,,,,,9516.9
2026-07-07T08:00:24Z,51.554604,-0.068985,-12.0,1.0,1.2,18,1,3,1.30,324.4,9517.3
2026-07-07T08:00:24Z,,,,,,,,,,,9516.9
2026-07-07T08:00:24Z,,,,,,,,,,,9518.0
2026-07-07T08:00:24Z,,,,,,,,,,,9521.0
2026-07-07T08:00:24Z,,,,,,,,,,,9521.3
2026-07-07T08:00:24Z,,,,,,,,,,,9519.7
2026-07-07T08:00:24Z,,,,,,,,,,,9521.0
2026-07-07T08:00:24Z,,,,,,,,,,,9523.1
2026-07-07T08:00:24Z,,,,,,,,,,,9525.7
2026-07-07T08:00:24Z,,,,,,,,,,,9530.3
2026-07-07T08:00:25Z,51.554611,-0.068977,-11.2,1.0,1.2,18,1,3,1.42,324.4,9531.8
2026-07-07T08:00:25Z,,,,,,,,,,,9530.2
2026-07-07T08:00:25Z,,,,,,,,,,,9529.7
2026-07-07T08:00:25Z,,,,,,,,,,,9531.8
2026-07-07T08:00:25Z,,,,,,,,,,,9534.5
2026-07-07T08:00:25Z,,,,,,,,,,,9537.2
2026-07-07T08:00:25Z,,,,,,,,,,,9536.2
2026-07-07T08:00:25Z,,,,,,,,,,,9532.4
2026-07-07T08:00:25Z,,,,,,,,,,,9531.9
2026-07-07T08:00:25Z,,,,,,,,,,,9532.9
2026-07-07T08:00:25Z,51.554611,-0.068977,-11.2,1.0,1.2,18,1,3,0.93,324.4,9534.7
2026-07-07T08:00:26Z,,,,,,,,,,,9535.7
2026-07-07T08:00:26Z,,,,,,,,,,,9533.2
2026-07-07T08:00:26Z,,,,,,,,,,,9529.2
2026-07-07T08:00:26Z,,,,,,,,,,,9528.6
2026-07-07T08:00:26Z,,,,,,,,,,,9530.0
2026-07-07T08:00:26Z,,,,,,,,,,,9530.1
2026-07-07T08:00:26Z,,,,,,,,,,,9530.5
2026-07-07T08:00:26Z,,,,,,,,,,,9526.9
2026-07-07T08:00:26Z,,,,,,,,,,,9518.0
2026-07-07T08:00:27Z,51.554619,-0.068969,-10.4,1.0,1.2,18,1,3,1.00,324.4,9512.3
2026-07-07T08:00:27Z,,,,,,,,,,,9508.8
2026-07-07T08:00:27Z,,,,,,,,,,,9502.7
2026-07-07T08:00:27Z,,,,,,,,,,,9495.8
2026-07-07T08:00:27Z,,,,,,,,,,,9484.5
2026-07-07T08:00:27Z,,,,,,,,,,,9471.2
2026-07-07T08:00:27Z,,,,,,,,,,,9461.9
2026-07-07T08:00:27Z,,,,,,,,,,,9453.8
2026-07-07T08:00:27Z,,,,,,,,,,,9446.3
2026-07-07T08:00:27Z,,,,,,,,,,,9439.5
2026-07-07T08:00:28Z,51.554619,-0.068967,-10.1,1.0,1.2,18,1,3,2.19,225.5,9430.5
2026-07-07T08:00:28Z,,,,,,,,,,,9421.8
2026-07-07T08:00:28Z,,,,,,,,,,,9417.2
2026-07-07T08:00:28Z,,,,,,,,,,,9417.0
2026-07-07T08:00:28Z,,,,,,,,,,,9420.4
2026-07-07T08:00:28Z,,,,,,,,,,,9430.7
2026-07-07T08:00:28Z,,,,,,,,,,,9445.1
2026-07-07T08:00:28Z,,,,,,,,,,,9459.6
2026-07-07T08:00:28Z,,,,,,,,,,,9477.0
2026-07-07T08:00:28Z,,,,,,,,,,,9495.6
2026-07-07T08:00:29Z,51.554626,-0.068967,-9.9,1.0,1.2,18,1,3,0.93,225.5,9511.6
2026-07-07T08:00:29Z,,,,,,,,,,,9525.3
2026-07-07T08:00:29Z,,,,,,,,,,,9536.4
2026-07-07T08:00:29Z,,,,,,,,,,,9540.5
2026-07-07T08:00:29Z,,,,,,,,,,,9541.7
2026-07-07T08:00:29Z,,,,,,,,,,,9544.5
2026-07-07T08:00:29Z,,,,,,,,,,,9546.3
2026-07-07T08:00:29Z,,,,,,,,,,,9547.5
2026-07-07T08:00:29Z,,,,,,,,,,,9546.4
2026-07-07T08:00:29Z,,,,,,,,,,,9541.8
2026-07-07T08:00:30Z,51.554634,-0.068969,-8.9,1.0,1.2,18,1,3,2.43,318.7,9538.7
2026-07-07T08:00:30Z,,,,,,,,,,,9539.1
2026-07-07T08:00:30Z,,,,,,,,,,,9541.7
2026-07-07T08:00:30Z,,,,,,,,,,,9546.8
2026-07-07T08:00:30Z,,,,,,,,,,,9551.2
2026-07-07T08:00:30Z,,,,,,,,,,,9551.0
2026-07-07T08:00:30Z,,,,,,,,,,,9551.3
2026-07-07T08:00:30Z,,,,,,,,,,,9556.5
2026-07-07T08:00:30Z,,,,,,,,,,,9563.7
2026-07-07T08:00:30Z,,,,,,,,,,,9569.9
2026-07-07T08:00:31Z,51.554642,-0.068972,-8.0,1.0,1.2,18,1,3,1.67,318.7,9575.9
2026-07-07T08:00:31Z,,,,,,,,,,,9576.8
2026-07-07T08:00:31Z,,,,,,,,,,,9574.9
2026-07-07T08:00:31Z,,,,,,,,,,,9578.0
2026-07-07T08:00:31Z,,,,,,,,,,,9580.7
2026-07-07T08:00:31Z,,,,,,,,,,,9580.8
2026-07-07T08:00:31Z,,,,,,,,,,,9578.5
2026-07-07T08:00:31Z,,,,,,,,,,,9573.0
2026-07-07T08:00:31Z,,,,,,,,,,,9568.5
2026-07-07T08:00:31Z,,,,,,,,,,,9567.3
2026-07-07T08:00:32Z,51.554649,-0.068973,-7.3,1.0,1.2,18,1,3,1.80,318.7,9565.8
2026-07-07T08:00:32Z,,,,,,,,,,,9563.3
2026-07-07T08:00:32Z,,,,,,,,,,,9560.4
2026-07-07T08:00:32Z,,,,,,,,,,,9554.2
2026-07-07T08:00:32Z,,,,,,,,,,,9548.2
2026-07-07T08:00:32Z,,,,,,,,,,,9545.0
2026-07-07T08:00:32Z,,,,,,,,,,,9540.9
2026-07-07T08:00:32Z,,,,,,,,,,,9538.0
2026-07-07T08:00:32Z,,,,,,,,,,,9537.8
2026-07-07T08:00:32Z,,,,,,,,,,,9536.8
2026-07-07T08:00:33Z,51.554653,-0.068967,-6.5,1.0,1.2,18,1,3,0.81,318.7,9537.6
2026-07-07T08:00:33Z,,,,,,,,,,,9543.9
2026-07-07T08:00:33Z,,,,,,,,,,,9551.5
2026-07-07T08:00:33Z,,,,,,,,,,,9559.7
2026-07-07T08:00:33Z,,,,,,,,,,,9568.9
2026-07-07T08:00:33Z,,,,,,,,,,,9575.5
2026-07-07T08:00:33Z,,,,,,,,,,,9580.2
2026-07-07T08:00:33Z,,,,,,,,,,,9584.7
2026-07-07T08:00:33Z,,,,,,,,,,,9590.3
2026-07-07T08:00:33Z,,,,,,,,,,,9597.6
2026-07-07T08:00:34Z,51.554653,-0.068961,-5.7,1.0,1.2,18,1,3,0.64,318.7,9604.2
2026-07-07T08:00:34Z,,,,,,,,,,,9605.7
2026-07-07T08:00:34Z,,,,,,,,,,,9603.8
2026-07-07T08:00:34Z,,,,,,,,,,,9603.7
2026-07-07T08:00:34Z,,,,,,,,,,,9603.2
2026-07-07T08:00:34Z,,,,,,,,,,,9601.7
2026-07-07T08:00:34Z,,,,,,,,,,,9598.9
2026-07-07T08:00:34Z,,,,,,,,,,,9591.0
2026-07-07T08:00:34Z,,,,,,,,,,,9579.7
2026-07-07T08:00:34Z,,,,,,,,,,,9572.5
2026-07-07T08:00:35Z,51.554653,-0.068960,-5.6,1.0,1.2,18,1,3,1.76,318.7,9567.9
2026-07-07T08:00:35Z,,,,,,,,,,,9562.8
2026-07-07T08:00:35Z,,,,,,,,,,,9557.2
2026-07-07T08:00:35Z,,,,,,,,,,,9548.0
2026-07-07T08:00:35Z,,,,,,,,,,,9537.4
2026-07-07T08:00:35Z,,,,,,,,,,,9531.1
2026-07-07T08:00:35Z,,,,,,,,,,,9528.0
2026-07-07T08:00:35Z,,,,,,,,,,,9525.5
2026-07-07T08:00:35Z,,,,,,,,,,,9523.0
2026-07-07T08:00:35Z,,,,,,,,,,,9517.9
2026-07-07T08:00:36Z,51.554649,-0.068958,-5.2,1.0,1.2,18,1,3,2.27,212.0,9513.5
2026-07-07T08:00:36Z,,,,,,,,,,,9513.3
2026-07-07T08:00:36Z,,,,,,,,,,,9514.8
2026-07-07T08:00:36Z,,,,,,,,,,,9517.6
2026-07-07T08:00:36Z,,,,,,,,,,,9522.3
2026-07-07T08:00:36Z,,,,,,,,,,,9523.0
2026-07-07T08:00:36Z,,,,,,,,,,,9521.4
2026-07-07T08:00:36Z,,,,,,,,,,,9524.1
2026-07-07T08:00:36Z,,,,,,,,,,,9526.6
2026-07-07T08:00:36Z,,,,,,,,,,,9526.2
2026-07-07T08:00:37Z,51.554649,-0.068955,-4.2,1.0,1.2,18,1,3,2.64,223.3,9524.7
2026-07-07T08:00:37Z,,,,,,,,,,,9519.5
2026-07-07T08:00:37Z,,,,,,,,,,,9511.7
2026-07-07T08:00:37Z,,,,,,,,,,,9507.3
2026-07-07T08:00:37Z,,,,,,,,,,,9504.4
2026-07-07T08:00:37Z,,,,,,,,,,,9500.7
2026-07-07T08:00:37Z,,,,,,,,,,,9496.2
2026-07-07T08:00:37Z,,,,,,,,,,,9490.4
2026-07-07T08:00:37Z,,,,,,,,,,,9485.0
2026-07-07T08:00:37Z,,,,,,,,,,,9484.0
2026-07-07T08:00:38Z,51.554649,-0.068950,-4.4,1.0,1.2,18,1,3,1.82,223.3,9487.9
2026-07-07T08:00:38Z,,,,,,,,,,,9495.8
2026-07-07T08:00:38Z,,,,,,,,,,,9509.9
2026-07-07T08:00:38Z,,,,,,,,,,,9526.3
2026-07-07T08:00:38Z,,,,,,,,,,,9541.7
2026-07-07T08:00:38Z,,,,,,,,,,,9560.1
2026-07-07T08:00:38Z,,,,,,,,,,,9579.9
2026-07-07T08:00:38Z,,,,,,,,,,,9596.6
2026-07-07T08:00:38Z,,,,,,,,,,,9611.7
2026-07-07T08:00:38Z,,,,,,,,,,,9622.2
2026-07-07T08:00:39Z,51.554653,-0.068944,-3.6,1.0,1.2,18,1,3,1.04,223.3,9624.4
2026-07-07T08:00:39Z,,,,,,,,,,,9624.0
2026-07-07T08:00:39Z,,,,,,,,,,,9624.9
2026-07-07T08:00:39Z,,,,,,,,,,,9623.8
2026-07-07T08:00:39Z,,,,,,,,,,,9620.3
2026-07-07T08:00:39Z,,,,,,,,,,,9613.9
2026-07-07T08:00:39Z,,,,,,,,,,,9603.5
2026-07-07T08:00:39Z,,,,,,,,,,,9594.0
2026-07-07T08:00:39Z,,,,,,,,,,,9588.4
2026-07-07T08:00:39Z,,,,,,,,,,,9583.6
2026-07-07T08:00:40Z,51.554657,-0.068944,-3.1,1.0,1.2,18,1,3,2.11,256.2,9580.9
2026-07-07T08:00:40Z,,,,,,,,,,,9580.2
2026-07-07T08:00:40Z,,,,,,,,,,,9579.2
2026-07-07T08:00:40Z,,,,,,,,,,,9585.6
2026-07-07T08:00:40Z,,,,,,,,,,,9600.4
2026-07-07T08:00:40Z,,,,,,,,,,,9616.2
2026-07-07T08:00:40Z,,,,,,,,,,,9634.2
2026-07-07T08:00:40Z,,,,,,,,,,,9653.1
2026-07-07T08:00:40Z,,,,,,,,,,,9666.4
2026-07-07T08:00:40Z,,,,,,,,,,,9678.3
2026-07-07T08:00:41Z,51.554661,-0.068939,-2.6,1.0,1.2,18,1,3,1.81,256.2,9693.9
2026-07-07T08:00:41Z,,,,,,,,,,,9707.5
2026-07-07T08:00:41Z,,,,,,,,,,,9717.0
2026-07-07T08:00:41Z,,,,,,,,,,,9722.3
2026-07-07T08:00:41Z,,,,,,,,,,,9722.5
2026-07-07T08:00:41Z,,,,,,,,,,,9721.7
2026-07-07T08:00:41Z,,,,,,,,,,,9722.5
2026-07-07T08:00:41Z,,,,,,,,,,,9722.1
2026-07-07T08:00:41Z,,,,,,,,,,,9720.2
2026-07-07T08:00:41Z,,,,,,,,,,,9716.4
2026-07-07T08:00:41Z,51.554661,-0.068939,-2.6,1.0,1.2,18,1,3,1.00,256.2,9708.2
2026-07-07T08:00:42Z,,,,,,,,,,,9699.5
2026-07-07T08:00:42Z,,,,,,,,,,,9691.8
2026-07-07T08:00:42Z,,,,,,,,,,,9684.2
2026-07-07T08:00:42Z,,,,,,,,,,,9677.1
2026-07-07T08:00:42Z,,,,,,,,,,,9671.0
2026-07-07T08:00:42Z,,,,,,,,,,,9663.9
2026-07-07T08:00:42Z,,,,,,,,,,,9657.0
2026-07-07T08:00:42Z,,,,,,,,,,,9653.5
2026-07-07T08:00:42Z,,,,,,,,,,,9652.3
2026-07-07T08:00:43Z,51.554668,-0.068928,-2.2,1.0,1.2,18,1,3,1.56,256.2,9654.6
2026-07-07T08:00:43Z,,,,,,,,,,,9659.3
2026-07-07T08:00:43Z,,,,,,,,,,,9664.1
2026-07-07T08:00:43Z,,,,,,,,,,,9670.6
2026-07-07T08:00:43Z,,,,,,,,,,,9680.4
2026-07-07T08:00:43Z,,,,,,,,,,,9691.7
2026-07-07T08:00:43Z,,,,,,,,,,,9705.1
2026-07-07T08:00:43Z,,,,,,,,,,,9718.4
2026-07-07T08:00:43Z,,,,,,,,,,,9726.8
2026-07-07T08:00:43Z,,,,,,,,,,,9733.8
2026-07-07T08:00:44Z,51.554676,-0.068916,0.0,1.0,1.2,18,1,3,1.89,256.2,9741.5
2026-07-07T08:00:44Z,,,,,,,,,,,9747.9
2026-07-07T08:00:44Z,,,,,,,,,,,9754.9
2026-07-07T08:00:44Z,,,,,,,,,,,9759.1
2026-07-07T08:00:44Z,,,,,,,,,,,9758.5
2026-07-07T08:00:44Z,,,,,,,,,,,9758.0
2026-07-07T08:00:44Z,,,,,,,,,,,9760.1
2026-07-07T08:00:44Z,,,,,,,,,,,9761.9
2026-07-07T08:00:44Z,,,,,,,,,,,9762.9
2026-07-07T08:00:44Z,,,,,,,,,,,9761.9
2026-07-07T08:00:45Z,51.554684,-0.068906,1.5,1.0,1.2,18,1,3,1.17,256.2,9759.0
2026-07-07T08:00:45Z,,,,,,,,,,,9757.9
2026-07-07T08:00:45Z,,,,,,,,,,,9759.8
2026-07-07T08:00:45Z,,,,,,,,,,,9762.7
2026-07-07T08:00:45Z,,,,,,,,,,,9765.5
2026-07-07T08:00:45Z,,,,,,,,,,,9764.3
2026-07-07T08:00:45Z,,,,,,,,,,,9758.8
2026-07-07T08:00:45Z,,,,,,,,,,,9755.5
2026-07-07T08:00:45Z,,,,,,,,,,,9753.5
2026-07-07T08:00:45Z,,,,,,,,,,,9749.4
2026-07-07T08:00:46Z,51.554695,-0.068892,2.5,1.0,1.2,18,1,3,1.58,256.2,9744.6
2026-07-07T08:00:46Z,,,,,,,,,,,9736.9
2026-07-07T08:00:46Z,,,,,,,,,,,9725.9
2026-07-07T08:00:46Z,,,,,,,,,,,9718.2
2026-07-07T08:00:46Z,,,,,,,,,,,9712.6
2026-07-07T08:00:46Z,,,,,,,,,,,9706.7
2026-07-07T08:00:46Z,,,,,,,,,,,9702.1
2026-07-07T08:00:46Z,,,,,,,,,,,9698.6
2026-07-07T08:00:46Z,,,,,,,,,,,9699.6
2026-07-07T08:00:46Z,,,,,,,,,,,9707.8
2026-07-07T08:00:47Z,51.554699,-0.068881,3.2,1.0,1.2,18,1,3,0.65,256.2,9720.8
2026-07-07T08:00:47Z,,,,,,,,,,,9737.5
2026-07-07T08:00:47Z,,,,,,,,,,,9756.2
2026-07-07T08:00:47Z,,,,,,,,,,,9768.1
2026-07-07T08:00:47Z,,,,,,,,,,,9776.8
2026-07-07T08:00:47Z,,,,,,,,,,,9788.4
2026-07-07T08:00:47Z,,,,,,,,,,,9798.3
2026-07-07T08:00:47Z,,,,,,,,,,,9805.2
2026-07-07T08:00:47Z,,,,,,,,,,,9809.5
2026-07-07T08:00:47Z,,,,,,,,,,,9808.6
2026-07-07T08:00:48Z,51.554707,-0.068875,3.9,1.0,1.2,18,1,3,1.10,256.2,9806.5
2026-07-07T08:00:48Z,,,,,,,,,,,9805.7
2026-07-07T08:00:48Z,,,,,,,,,,,9805.7
2026-07-07T08:00:48Z,,,,,,,,,,,9806.5
2026-07-07T08:00:48Z,,,,,,,,,,,9806.3
2026-07-07T08:00:48Z,,,,,,,,,,,9803.7
2026-07-07T08:00:48Z,,,,,,,,,,,9799.6
2026-07-07T08:00:48Z,,,,,,,,,,,9797.6
2026-07-07T08:00:48Z,,,,,,,,,,,9798.1
2026-07-07T08:00:48Z,,,,,,,,,,,9799.0
2026-07-07T08:00:49Z,51.554714,-0.068863,4.6,1.0,1.2,18,1,3,1.70,256.2,9798.4
2026-07-07T08:00:49Z,,,,,,,,,,,9793.9
2026-07-07T08:00:49Z,,,,,,,,,,,9788.7
2026-07-07T08:00:49Z,,,,,,,,,,,9786.1
2026-07-07T08:00:49Z,,,,,,,,,,,9782.8
2026-07-07T08:00:49Z,,,,,,,,,,,9778.7
2026-07-07T08:00:49Z,,,,,,,,,,,9774.2
2026-07-07T08:00:49Z,,,,,,,,,,,9767.9
2026-07-07T08:00:49Z,,,,,,,,,,,9762.5
2026-07-07T08:00:49Z,,,,,,,,,,,9758.6
2026-07-07T08:00:50Z,51.554718,-0.068858,5.2,1.0,1.2,18,1,3,1.23,256.2,9754.4
2026-07-07T08:00:50Z,,,,,,,,,,,9751.9
2026-07-07T08:00:50Z,,,,,,,,,,,9748.8
2026-07-07T08:00:50Z,,,,,,,,,,,9742.6
2026-07-07T08:00:50Z,,,,,,,,,,,9737.8
2026-07-07T08:00:50Z,,,,,,,,,,,9733.7
2026-07-07T08:00:50Z,,,,,,,,,,,9728.4
2026-07-07T08:00:50Z,,,,,,,,,,,9723.9
2026-07-07T08:00:50Z,,,,,,,,,,,9717.6
2026-07-07T08:00:50Z,,,,,,,,,,,9708.8
2026-07-07T08:00:51Z,51.554726,-0.068847,5.9,1.0,1.2,18,1,3,1.37,256.2,9702.0
2026-07-07T08:00:51Z,,,,,,,,,,,9696.7
2026-07-07T08:00:51Z,,,,,,,,,,,9692.0
2026-07-07T08:00:51Z,,,,,,,,,,,9687.4
2026-07-07T08:00:51Z,,,,,,,,,,,9679.0
2026-07-07T08:00:51Z,,,,,,,,,,,9669.2
2026-07-07T08:00:51Z,,,,,,,,,,,9662.2
2026-07-07T08:00:51Z,,,,,,,,,,,9657.7
2026-07-07T08:00:51Z,,,,,,,,,,,9655.5
2026-07-07T08:00:51Z,,,,,,,,,,,9656.9
2026-07-07T08:00:51Z,51.554726,-0.068847,5.9,1.0,1.2,18,1,3,1.02,256.2,9660.9
2026-07-07T08:00:52Z,,,,,,,,,,,9666.2
2026-07-07T08:00:52Z,,,,,,,,,,,9678.0
2026-07-07T08:00:52Z,,,,,,,,,,,9695.0
2026-07-07T08:00:52Z,,,,,,,,,,,9713.0
2026-07-07T08:00:52Z,,,,,,,,,,,9731.5
2026-07-07T08:00:52Z,,,,,,,,,,,9746.3
2026-07-07T08:00:52Z,,,,,,,,,,,9758.4
2026-07-07T08:00:52Z,,,,,,,,,,,9771.4
2026-07-07T08:00:52Z,,,,,,,,,,,9781.6
2026-07-07T08:00:52Z,51.554729,-0.068838,7.0,1.0,1.2,18,1,3,1.75,256.2,9787.8
2026-07-07T08:00:53Z,,,,,,,,,,,9790.2
2026-07-07T08:00:53Z,,,,,,,,,,,9788.4
2026-07-07T08:00:53Z,,,,,,,,,,,9785.9
2026-07-07T08:00:53Z,,,,,,,,,,,9785.4
2026-07-07T08:00:53Z,,,,,,,,,,,9784.0
2026-07-07T08:00:53Z,,,,,,,,,,,9783.5
2026-07-07T08:00:53Z,,,,,,,,,,,9784.2
2026-07-07T08:00:53Z,,,,,,,,,,,9782.6
2026-07-07T08:00:53Z,,,,,,,,,,,9784.5
2026-07-07T08:00:54Z,51.554741,-0.068826,8.8,1.0,1.2,18,1,3,0.83,256.2,9795.5
2026-07-07T08:00:54Z,,,,,,,,,,,9809.5
2026-07-07T08:00:54Z,,,,,,,,,,,9825.4
2026-07-07T08:00:54Z,,,,,,,,,,,9841.9
2026-07-07T08:00:54Z,,,,,,,,,,,9855.5
2026-07-07T08:00:54Z,,,,,,,,,,,9868.2
2026-07-07T08:00:54Z,,,,,,,,,,,9883.3
2026-07-07T08:00:54Z,,,,,,,,,,,9899.3
2026-07-07T08:00:54Z,,,,,,,,,,,9913.3
2026-07-07T08:00:54Z,,,,,,,,,,,9923.7
2026-07-07T08:00:55Z,51.554749,-0.068825,9.2,1.0,1.2,18,1,3,1.14,256.2,9929.6
2026-07-07T08:00:55Z,,,,,,,,,,,9932.3
2026-07-07T08:00:55Z,,,,,,,,,,,9935.2
2026-07-07T08:00:55Z,,,,,,,,,,,9935.9
2026-07-07T08:00:55Z,,,,,,,,,,,9934.9
2026-07-07T08:00:55Z,,,,,,,,,,,9933.7
2026-07-07T08:00:55Z,,,,,,,,,,,9927.2
2026-07-07T08:00:55Z,,,,,,,,,,,9917.6
2026-07-07T08:00:55Z,,,,,,,,,,,9910.0
2026-07-07T08:00:55Z,,,,,,,,,,,9902.8
2026-07-07T08:00:56Z,51.554760,-0.068822,10.6,1.0,1.2,18,1,3,0.95,256.2,9896.5
2026-07-07T08:00:56Z,,,,,,,,,,,9893.1
2026-07-07T08:00:56Z,,,,,,,,,,,9887.8
2026-07-07T08:00:56Z,,,,,,,,,,,9883.2
2026-07-07T08:00:56Z,,,,,,,,,,,9884.2
2026-07-07T08:00:56Z,,,,,,,,,,,9889.4
2026-07-07T08:00:56Z,,,,,,,,,,,9897.0
2026-07-07T08:00:56Z,,,,,,,,,,,9904.7
2026-07-07T08:00:56Z,,,,,,,,,,,9909.1
2026-07-07T08:00:56Z,,,,,,,,,,,9912.0
2026-07-07T08:00:57Z,51.554771,-0.068823,10.4,1.0,1.2,18,1,3,1.16,256.2,9919.6
2026-07-07T08:00:57Z,,,,,,,,,,,9927.8
2026-07-07T08:00:57Z,,,,,,,,,,,9935.0
2026-07-07T08:00:57Z,,,,,,,,,,,9940.1
2026-07-07T08:00:57Z,,,,,,,,,,,9938.8
2026-07-07T08:00:57Z,,,,,,,,,,,9933.2
2026-07-07T08:00:57Z,,,,,,,,,,,9930.4
2026-07-07T08:00:57Z,,,,,,,,,,,9927.4
2026-07-07T08:00:57Z,,,,,,,,,,,9920.3
2026-07-07T08:00:57Z,,,,,,,,,,,9912.8
2026-07-07T08:00:58Z,51.554783,-0.068825,10.0,1.0,1.2,18,1,3,1.11,256.2,9901.8
2026-07-07T08:00:58Z,,,,,,,,,,,9887.7
2026-07-07T08:00:58Z,,,,,,,,,,,9878.3
2026-07-07T08:00:58Z,,,,,,,,,,,9876.6
2026-07-07T08:00:58Z,,,,,,,,,,,9879.4
2026-07-07T08:00:58Z,,,,,,,,,,,9887.3
2026-07-07T08:00:58Z,,,,,,,,,,,9897.3
2026-07-07T08:00:58Z,,,,,,,,,,,9909.7
2026-07-07T08:00:58Z,,,,,,,,,,,9927.6
2026-07-07T08:00:58Z,,,,,,,,,,,9946.9
2026-07-07T08:00:59Z,51.554794,-0.068828,10.3,1.0,1.2,18,1,3,1.50,256.2,9966.8
2026-07-07T08:00:59Z,,,,,,,,,,,9985.0
2026-07-07T08:00:59Z,,,,,,,,,,,9996.7
2026-07-07T08:00:59Z,,,,,,,,,,,10003.5
2026-07-07T08:00:59Z,,,,,,,,,,,10011.8
2026-07-07T08:00:59Z,,,,,,,,,,,10019.2
2026-07-07T08:00:59Z,,,,,,,,,,,10022.6
2026-07-07T08:00:59Z,,,,,,,,,,,10025.4
2026-07-07T08:00:59Z,,,,,,,,,,,10024.3
2026-07-07T08:00:59Z,,,,,,,,,,,10017.3
2026-07-07T08:01:00Z,51.554810,-0.068832,10.5,1.0,1.2,18,1,3,1.82,256.2,10012.5
2026-07-07T08:01:00Z,,,,,,,,,,,10005.5
2026-07-07T08:01:00Z,,,,,,,,,,,9995.5
2026-07-07T08:01:00Z,,,,,,,,,,,9986.7
2026-07-07T08:01:00Z,,,,,,,,,,,9974.7
2026-07-07T08:01:00Z,,,,,,,,,,,9958.7
2026-07-07T08:01:00Z,,,,,,,,,,,9944.0
2026-07-07T08:01:00Z,,,,,,,,,,,9930.3
2026-07-07T08:01:00Z,,,,,,,,,,,9916.7
2026-07-07T08:01:00Z,,,,,,,,,,,9905.2
2026-07-07T08:01:01Z,51.554825,-0.068835,11.0,1.0,1.2,18,1,3,2.43,319.4,9891.7
2026-07-07T08:01:01Z,,,,,,,,,,,9876.7
2026-07-07T08:01:01Z,,,,,,,,,,,9864.3
2026-07-07T08:01:01Z,,,,,,,,,,,9854.9
2026-07-07T08:01:01Z,,,,,,,,,,,9847.6
2026-07-07T08:01:01Z,,,,,,,,,,,9843.6
2026-07-07T08:01:01Z,,,,,,,,,,,9838.4
2026-07-07T08:01:01Z,,,,,,,,,,,9830.5
2026-07-07T08:01:01Z,,,,,,,,,,,9824.8
2026-07-07T08:01:01Z,,,,,,,,,,,9822.9
2026-07-07T08:01:02Z,51.554836,-0.068836,11.0,1.0,1.2,18,1,3,1.59,319.4,9823.1
2026-07-07T08:01:02Z,,,,,,,,,,,9821.6
2026-07-07T08:01:02Z,,,,,,,,,,,9817.7
2026-07-07T08:01:02Z,,,,,,,,,,,9811.5
2026-07-07T08:01:02Z,,,,,,,,,,,9806.6
2026-07-07T08:01:02Z,,,,,,,,,,,9804.2
2026-07-07T08:01:02Z,,,,,,,,,,,9801.6
2026-07-07T08:01:02Z,,,,,,,,,,,9799.0
2026-07-07T08:01:02Z,,,,,,,,,,,9794.2
2026-07-07T08:01:02Z,,,,,,,,,,,9786.3
2026-07-07T08:01:03Z,51.554840,-0.068838,11.5,1.0,1.2,18,1,3,0.89,319.4,9781.9
2026-07-07T08:01:03Z,,,,,,,,,,,9781.9
2026-07-07T08:01:03Z,,,,,,,,,,,9783.6
2026-07-07T08:01:03Z,,,,,,,,,,,9789.9
2026-07-07T08:01:03Z,,,,,,,,,,,9798.0
2026-07-07T08:01:03Z,,,,,,,,,,,9803.8
2026-07-07T08:01:03Z,,,,,,,,,,,9812.6
2026-07-07T08:01:03Z,,,,,,,,,,,9825.4
2026-07-07T08:01:03Z,,,,,,,,,,,9836.5
2026-07-07T08:01:03Z,,,,,,,,,,,9844.0
2026-07-07T08:01:04Z,51.554848,-0.068844,11.5,1.0,1.2,18,1,3,1.86,319.4,9848.5
2026-07-07T08:01:04Z,,,,,,,,,,,9849.1
2026-07-07T08:01:04Z,,,,,,,,,,,9848.9
2026-07-07T08:01:04Z,,,,,,,,,,,9849.5
2026-07-07T08:01:04Z,,,,,,,,,,,9848.2
2026-07-07T08:01:04Z,,,,,,,,,,,9846.2
2026-07-07T08:01:04Z,,,,,,,,,,,9842.8
2026-07-07T08:01:04Z,,,,,,,,,,,9836.0
2026-07-07T08:01:04Z,,,,,,,,,,,9828.9
2026-07-07T08:01:04Z,,,,,,,,,,,9823.4
2026-07-07T08:01:04Z,51.554848,-0.068844,11.5,1.0,1.2,18,1,3,1.70,319.4,9817.4
2026-07-07T08:01:05Z,,,,,,,,,,,9812.6
2026-07-07T08:01:05Z,,,,,,,,,,,9809.7
2026-07-07T08:01:05Z,,,,,,,,,,,9805.1
2026-07-07T08:01:05Z,,,,,,,,,,,9797.8
2026-07-07T08:01:05Z,,,,,,,,,,,9792.3
2026-07-07T08:01:05Z,,,,,,,,,,,9787.6
2026-07-07T08:01:05Z,,,,,,,,,,,9782.5
2026-07-07T08:01:05Z,,,,,,,,,,,9777.3
2026-07-07T08:01:05Z,,,,,,,,,,,9768.5
2026-07-07T08:01:06Z,51.554863,-0.068864,11.3,1.0,1.2,18,1,3,1.82,319.4,9757.5
2026-07-07T08:01:06Z,,,,,,,,,,,9748.0
2026-07-07T08:01:06Z,,,,,,,,,,,9739.6
2026-07-07T08:01:06Z,,,,,,,,,,,9732.8
2026-07-07T08:01:06Z,,,,,,,,,,,9725.8
2026-07-07T08:01:06Z,,,,,,,,,,,9715.9
2026-07-07T08:01:06Z,,,,,,,,,,,9703.7
2026-07-07T08:01:06Z,,,,,,,,,,,9694.4
2026-07-07T08:01:06Z,,,,,,,,,,,9688.4
2026-07-07T08:01:06Z,,,,,,,,,,,9684.8
2026-07-07T08:01:07Z,51.554871,-0.068871,11.2,1.0,1.2,18,1,3,2.03,234.6,9681.2
2026-07-07T08:01:07Z,,,,,,,,,,,9675.7
2026-07-07T08:01:07Z,,,,,,,,,,,9669.3
2026-07-07T08:01:07Z,,,,,,,,,,,9667.8
2026-07-07T08:01:07Z,,,,,,,,,,,9672.3
2026-07-07T08:01:07Z,,,,,,,,,,,9677.3
2026-07-07T08:01:07Z,,,,,,,,,,,9684.5
2026-07-07T08:01:07Z,,,,,,,,,,,9691.1
2026-07-07T08:01:07Z,,,,,,,,,,,9694.4
2026-07-07T08:01:07Z,,,,,,,,,,,9700.1
2026-07-07T08:01:08Z,51.554878,-0.068877,11.2,1.0,1.2,18,1,3,1.37,234.6,9708.5
2026-07-07T08:01:08Z,,,,,,,,,,,9713.2
2026-07-07T08:01:08Z,,,,,,,,,,,9714.9
2026-07-07T08:01:08Z,,,,,,,,,,,9713.9
2026-07-07T08:01:08Z,,,,,,,,,,,9708.4
2026-07-07T08:01:08Z,,,,,,,,,,,9704.6
2026-07-07T08:01:08Z,,,,,,,,,,,9702.3
2026-07-07T08:01:08Z,,,,,,,,,,,9698.0
2026-07-07T08:01:08Z,,,,,,,,,,,9693.6
2026-07-07T08:01:08Z,,,,,,,,,,,9688.5
2026-07-07T08:01:09Z,51.554890,-0.068885,11.1,1.0,1.2,18,1,3,1.49,234.6,9680.3
2026-07-07T08:01:09Z,,,,,,,,,,,9672.3
2026-07-07T08:01:09Z,,,,,,,,,,,9665.9
2026-07-07T08:01:09Z,,,,,,,,,,,9659.6
2026-07-07T08:01:09Z,,,,,,,,,,,9653.9
2026-07-07T08:01:09Z,,,,,,,,,,,9650.4
2026-07-07T08:01:09Z,,,,,,,,,,,9644.9
2026-07-07T08:01:09Z,,,,,,,,,,,9640.6
2026-07-07T08:01:09Z,,,,,,,,,,,9642.6
2026-07-07T08:01:09Z,,,,,,,,,,,9647.7
2026-07-07T08:01:10Z,51.554897,-0.068899,10.8,1.0,1.2,18,1,3,2.12,239.4,9657.5
2026-07-07T08:01:10Z,,,,,,,,,,,9669.3
2026-07-07T08:01:10Z,,,,,,,,,,,9677.5
2026-07-07T08:01:10Z,,,,,,,,,,,9682.5
2026-07-07T08:01:10Z,,,,,,,,,,,9688.4
2026-07-07T08:01:10Z,,,,,,,,,,,9695.1
2026-07-07T08:01:10Z,,,,,,,,,,,9701.3
2026-07-07T08:01:10Z,,,,,,,,,,,9705.6
2026-07-07T08:01:10Z,,,,,,,,,,,9705.6
2026-07-07T08:01:10Z,,,,,,,,,,,9703.0
2026-07-07T08:01:11Z,51.554905,-0.068915,10.9,1.0,1.2,18,1,3,2.20,236.9,9702.3
2026-07-07T08:01:11Z,,,,,,,,,,,9704.2
2026-07-07T08:01:11Z,,,,,,,,,,,9707.5
2026-07-07T08:01:11Z,,,,,,,,,,,9713.8
2026-07-07T08:01:11Z,,,,,,,,,,,9720.3
2026-07-07T08:01:11Z,,,,,,,,,,,9725.9
2026-07-07T08:01:11Z,,,,,,,,,,,9737.3
2026-07-07T08:01:11Z,,,,,,,,,,,9753.0
2026-07-07T08:01:11Z,,,,,,,,,,,9766.7
2026-07-07T08:01:11Z,,,,,,,,,,,9781.4
2026-07-07T08:01:12Z,51.554916,-0.068927,10.5,1.0,1.2,18,1,3,2.42,233.9,9796.7
2026-07-07T08:01:12Z,,,,,,,,,,,9802.1
2026-07-07T08:01:12Z,,,,,,,,,,,9804.0
2026-07-07T08:01:12Z,,,,,,,,,,,9808.4
2026-07-07T08:01:12Z,,,,,,,,,,,9811.2
2026-07-07T08:01:12Z,,,,,,,,,,,9810.2
2026-07-07T08:01:12Z,,,,,,,,,,,9807.3
2026-07-07T08:01:12Z,,,,,,,,,,,9801.4
2026-07-07T08:01:12Z,,,,,,,,,,,9794.2
2026-07-07T08:01:12Z,,,,,,,,,,,9789.7
2026-07-07T08:01:13Z,51.554924,-0.068936,10.3,1.0,1.2,18,1,3,1.73,233.9,9785.7
2026-07-07T08:01:13Z,,,,,,,,,,,9780.6
2026-07-07T08:01:13Z,,,,,,,,,,,9773.3
2026-07-07T08:01:13Z,,,,,,,,,,,9762.7
2026-07-07T08:01:13Z,,,,,,,,,,,9751.8
2026-07-07T08:01:13Z,,,,,,,,,,,9745.9
2026-07-07T08:01:13Z,,,,,,,,,,,9743.6
2026-07-07T08:01:13Z,,,,,,,,,,,9744.9
2026-07-07T08:01:13Z,,,,,,,,,,,9752.0
2026-07-07T08:01:13Z,,,,,,,,,,,9759.7
2026-07-07T08:01:14Z,51.554939,-0.068948,10.5,1.0,1.2,18,1,3,1.20,233.9,9768.7
2026-07-07T08:01:14Z,,,,,,,,,,,9782.8
2026-07-07T08:01:14Z,,,,,,,,,,,9802.2
2026-07-07T08:01:14Z,,,,,,,,,,,9823.2
2026-07-07T08:01:14Z,,,,,,,,,,,9845.2
2026-07-07T08:01:14Z,,,,,,,,,,,9862.2
2026-07-07T08:01:14Z,,,,,,,,,,,9871.6
2026-07-07T08:01:14Z,,,,,,,,,,,9879.3
2026-07-07T08:01:14Z,,,,,,,,,,,9887.1
2026-07-07T08:01:14Z,,,,,,,,,,,9891.4
2026-07-07T08:01:15Z,51.554947,-0.068957,10.1,1.0,1.2,18,1,3,1.40,233.9,9891.6
2026-07-07T08:01:15Z,,,,,,,,,,,9886.8
2026-07-07T08:01:15Z,,,,,,,,,,,9877.1
2026-07-07T08:01:15Z,,,,,,,,,,,9868.9
2026-07-07T08:01:15Z,,,,,,,,,,,9862.4
2026-07-07T08:01:15Z,,,,,,,,,,,9856.0
2026-07-07T08:01:15Z,,,,,,,,,,,9848.6
2026-07-07T08:01:15Z,,,,,,,,,,,9839.0
2026-07-07T08:01:15Z,,,,,,,,,,,9826.2
2026-07-07T08:01:15Z,,,,,,,,,,,9815.3
2026-07-07T08:01:16Z,51.554951,-0.068971,9.9,1.0,1.2,18,1,3,1.23,233.9,9809.1
2026-07-07T08:01:16Z,,,,,,,,,,,9803.2
2026-07-07T08:01:16Z,,,,,,,,,,,9798.8
2026-07-07T08:01:16Z,,,,,,,,,,,9795.0
2026-07-07T08:01:16Z,,,,,,,,,,,9786.5
2026-07-07T08:01:16Z,,,,,,,,,,,9779.7
2026-07-07T08:01:16Z,,,,,,,,,,,9777.9
2026-07-07T08:01:16Z,,,,,,,,,,,9777.3
2026-07-07T08:01:16Z,,,,,,,,,,,9777.6
2026-07-07T08:01:16Z,,,,,,,,,,,9776.3
2026-07-07T08:01:16Z,51.554951,-0.068971,9.9,1.0,1.2,18,1,3,1.90,233.9,9771.9
2026-07-07T08:01:17Z,,,,,,,,,,,9767.5
2026-07-07T08:01:17Z,,,,,,,,,,,9765.4
2026-07-07T08:01:17Z,,,,,,,,,,,9764.9
2026-07-07T08:01:17Z,,,,,,,,,,,9762.9
2026-07-07T08:01:17Z,,,,,,,,,,,9757.7
2026-07-07T08:01:17Z,,,,,,,,,,,9748.3
2026-07-07T08:01:17Z,,,,,,,,,,,9738.9
2026-07-07T08:01:17Z,,,,,,,,,,,9733.2
2026-07-07T08:01:17Z,,,,,,,,,,,9726.9
2026-07-07T08:01:18Z,51.554974,-0.069002,9.2,1.0,1.2,18,1,3,1.47,233.9,9721.0
2026-07-07T08:01:18Z,,,,,,,,,,,9716.2
2026-07-07T08:01:18Z,,,,,,,,,,,9709.0
2026-07-07T08:01:18Z,,,,,,,,,,,9702.0
2026-07-07T08:01:18Z,,,,,,,,,,,9699.7
2026-07-07T08:01:18Z,,,,,,,,,,,9701.7
2026-07-07T08:01:18Z,,,,,,,,,,,9706.9
2026-07-07T08:01:18Z,,,,,,,,,,,9715.4
2026-07-07T08:01:18Z,,,,,,,,,,,9725.2
2026-07-07T08:01:18Z,,,,,,,,,,,9735.9
2026-07-07T08:01:18Z,51.554974,-0.069002,9.2,1.0,1.2,18,1,3,0.51,233.9,9749.2
2026-07-07T08:01:19Z,,,,,,,,,,,9761.7
2026-07-07T08:01:19Z,,,,,,,,,,,9773.4
2026-07-07T08:01:19Z,,,,,,,,,,,9780.7
2026-07-07T08:01:19Z,,,,,,,,,,,9782.8
2026-07-07T08:01:19Z,,,,,,,,,,,9785.1
2026-07-07T08:01:19Z,,,,,,,,,,,9789.9
2026-07-07T08:01:19Z,,,,,,,,,,,9795.8
2026-07-07T08:01:19Z,,,,,,,,,,,9804.5
2026-07-07T08:01:19Z,,,,,,,,,,,9812.8
2026-07-07T08:01:19Z,51.554993,-0.069017,8.7,1.0,1.2,18,1,3,1.58,233.9,9820.7
2026-07-07T08:01:20Z,,,,,,,,,,,9828.2
2026-07-07T08:01:20Z,,,,,,,,,,,9837.4
2026-07-07T08:01:20Z,,,,,,,,,,,9848.5
2026-07-07T08:01:20Z,,,,,,,,,,,9856.7
2026-07-07T08:01:20Z,,,,,,,,,,,9860.1
2026-07-07T08:01:20Z,,,,,,,,,,,9858.7
2026-07-07T08:01:20Z,,,,,,,,,,,9857.6
2026-07-07T08:01:20Z,,,,,,,,,,,9858.4
2026-07-07T08:01:20Z,,,,,,,,,,,9859.5
2026-07-07T08:01:21Z,51.555031,-0.069044,7.9,1.0,1.2,18,1,3,1.25,233.9,9861.6
2026-07-07T08:01:21Z,,,,,,,,,,,9862.1
2026-07-07T08:01:21Z,,,,,,,,,,,9862.6
2026-07-07T08:01:21Z,,,,,,,,,,,9868.8
2026-07-07T08:01:21Z,,,,,,,,,,,9880.3
2026-07-07T08:01:21Z,,,,,,,,,,,9890.9
2026-07-07T08:01:21Z,,,,,,,,,,,9902.7
2026-07-07T08:01:21Z,,,,,,,,,,,9914.9
2026-07-07T08:01:21Z,,,,,,,,,,,9920.9
2026-07-07T08:01:21Z,,,,,,,,,,,9924.6
2026-07-07T08:01:22Z,51.555050,-0.069058,7.4,1.0,1.2,18,1,3,1.10,233.9,9931.7
2026-07-07T08:01:22Z,,,,,,,,,,,9933.8
2026-07-07T08:01:22Z,,,,,,,,,,,9930.4
2026-07-07T08:01:22Z,,,,,,,,,,,9928.0
2026-07-07T08:01:22Z,,,,,,,,,,,9922.0
2026-07-07T08:01:22Z,,,,,,,,,,,9912.5
2026-07-07T08:01:22Z,,,,,,,,,,,9904.2
2026-07-07T08:01:22Z,,,,,,,,,,,9896.4
2026-07-07T08:01:22Z,,,,,,,,,,,9888.9
2026-07-07T08:01:22Z,,,,,,,,,,,9880.9
2026-07-07T08:01:23Z,51.555065,-0.069074,6.5,1.0,1.2,18,1,3,1.24,233.9,9870.6
2026-07-07T08:01:23Z,,,,,,,,,,,9859.4
2026-07-07T08:01:23Z,,,,,,,,,,,9846.9
2026-07-07T08:01:23Z,,,,,,,,,,,9835.5
2026-07-07T08:01:23Z,,,,,,,,,,,9834.8
2026-07-07T08:01:23Z,,,,,,,,,,,9845.1
2026-07-07T08:01:23Z,,,,,,,,,,,9855.7
2026-07-07T08:01:23Z,,,,,,,,,,,9864.6
2026-07-07T08:01:23Z,,,,,,,,,,,9877.5
2026-07-07T08:01:23Z,,,,,,,,,,,9892.6
2026-07-07T08:01:24Z,51.555088,-0.069095,6.0,1.0,1.2,18,1,3,1.53,233.9,9904.9
2026-07-07T08:01:24Z,,,,,,,,,,,9915.4
2026-07-07T08:01:24Z,,,,,,,,,,,9924.8
2026-07-07T08:01:24Z,,,,,,,,,,,9928.7
2026-07-07T08:01:24Z,,,,,,,,,,,9928.6
2026-07-07T08:01:24Z,,,,,,,,,,,9929.2
2026-07-07T08:01:24Z,,,,,,,,,,,9928.1
2026-07-07T08:01:24Z,,,,,,,,,,,9925.0
2026-07-07T08:01:24Z,,,,,,,,,,,9919.8
2026-07-07T08:01:24Z,,,,,,,,,,,9911.2
2026-07-07T08:01:25Z,51.555103,-0.069114,5.5,1.0,1.2,18,1,3,2.21,279.0,9901.7
2026-07-07T08:01:25Z,,,,,,,,,,,9894.0
2026-07-07T08:01:25Z,,,,,,,,,,,9886.4
2026-07-07T08:01:25Z,,,,,,,,,,,9878.9
2026-07-07T08:01:25Z,,,,,,,,,,,9871.2
2026-07-07T08:01:25Z,,,,,,,,,,,9860.6
2026-07-07T08:01:25Z,,,,,,,,,,,9848.8
2026-07-07T08:01:25Z,,,,,,,,,,,9840.2
2026-07-07T08:01:25Z,,,,,,,,,,,9833.6
2026-07-07T08:01:25Z,,,,,,,,,,,9825.8
2026-07-07T08:01:26Z,51.555115,-0.069130,5.8,1.0,1.2,18,1,3,1.89,279.0,9819.5
2026-07-07T08:01:26Z,,,,,,,,,,,9812.0
2026-07-07T08:01:26Z,,,,,,,,,,,9799.6
2026-07-07T08:01:26Z,,,,,,,,,,,9790.1
2026-07-07T08:01:26Z,,,,,,,,,,,9784.7
2026-07-07T08:01:26Z,,,,,,,,,,,9779.2
2026-07-07T08:01:26Z,,,,,,,,,,,9772.3
2026-07-07T08:01:26Z,,,,,,,,,,,9763.6
2026-07-07T08:01:26Z,,,,,,,,,,,9754.0
2026-07-07T08:01:26Z,,,,,,,,,,,9747.2
2026-07-07T08:01:27Z,51.555130,-0.069144,5.8,1.0,1.2,18,1,3,1.50,279.0,9743.5
2026-07-07T08:01:27Z,,,,,,,,,,,9740.4
2026-07-07T08:01:27Z,,,,,,,,,,,9737.3
2026-07-07T08:01:27Z,,,,,,,,,,,9733.3
2026-07-07T08:01:27Z,,,,,,,,,,,9728.0
2026-07-07T08:01:27Z,,,,,,,,,,,9726.0
2026-07-07T08:01:27Z,,,,,,,,,,,9727.1
2026-07-07T08:01:27Z,,,,,,,,,,,9726.8
2026-07-07T08:01:27Z,,,,,,,,,,,9725.8
2026-07-07T08:01:27Z,,,,,,,,,,,9725.2
2026-07-07T08:01:28Z,51.555141,-0.069155,5.8,1.0,1.2,18,1,3,1.17,279.0,9725.3
2026-07-07T08:01:28Z,,,,,,,,,,,9727.5
2026-07-07T08:01:28Z,,,,,,,,,,,9734.5
2026-07-07T08:01:28Z,,,,,,,,,,,9745.4
2026-07-07T08:01:28Z,,,,,,,,,,,9757.7
2026-07-07T08:01:28Z,,,,,,,,,,,9771.5
2026-07-07T08:01:28Z,,,,,,,,,,,9783.3
2026-07-07T08:01:28Z,,,,,,,,,,,9792.5
2026-07-07T08:01:28Z,,,,,,,,,,,9800.9
2026-07-07T08:01:28Z,,,,,,,,,,,9807.8
2026-07-07T08:01:29Z,51.555161,-0.069169,6.1,1.0,1.2,18,1,3,1.11,279.0,9814.3
2026-07-07T08:01:29Z,,,,,,,,,,,9818.7
2026-07-07T08:01:29Z,,,,,,,,,,,9818.8
2026-07-07T08:01:29Z,,,,,,,,,,,9817.3
2026-07-07T08:01:29Z,,,,,,,,,,,9815.9
2026-07-07T08:01:29Z,,,,,,,,,,,9811.9
2026-07-07T08:01:29Z,,,,,,,,,,,9808.1
2026-07-07T08:01:29Z,,,,,,,,,,,9804.4
2026-07-07T08:01:29Z,,,,,,,,,,,9796.1
2026-07-07T08:01:29Z,,,,,,,,,,,9785.7
2026-07-07T08:01:30Z,51.555176,-0.069186,6.4,1.0,1.2,18,1,3,1.87,279.0,9778.0
2026-07-07T08:01:30Z,,,,,,,,,,,9770.7
2026-07-07T08:01:30Z,,,,,,,,,,,9764.4
2026-07-07T08:01:30Z,,,,,,,,,,,9759.5
2026-07-07T08:01:30Z,,,,,,,,,,,9753.7
2026-07-07T08:01:30Z,,,,,,,,,,,9751.6
2026-07-07T08:01:30Z,,,,,,,,,,,9755.4
2026-07-07T08:01:30Z,,,,,,,,,,,9763.6
2026-07-07T08:01:30Z,,,,,,,,,,,9775.4
2026-07-07T08:01:30Z,,,,,,,,,,,9787.9
2026-07-07T08:01:31Z,51.555195,-0.069203,7.1,1.0,1.2,18,1,3,2.07,306.4,9797.2
2026-07-07T08:01:31Z,,,,,,,,,,,9806.2
2026-07-07T08:01:31Z,,,,,,,,,,,9817.3
2026-07-07T08:01:31Z,,,,,,,,,,,9827.3
2026-07-07T08:01:31Z,,,,,,,,,,,9835.0
2026-07-07T08:01:31Z,,,,,,,,,,,9840.8
2026-07-07T08:01:31Z,,,,,,,,,,,9841.9
2026-07-07T08:01:31Z,,,,,,,,,,,9841.0
2026-07-07T08:01:31Z,,,,,,,,,,,9842.3
2026-07-07T08:01:31Z,,,,,,,,,,,9842.4
2026-07-07T08:01:32Z,51.555210,-0.069218,7.6,1.0,1.2,18,1,3,1.50,306.4,9841.7
2026-07-07T08:01:32Z,,,,,,,,,,,9839.3
2026-07-07T08:01:32Z,,,,,,,,,,,9832.4
2026-07-07T08:01:32Z,,,,,,,,,,,9825.2
2026-07-07T08:01:32Z,,,,,,,,,,,9819.7
2026-07-07T08:01:32Z,,,,,,,,,,,9814.9
2026-07-07T08:01:32Z,,,,,,,,,,,9811.3
2026-07-07T08:01:32Z,,,,,,,,,,,9807.5
2026-07-07T08:01:32Z,,,,,,,,,,,9801.3
2026-07-07T08:01:32Z,,,,,,,,,,,9797.6
2026-07-07T08:01:33Z,51.555233,-0.069238,8.1,1.0,1.2,18,1,3,1.77,306.4,9799.2
2026-07-07T08:01:33Z,,,,,,,,,,,9802.8
2026-07-07T08:01:33Z,,,,,,,,,,,9809.6
2026-07-07T08:01:33Z,,,,,,,,,,,9817.9
2026-07-07T08:01:33Z,,,,,,,,,,,9824.2
2026-07-07T08:01:33Z,,,,,,,,,,,9830.3
2026-07-07T08:01:33Z,,,,,,,,,,,9838.5
2026-07-07T08:01:33Z,,,,,,,,,,,9845.3
2026-07-07T08:01:33Z,,,,,,,,,,,9848.9
2026-07-07T08:01:33Z,,,,,,,,,,,9850.0
2026-07-07T08:01:34Z,51.555244,-0.069259,8.3,1.0,1.2,18,1,3,1.52,306.4,9847.3
2026-07-07T08:01:34Z,,,,,,,,,,,9841.9
2026-07-07T08:01:34Z,,,,,,,,,,,9836.2
2026-07-07T08:01:34Z,,,,,,,,,,,9831.2
2026-07-07T08:01:34Z,,,,,,,,,,,9827.0
2026-07-07T08:01:34Z,,,,,,,,,,,9822.9
2026-07-07T08:01:34Z,,,,,,,,,,,9815.4
2026-07-07T08:01:34Z,,,,,,,,,,,9808.1
2026-07-07T08:01:34Z,,,,,,,,,,,9804.9
2026-07-07T08:01:34Z,,,,,,,,,,,9802.4
2026-07-07T08:01:34Z,51.555244,-0.069259,8.3,1.0,1.2,18,1,3,1.88,306.4,9802.2
2026-07-07T08:01:35Z,,,,,,,,,,,9806.7
2026-07-07T08:01:35Z,,,,,,,,,,,9812.4
2026-07-07T08:01:35Z,,,,,,,,,,,9819.7
2026-07-07T08:01:35Z,,,,,,,,,,,9833.9
2026-07-07T08:01:35Z,,,,,,,,,,,9852.6
2026-07-07T08:01:35Z,,,,,,,,,,,9871.7
2026-07-07T08:01:35Z,,,,,,,,,,,9888.8
2026-07-07T08:01:35Z,,,,,,,,,,,9901.5
2026-07-07T08:01:35Z,,,,,,,,,,,9912.0
2026-07-07T08:01:35Z,51.555264,-0.069278,9.0,1.0,1.2,18,1,3,1.84,306.4,9922.5
2026-07-07T08:01:36Z,,,,,,,,,,,9930.6
2026-07-07T08:01:36Z,,,,,,,,,,,9936.4
2026-07-07T08:01:36Z,,,,,,,,,,,9940.8
2026-07-07T08:01:36Z,,,,,,,,,,,9939.0
2026-07-07T08:01:36Z,,,,,,,,,,,9934.5
2026-07-07T08:01:36Z,,,,,,,,,,,9934.1
2026-07-07T08:01:36Z,,,,,,,,,,,9934.2
2026-07-07T08:01:36Z,,,,,,,,,,,9932.6
2026-07-07T08:01:36Z,,,,,,,,,,,9931.1
2026-07-07T08:01:37Z,51.555283,-0.069318,11.9,1.0,1.2,18,1,3,1.16,306.4,9926.6
2026-07-07T08:01:37Z,,,,,,,,,,,9918.8
2026-07-07T08:01:37Z,,,,,,,,,,,9912.5
2026-07-07T08:01:37Z,,,,,,,,,,,9909.3
2026-07-07T08:01:37Z,,,,,,,,,,,9907.2
2026-07-07T08:01:37Z,,,,,,,,,,,9909.8
2026-07-07T08:01:37Z,,,,,,,,,,,9914.6
2026-07-07T08:01:37Z,,,,,,,,,,,9920.2
2026-07-07T08:01:37Z,,,,,,,,,,,9932.1
2026-07-07T08:01:37Z,,,,,,,,,,,9947.4
2026-07-07T08:01:38Z,51.555294,-0.069339,12.2,1.0,1.2,18,1,3,1.35,306.4,9965.3
2026-07-07T08:01:38Z,,,,,,,,,,,9983.9
2026-07-07T08:01:38Z,,,,,,,,,,,9995.0
2026-07-07T08:01:38Z,,,,,,,,,,,10000.7
2026-07-07T08:01:38Z,,,,,,,,,,,10008.2
2026-07-07T08:01:38Z,,,,,,,,,,,10015.0
2026-07-07T08:01:38Z,,,,,,,,,,,10019.4
2026-07-07T08:01:38Z,,,,,,,,,,,10023.3
2026-07-07T08:01:38Z,,,,,,,,,,,10023.3
2026-07-07T08:01:38Z,,,,,,,,,,,10018.9
2026-07-07T08:01:39Z,51.555305,-0.069360,13.2,1.0,1.2,18,1,3,1.48,306.4,10016.2
2026-07-07T08:01:39Z,,,,,,,,,,,10014.8
2026-07-07T08:01:39Z,,,,,,,,,,,10011.8
2026-07-07T08:01:39Z,,,,,,,,,,,10006.8
2026-07-07T08:01:39Z,,,,,,,,,,,9996.8
2026-07-07T08:01:39Z,,,,,,,,,,,9981.0
2026-07-07T08:01:39Z,,,,,,,,,,,9967.9
2026-07-07T08:01:39Z,,,,,,,,,,,9957.7
2026-07-07T08:01:39Z,,,,,,,,,,,9946.9
2026-07-07T08:01:39Z,,,,,,,,,,,9936.7
2026-07-07T08:01:39Z,51.555305,-0.069360,13.2,1.0,1.2,18,1,3,1.63,306.4,9923.5
2026-07-07T08:01:40Z,,,,,,,,,,,9908.2
2026-07-07T08:01:40Z,,,,,,,,,,,9896.3
2026-07-07T08:01:40Z,,,,,,,,,,,9887.8
2026-07-07T08:01:40Z,,,,,,,,,,,9879.3
2026-07-07T08:01:40Z,,,,,,,,,,,9874.1
2026-07-07T08:01:40Z,,,,,,,,,,,9871.0
2026-07-07T08:01:40Z,,,,,,,,,,,9871.0
2026-07-07T08:01:40Z,,,,,,,,,,,9876.9
2026-07-07T08:01:40Z,,,,,,,,,,,9885.4
2026-07-07T08:01:40Z,51.555321,-0.069379,13.9,1.0,1.2,18,1,3,1.56,306.4,9894.5
2026-07-07T08:01:41Z,,,,,,,,,,,9901.8
2026-07-07T08:01:41Z,,,,,,,,,,,9906.3
2026-07-07T08:01:41Z,,,,,,,,,,,9910.5
2026-07-07T08:01:41Z,,,,,,,,,,,9915.1
2026-07-07T08:01:41Z,,,,,,,,,,,9917.9
2026-07-07T08:01:41Z,,,,,,,,,,,9921.1
2026-07-07T08:01:41Z,,,,,,,,,,,9920.7
2026-07-07T08:01:41Z,,,,,,,,,,,9915.2
2026-07-07T08:01:41Z,,,,,,,,,,,9910.8
2026-07-07T08:01:42Z,51.555344,-0.069430,15.4,1.0,1.2,18,1,3,2.70,230.0,9911.7
2026-07-07T08:01:42Z,,,,,,,,,,,9914.6
2026-07-07T08:01:42Z,,,,,,,,,,,9918.6
2026-07-07T08:01:42Z,,,,,,,,,,,9923.9
2026-07-07T08:01:42Z,,,,,,,,,,,9931.3
2026-07-07T08:01:42Z,,,,,,,,,,,9943.3
2026-07-07T08:01:42Z,,,,,,,,,,,9957.7
2026-07-07T08:01:42Z,,,,,,,,,,,9971.7
2026-07-07T08:01:42Z,,,,,,,,,,,9984.4
2026-07-07T08:01:42Z,,,,,,,,,,,9991.7
2026-07-07T08:01:43Z,51.555355,-0.069456,16.1,1.0,1.2,18,1,3,2.46,228.7,9995.8
2026-07-07T08:01:43Z,,,,,,,,,,,10000.4
2026-07-07T08:01:43Z,,,,,,,,,,,10002.9
2026-07-07T08:01:43Z,,,,,,,,,,,10003.2
2026-07-07T08:01:43Z,,,,,,,,,,,10001.2
2026-07-07T08:01:43Z,,,,,,,,,,,9995.9
2026-07-07T08:01:43Z,,,,,,,,,,,9990.0
2026-07-07T08:01:43Z,,,,,,,,,,,9986.2
2026-07-07T08:01:43Z,,,,,,,,,,,9982.2
2026-07-07T08:01:43Z,,,,,,,,,,,9977.5
2026-07-07T08:01:44Z,51.555367,-0.069482,16.5,1.0,1.2,18,1,3,2.47,230.6,9970.9
2026-07-07T08:01:44Z,,,,,,,,,,,9961.7
2026-07-07T08:01:44Z,,,,,,,,,,,9953.1
2026-07-07T08:01:44Z,,,,,,,,,,,9946.7
2026-07-07T08:01:44Z,,,,,,,,,,,9939.2
2026-07-07T08:01:44Z,,,,,,,,,,,9931.1
2026-07-07T08:01:44Z,,,,,,,,,,,9921.6
2026-07-07T08:01:44Z,,,,,,,,,,,9911.1
2026-07-07T08:01:44Z,,,,,,,,,,,9903.8
2026-07-07T08:01:44Z,,,,,,,,,,,9898.6
2026-07-07T08:01:45Z,51.555382,-0.069506,16.9,1.0,1.2,18,1,3,2.70,248.8,9894.1
2026-07-07T08:01:45Z,,,,,,,,,,,9890.5
2026-07-07T08:01:45Z,,,,,,,,,,,9886.3
2026-07-07T08:01:45Z,,,,,,,,,,,9885.4
2026-07-07T08:01:45Z,,,,,,,,,,,9889.3
2026-07-07T08:01:45Z,,,,,,,,,,,9893.5
2026-07-07T08:01:45Z,,,,,,,,,,,9896.4
2026-07-07T08:01:45Z,,,,,,,,,,,9897.5
2026-07-07T08:01:45Z,,,,,,,,,,,9896.3
2026-07-07T08:01:45Z,,,,,,,,,,,9896.3
2026-07-07T08:01:46Z,51.555393,-0.069525,17.2,1.0,1.2,18,1,3,2.17,259.5,9897.6
2026-07-07T08:01:46Z,,,,,,,,,,,9897.8
2026-07-07T08:01:46Z,,,,,,,,,,,9898.6
2026-07-07T08:01:46Z,,,,,,,,,,,9898.9
2026-07-07T08:01:46Z,,,,,,,,,,,9898.3
2026-07-07T08:01:46Z,,,,,,,,,,,9899.3
2026-07-07T08:01:46Z,,,,,,,,,,,9900.4
2026-07-07T08:01:46Z,,,,,,,,,,,9902.2
2026-07-07T08:01:46Z,,,,,,,,,,,9905.2
2026-07-07T08:01:46Z,,,,,,,,,,,9904.3
2026-07-07T08:01:46Z,51.555393,-0.069525,17.2,1.0,1.2,18,1,3,1.78,259.5,9903.5
2026-07-07T08:01:47Z,,,,,,,,,,,9906.3
2026-07-07T08:01:47Z,,,,,,,,,,,9910.0
2026-07-07T08:01:47Z,,,,,,,,,,,9915.9
2026-07-07T08:01:47Z,,,,,,,,,,,9923.5
2026-07-07T08:01:47Z,,,,,,,,,,,9927.9
2026-07-07T08:01:47Z,,,,,,,,,,,9930.4
2026-07-07T08:01:47Z,,,,,,,,,,,9934.1
2026-07-07T08:01:47Z,,,,,,,,,,,9938.1
2026-07-07T08:01:47Z,,,,,,,,,,,9941.9
2026-07-07T08:01:48Z,51.555416,-0.069561,17.3,1.0,1.2,18,1,3,2.04,252.2,9940.6
2026-07-07T08:01:48Z,,,,,,,,,,,9934.3
2026-07-07T08:01:48Z,,,,,,,,,,,9929.1
2026-07-07T08:01:48Z,,,,,,,,,,,9927.9
2026-07-07T08:01:48Z,,,,,,,,,,,9927.6
2026-07-07T08:01:48Z,,,,,,,,,,,9927.3
2026-07-07T08:01:48Z,,,,,,,,,,,9925.3
2026-07-07T08:01:48Z,,,,,,,,,,,9921.9
2026-07-07T08:01:48Z,,,,,,,,,,,9921.0
2026-07-07T08:01:48Z,,,,,,,,,,,9923.2
2026-07-07T08:01:48Z,51.555416,-0.069561,17.3,1.0,1.2,18,1,3,1.50,252.2,9926.3
2026-07-07T08:01:49Z,,,,,,,,,,,9927.4
2026-07-07T08:01:49Z,,,,,,,,,,,9923.6
2026-07-07T08:01:49Z,,,,,,,,,,,9918.3
2026-07-07T08:01:49Z,,,,,,,,,,,9918.7
2026-07-07T08:01:49Z,,,,,,,,,,,9923.9
2026-07-07T08:01:49Z,,,,,,,,,,,9925.4
2026-07-07T08:01:49Z,,,,,,,,,,,9920.1
2026-07-07T08:01:49Z,,,,,,,,,,,9907.0
2026-07-07T08:01:49Z,,,,,,,,,,,9890.1
2026-07-07T08:01:50Z,51.555439,-0.069596,17.0,1.0,1.2,18,1,3,2.25,303.9,9880.7
2026-07-07T08:01:50Z,,,,,,,,,,,9877.7
2026-07-07T08:01:50Z,,,,,,,,,,,9877.7
2026-07-07T08:01:50Z,,,,,,,,,,,9878.3
2026-07-07T08:01:50Z,,,,,,,,,,,9872.5
2026-07-07T08:01:50Z,,,,,,,,,,,9865.0
2026-07-07T08:01:50Z,,,,,,,,,,,9858.6
2026-07-07T08:01:50Z,,,,,,,,,,,9853.2
2026-07-07T08:01:50Z,,,,,,,,,,,9848.8
2026-07-07T08:01:50Z,,,,,,,,,,,9844.0
2026-07-07T08:01:50Z,51.555439,-0.069596,17.0,1.0,1.2,18,1,3,0.73,303.9,9839.0
2026-07-07T08:01:51Z,,,,,,,,,,,9832.9
2026-07-07T08:01:51Z,,,,,,,,,,,9829.9
2026-07-07T08:01:51Z,,,,,,,,,,,9832.8
2026-07-07T08:01:51Z,,,,,,,,,,,9837.6
2026-07-07T08:01:51Z,,,,,,,,,,,9843.5
2026-07-07T08:01:51Z,,,,,,,,,,,9848.0
2026-07-07T08:01:51Z,,,,,,,,,,,9852.0
2026-07-07T08:01:51Z,,,,,,,,,,,9860.0
2026-07-07T08:01:51Z,,,,,,,,,,,9867.7
2026-07-07T08:01:52Z,51.555466,-0.069628,15.8,1.0,1.2,18,1,3,1.68,303.9,9871.4
2026-07-07T08:01:52Z,,,,,,,,,,,9873.1
2026-07-07T08:01:52Z,,,,,,,,,,,9870.7
2026-07-07T08:01:52Z,,,,,,,,,,,9865.9
2026-07-07T08:01:52Z,,,,,,,,,,,9862.4
2026-07-07T08:01:52Z,,,,,,,,,,,9858.2
2026-07-07T08:01:52Z,,,,,,,,,,,9853.4
2026-07-07T08:01:52Z,,,,,,,,,,,9847.2
2026-07-07T08:01:52Z,,,,,,,,,,,9838.3
2026-07-07T08:01:52Z,,,,,,,,,,,9829.7
2026-07-07T08:01:53Z,51.555473,-0.069649,15.1,1.0,1.2,18,1,3,1.67,303.9,9821.5
2026-07-07T08:01:53Z,,,,,,,,,,,9811.4
2026-07-07T08:01:53Z,,,,,,,,,,,9804.7
2026-07-07T08:01:53Z,,,,,,,,,,,9802.1
2026-07-07T08:01:53Z,,,,,,,,,,,9795.1
2026-07-07T08:01:53Z,,,,,,,,,,,9787.7
2026-07-07T08:01:53Z,,,,,,,,,,,9785.8
2026-07-07T08:01:53Z,,,,,,,,,,,9787.1
2026-07-07T08:01:53Z,,,,,,,,,,,9789.6
2026-07-07T08:01:53Z,,,,,,,,,,,9791.1
2026-07-07T08:01:54Z,51.555481,-0.069670,14.6,1.0,1.2,18,1,3,2.02,280.8,9790.6
2026-07-07T08:01:54Z,,,,,,,,,,,9790.2
2026-07-07T08:01:54Z,,,,,,,,,,,9792.8
2026-07-07T08:01:54Z,,,,,,,,,,,9799.0
2026-07-07T08:01:54Z,,,,,,,,,,,9806.7
2026-07-07T08:01:54Z,,,,,,,,,,,9813.3
2026-07-07T08:01:54Z,,,,,,,,,,,9818.1
2026-07-07T08:01:54Z,,,,,,,,,,,9826.7
2026-07-07T08:01:54Z,,,,,,,,,,,9839.9
2026-07-07T08:01:54Z,,,,,,,,,,,9850.6
2026-07-07T08:01:54Z,51.555481,-0.069670,14.6,1.0,1.2,18,1,3,2.07,275.3,9860.9
2026-07-07T08:01:55Z,,,,,,,,,,,9869.2
2026-07-07T08:01:55Z,,,,,,,,,,,9872.0
2026-07-07T08:01:55Z,,,,,,,,,,,9874.7
2026-07-07T08:01:55Z,,,,,,,,,,,9880.0
2026-07-07T08:01:55Z,,,,,,,,,,,9884.6
2026-07-07T08:01:55Z,,,,,,,,,,,9888.8
2026-07-07T08:01:55Z,,,,,,,,,,,9891.9
2026-07-07T08:01:55Z,,,,,,,,,,,9893.2
2026-07-07T08:01:55Z,,,,,,,,,,,9895.8
2026-07-07T08:01:55Z,51.555489,-0.069691,14.8,1.0,1.2,18,1,3,1.87,275.3,9900.5
2026-07-07T08:01:56Z,,,,,,,,,,,9905.3
2026-07-07T08:01:56Z,,,,,,,,,,,9910.8
2026-07-07T08:01:56Z,,,,,,,,,,,9915.2
2026-07-07T08:01:56Z,,,,,,,,,,,9916.1
2026-07-07T08:01:56Z,,,,,,,,,,,9916.2
2026-07-07T08:01:56Z,,,,,,,,,,,9917.4
2026-07-07T08:01:56Z,,,,,,,,,,,9919.4
2026-07-07T08:01:56Z,,,,,,,,,,,9921.0
2026-07-07T08:01:56Z,,,,,,,,,,,9919.0
2026-07-07T08:01:56Z,51.555496,-0.069713,14.6,1.0,1.2,18,1,3,2.47,279.8,9912.2
2026-07-07T08:01:57Z,,,,,,,,,,,9905.8
2026-07-07T08:01:57Z,,,,,,,,,,,9902.1
2026-07-07T08:01:57Z,,,,,,,,,,,9900.3
2026-07-07T08:01:57Z,,,,,,,,,,,9898.5
2026-07-07T08:01:57Z,,,,,,,,,,,9893.0
2026-07-07T08:01:57Z,,,,,,,,,,,9883.7
2026-07-07T08:01:57Z,,,,,,,,,,,9875.0
2026-07-07T08:01:57Z,,,,,,,,,,,9869.0
2026-07-07T08:01:57Z,,,,,,,,,,,9862.3
2026-07-07T08:01:57Z,51.555500,-0.069737,13.7,1.0,1.2,18,1,3,1.85,279.8,9856.2
2026-07-07T08:01:58Z,,,,,,,,,,,9849.0
2026-07-07T08:01:58Z,,,,,,,,,,,9839.0
2026-07-07T08:01:58Z,,,,,,,,,,,9832.2
2026-07-07T08:01:58Z,,,,,,,,,,,9827.0
2026-07-07T08:01:58Z,,,,,,,,,,,9821.8
2026-07-07T08:01:58Z,,,,,,,,,,,9817.4
2026-07-07T08:01:58Z,,,,,,,,,,,9810.1
2026-07-07T08:01:58Z,,,,,,,,,,,9801.4
2026-07-07T08:01:58Z,,,,,,,,,,,9796.8
2026-07-07T08:01:58Z,51.555508,-0.069758,12.8,1.0,1.2,18,1,3,2.28,284.6,9794.7
2026-07-07T08:01:59Z,,,,,,,,,,,9793.8
2026-07-07T08:01:59Z,,,,,,,,,,,9793.2
2026-07-07T08:01:59Z,,,,,,,,,,,9791.3
2026-07-07T08:01:59Z,,,,,,,,,,,9791.9
2026-07-07T08:01:59Z,,,,,,,,,,,9795.3
2026-07-07T08:01:59Z,,,,,,,,,,,9798.4
2026-07-07T08:01:59Z,,,,,,,,,,,9802.0
2026-07-07T08:01:59Z,,,,,,,,,,,9802.8
2026-07-07T08:01:59Z,,,,,,,,,,,9798.2
2026-07-07T08:02:00Z,51.555523,-0.069791,11.0,1.0,1.2,18,1,3,1.40,284.6,9793.5
2026-07-07T08:02:00Z,,,,,,,,,,,9789.0
2026-07-07T08:02:00Z,,,,,,,,,,,9782.5
2026-07-07T08:02:00Z,,,,,,,,,,,9775.5
2026-07-07T08:02:00Z,,,,,,,,,,,9767.5
2026-07-07T08:02:00Z,,,,,,,,,,,9758.3
2026-07-07T08:02:00Z,,,,,,,,,,,9749.3
2026-07-07T08:02:00Z,,,,,,,,,,,9741.1
2026-07-07T08:02:00Z,,,,,,,,,,,9733.7
2026-07-07T08:02:00Z,,,,,,,,,,,9728.1
2026-07-07T08:02:01Z,51.555531,-0.069806,10.1,1.0,1.2,18,1,3,1.30,284.6,9720.8
2026-07-07T08:02:01Z,,,,,,,,,,,9710.4
2026-07-07T08:02:01Z,,,,,,,,,,,9701.1
2026-07-07T08:02:01Z,,,,,,,,,,,9694.1
2026-07-07T08:02:01Z,,,,,,,,,,,9686.2
2026-07-07T08:02:01Z,,,,,,,,,,,9678.7
2026-07-07T08:02:01Z,,,,,,,,,,,9669.7
2026-07-07T08:02:01Z,,,,,,,,,,,9660.1
2026-07-07T08:02:01Z,,,,,,,,,,,9654.7
2026-07-07T08:02:01Z,,,,,,,,,,,9651.7
2026-07-07T08:02:02Z,51.555534,-0.069823,9.4,1.0,1.2,18,1,3,1.65,284.6,9649.5
2026-07-07T08:02:02Z,,,,,,,,,,,9649.5
2026-07-07T08:02:02Z,,,,,,,,,,,9649.9
2026-07-07T08:02:02Z,,,,,,,,,,,9651.9
2026-07-07T08:02:02Z,,,,,,,,,,,9659.1
2026-07-07T08:02:02Z,,,,,,,,,,,9669.2
2026-07-07T08:02:02Z,,,,,,,,,,,9682.2
2026-07-07T08:02:02Z,,,,,,,,,,,9694.9
2026-07-07T08:02:02Z,,,,,,,,,,,9702.9
2026-07-07T08:02:02Z,,,,,,,,,,,9710.0
2026-07-07T08:02:03Z,51.555534,-0.069844,8.8,1.0,1.2,18,1,3,1.75,284.6,9718.5
2026-07-07T08:02:03Z,,,,,,,,,,,9726.1
2026-07-07T08:02:03Z,,,,,,,,,,,9733.1
2026-07-07T08:02:03Z,,,,,,,,,,,9739.3
2026-07-07T08:02:03Z,,,,,,,,,,,9744.1
2026-07-07T08:02:03Z,,,,,,,,,,,9748.6
2026-07-07T08:02:03Z,,,,,,,,,,,9754.9
2026-07-07T08:02:03Z,,,,,,,,,,,9762.4
2026-07-07T08:02:03Z,,,,,,,,,,,9770.9
2026-07-07T08:02:03Z,,,,,,,,,,,9776.8
2026-07-07T08:02:04Z,51.555542,-0.069865,7.9,1.0,1.2,18,1,3,2.63,269.5,9778.9
2026-07-07T08:02:04Z,,,,,,,,,,,9778.8
2026-07-07T08:02:04Z,,,,,,,,,,,9778.6
2026-07-07T08:02:04Z,,,,,,,,,,,9778.6
2026-07-07T08:02:04Z,,,,,,,,,,,9776.4
2026-07-07T08:02:04Z,,,,,,,,,,,9772.2
2026-07-07T08:02:04Z,,,,,,,,,,,9764.2
2026-07-07T08:02:04Z,,,,,,,,,,,9754.9
2026-07-07T08:02:04Z,,,,,,,,,,,9748.6
2026-07-07T08:02:04Z,,,,,,,,,,,9741.7
2026-07-07T08:02:04Z,51.555542,-0.069865,7.9,1.0,1.2,18,1,3,2.12,287.2,9732.9
2026-07-07T08:02:05Z,,,,,,,,,,,9723.1
2026-07-07T08:02:05Z,,,,,,,,,,,9710.2
2026-07-07T08:02:05Z,,,,,,,,,,,9698.6
2026-07-07T08:02:05Z,,,,,,,,,,,9688.8
2026-07-07T08:02:05Z,,,,,,,,,,,9679.5
2026-07-07T08:02:05Z,,,,,,,,,,,9671.0
2026-07-07T08:02:05Z,,,,,,,,,,,9661.9
2026-07-07T08:02:05Z,,,,,,,,,,,9650.4
2026-07-07T08:02:05Z,,,,,,,,,,,9640.7
2026-07-07T08:02:06Z,51.555557,-0.069900,6.5,1.0,1.2,18,1,3,1.67,287.2,9633.5
2026-07-07T08:02:06Z,,,,,,,,,,,9626.0
2026-07-07T08:02:06Z,,,,,,,,,,,9619.3
2026-07-07T08:02:06Z,,,,,,,,,,,9610.8
2026-07-07T08:02:06Z,,,,,,,,,,,9599.5
2026-07-07T08:02:06Z,,,,,,,,,,,9592.5
2026-07-07T08:02:06Z,,,,,,,,,,,9589.6
2026-07-07T08:02:06Z,,,,,,,,,,,9589.0
2026-07-07T08:02:06Z,,,,,,,,,,,9589.3
2026-07-07T08:02:06Z,,,,,,,,,,,9587.1
2026-07-07T08:02:06Z,51.555557,-0.069900,6.5,1.0,1.2,18,1,3,2.06,295.0,9585.5
2026-07-07T08:02:07Z,,,,,,,,,,,9586.8
2026-07-07T08:02:07Z,,,,,,,,,,,9588.8
2026-07-07T08:02:07Z,,,,,,,,,,,9591.1
2026-07-07T08:02:07Z,,,,,,,,,,,9592.8
2026-07-07T08:02:07Z,,,,,,,,,,,9591.5
2026-07-07T08:02:07Z,,,,,,,,,,,9589.1
2026-07-07T08:02:07Z,,,,,,,,,,,9589.6
2026-07-07T08:02:07Z,,,,,,,,,,,9591.0
2026-07-07T08:02:07Z,,,,,,,,,,,9592.0
2026-07-07T08:02:07Z,51.555565,-0.069919,6.4,1.0,1.2,18,1,3,2.32,323.7,9594.7
2026-07-07T08:02:08Z,,,,,,,,,,,9594.4
2026-07-07T08:02:08Z,,,,,,,,,,,9592.3
2026-07-07T08:02:08Z,,,,,,,,,,,9594.3
2026-07-07T08:02:08Z,,,,,,,,,,,9597.9
2026-07-07T08:02:08Z,,,,,,,,,,,9599.8
2026-07-07T08:02:08Z,,,,,,,,,,,9600.2
2026-07-07T08:02:08Z,,,,,,,,,,,9597.9
2026-07-07T08:02:08Z,,,,,,,,,,,9594.6
2026-07-07T08:02:08Z,,,,,,,,,,,9594.0
2026-07-07T08:02:09Z,51.555576,-0.069959,6.5,1.0,1.2,18,1,3,1.66,323.7,9594.0
2026-07-07T08:02:09Z,,,,,,,,,,,9594.4
2026-07-07T08:02:09Z,,,,,,,,,,,9594.0
2026-07-07T08:02:09Z,,,,,,,,,,,9589.8
2026-07-07T08:02:09Z,,,,,,,,,,,9585.3
2026-07-07T08:02:09Z,,,,,,,,,,,9582.6
2026-07-07T08:02:09Z,,,,,,,,,,,9578.6
2026-07-07T08:02:09Z,,,,,,,,,,,9575.3
2026-07-07T08:02:09Z,,,,,,,,,,,9570.9
2026-07-07T08:02:09Z,,,,,,,,,,,9561.9
2026-07-07T08:02:10Z,51.555584,-0.069977,6.7,1.0,1.2,18,1,3,1.56,323.7,9554.1
2026-07-07T08:02:10Z,,,,,,,,,,,9548.7
2026-07-07T08:02:10Z,,,,,,,,,,,9542.7
2026-07-07T08:02:10Z,,,,,,,,,,,9537.1
2026-07-07T08:02:10Z,,,,,,,,,,,9528.9
2026-07-07T08:02:10Z,,,,,,,,,,,9519.5
2026-07-07T08:02:10Z,,,,,,,,,,,9513.8
2026-07-07T08:02:10Z,,,,,,,,,,,9510.9
2026-07-07T08:02:10Z,,,,,,,,,,,9508.0
2026-07-07T08:02:10Z,,,,,,,,,,,9504.0
2026-07-07T08:02:11Z,51.555588,-0.069996,6.2,1.0,1.2,18,1,3,1.33,323.7,9498.1
2026-07-07T08:02:11Z,,,,,,,,,,,9490.6
2026-07-07T08:02:11Z,,,,,,,,,,,9484.7
2026-07-07T08:02:11Z,,,,,,,,,,,9481.8
2026-07-07T08:02:11Z,,,,,,,,,,,9478.3
2026-07-07T08:02:11Z,,,,,,,,,,,9475.3
2026-07-07T08:02:11Z,,,,,,,,,,,9470.7
2026-07-07T08:02:11Z,,,,,,,,,,,9464.8
2026-07-07T08:02:11Z,,,,,,,,,,,9462.0
2026-07-07T08:02:11Z,,,,,,,,,,,9461.5
2026-07-07T08:02:12Z,51.555595,-0.070014,6.0,1.0,1.2,18,1,3,1.26,323.7,9462.3
2026-07-07T08:02:12Z,,,,,,,,,,,9463.4
2026-07-07T08:02:12Z,,,,,,,,,,,9462.8
2026-07-07T08:02:12Z,,,,,,,,,,,9464.6
2026-07-07T08:02:12Z,,,,,,,,,,,9471.0
2026-07-07T08:02:12Z,,,,,,,,,,,9477.0
2026-07-07T08:02:12Z,,,,,,,,,,,9483.6
2026-07-07T08:02:12Z,,,,,,,,,,,9491.1
2026-07-07T08:02:12Z,,,,,,,,,,,9493.3
2026-07-07T08:02:12Z,,,,,,,,,,,9490.4
2026-07-07T08:02:13Z,51.555603,-0.070032,5.5,1.0,1.2,18,1,3,2.04,287.4,9489.9
2026-07-07T08:02:13Z,,,,,,,,,,,9488.7
2026-07-07T08:02:13Z,,,,,,,,,,,9484.8
2026-07-07T08:02:13Z,,,,,,,,,,,9480.6
2026-07-07T08:02:13Z,,,,,,,,,,,9473.4
2026-07-07T08:02:13Z,,,,,,,,,,,9467.0
2026-07-07T08:02:13Z,,,,,,,,,,,9463.0
2026-07-07T08:02:13Z,,,,,,,,,,,9460.1
2026-07-07T08:02:13Z,,,,,,,,,,,9458.1
2026-07-07T08:02:13Z,,,,,,,,,,,9453.2
2026-07-07T08:02:14Z,51.555607,-0.070051,4.8,1.0,1.2,18,1,3,1.74,287.4,9443.6
2026-07-07T08:02:14Z,,,,,,,,,,,9435.4
2026-07-07T08:02:14Z,,,,,,,,,,,9431.2
2026-07-07T08:02:14Z,,,,,,,,,,,9427.5
2026-07-07T08:02:14Z,,,,,,,,,,,9424.6
2026-07-07T08:02:14Z,,,,,,,,,,,9421.1
2026-07-07T08:02:14Z,,,,,,,,,,,9414.6
2026-07-07T08:02:14Z,,,,,,,,,,,9409.1
2026-07-07T08:02:14Z,,,,,,,,,,,9407.1
2026-07-07T08:02:14Z,,,,,,,,,,,9406.9
2026-07-07T08:02:15Z,51.555611,-0.070069,4.0,1.0,1.2,18,1,3,1.26,287.4,9408.5
2026-07-07T08:02:15Z,,,,,,,,,,,9409.9
2026-07-07T08:02:15Z,,,,,,,,,,,9409.6
2026-07-07T08:02:15Z,,,,,,,,,,,9413.5
2026-07-07T08:02:15Z,,,,,,,,,,,9422.1
2026-07-07T08:02:15Z,,,,,,,,,,,9431.0
2026-07-07T08:02:15Z,,,,,,,,,,,9440.2
2026-07-07T08:02:15Z,,,,,,,,,,,9446.4
2026-07-07T08:02:15Z,,,,,,,,,,,9450.2
2026-07-07T08:02:15Z,,,,,,,,,,,9458.0
2026-07-07T08:02:16Z,51.555618,-0.070091,3.8,1.0,1.2,18,1,3,1.92,287.4,9469.1
2026-07-07T08:02:16Z,,,,,,,,,,,9476.8
2026-07-07T08:02:16Z,,,,,,,,,,,9481.6
2026-07-07T08:02:16Z,,,,,,,,,,,9482.1
2026-07-07T08:02:16Z,,,,,,,,,,,9478.5
2026-07-07T08:02:16Z,,,,,,,,,,,9476.7
2026-07-07T08:02:16Z,,,,,,,,,,,9475.8
2026-07-07T08:02:16Z,,,,,,,,,,,9472.5
2026-07-07T08:02:16Z,,,,,,,,,,,9466.4
2026-07-07T08:02:16Z,,,,,,,,,,,9457.2
2026-07-07T08:02:16Z,51.555618,-0.070091,3.8,1.0,1.2,18,1,3,1.67,287.4,9449.3
2026-07-07T08:02:17Z,,,,,,,,,,,9445.7
2026-07-07T08:02:17Z,,,,,,,,,,,9441.6
2026-07-07T08:02:17Z,,,,,,,,,,,9438.5
2026-07-07T08:02:17Z,,,,,,,,,,,9434.3
2026-07-07T08:02:17Z,,,,,,,,,,,9427.8
2026-07-07T08:02:17Z,,,,,,,,,,,9424.6
2026-07-07T08:02:17Z,,,,,,,,,,,9426.0
2026-07-07T08:02:17Z,,,,,,,,,,,9426.7
2026-07-07T08:02:17Z,,,,,,,,,,,9425.5
2026-07-07T08:02:18Z,51.555634,-0.070125,3.8,1.0,1.2,18,1,3,1.26,287.4,9423.2
2026-07-07T08:02:18Z,,,,,,,,,,,9418.1
2026-07-07T08:02:18Z,,,,,,,,,,,9414.6
2026-07-07T08:02:18Z,,,,,,,,,,,9413.4
2026-07-07T08:02:18Z,,,,,,,,,,,9410.9
2026-07-07T08:02:18Z,,,,,,,,,,,9406.7
2026-07-07T08:02:18Z,,,,,,,,,,,9400.7
2026-07-07T08:02:18Z,,,,,,,,,,,9396.3
2026-07-07T08:02:18Z,,,,,,,,,,,9396.2
2026-07-07T08:02:18Z,,,,,,,,,,,9397.7
2026-07-07T08:02:19Z,51.555641,-0.070145,4.0,1.0,1.2,18,1,3,1.01,287.4,9399.2
2026-07-07T08:02:19Z,,,,,,,,,,,9402.0
2026-07-07T08:02:19Z,,,,,,,,,,,9404.9
2026-07-07T08:02:19Z,,,,,,,,,,,9409.0
2026-07-07T08:02:19Z,,,,,,,,,,,9417.5
2026-07-07T08:02:19Z,,,,,,,,,,,9428.9
2026-07-07T08:02:19Z,,,,,,,,,,,9443.8
2026-07-07T08:02:19Z,,,,,,,,,,,9458.9
2026-07-07T08:02:19Z,,,,,,,,,,,9473.1
2026-07-07T08:02:19Z,,,,,,,,,,,9488.0
2026-07-07T08:02:20Z,51.555649,-0.070163,4.1,1.0,1.2,18,1,3,1.52,287.4,9504.1
2026-07-07T08:02:20Z,,,,,,,,,,,9519.9
2026-07-07T08:02:20Z,,,,,,,,,,,9535.0
2026-07-07T08:02:20Z,,,,,,,,,,,9545.9
2026-07-07T08:02:20Z,,,,,,,,,,,9551.0
2026-07-07T08:02:20Z,,,,,,,,,,,9556.3
2026-07-07T08:02:20Z,,,,,,,,,,,9561.9
2026-07-07T08:02:20Z,,,,,,,,,,,9565.7
2026-07-07T08:02:20Z,,,,,,,,,,,9567.1
2026-07-07T08:02:20Z,,,,,,,,,,,9564.7
2026-07-07T08:02:21Z,51.555664,-0.070180,3.9,1.0,1.2,18,1,3,1.86,287.4,9561.0
2026-07-07T08:02:21Z,,,,,,,,,,,9558.6
2026-07-07T08:02:21Z,,,,,,,,,,,9558.2
2026-07-07T08:02:21Z,,,,,,,,,,,9559.1
2026-07-07T08:02:21Z,,,,,,,,,,,9558.1
2026-07-07T08:02:21Z,,,,,,,,,,,9552.5
2026-07-07T08:02:21Z,,,,,,,,,,,9546.9
2026-07-07T08:02:21Z,,,,,,,,,,,9544.4
2026-07-07T08:02:21Z,,,,,,,,,,,9542.7
2026-07-07T08:02:21Z,,,,,,,,,,,9541.9
2026-07-07T08:02:22Z,51.555679,-0.070194,3.5,1.0,1.2,18,1,3,1.60,287.4,9540.5
2026-07-07T08:02:22Z,,,,,,,,,,,9536.1
2026-07-07T08:02:22Z,,,,,,,,,,,9534.9
2026-07-07T08:02:22Z,,,,,,,,,,,9540.1
2026-07-07T08:02:22Z,,,,,,,,,,,9547.7
2026-07-07T08:02:22Z,,,,,,,,,,,9555.5
2026-07-07T08:02:22Z,,,,,,,,,,,9558.9
2026-07-07T08:02:22Z,,,,,,,,,,,9560.0
2026-07-07T08:02:22Z,,,,,,,,,,,9563.7
2026-07-07T08:02:22Z,,,,,,,,,,,9566.2
2026-07-07T08:02:23Z,51.555695,-0.070216,3.8,1.0,1.2,18,1,3,2.22,331.9,9568.6
2026-07-07T08:02:23Z,,,,,,,,,,,9568.7
2026-07-07T08:02:23Z,,,,,,,,,,,9564.9
2026-07-07T08:02:23Z,,,,,,,,,,,9561.6
2026-07-07T08:02:23Z,,,,,,,,,,,9562.6
2026-07-07T08:02:23Z,,,,,,,,,,,9567.3
2026-07-07T08:02:23Z,,,,,,,,,,,9574.0
2026-07-07T08:02:23Z,,,,,,,,,,,9581.3
2026-07-07T08:02:23Z,,,,,,,,,,,9587.5
2026-07-07T08:02:23Z,,,,,,,,,,,9594.7
2026-07-07T08:02:24Z,51.555702,-0.070234,4.1,1.0,1.2,18,1,3,2.06,318.8,9606.1
2026-07-07T08:02:24Z,,,,,,,,,,,9617.5
2026-07-07T08:02:24Z,,,,,,,,,,,9628.5
2026-07-07T08:02:24Z,,,,,,,,,,,9636.1
2026-07-07T08:02:24Z,,,,,,,,,,,9637.5
2026-07-07T08:02:24Z,,,,,,,,,,,9638.4
2026-07-07T08:02:24Z,,,,,,,,,,,9640.9
2026-07-07T08:02:24Z,,,,,,,,,,,9641.4
2026-07-07T08:02:24Z,,,,,,,,,,,9639.9
2026-07-07T08:02:24Z,,,,,,,,,,,9635.8
2026-07-07T08:02:25Z,51.555710,-0.070254,4.1,1.0,1.2,18,1,3,1.00,318.8,9629.3
2026-07-07T08:02:25Z,,,,,,,,,,,9624.5
2026-07-07T08:02:25Z,,,,,,,,,,,9621.8
2026-07-07T08:02:25Z,,,,,,,,,,,9617.8
2026-07-07T08:02:25Z,,,,,,,,,,,9612.0
2026-07-07T08:02:25Z,,,,,,,,,,,9604.4
2026-07-07T08:02:25Z,,,,,,,,,,,9595.8
2026-07-07T08:02:25Z,,,,,,,,,,,9590.3
2026-07-07T08:02:25Z,,,,,,,,,,,9588.5
2026-07-07T08:02:25Z,,,,,,,,,,,9589.5
2026-07-07T08:02:26Z,51.555721,-0.070276,4.1,1.0,1.2,18,1,3,1.62,318.8,9593.6
2026-07-07T08:02:26Z,,,,,,,,,,,9598.3
2026-07-07T08:02:26Z,,,,,,,,,,,9604.7
2026-07-07T08:02:26Z,,,,,,,,,,,9615.0
2026-07-07T08:02:26Z,,,,,,,,,,,9626.6
2026-07-07T08:02:26Z,,,,,,,,,,,9634.8
2026-07-07T08:02:26Z,,,,,,,,,,,9641.4
2026-07-07T08:02:26Z,,,,,,,,,,,9644.8
2026-07-07T08:02:26Z,,,,,,,,,,,9644.7
2026-07-07T08:02:26Z,,,,,,,,,,,9645.0
2026-07-07T08:02:27Z,51.555729,-0.070295,4.0,1.0,1.2,18,1,3,1.69,318.8,9645.5
2026-07-07T08:02:27Z,,,,,,,,,,,9643.1
2026-07-07T08:02:27Z,,,,,,,,,,,9637.9
2026-07-07T08:02:27Z,,,,,,,,,,,9632.4
2026-07-07T08:02:27Z,,,,,,,,,,,9628.5
2026-07-07T08:02:27Z,,,,,,,,,,,9626.0
2026-07-07T08:02:27Z,,,,,,,,,,,9621.5
2026-07-07T08:02:27Z,,,,,,,,,,,9619.2
2026-07-07T08:02:27Z,,,,,,,,,,,9617.0
2026-07-07T08:02:27Z,,,,,,,,,,,9609.5
2026-07-07T08:02:28Z,51.555737,-0.070313,3.6,1.0,1.2,18,1,3,1.69,318.8,9602.3
2026-07-07T08:02:28Z,,,,,,,,,,,9597.6
2026-07-07T08:02:28Z,,,,,,,,,,,9592.3
2026-07-07T08:02:28Z,,,,,,,,,,,9587.8
2026-07-07T08:02:28Z,,,,,,,,,,,9581.9
2026-07-07T08:02:28Z,,,,,,,,,,,9573.0
2026-07-07T08:02:28Z,,,,,,,,,,,9563.9
2026-07-07T08:02:28Z,,,,,,,,,,,9557.0
2026-07-07T08:02:28Z,,,,,,,,,,,9553.9
2026-07-07T08:02:28Z,,,,,,,,,,,9551.8
2026-07-07T08:02:29Z,51.555744,-0.070325,3.1,1.0,1.2,18,1,3,1.90,318.8,9545.3
2026-07-07T08:02:29Z,,,,,,,,,,,9534.8
2026-07-07T08:02:29Z,,,,,,,,,,,9525.2
2026-07-07T08:02:29Z,,,,,,,,,,,9518.7
2026-07-07T08:02:29Z,,,,,,,,,,,9512.3
2026-07-07T08:02:29Z,,,,,,,,,,,9506.5
2026-07-07T08:02:29Z,,,,,,,,,,,9497.6
2026-07-07T08:02:29Z,,,,,,,,,,,9488.1
2026-07-07T08:02:29Z,,,,,,,,,,,9483.2
2026-07-07T08:02:29Z,,,,,,,,,,,9480.8
2026-07-07T08:02:29Z,51.555744,-0.070325,3.1,1.0,1.2,18,1,3,0.75,318.8,9479.7
2026-07-07T08:02:30Z,,,,,,,,,,,9476.6
2026-07-07T08:02:30Z,,,,,,,,,,,9469.6
2026-07-07T08:02:30Z,,,,,,,,,,,9463.5
2026-07-07T08:02:30Z,,,,,,,,,,,9460.3
2026-07-07T08:02:30Z,,,,,,,,,,,9457.2
2026-07-07T08:02:30Z,,,,,,,,,,,9454.5
2026-07-07T08:02:30Z,,,,,,,,,,,9450.8
2026-07-07T08:02:30Z,,,,,,,,,,,9444.5
2026-07-07T08:02:30Z,,,,,,,,,,,9440.7
2026-07-07T08:02:31Z,51.555748,-0.070356,2.7,1.0,1.2,18,1,3,0.87,318.8,9441.1
2026-07-07T08:02:31Z,,,,,,,,,,,9443.6
2026-07-07T08:02:31Z,,,,,,,,,,,9447.6
2026-07-07T08:02:31Z,,,,,,,,,,,9450.1
2026-07-07T08:02:31Z,,,,,,,,,,,9451.8
2026-07-07T08:02:31Z,,,,,,,,,,,9458.0
2026-07-07T08:02:31Z,,,,,,,,,,,9468.4
2026-07-07T08:02:31Z,,,,,,,,,,,9480.6
2026-07-07T08:02:31Z,,,,,,,,,,,9492.6
2026-07-07T08:02:31Z,,,,,,,,,,,9500.8
2026-07-07T08:02:32Z,51.555756,-0.070373,2.0,1.0,1.2,18,1,3,1.43,318.8,9508.1
2026-07-07T08:02:32Z,,,,,,,,,,,9516.8
2026-07-07T08:02:32Z,,,,,,,,,,,9525.5
2026-07-07T08:02:32Z,,,,,,,,,,,9531.0
2026-07-07T08:02:32Z,,,,,,,,,,,9533.9
2026-07-07T08:02:32Z,,,,,,,,,,,9532.5
2026-07-07T08:02:32Z,,,,,,,,,,,9527.8
2026-07-07T08:02:32Z,,,,,,,,,,,9525.4
2026-07-07T08:02:32Z,,,,,,,,,,,9523.9
2026-07-07T08:02:32Z,,,,,,,,,,,9520.8
2026-07-07T08:02:33Z,51.555759,-0.070389,1.5,1.0,1.2,18,1,3,1.64,318.8,9516.0
2026-07-07T08:02:33Z,,,,,,,,,,,9509.1
2026-07-07T08:02:33Z,,,,,,,,,,,9502.5
2026-07-07T08:02:33Z,,,,,,,,,,,9500.4
2026-07-07T08:02:33Z,,,,,,,,,,,9498.9
2026-07-07T08:02:33Z,,,,,,,,,,,9497.1
2026-07-07T08:02:33Z,,,,,,,,,,,9493.6
2026-07-07T08:02:33Z,,,,,,,,,,,9485.5
2026-07-07T08:02:33Z,,,,,,,,,,,9478.3
2026-07-07T08:02:33Z,,,,,,,,,,,9474.5
2026-07-07T08:02:34Z,51.555763,-0.070409,1.7,1.0,1.2,18,1,3,0.85,318.8,9470.9
2026-07-07T08:02:34Z,,,,,,,,,,,9466.6
2026-07-07T08:02:34Z,,,,,,,,,,,9460.5
2026-07-07T08:02:34Z,,,,,,,,,,,9454.7
2026-07-07T08:02:34Z,,,,,,,,,,,9453.9
2026-07-07T08:02:34Z,,,,,,,,,,,9457.1
2026-07-07T08:02:34Z,,,,,,,,,,,9461.0
2026-07-07T08:02:34Z,,,,,,,,,,,9466.2
2026-07-07T08:02:34Z,,,,,,,,,,,9468.9
2026-07-07T08:02:34Z,,,,,,,,,,,9470.3
2026-07-07T08:02:35Z,51.555767,-0.070430,2.2,1.0,1.2,18,1,3,1.89,318.8,9475.9
2026-07-07T08:02:35Z,,,,,,,,,,,9479.7
2026-07-07T08:02:35Z,,,,,,,,,,,9481.1
2026-07-07T08:02:35Z,,,,,,,,,,,9484.3
2026-07-07T08:02:35Z,,,,,,,,,,,9483.7
2026-07-07T08:02:35Z,,,,,,,,,,,9479.9
2026-07-07T08:02:35Z,,,,,,,,,,,9479.1
2026-07-07T08:02:35Z,,,,,,,,,,,9478.0
2026-07-07T08:02:35Z,,,,,,,,,,,9477.0
2026-07-07T08:02:35Z,,,,,,,,,,,9475.0
2026-07-07T08:02:35Z,51.555767,-0.070430,2.2,1.0,1.2,18,1,3,1.75,318.8,9470.3
2026-07-07T08:02:36Z,,,,,,,,,,,9466.9
2026-07-07T08:02:36Z,,,,,,,,,,,9465.8
2026-07-07T08:02:36Z,,,,,,,,,,,9469.5
2026-07-07T08:02:36Z,,,,,,,,,,,9479.6
2026-07-07T08:02:36Z,,,,,,,,,,,9487.9
2026-07-07T08:02:36Z,,,,,,,,,,,9490.8
2026-07-07T08:02:36Z,,,,,,,,,,,9494.8
2026-07-07T08:02:36Z,,,,,,,,,,,9501.4
2026-07-07T08:02:36Z,,,,,,,,,,,9507.6
2026-07-07T08:02:36Z,51.555771,-0.070451,2.3,1.0,1.2,18,1,3,2.28,282.4,9512.3
2026-07-07T08:02:37Z,,,,,,,,,,,9510.0
2026-07-07T08:02:37Z,,,,,,,,,,,9503.7
2026-07-07T08:02:37Z,,,,,,,,,,,9500.2
2026-07-07T08:02:37Z,,,,,,,,,,,9499.6
2026-07-07T08:02:37Z,,,,,,,,,,,9500.2
2026-07-07T08:02:37Z,,,,,,,,,,,9500.3
2026-07-07T08:02:37Z,,,,,,,,,,,9497.1
2026-07-07T08:02:37Z,,,,,,,,,,,9495.0
2026-07-07T08:02:37Z,,,,,,,,,,,9497.6
2026-07-07T08:02:38Z,51.555779,-0.070490,1.7,1.0,1.2,18,1,3,1.36,282.4,9501.8
2026-07-07T08:02:38Z,,,,,,,,,,,9507.8
2026-07-07T08:02:38Z,,,,,,,,,,,9513.7
2026-07-07T08:02:38Z,,,,,,,,,,,9515.6
2026-07-07T08:02:38Z,,,,,,,,,,,9517.0
2026-07-07T08:02:38Z,,,,,,,,,,,9522.6
2026-07-07T08:02:38Z,,,,,,,,,,,9530.9
2026-07-07T08:02:38Z,,,,,,,,,,,9538.5
2026-07-07T08:02:38Z,,,,,,,,,,,9540.6
2026-07-07T08:02:38Z,,,,,,,,,,,9536.8
2026-07-07T08:02:39Z,51.555775,-0.070510,1.2,1.0,1.2,18,1,3,2.06,257.1,9534.1
2026-07-07T08:02:39Z,,,,,,,,,,,9533.7
2026-07-07T08:02:39Z,,,,,,,,,,,9532.0
2026-07-07T08:02:39Z,,,,,,,,,,,9529.4
2026-07-07T08:02:39Z,,,,,,,,,,,9522.2
2026-07-07T08:02:39Z,,,,,,,,,,,9512.1
2026-07-07T08:02:39Z,,,,,,,,,,,9505.3
2026-07-07T08:02:39Z,,,,,,,,,,,9502.1
2026-07-07T08:02:39Z,,,,,,,,,,,9500.0
2026-07-07T08:02:39Z,,,,,,,,,,,9498.6
2026-07-07T08:02:40Z,51.555779,-0.070529,0.8,1.0,1.2,18,1,3,1.97,256.7,9496.9
2026-07-07T08:02:40Z,,,,,,,,,,,9494.9
2026-07-07T08:02:40Z,,,,,,,,,,,9497.0
2026-07-07T08:02:40Z,,,,,,,,,,,9503.6
2026-07-07T08:02:40Z,,,,,,,,,,,9512.6
2026-07-07T08:02:40Z,,,,,,,,,,,9521.1
2026-07-07T08:02:40Z,,,,,,,,,,,9526.1
2026-07-07T08:02:40Z,,,,,,,,,,,9529.9
2026-07-07T08:02:40Z,,,,,,,,,,,9536.8
2026-07-07T08:02:40Z,,,,,,,,,,,9542.8
2026-07-07T08:02:41Z,51.555782,-0.070545,0.4,1.0,1.2,18,1,3,1.77,256.7,9547.7
2026-07-07T08:02:41Z,,,,,,,,,,,9550.2
2026-07-07T08:02:41Z,,,,,,,,,,,9547.6
2026-07-07T08:02:41Z,,,,,,,,,,,9543.8
2026-07-07T08:02:41Z,,,,,,,,,,,9543.4
2026-07-07T08:02:41Z,,,,,,,,,,,9542.2
2026-07-07T08:02:41Z,,,,,,,,,,,9538.4
2026-07-07T08:02:41Z,,,,,,,,,,,9533.3
2026-07-07T08:02:41Z,,,,,,,,,,,9526.0
2026-07-07T08:02:41Z,,,,,,,,,,,9519.3
2026-07-07T08:02:42Z,51.555786,-0.070558,-0.4,1.0,1.2,18,1,3,1.75,256.7,9514.2
2026-07-07T08:02:42Z,,,,,,,,,,,9509.2
2026-07-07T08:02:42Z,,,,,,,,,,,9503.9
2026-07-07T08:02:42Z,,,,,,,,,,,9496.2
2026-07-07T08:02:42Z,,,,,,,,,,,9487.7
2026-07-07T08:02:42Z,,,,,,,,,,,9482.1
2026-07-07T08:02:42Z,,,,,,,,,,,9477.1
2026-07-07T08:02:42Z,,,,,,,,,,,9471.2
2026-07-07T08:02:42Z,,,,,,,,,,,9466.6
2026-07-07T08:02:42Z,,,,,,,,,,,9463.2
2026-07-07T08:02:43Z,51.555790,-0.070572,-1.0,1.0,1.2,18,1,3,1.31,256.7,9460.2
2026-07-07T08:02:43Z,,,,,,,,,,,9460.0
2026-07-07T08:02:43Z,,,,,,,,,,,9463.0
2026-07-07T08:02:43Z,,,,,,,,,,,9466.7
2026-07-07T08:02:43Z,,,,,,,,,,,9470.1
2026-07-07T08:02:43Z,,,,,,,,,,,9469.1
2026-07-07T08:02:43Z,,,,,,,,,,,9465.7
2026-07-07T08:02:43Z,,,,,,,,,,,9465.0
2026-07-07T08:02:43Z,,,,,,,,,,,9463.9
2026-07-07T08:02:43Z,,,,,,,,,,,9463.0
2026-07-07T08:02:44Z,51.555794,-0.070583,-2.0,1.0,1.2,18,1,3,0.98,256.7,9463.2
2026-07-07T08:02:44Z,,,,,,,,,,,9458.3
2026-07-07T08:02:44Z,,,,,,,,,,,9451.8
2026-07-07T08:02:44Z,,,,,,,,,,,9449.7
2026-07-07T08:02:44Z,,,,,,,,,,,9448.8
2026-07-07T08:02:44Z,,,,,,,,,,,9448.5
2026-07-07T08:02:44Z,,,,,,,,,,,9446.1
2026-07-07T08:02:44Z,,,,,,,,,,,9439.1
2026-07-07T08:02:44Z,,,,,,,,,,,9432.4
2026-07-07T08:02:44Z,,,,,,,,,,,9429.0
2026-07-07T08:02:45Z,51.555801,-0.070594,-2.7,1.0,1.2,18,1,3,0.89,256.7,9429.0
2026-07-07T08:02:45Z,,,,,,,,,,,9430.1
2026-07-07T08:02:45Z,,,,,,,,,,,9428.4
2026-07-07T08:02:45Z,,,,,,,,,,,9425.0
2026-07-07T08:02:45Z,,,,,,,,,,,9426.0
2026-07-07T08:02:45Z,,,,,,,,,,,9434.5
2026-07-07T08:02:45Z,,,,,,,,,,,9446.3
2026-07-07T08:02:45Z,,,,,,,,,,,9458.4
2026-07-07T08:02:45Z,,,,,,,,,,,9467.7
2026-07-07T08:02:45Z,,,,,,,,,,,9472.6
2026-07-07T08:02:45Z,51.555801,-0.070594,-2.7,1.0,1.2,18,1,3,1.10,256.7,9478.4
2026-07-07T08:02:46Z,,,,,,,,,,,9485.9
2026-07-07T08:02:46Z,,,,,,,,,,,9493.5
2026-07-07T08:02:46Z,,,,,,,,,,,9498.6
2026-07-07T08:02:46Z,,,,,,,,,,,9497.0
2026-07-07T08:02:46Z,,,,,,,,,,,9491.6
2026-07-07T08:02:46Z,,,,,,,,,,,9488.9
2026-07-07T08:02:46Z,,,,,,,,,,,9487.2
2026-07-07T08:02:46Z,,,,,,,,,,,9484.6
2026-07-07T08:02:46Z,,,,,,,,,,,9481.7
2026-07-07T08:02:47Z,51.555805,-0.070624,-4.4,1.0,1.2,18,1,3,1.06,256.7,9477.6
2026-07-07T08:02:47Z,,,,,,,,,,,9472.2
2026-07-07T08:02:47Z,,,,,,,,,,,9471.9
2026-07-07T08:02:47Z,,,,,,,,,,,9479.9
2026-07-07T08:02:47Z,,,,,,,,,,,9492.5
2026-07-07T08:02:47Z,,,,,,,,,,,9509.2
2026-07-07T08:02:47Z,,,,,,,,,,,9525.6
2026-07-07T08:02:47Z,,,,,,,,,,,9541.8
2026-07-07T08:02:47Z,,,,,,,,,,,9561.5
2026-07-07T08:02:47Z,,,,,,,,,,,9581.1
2026-07-07T08:02:47Z,51.555805,-0.070624,-4.4,1.0,1.2,18,1,3,1.83,256.7,9596.9
2026-07-07T08:02:48Z,,,,,,,,,,,9606.8
2026-07-07T08:02:48Z,,,,,,,,,,,9610.7
2026-07-07T08:02:48Z,,,,,,,,,,,9612.1
2026-07-07T08:02:48Z,,,,,,,,,,,9615.9
2026-07-07T08:02:48Z,,,,,,,,,,,9618.0
2026-07-07T08:02:48Z,,,,,,,,,,,9618.4
2026-07-07T08:02:48Z,,,,,,,,,,,9616.4
2026-07-07T08:02:48Z,,,,,,,,,,,9608.8
2026-07-07T08:02:48Z,,,,,,,,,,,9600.6
2026-07-07T08:02:49Z,51.555820,-0.070653,-5.7,1.0,1.2,18,1,3,1.84,256.7,9596.7
2026-07-07T08:02:49Z,,,,,,,,,,,9594.9
2026-07-07T08:02:49Z,,,,,,,,,,,9592.8
2026-07-07T08:02:49Z,,,,,,,,,,,9589.2
2026-07-07T08:02:49Z,,,,,,,,,,,9581.7
2026-07-07T08:02:49Z,,,,,,,,,,,9573.7
2026-07-07T08:02:49Z,,,,,,,,,,,9568.4
2026-07-07T08:02:49Z,,,,,,,,,,,9564.6
2026-07-07T08:02:49Z,,,,,,,,,,,9561.4
2026-07-07T08:02:49Z,,,,,,,,,,,9556.1
2026-07-07T08:02:50Z,51.555828,-0.070665,-5.2,1.0,1.2,18,1,3,1.31,256.7,9547.6
2026-07-07T08:02:50Z,,,,,,,,,,,9539.8
2026-07-07T08:02:50Z,,,,,,,,,,,9534.9
2026-07-07T08:02:50Z,,,,,,,,,,,9531.6
2026-07-07T08:02:50Z,,,,,,,,,,,9528.2
2026-07-07T08:02:50Z,,,,,,,,,,,9522.8
2026-07-07T08:02:50Z,,,,,,,,,,,9514.2
2026-07-07T08:02:50Z,,,,,,,,,,,9507.5
2026-07-07T08:02:50Z,,,,,,,,,,,9502.6
2026-07-07T08:02:50Z,,,,,,,,,,,9497.0
2026-07-07T08:02:51Z,51.555832,-0.070679,-5.1,1.0,1.2,18,1,3,1.27,256.7,9492.3
2026-07-07T08:02:51Z,,,,,,,,,,,9485.5
2026-07-07T08:02:51Z,,,,,,,,,,,9475.6
2026-07-07T08:02:51Z,,,,,,,,,,,9468.5
2026-07-07T08:02:51Z,,,,,,,,,,,9464.9
2026-07-07T08:02:51Z,,,,,,,,,,,9462.9
2026-07-07T08:02:51Z,,,,,,,,,,,9461.5
2026-07-07T08:02:51Z,,,,,,,,,,,9458.0
2026-07-07T08:02:51Z,,,,,,,,,,,9453.4
2026-07-07T08:02:51Z,,,,,,,,,,,9453.6
2026-07-07T08:02:52Z,51.555840,-0.070699,-4.8,1.0,1.2,18,1,3,1.78,256.7,9456.6
2026-07-07T08:02:52Z,,,,,,,,,,,9458.2
2026-07-07T08:02:52Z,,,,,,,,,,,9459.3
2026-07-07T08:02:52Z,,,,,,,,,,,9459.3
2026-07-07T08:02:52Z,,,,,,,,,,,9457.8
2026-07-07T08:02:52Z,,,,,,,,,,,9459.5
2026-07-07T08:02:52Z,,,,,,,,,,,9463.5
2026-07-07T08:02:52Z,,,,,,,,,,,9467.0
2026-07-07T08:02:52Z,,,,,,,,,,,9470.0
2026-07-07T08:02:52Z,,,,,,,,,,,9468.8
2026-07-07T08:02:53Z,51.555847,-0.070717,-4.8,1.0,1.2,18,1,3,1.95,304.6,9464.5
2026-07-07T08:02:53Z,,,,,,,,,,,9462.5
2026-07-07T08:02:53Z,,,,,,,,,,,9462.2
2026-07-07T08:02:53Z,,,,,,,,,,,9459.8
2026-07-07T08:02:53Z,,,,,,,,,,,9456.5
2026-07-07T08:02:53Z,,,,,,,,,,,9451.4
2026-07-07T08:02:53Z,,,,,,,,,,,9443.4
2026-07-07T08:02:53Z,,,,,,,,,,,9437.1
2026-07-07T08:02:53Z,,,,,,,,,,,9431.6
2026-07-07T08:02:53Z,,,,,,,,,,,9424.7
2026-07-07T08:02:54Z,51.555847,-0.070735,-3.8,1.0,1.2,18,1,3,1.37,304.6,9419.0
2026-07-07T08:02:54Z,,,,,,,,,,,9411.6
2026-07-07T08:02:54Z,,,,,,,,,,,9401.9
2026-07-07T08:02:54Z,,,,,,,,,,,9394.2
2026-07-07T08:02:54Z,,,,,,,,,,,9389.2
2026-07-07T08:02:54Z,,,,,,,,,,,9386.5
2026-07-07T08:02:54Z,,,,,,,,,,,9385.1
2026-07-07T08:02:54Z,,,,,,,,,,,9382.3
2026-07-07T08:02:54Z,,,,,,,,,,,9379.9
2026-07-07T08:02:54Z,,,,,,,,,,,9383.1
2026-07-07T08:02:55Z,51.555851,-0.070742,-3.4,1.0,1.2,18,1,3,0.74,304.6,9389.5
2026-07-07T08:02:55Z,,,,,,,,,,,9397.1
2026-07-07T08:02:55Z,,,,,,,,,,,9406.1
2026-07-07T08:02:55Z,,,,,,,,,,,9413.2
2026-07-07T08:02:55Z,,,,,,,,,,,9418.4
2026-07-07T08:02:55Z,,,,,,,,,,,9426.8
2026-07-07T08:02:55Z,,,,,,,,,,,9436.4
2026-07-07T08:02:55Z,,,,,,,,,,,9445.8
2026-07-07T08:02:55Z,,,,,,,,,,,9454.7
2026-07-07T08:02:55Z,,,,,,,,,,,9460.0
2026-07-07T08:02:56Z,51.555859,-0.070752,-2.8,1.0,1.2,18,1,3,0.00,304.6,9463.7
2026-07-07T08:02:56Z,,,,,,,,,,,9468.9
2026-07-07T08:02:56Z,,,,,,,,,,,9474.3
2026-07-07T08:02:56Z,,,,,,,,,,,9479.6
2026-07-07T08:02:56Z,,,,,,,,,,,9484.8
2026-07-07T08:02:56Z,,,,,,,,,,,9487.0
2026-07-07T08:02:56Z,,,,,,,,,,,9487.9
2026-07-07T08:02:56Z,,,,,,,,,,,9492.3
2026-07-07T08:02:56Z,,,,,,,,,,,9496.5
2026-07-07T08:02:56Z,,,,,,,,,,,9497.6
2026-07-07T08:02:57Z,51.555862,-0.070760,-2.4,1.0,1.2,18,1,3,0.00,304.6,9497.3
2026-07-07T08:02:57Z,,,,,,,,,,,9492.8
2026-07-07T08:02:57Z,,,,,,,,,,,9487.5
2026-07-07T08:02:57Z,,,,,,,,,,,9488.0
2026-07-07T08:02:57Z,,,,,,,,,,,9491.0
2026-07-07T08:02:57Z,,,,,,,,,,,9493.5
2026-07-07T08:02:57Z,,,,,,,,,,,9496.9
2026-07-07T08:02:57Z,,,,,,,,,,,9499.5
2026-07-07T08:02:57Z,,,,,,,,,,,9502.2
2026-07-07T08:02:57Z,,,,,,,,,,,9509.1
2026-07-07T08:02:58Z,51.555874,-0.070767,-1.6,1.0,1.2,18,1,3,0.00,304.6,9517.1
2026-07-07T08:02:58Z,,,,,,,,,,,9523.0
2026-07-07T08:02:58Z,,,,,,,,,,,9525.4
2026-07-07T08:02:58Z,,,,,,,,,,,9523.6
2026-07-07T08:02:58Z,,,,,,,,,,,9521.5
2026-07-07T08:02:58Z,,,,,,,,,,,9523.6
2026-07-07T08:02:58Z,,,,,,,,,,,9524.2
2026-07-07T08:02:58Z,,,,,,,,,,,9521.8
2026-07-07T08:02:58Z,,,,,,,,,,,9518.5
2026-07-07T08:02:58Z,,,,,,,,,,,9513.8
2026-07-07T08:02:59Z,51.555889,-0.070778,-0.8,1.0,1.2,18,1,3,1.95,1.1,9509.8
2026-07-07T08:02:59Z,,,,,,,,,,,9509.0
2026-07-07T08:02:59Z,,,,,,,,,,,9509.0
2026-07-07T08:02:59Z,,,,,,,,,,,9507.6
2026-07-07T08:02:59Z,,,,,,,,,,,9504.5
2026-07-07T08:02:59Z,,,,,,,,,,,9499.7
2026-07-07T08:02:59Z,,,,,,,,,,,9497.4
2026-07-07T08:02:59Z,,,,,,,,,,,9497.5
2026-07-07T08:02:59Z,,,,,,,,,,,9497.0
2026-07-07T08:02:59Z,,,,,,,,,,,9496.0
2026-07-07T08:03:00Z,51.555901,-0.070790,0.1,1.0,1.2,18,1,3,2.25,333.9,9493.8
2026-07-07T08:03:00Z,,,,,,,,,,,9489.0
2026-07-07T08:03:00Z,,,,,,,,,,,9487.0
2026-07-07T08:03:00Z,,,,,,,,,,,9488.3
2026-07-07T08:03:00Z,,,,,,,,,,,9487.1
2026-07-07T08:03:00Z,,,,,,,,,,,9484.7
2026-07-07T08:03:00Z,,,,,,,,,,,9480.5
2026-07-07T08:03:00Z,,,,,,,,,,,9475.2
2026-07-07T08:03:00Z,,,,,,,,,,,9472.5
2026-07-07T08:03:00Z,,,,,,,,,,,9471.1
2026-07-07T08:03:01Z,51.555904,-0.070796,0.7,1.0,1.2,18,1,3,2.02,350.5,9470.0
2026-07-07T08:03:01Z,,,,,,,,,,,9469.0
2026-07-07T08:03:01Z,,,,,,,,,,,9466.5
2026-07-07T08:03:01Z,,,,,,,,,,,9465.8
2026-07-07T08:03:01Z,,,,,,,,,,,9468.2
2026-07-07T08:03:01Z,,,,,,,,,,,9471.6
2026-07-07T08:03:01Z,,,,,,,,,,,9475.6
2026-07-07T08:03:01Z,,,,,,,,,,,9478.8
2026-07-07T08:03:01Z,,,,,,,,,,,9480.0
2026-07-07T08:03:01Z,,,,,,,,,,,9481.2
2026-07-07T08:03:02Z,51.555908,-0.070801,1.3,1.0,1.2,18,1,3,0.00,350.5,9483.3
2026-07-07T08:03:02Z,,,,,,,,,,,9484.2
2026-07-07T08:03:02Z,,,,,,,,,,,9484.1
2026-07-07T08:03:02Z,,,,,,,,,,,9480.2
2026-07-07T08:03:02Z,,,,,,,,,,,9474.2
2026-07-07T08:03:02Z,,,,,,,,,,,9471.1
2026-07-07T08:03:02Z,,,,,,,,,,,9467.6
2026-07-07T08:03:02Z,,,,,,,,,,,9463.1
2026-07-07T08:03:02Z,,,,,,,,,,,9460.8
2026-07-07T08:03:02Z,,,,,,,,,,,9455.1
2026-07-07T08:03:03Z,51.555916,-0.070805,1.7,1.0,1.2,18,1,3,0.00,350.5,9446.9
2026-07-07T08:03:03Z,,,,,,,,,,,9441.7
2026-07-07T08:03:03Z,,,,,,,,,,,9438.8
2026-07-07T08:03:03Z,,,,,,,,,,,9437.6
2026-07-07T08:03:03Z,,,,,,,,,,,9437.2
2026-07-07T08:03:03Z,,,,,,,,,,,9433.3
2026-07-07T08:03:03Z,,,,,,,,,,,9429.4
2026-07-07T08:03:03Z,,,,,,,,,,,9429.5
2026-07-07T08:03:03Z,,,,,,,,,,,9431.1
2026-07-07T08:03:03Z,,,,,,,,,,,9433.5
2026-07-07T08:03:04Z,51.555923,-0.070820,1.8,1.0,1.2,18,1,3,0.00,350.5,9433.0
2026-07-07T08:03:04Z,,,,,,,,,,,9427.8
2026-07-07T08:03:04Z,,,,,,,,,,,9421.9
2026-07-07T08:03:04Z,,,,,,,,,,,9419.5
2026-07-07T08:03:04Z,,,,,,,,,,,9418.1
2026-07-07T08:03:04Z,,,,,,,,,,,9417.8
2026-07-07T08:03:04Z,,,,,,,,,,,9416.2
2026-07-07T08:03:04Z,,,,,,,,,,,9410.6
2026-07-07T08:03:04Z,,,,,,,,,,,9406.5
2026-07-07T08:03:04Z,,,,,,,,,,,9407.5
2026-07-07T08:03:05Z,51.555935,-0.070835,1.9,1.0,1.2,18,1,3,2.14,307.9,9411.3
2026-07-07T08:03:05Z,,,,,,,,,,,9413.5
2026-07-07T08:03:05Z,,,,,,,,,,,9411.2
2026-07-07T08:03:05Z,,,,,,,,,,,9407.3
2026-07-07T08:03:05Z,,,,,,,,,,,9407.1
2026-07-07T08:03:05Z,,,,,,,,,,,9409.8
2026-07-07T08:03:05Z,,,,,,,,,,,9413.5
2026-07-07T08:03:05Z,,,,,,,,,,,9417.9
2026-07-07T08:03:05Z,,,,,,,,,,,9419.1
2026-07-07T08:03:05Z,,,,,,,,,,,9418.7
2026-07-07T08:03:06Z,51.555943,-0.070847,1.9,1.0,1.2,18,1,3,1.85,307.9,9424.3
2026-07-07T08:03:06Z,,,,,,,,,,,9433.0
2026-07-07T08:03:06Z,,,,,,,,,,,9441.1
2026-07-07T08:03:06Z,,,,,,,,,,,9448.4
2026-07-07T08:03:06Z,,,,,,,,,,,9452.3
2026-07-07T08:03:06Z,,,,,,,,,,,9454.9
2026-07-07T08:03:06Z,,,,,,,,,,,9460.7
2026-07-07T08:03:06Z,,,,,,,,,,,9468.5
2026-07-07T08:03:06Z,,,,,,,,,,,9475.8
2026-07-07T08:03:06Z,,,,,,,,,,,9479.1
2026-07-07T08:03:07Z,51.555950,-0.070856,1.7,1.0,1.2,18,1,3,1.23,307.9,9478.0
2026-07-07T08:03:07Z,,,,,,,,,,,9477.3
2026-07-07T08:03:07Z,,,,,,,,,,,9477.5
2026-07-07T08:03:07Z,,,,,,,,,,,9477.3
2026-07-07T08:03:07Z,,,,,,,,,,,9477.7
2026-07-07T08:03:07Z,,,,,,,,,,,9476.6
2026-07-07T08:03:07Z,,,,,,,,,,,9471.4
2026-07-07T08:03:07Z,,,,,,,,,,,9465.2
2026-07-07T08:03:07Z,,,,,,,,,,,9462.7
2026-07-07T08:03:07Z,,,,,,,,,,,9460.4
2026-07-07T08:03:08Z,51.555954,-0.070868,1.6,1.0,1.2,18,1,3,1.18,307.9,9456.9
2026-07-07T08:03:08Z,,,,,,,,,,,9451.3
2026-07-07T08:03:08Z,,,,,,,,,,,9443.0
2026-07-07T08:03:08Z,,,,,,,,,,,9437.1
2026-07-07T08:03:08Z,,,,,,,,,,,9433.5
2026-07-07T08:03:08Z,,,,,,,,,,,9429.0
2026-07-07T08:03:08Z,,,,,,,,,,,9425.1
2026-07-07T08:03:08Z,,,,,,,,,,,9421.8
2026-07-07T08:03:08Z,,,,,,,,,,,9416.0
2026-07-07T08:03:08Z,,,,,,,,,,,9412.8
2026-07-07T08:03:09Z,51.555958,-0.070883,1.7,1.0,1.2,18,1,3,1.60,307.9,9412.7
2026-07-07T08:03:09Z,,,,,,,,,,,9410.7
2026-07-07T08:03:09Z,,,,,,,,,,,9410.4
2026-07-07T08:03:09Z,,,,,,,,,,,9411.4
2026-07-07T08:03:09Z,,,,,,,,,,,9409.0
2026-07-07T08:03:09Z,,,,,,,,,,,9407.5
2026-07-07T08:03:09Z,,,,,,,,,,,9408.3
2026-07-07T08:03:09Z,,,,,,,,,,,9409.8
2026-07-07T08:03:09Z,,,,,,,,,,,9410.7
2026-07-07T08:03:09Z,,,,,,,,,,,9406.9
2026-07-07T08:03:10Z,51.555965,-0.070898,1.9,1.0,1.2,18,1,3,1.82,307.9,9399.6
2026-07-07T08:03:10Z,,,,,,,,,,,9395.0
2026-07-07T08:03:10Z,,,,,,,,,,,9392.0
2026-07-07T08:03:10Z,,,,,,,,,,,9389.7
2026-07-07T08:03:10Z,,,,,,,,,,,9389.9
2026-07-07T08:03:10Z,,,,,,,,,,,9387.0
2026-07-07T08:03:10Z,,,,,,,,,,,9381.7
2026-07-07T08:03:10Z,,,,,,,,,,,9380.5
2026-07-07T08:03:10Z,,,,,,,,,,,9381.5
2026-07-07T08:03:10Z,,,,,,,,,,,9382.7
2026-07-07T08:03:11Z,51.555973,-0.070913,2.3,1.0,1.2,18,1,3,1.80,307.9,9383.4
2026-07-07T08:03:11Z,,,,,,,,,,,9379.6
2026-07-07T08:03:11Z,,,,,,,,,,,9374.9
2026-07-07T08:03:11Z,,,,,,,,,,,9375.2
2026-07-07T08:03:11Z,,,,,,,,,,,9378.4
2026-07-07T08:03:11Z,,,,,,,,,,,9383.6
2026-07-07T08:03:11Z,,,,,,,,,,,9387.7
2026-07-07T08:03:11Z,,,,,,,,,,,9387.4
2026-07-07T08:03:11Z,,,,,,,,,,,9388.9
2026-07-07T08:03:11Z,,,,,,,,,,,9394.8
2026-07-07T08:03:12Z,51.555981,-0.070924,2.3,1.0,1.2,18,1,3,2.02,303.6,9400.0
2026-07-07T08:03:12Z,,,,,,,,,,,9404.7
2026-07-07T08:03:12Z,,,,,,,,,,,9409.2
2026-07-07T08:03:12Z,,,,,,,,,,,9410.5
2026-07-07T08:03:12Z,,,,,,,,,,,9410.1
2026-07-07T08:03:12Z,,,,,,,,,,,9412.9
2026-07-07T08:03:12Z,,,,,,,,,,,9416.4
2026-07-07T08:03:12Z,,,,,,,,,,,9419.8
2026-07-07T08:03:12Z,,,,,,,,,,,9420.8
2026-07-07T08:03:12Z,,,,,,,,,,,9417.3
2026-07-07T08:03:13Z,51.555988,-0.070932,2.3,1.0,1.2,18,1,3,1.91,303.6,9415.5
2026-07-07T08:03:13Z,,,,,,,,,,,9416.9
2026-07-07T08:03:13Z,,,,,,,,,,,9419.5
2026-07-07T08:03:13Z,,,,,,,,,,,9426.9
2026-07-07T08:03:13Z,,,,,,,,,,,9435.1
2026-07-07T08:03:13Z,,,,,,,,,,,9442.4
2026-07-07T08:03:13Z,,,,,,,,,,,9455.6
2026-07-07T08:03:13Z,,,,,,,,,,,9472.2
2026-07-07T08:03:13Z,,,,,,,,,,,9485.5
2026-07-07T08:03:13Z,,,,,,,,,,,9496.2
2026-07-07T08:03:14Z,51.556000,-0.070934,2.4,1.0,1.2,18,1,3,1.40,303.6,9501.3
2026-07-07T08:03:14Z,,,,,,,,,,,9499.9
2026-07-07T08:03:14Z,,,,,,,,,,,9499.2
2026-07-07T08:03:14Z,,,,,,,,,,,9500.8
2026-07-07T08:03:14Z,,,,,,,,,,,9499.7
2026-07-07T08:03:14Z,,,,,,,,,,,9498.5
2026-07-07T08:03:14Z,,,,,,,,,,,9494.9
2026-07-07T08:03:14Z,,,,,,,,,,,9486.1
2026-07-07T08:03:14Z,,,,,,,,,,,9480.8
2026-07-07T08:03:14Z,,,,,,,,,,,9480.2
2026-07-07T08:03:15Z,51.556000,-0.070939,2.9,1.0,1.2,18,1,3,2.07,11.6,9481.9
2026-07-07T08:03:15Z,,,,,,,,,,,9486.9
2026-07-07T08:03:15Z,,,,,,,,,,,9493.8
2026-07-07T08:03:15Z,,,,,,,,,,,9503.2
2026-07-07T08:03:15Z,,,,,,,,,,,9516.6
2026-07-07T08:03:15Z,,,,,,,,,,,9534.4
2026-07-07T08:03:15Z,,,,,,,,,,,9555.6
2026-07-07T08:03:15Z,,,,,,,,,,,9573.7
2026-07-07T08:03:15Z,,,,,,,,,,,9582.8
2026-07-07T08:03:15Z,,,,,,,,,,,9576.4
2026-07-07T08:03:16Z,51.556004,-0.070944,3.2,1.0,1.2,18,1,3,0.00,11.6,9555.9
2026-07-07T08:03:16Z,,,,,,,,,,,9535.7
2026-07-07T08:03:16Z,,,,,,,,,,,9525.3
2026-07-07T08:03:16Z,,,,,,,,,,,9518.7
2026-07-07T08:03:16Z,,,,,,,,,,,9511.7
2026-07-07T08:03:16Z,,,,,,,,,,,9504.2
2026-07-07T08:03:16Z,,,,,,,,,,,9518.7
2026-07-07T08:03:16Z,,,,,,,,,,,9546.6
2026-07-07T08:03:16Z,,,,,,,,,,,9543.3
2026-07-07T08:03:16Z,,,,,,,,,,,9546.8
2026-07-07T08:03:17Z,51.556007,-0.070948,3.5,1.0,1.2,18,1,3,0.00,11.6,9565.8
2026-07-07T08:03:17Z,,,,,,,,,,,9574.9
2026-07-07T08:03:17Z,,,,,,,,,,,9583.8
2026-07-07T08:03:17Z,,,,,,,,,,,9597.3
2026-07-07T08:03:17Z,,,,,,,,,,,9611.6
2026-07-07T08:03:17Z,,,,,,,,,,,9624.9
2026-07-07T08:03:17Z,,,,,,,,,,,9641.4
2026-07-07T08:03:17Z,,,,,,,,,,,9661.6
2026-07-07T08:03:17Z,,,,,,,,,,,9684.3
2026-07-07T08:03:17Z,,,,,,,,,,,9709.4
2026-07-07T08:03:18Z,51.556011,-0.070951,3.7,1.0,1.2,18,1,3,0.00,11.6,9738.4
2026-07-07T08:03:18Z,,,,,,,,,,,9767.6
2026-07-07T08:03:18Z,,,,,,,,,,,9793.7
2026-07-07T08:03:18Z,,,,,,,,,,,9819.7
2026-07-07T08:03:18Z,,,,,,,,,,,9846.2
2026-07-07T08:03:18Z,,,,,,,,,,,9863.6
2026-07-07T08:03:18Z,,,,,,,,,,,9874.3
2026-07-07T08:03:18Z,,,,,,,,,,,9882.7
2026-07-07T08:03:18Z,,,,,,,,,,,9889.4
2026-07-07T08:03:18Z,,,,,,,,,,,9890.9
2026-07-07T08:03:19Z,51.556007,-0.070953,4.0,1.0,1.2,18,1,3,0.00,11.6,9897.6
2026-07-07T08:03:19Z,,,,,,,,,,,9910.0
2026-07-07T08:03:19Z,,,,,,,,,,,9923.7
2026-07-07T08:03:19Z,,,,,,,,,,,9936.4
2026-07-07T08:03:19Z,,,,,,,,,,,9942.7
2026-07-07T08:03:19Z,,,,,,,,,,,9949.6
2026-07-07T08:03:19Z,,,,,,,,,,,9960.7
2026-07-07T08:03:19Z,,,,,,,,,,,9968.3
2026-07-07T08:03:19Z,,,,,,,,,,,9971.0
2026-07-07T08:03:19Z,,,,,,,,,,,9966.3
2026-07-07T08:03:19Z,51.556007,-0.070953,4.0,1.0,1.2,18,1,3,0.99,11.6,9959.9
2026-07-07T08:03:20Z,,,,,,,,,,,9960.0
2026-07-07T08:03:20Z,,,,,,,,,,,9966.5
2026-07-07T08:03:20Z,,,,,,,,,,,9971.3
2026-07-07T08:03:20Z,,,,,,,,,,,9965.7
2026-07-07T08:03:20Z,,,,,,,,,,,9953.5
2026-07-07T08:03:20Z,,,,,,,,,,,9942.6
2026-07-07T08:03:20Z,,,,,,,,,,,9937.5
2026-07-07T08:03:20Z,,,,,,,,,,,9934.5
2026-07-07T08:03:20Z,,,,,,,,,,,9932.3
2026-07-07T08:03:21Z,51.556015,-0.070962,4.5,1.0,1.2,18,1,3,0.36,11.6,9929.3
2026-07-07T08:03:21Z,,,,,,,,,,,9924.0
2026-07-07T08:03:21Z,,,,,,,,,,,9922.7
2026-07-07T08:03:21Z,,,,,,,,,,,9930.9
2026-07-07T08:03:21Z,,,,,,,,,,,9943.6
2026-07-07T08:03:21Z,,,,,,,,,,,9957.7
